t,o,h,l,c
1764727200,0.65746,0.65782,0.6571,0.65757
1764730800,0.65758,0.65804,0.65749,0.65792
1764734400,0.6579,0.65804,0.6577,0.65803
1764738000,0.65802,0.65842,0.65786,0.65831
1764741600,0.65828,0.6585,0.65806,0.65826
1764745200,0.65827,0.65864,0.65762,0.65774
1764748800,0.65774,0.65832,0.65742,0.65821
1764752400,0.65824,0.65858,0.65798,0.65816
1764756000,0.65818,0.65895,0.65815,0.65884
1764759600,0.65882,0.65913,0.65858,0.65892
1764763200,0.65892,0.65926,0.65874,0.65888
1764766800,0.6589,0.65964,0.6587,0.65907
1764770400,0.65906,0.65914,0.65748,0.65848
1764774000,0.6584,0.65985,0.65824,0.65976
1764777600,0.65976,0.65998,0.65898,0.6591
1764781200,0.6591,0.65976,0.65889,0.65962
1764784800,0.65964,0.66008,0.6594,0.65992
1764788400,0.6599,0.66012,0.6598,0.6601
1764792000,0.6601,0.6602,0.66002,0.66014
1764795600,0.66015,0.6602,0.66006,0.66014
1764799200,0.65986,0.66006,0.65986,0.66
1764802800,0.66006,0.66043,0.65998,0.6604
1764806400,0.66042,0.66106,0.6604,0.66092
1764810000,0.66093,0.66106,0.6603,0.66068
1764813600,0.66068,0.66106,0.66045,0.66072
1764817200,0.66071,0.66102,0.66022,0.66092
1764820800,0.66091,0.66148,0.6609,0.66136
1764824400,0.66136,0.66151,0.66082,0.66113
1764828000,0.66114,0.6613,0.66054,0.66112
1764831600,0.66112,0.66159,0.66092,0.66158
1764835200,0.66159,0.66194,0.66104,0.66106
1764838800,0.66106,0.66176,0.66088,0.6616
1764842400,0.6616,0.66178,0.66096,0.66108
1764846000,0.66108,0.66124,0.66062,0.66114
1764849600,0.66115,0.66142,0.66059,0.66082
1764853200,0.66084,0.66101,0.6603,0.6608
1764856800,0.66082,0.66182,0.66063,0.66115
1764860400,0.66114,0.6624,0.661,0.66198
1764864000,0.66198,0.6621,0.66144,0.66178
1764867600,0.66178,0.66182,0.66141,0.66159
1764871200,0.66158,0.66182,0.6613,0.66154
1764874800,0.66154,0.66159,0.66096,0.66139
1764878400,0.6614,0.6614,0.66105,0.66132
1764882000,0.66132,0.66141,0.66078,0.66099
1764885600,0.66108,0.66115,0.66068,0.66085
1764889200,0.66084,0.661,0.66054,0.66064
1764892800,0.66066,0.66108,0.66065,0.66106
1764896400,0.66108,0.66155,0.66108,0.66138
1764900000,0.66138,0.66178,0.66122,0.66158
1764903600,0.6616,0.6616,0.66107,0.66146
1764907200,0.66142,0.66195,0.66136,0.66191
1764910800,0.66192,0.6623,0.66186,0.6622
1764914400,0.66222,0.66269,0.66204,0.66258
1764918000,0.66258,0.663,0.6624,0.6625
1764921600,0.66252,0.66346,0.6622,0.66264
1764925200,0.66263,0.66315,0.66246,0.6631
1764928800,0.66308,0.66366,0.66281,0.66354
1764932400,0.66352,0.66362,0.66257,0.66296
1764936000,0.66296,0.66386,0.66295,0.66385
1764939600,0.66386,0.6644,0.66365,0.66415
1764943200,0.66414,0.66456,0.66382,0.66438
1764946800,0.66436,0.6649,0.66389,0.66425
1764950400,0.66426,0.6643,0.66268,0.6634
1764954000,0.66338,0.66404,0.66313,0.66397
1764957600,0.66398,0.66419,0.66357,0.66386
1764961200,0.66388,0.66392,0.66358,0.6639
1764964800,0.6639,0.66398,0.66362,0.66394
1764968400,0.66395,0.66424,0.66376,0.66411
1765144800,0.66354,0.66371,0.6631,0.66325
1765148400,0.66317,0.664,0.66317,0.66348
1765152000,0.66352,0.66406,0.66332,0.66406
1765155600,0.66404,0.6646,0.66394,0.6643
1765159200,0.66432,0.66483,0.66428,0.66482
1765162800,0.66482,0.66484,0.6641,0.66424
1765166400,0.66426,0.66457,0.66426,0.66445
1765170000,0.66446,0.66464,0.66398,0.66454
1765173600,0.66454,0.6649,0.66411,0.66441
1765177200,0.6644,0.66456,0.66343,0.66374
1765180800,0.66374,0.66407,0.66342,0.66396
1765184400,0.66394,0.66404,0.6634,0.6636
1765188000,0.66359,0.66392,0.66347,0.66359
1765191600,0.6636,0.66368,0.66326,0.66338
1765195200,0.66333,0.66399,0.6633,0.6639
1765198800,0.66392,0.66437,0.6635,0.6637
1765202400,0.66373,0.66413,0.66298,0.66304
1765206000,0.66302,0.66302,0.66144,0.66176
1765209600,0.66178,0.66236,0.6615,0.66214
1765213200,0.66214,0.66287,0.6618,0.66284
1765216800,0.66284,0.66296,0.66196,0.6621
1765220400,0.6621,0.6625,0.66188,0.66234
1765224000,0.66232,0.6625,0.66216,0.66249
1765227600,0.6625,0.66256,0.66226,0.66242
1765231200,0.66206,0.66244,0.66206,0.66226
1765234800,0.66227,0.66276,0.6622,0.6627
1765238400,0.6627,0.6628,0.66209,0.66216
1765242000,0.66215,0.66265,0.66178,0.66261
1765245600,0.6626,0.66278,0.66238,0.66276
1765249200,0.66274,0.66308,0.66084,0.66259
1765252800,0.66259,0.6649,0.6623,0.6645
1765256400,0.66454,0.6648,0.66405,0.66434
1765260000,0.66433,0.66436,0.66367,0.6642
1765263600,0.66418,0.66433,0.6635,0.66376
1765267200,0.66378,0.66397,0.66338,0.66368
1765270800,0.66366,0.66484,0.66362,0.66452
1765274400,0.66452,0.66455,0.66368,0.66388
1765278000,0.66388,0.66402,0.66355,0.66382
1765281600,0.66384,0.66402,0.66348,0.66372
1765285200,0.66372,0.66418,0.66314,0.66384
1765288800,0.66384,0.66476,0.66356,0.66463
1765292400,0.66462,0.66544,0.66348,0.66437
1765296000,0.66438,0.66538,0.66436,0.66518
1765299600,0.6652,0.66538,0.66374,0.66384
1765303200,0.66384,0.66394,0.66338,0.66388
1765306800,0.66388,0.66414,0.66366,0.6639
1765310400,0.6639,0.66412,0.66386,0.66397
1765314000,0.66396,0.66432,0.66386,0.6642
1765317600,0.66374,0.66436,0.66374,0.66431
1765321200,0.66432,0.66434,0.66388,0.66397
1765324800,0.66396,0.66472,0.66391,0.66428
1765328400,0.66429,0.66439,0.66325,0.66328
1765332000,0.66328,0.66376,0.6629,0.66368
1765335600,0.66368,0.66397,0.66348,0.66374
1765339200,0.66374,0.66408,0.66368,0.66402
1765342800,0.66402,0.66428,0.66358,0.66423
1765346400,0.66423,0.66482,0.66418,0.6648
1765350000,0.66481,0.66514,0.66454,0.66475
1765353600,0.66474,0.66539,0.66454,0.66526
1765357200,0.66526,0.6654,0.66456,0.66492
1765360800,0.66491,0.66526,0.66442,0.6647
1765364400,0.66469,0.66488,0.66433,0.66474
1765368000,0.66474,0.66503,0.66448,0.66466
1765371600,0.66466,0.66474,0.66366,0.66423
1765375200,0.66422,0.66436,0.6634,0.66386
1765378800,0.66388,0.66422,0.66295,0.66368
1765382400,0.66366,0.66418,0.66325,0.66412
1765386000,0.66414,0.66454,0.66392,0.66435
1765389600,0.66436,0.66468,0.664,0.66428
1765393200,0.66424,0.6669,0.66362,0.6667
1765396800,0.66669,0.6686,0.66634,0.66796
1765400400,0.66796,0.66806,0.66752,0.66754
1765404000,0.66763,0.66769,0.66693,0.66702
1765407600,0.667,0.66762,0.66682,0.66737
1765411200,0.66738,0.6679,0.66596,0.66628
1765414800,0.66628,0.6673,0.66614,0.66697
1765418400,0.66696,0.66731,0.66508,0.6652
1765422000,0.66522,0.6654,0.66364,0.66368
1765425600,0.66369,0.66394,0.66294,0.66382
1765429200,0.66382,0.664,0.66328,0.66349
1765432800,0.6635,0.66363,0.66266,0.6635
1765436400,0.66354,0.66462,0.66326,0.66426
1765440000,0.66429,0.66483,0.66401,0.66456
1765443600,0.66454,0.66519,0.66401,0.66518
1765447200,0.66518,0.66549,0.6648,0.66547
1765450800,0.66548,0.6661,0.66541,0.66579
1765454400,0.6658,0.6661,0.6654,0.6658
1765458000,0.66581,0.66676,0.66541,0.66645
1765461600,0.66644,0.66759,0.66578,0.66596
1765465200,0.66596,0.66729,0.66562,0.66724
1765468800,0.66724,0.6675,0.66595,0.66702
1765472400,0.66698,0.6675,0.66676,0.66698
1765476000,0.66698,0.66732,0.66682,0.66702
1765479600,0.667,0.66715,0.66649,0.6666
1765483200,0.66658,0.66658,0.66613,0.66636
1765486800,0.66634,0.66676,0.66628,0.66642
1765490400,0.66655,0.66666,0.66597,0.66635
1765494000,0.66636,0.66662,0.66618,0.66624
1765497600,0.66622,0.66716,0.66618,0.66692
1765501200,0.66694,0.66745,0.66656,0.6667
1765504800,0.6667,0.66695,0.66636,0.66654
1765508400,0.66654,0.66672,0.66638,0.66642
1765512000,0.66644,0.66652,0.66598,0.66603
1765515600,0.66602,0.66679,0.666,0.66674
1765519200,0.66674,0.66708,0.66634,0.66662
1765522800,0.6666,0.66705,0.66607,0.66688
1765526400,0.66689,0.66771,0.66676,0.66742
1765530000,0.66738,0.66752,0.6667,0.66694
1765533600,0.66693,0.66696,0.66612,0.66684
1765537200,0.66683,0.66686,0.66622,0.66666
1765540800,0.66666,0.6668,0.66611,0.66633
1765544400,0.66632,0.66686,0.66608,0.66634
1765548000,0.66635,0.66705,0.66612,0.66664
1765551600,0.66661,0.66661,0.66402,0.66432
1765555200,0.66431,0.66454,0.66326,0.66394
1765558800,0.66395,0.66553,0.66388,0.66529
1765562400,0.66531,0.66587,0.66524,0.66534
1765566000,0.66533,0.66534,0.66476,0.66523
1765569600,0.66524,0.66561,0.66474,0.66515
1765573200,0.66514,0.66546,0.66497,0.66533
1765749600,0.6644,0.66518,0.66386,0.66424
1765753200,0.66425,0.66511,0.66424,0.66475
1765756800,0.66474,0.66481,0.6644,0.66471
1765760400,0.66471,0.66538,0.66442,0.66534
1765764000,0.66531,0.66552,0.66424,0.66461
1765767600,0.66462,0.66515,0.66435,0.66444
1765771200,0.66442,0.6646,0.66406,0.66448
1765774800,0.66447,0.66478,0.66442,0.66454
1765778400,0.66454,0.66484,0.66418,0.66483
1765782000,0.66484,0.66512,0.66446,0.6647
1765785600,0.66472,0.66534,0.66434,0.66492
1765789200,0.66488,0.66532,0.66464,0.66486
1765792800,0.66483,0.665,0.66417,0.66465
1765796400,0.66466,0.66526,0.66448,0.66502
1765800000,0.665,0.6655,0.66498,0.66538
1765803600,0.66538,0.66566,0.665,0.66502
1765807200,0.66498,0.66552,0.66463,0.6648
1765810800,0.66479,0.66527,0.66403,0.66514
1765814400,0.66514,0.66522,0.6638,0.66422
1765818000,0.66418,0.66434,0.66354,0.6638
1765821600,0.66379,0.66398,0.66322,0.66369
1765825200,0.66368,0.6643,0.66346,0.66424
1765828800,0.66425,0.66425,0.66376,0.66394
1765832400,0.66393,0.66409,0.6638,0.66408
1765836000,0.66412,0.66422,0.66359,0.66402
1765839600,0.66402,0.66484,0.66401,0.66414
1765843200,0.66416,0.66432,0.66308,0.66324
1765846800,0.66324,0.6634,0.66182,0.66223
1765850400,0.66224,0.6635,0.66196,0.66296
1765854000,0.66294,0.66374,0.66294,0.6635
1765857600,0.6635,0.66401,0.66344,0.66368
1765861200,0.66367,0.66404,0.6632,0.66324
1765864800,0.66325,0.66409,0.66287,0.664
1765868400,0.664,0.66424,0.66366,0.66378
1765872000,0.66379,0.6644,0.66378,0.66406
1765875600,0.66404,0.66406,0.66341,0.66346
1765879200,0.66346,0.66382,0.66338,0.66359
1765882800,0.66359,0.6638,0.66334,0.66372
1765886400,0.66376,0.66384,0.66319,0.66382
1765890000,0.66381,0.66618,0.66344,0.6646
1765893600,0.66461,0.66596,0.66422,0.66556
1765897200,0.66558,0.66563,0.6629,0.66394
1765900800,0.66395,0.664,0.66305,0.66361
1765904400,0.66363,0.66438,0.66328,0.66346
1765908000,0.66344,0.6639,0.66254,0.66365
1765911600,0.66362,0.66393,0.66208,0.6637
1765915200,0.66369,0.66401,0.66328,0.66332
1765918800,0.66332,0.66338,0.66281,0.66326
1765922400,0.6632,0.66337,0.66292,0.66329
1765926000,0.66334,0.66352,0.66302,0.66326
1765929600,0.66324,0.66324,0.66192,0.66222
1765933200,0.6622,0.66335,0.6622,0.6633
1765936800,0.66331,0.66334,0.66208,0.66253
1765940400,0.66252,0.66281,0.66211,0.66265
1765944000,0.66266,0.6627,0.66156,0.66162
1765947600,0.66162,0.66194,0.66136,0.66194
1765951200,0.66193,0.66216,0.6614,0.66154
1765954800,0.66154,0.66196,0.66122,0.66169
1765958400,0.66168,0.66214,0.66124,0.66208
1765962000,0.66208,0.66234,0.66145,0.66146
1765965600,0.66142,0.66203,0.66132,0.66193
1765969200,0.66194,0.66204,0.66126,0.6617
1765972800,0.66169,0.66243,0.66163,0.6624
1765976400,0.6624,0.66246,0.66167,0.66234
1765980000,0.66232,0.6627,0.66158,0.66256
1765983600,0.66254,0.66288,0.6607,0.66112
1765987200,0.6611,0.66181,0.66036,0.66072
1765990800,0.66071,0.6611,0.66036,0.66075
1765994400,0.66076,0.66127,0.65992,0.66004
1765998000,0.66004,0.6606,0.66004,0.66048
1766001600,0.66048,0.66097,0.66034,0.66042
1766005200,0.6604,0.6607,0.66036,0.66048
1766008800,0.66071,0.66132,0.6602,0.66063
1766012400,0.66059,0.66066,0.66002,0.66006
1766016000,0.66007,0.66036,0.65974,0.66028
1766019600,0.66027,0.66044,0.65941,0.65996
1766023200,0.65996,0.66032,0.65956,0.65987
1766026800,0.65985,0.66013,0.65926,0.65939
1766030400,0.65938,0.66018,0.65932,0.66018
1766034000,0.6602,0.66058,0.66002,0.66051
1766037600,0.6605,0.6609,0.6603,0.6607
1766041200,0.66072,0.66124,0.66067,0.66084
1766044800,0.66084,0.66094,0.66046,0.66069
1766048400,0.66068,0.66098,0.66036,0.66051
1766052000,0.6605,0.66085,0.66033,0.66073
1766055600,0.66074,0.6609,0.66062,0.66086
1766059200,0.66084,0.66116,0.66041,0.66054
1766062800,0.66052,0.66318,0.66042,0.66227
1766066400,0.66226,0.66308,0.6617,0.6623
1766070000,0.66232,0.6627,0.66114,0.66158
1766073600,0.66159,0.66258,0.66153,0.66177
1766077200,0.66178,0.66188,0.66032,0.66137
1766080800,0.66138,0.66204,0.66104,0.66155
1766084400,0.66154,0.66184,0.66132,0.66144
1766088000,0.66144,0.66153,0.66107,0.66108
1766091600,0.66108,0.66132,0.66104,0.6613
1766095200,0.6611,0.66134,0.66094,0.66116
1766098800,0.66116,0.66148,0.66114,0.66137
1766102400,0.66136,0.6623,0.66118,0.66209
1766106000,0.66212,0.66215,0.66114,0.66126
1766109600,0.66122,0.66162,0.66081,0.6611
1766113200,0.6611,0.66135,0.66085,0.66105
1766116800,0.66104,0.66114,0.66062,0.66088
1766120400,0.6609,0.66095,0.6604,0.6604
1766124000,0.6604,0.6609,0.66024,0.66048
1766127600,0.66044,0.66078,0.66002,0.6603
1766131200,0.6603,0.66098,0.66021,0.66064
1766134800,0.66062,0.661,0.6604,0.66084
1766138400,0.66085,0.66097,0.66059,0.66086
1766142000,0.66085,0.66086,0.66032,0.66059
1766145600,0.66056,0.66088,0.66024,0.66035
1766149200,0.66034,0.66109,0.66012,0.66104
1766152800,0.66107,0.66237,0.661,0.66216
1766156400,0.66218,0.66251,0.66067,0.66082
1766160000,0.66084,0.6619,0.66079,0.66152
1766163600,0.66154,0.66165,0.66118,0.66151
1766167200,0.6615,0.66204,0.66145,0.66154
1766170800,0.66154,0.66196,0.6615,0.6619
1766174400,0.66192,0.66204,0.6608,0.66106
1766178000,0.66104,0.66121,0.66077,0.66116
1766354400,0.66145,0.66162,0.66056,0.66069
1766358000,0.6607,0.66124,0.6607,0.66123
1766361600,0.66121,0.6618,0.66108,0.66178
1766365200,0.6618,0.66232,0.66175,0.66209
1766368800,0.6621,0.66253,0.66206,0.66222
1766372400,0.66222,0.66257,0.66206,0.66206
1766376000,0.66208,0.66283,0.66208,0.66276
1766379600,0.66274,0.6629,0.6624,0.66256
1766383200,0.66255,0.66291,0.66254,0.66283
1766386800,0.66285,0.66401,0.66285,0.66393
1766390400,0.66392,0.66406,0.66357,0.66399
1766394000,0.66398,0.66418,0.66358,0.66392
1766397600,0.66394,0.6643,0.66386,0.66405
1766401200,0.66408,0.66432,0.66396,0.66432
1766404800,0.6643,0.66466,0.66411,0.66464
1766408400,0.66466,0.66502,0.66443,0.66463
1766412000,0.66465,0.66554,0.66437,0.66514
1766415600,0.66513,0.66574,0.66504,0.66572
1766419200,0.66573,0.66584,0.66538,0.66562
1766422800,0.66562,0.66605,0.66548,0.6657
1766426400,0.66568,0.6657,0.66533,0.66539
1766430000,0.66538,0.6655,0.66518,0.66544
1766433600,0.6654,0.6658,0.66532,0.66556
1766437200,0.66554,0.66587,0.66554,0.66579
1766440800,0.66552,0.66594,0.66552,0.6659
1766444400,0.66589,0.66612,0.66572,0.66575
1766448000,0.66574,0.66664,0.66574,0.666
1766451600,0.666,0.66666,0.66558,0.66634
1766455200,0.66633,0.667,0.66632,0.66692
1766458800,0.66693,0.66704,0.66636,0.66694
1766462400,0.66694,0.66706,0.66672,0.66686
1766466000,0.66686,0.66694,0.66644,0.66658
1766469600,0.66658,0.66694,0.66648,0.66668
1766473200,0.6667,0.66784,0.66661,0.66756
1766476800,0.66752,0.66885,0.6674,0.66877
1766480400,0.66877,0.66936,0.66871,0.66929
1766484000,0.66929,0.66975,0.66924,0.66958
1766487600,0.66957,0.6696,0.66912,0.6692
1766491200,0.6692,0.66965,0.66916,0.66936
1766494800,0.66934,0.67005,0.66856,0.6686
1766498400,0.66861,0.66898,0.66773,0.66793
1766502000,0.6679,0.66918,0.66758,0.66915
1766505600,0.66916,0.66954,0.66898,0.66928
1766509200,0.66926,0.66942,0.6688,0.6689
1766512800,0.66891,0.66958,0.6688,0.66954
1766516400,0.66956,0.66994,0.66954,0.66984
1766520000,0.66983,0.67006,0.66962,0.66996
1766523600,0.66995,0.67027,0.66992,0.67018
1766527200,0.66995,0.67019,0.6699,0.66994
1766530800,0.66992,0.67028,0.66988,0.67022
1766534400,0.67024,0.67038,0.66992,0.67018
1766538000,0.67018,0.67118,0.6698,0.67112
1766541600,0.67114,0.67136,0.6707,0.67083
1766545200,0.67083,0.67098,0.67032,0.6704
1766548800,0.67042,0.67095,0.67026,0.6708
1766552400,0.6708,0.67124,0.67079,0.6712
1766556000,0.67118,0.67176,0.67115,0.67156
1766559600,0.67156,0.67168,0.67106,0.67116
1766563200,0.67117,0.67142,0.67054,0.67125
1766566800,0.67124,0.67142,0.67084,0.67128
1766570400,0.67126,0.67138,0.67095,0.67128
1766574000,0.67128,0.6714,0.67095,0.67106
1766577600,0.67104,0.6714,0.6701,0.67036
1766581200,0.67036,0.67072,0.67002,0.67061
1766584800,0.67059,0.67096,0.67027,0.67061
1766588400,0.6706,0.67128,0.67032,0.67121
1766592000,0.67122,0.6715,0.6705,0.67069
1766595600,0.67072,0.6711,0.6704,0.67072
1766599200,0.6707,0.6707,0.67032,0.67044
1766602800,0.67044,0.67062,0.67043,0.67061
1766606400,0.6706,0.67062,0.67045,0.67054
1766610000,0.67053,0.6706,0.67042,0.67051
1766700000,0.67006,0.67068,0.67004,0.67036
1766703600,0.67037,0.67069,0.67012,0.67052
1766707200,0.67052,0.67142,0.67047,0.67093
1766710800,0.67096,0.67155,0.67088,0.67101
1766714400,0.67102,0.6718,0.67098,0.67174
1766718000,0.67172,0.67178,0.67068,0.6707
1766721600,0.6707,0.67106,0.67057,0.67074
1766725200,0.67075,0.67114,0.67039,0.67094
1766728800,0.67098,0.67118,0.67054,0.6707
1766732400,0.6707,0.67076,0.67001,0.67025
1766736000,0.67022,0.67043,0.66981,0.6704
1766739600,0.6704,0.67045,0.66972,0.66978
1766743200,0.66978,0.6704,0.66972,0.67024
1766746800,0.67024,0.67064,0.67024,0.67047
1766750400,0.67046,0.67072,0.67026,0.6707
1766754000,0.6707,0.6718,0.6706,0.67164
1766757600,0.67167,0.67214,0.67154,0.67178
1766761200,0.6718,0.67248,0.67137,0.67156
1766764800,0.67154,0.67156,0.67056,0.67079
1766768400,0.67082,0.67108,0.67056,0.67092
1766772000,0.67092,0.67127,0.67082,0.67106
1766775600,0.67108,0.67116,0.67084,0.67108
1766779200,0.6711,0.67144,0.6711,0.67142
1766782800,0.67143,0.67156,0.6711,0.67152
1766959200,0.67037,0.6711,0.67022,0.67096
1766962800,0.67094,0.6716,0.67088,0.67146
1766966400,0.67144,0.67188,0.6714,0.6716
1766970000,0.6716,0.67224,0.67152,0.67193
1766973600,0.67192,0.6724,0.6715,0.67224
1766977200,0.6722,0.67274,0.67206,0.6725
1766980800,0.67252,0.6726,0.67211,0.67217
1766984400,0.67216,0.67236,0.67153,0.67154
1766988000,0.67152,0.67181,0.67109,0.67149
1766991600,0.67152,0.67218,0.6712,0.67122
1766995200,0.6712,0.6712,0.6701,0.67035
1766998800,0.67034,0.6705,0.66932,0.66995
1767002400,0.66996,0.67058,0.66996,0.67
1767006000,0.66999,0.67009,0.66948,0.66952
1767009600,0.66952,0.66962,0.66831,0.66897
1767013200,0.66896,0.66959,0.66884,0.66937
1767016800,0.66935,0.67033,0.66868,0.6694
1767020400,0.66938,0.67,0.66852,0.66958
1767024000,0.66959,0.6699,0.6688,0.669
1767027600,0.669,0.66911,0.66868,0.66886
1767031200,0.66887,0.66932,0.66874,0.66884
1767034800,0.66883,0.66976,0.6687,0.66961
1767038400,0.66962,0.6697,0.66908,0.6692
1767042000,0.6692,0.66951,0.6691,0.66936
1767045600,0.66942,0.66942,0.66902,0.66931
1767049200,0.66935,0.66954,0.66924,0.66952
1767052800,0.66948,0.66965,0.66937,0.66959
1767056400,0.66958,0.67043,0.6692,0.6704
1767060000,0.67044,0.67064,0.6697,0.67043
1767063600,0.67044,0.67089,0.6702,0.67059
1767067200,0.67058,0.67113,0.67058,0.67103
1767070800,0.67104,0.67151,0.67088,0.67137
1767074400,0.67138,0.6718,0.67131,0.67166
1767078000,0.67162,0.67162,0.67062,0.67067
1767081600,0.67066,0.67094,0.67025,0.67056
1767085200,0.67057,0.67105,0.67045,0.67045
1767088800,0.67046,0.67123,0.67045,0.6708
1767092400,0.67081,0.67092,0.66988,0.67006
1767096000,0.6701,0.67034,0.66984,0.67018
1767099600,0.67018,0.67054,0.66924,0.66944
1767103200,0.66944,0.67011,0.66936,0.67
1767106800,0.67001,0.67018,0.66878,0.67006
1767110400,0.67006,0.67024,0.6696,0.67014
1767114000,0.67015,0.67038,0.66993,0.67031
1767117600,0.67032,0.6704,0.66976,0.66985
1767121200,0.66986,0.66996,0.66933,0.66958
1767124800,0.6696,0.6698,0.6693,0.66931
1767128400,0.66934,0.66964,0.66933,0.66964
1767132000,0.66946,0.66966,0.66942,0.66948
1767135600,0.66948,0.66991,0.66937,0.66959
1767139200,0.66963,0.66997,0.66948,0.66992
1767142800,0.66992,0.67014,0.66938,0.66942
1767146400,0.66942,0.66984,0.66912,0.66961
1767150000,0.66959,0.66988,0.6694,0.66962
1767153600,0.66958,0.66972,0.66915,0.66918
1767157200,0.66918,0.66947,0.6688,0.66902
1767160800,0.66901,0.66902,0.66852,0.66887
1767164400,0.66888,0.66906,0.66824,0.66881
1767168000,0.66882,0.66896,0.66808,0.66818
1767171600,0.66818,0.66868,0.66803,0.66833
1767175200,0.66834,0.66854,0.66758,0.66794
1767178800,0.66796,0.6688,0.66789,0.66856
1767182400,0.66858,0.669,0.66846,0.66874
1767186000,0.66874,0.66879,0.66798,0.66835
1767189600,0.66834,0.6684,0.66728,0.66735
1767193200,0.66736,0.66736,0.666,0.66684
1767196800,0.66686,0.66735,0.66639,0.6668
1767200400,0.66684,0.66726,0.66664,0.66719
1767204000,0.66718,0.6674,0.66683,0.66715
1767207600,0.66716,0.66746,0.6671,0.66727
1767211200,0.66727,0.6675,0.6671,0.66732
1767214800,0.66734,0.66748,0.66716,0.66734
1767304800,0.66717,0.66755,0.66678,0.66683
1767308400,0.66683,0.66802,0.66683,0.66786
1767312000,0.66789,0.66874,0.66767,0.6686
1767315600,0.6686,0.66949,0.6686,0.6693
1767319200,0.66931,0.66956,0.66912,0.6695
1767322800,0.66952,0.6702,0.66951,0.66985
1767326400,0.66986,0.6701,0.66942,0.6698
1767330000,0.6698,0.66995,0.66948,0.66958
1767333600,0.66955,0.66971,0.66926,0.66942
1767337200,0.66942,0.66973,0.66892,0.66962
1767340800,0.6696,0.67072,0.66957,0.67024
1767344400,0.67023,0.67072,0.6698,0.6699
1767348000,0.6699,0.67002,0.6693,0.66978
1767351600,0.66976,0.66984,0.66884,0.6691
1767355200,0.6691,0.66954,0.66885,0.66918
1767358800,0.66922,0.66958,0.66868,0.6688
1767362400,0.66884,0.6695,0.66876,0.66931
1767366000,0.6693,0.66972,0.66866,0.66877
1767369600,0.66876,0.66897,0.66798,0.6683
1767373200,0.6683,0.66903,0.66812,0.6685
1767376800,0.66851,0.6686,0.66776,0.66799
1767380400,0.668,0.669,0.66796,0.6689
1767384000,0.6689,0.66953,0.6687,0.6695
1767387600,0.6695,0.6698,0.66918,0.6695
1767564000,0.66831,0.6693,0.66784,0.66855
1767567600,0.66854,0.66933,0.66802,0.66837
1767571200,0.66838,0.6687,0.66776,0.66784
1767574800,0.66783,0.6689,0.66753,0.66815
1767578400,0.66814,0.66878,0.66747,0.66835
1767582000,0.66835,0.6684,0.6671,0.66712
1767585600,0.66711,0.66739,0.66652,0.66716
1767589200,0.66715,0.66762,0.66686,0.66756
1767592800,0.66756,0.66814,0.66714,0.6681
1767596400,0.66812,0.66827,0.66722,0.66768
1767600000,0.66767,0.66824,0.6671,0.66764
1767603600,0.66766,0.66801,0.6673,0.66758
1767607200,0.66757,0.66863,0.66752,0.66848
1767610800,0.66848,0.66886,0.66828,0.66842
1767614400,0.66842,0.6687,0.66782,0.66782
1767618000,0.66785,0.66786,0.6663,0.66774
1767621600,0.66776,0.66918,0.6677,0.66896
1767625200,0.66898,0.67115,0.66898,0.6708
1767628800,0.67083,0.67192,0.6708,0.67172
1767632400,0.67172,0.67182,0.67115,0.67122
1767636000,0.67122,0.67142,0.6711,0.67137
1767639600,0.67138,0.67168,0.67128,0.67162
1767643200,0.67162,0.67172,0.67146,0.67158
1767646800,0.67157,0.67178,0.6714,0.67149
1767650400,0.67128,0.67166,0.67126,0.67156
1767654000,0.67161,0.67162,0.67116,0.67131
1767657600,0.67134,0.67142,0.67086,0.67102
1767661200,0.67103,0.67164,0.67034,0.67157
1767664800,0.67156,0.67239,0.67136,0.67232
1767668400,0.67231,0.67249,0.67188,0.67224
1767672000,0.67222,0.67258,0.67217,0.6725
1767675600,0.6725,0.67319,0.67244,0.67272
1767679200,0.67273,0.67393,0.67256,0.67368
1767682800,0.67369,0.67394,0.67284,0.6731
1767686400,0.67308,0.6736,0.67218,0.67235
1767690000,0.67235,0.67251,0.67164,0.67169
1767693600,0.67168,0.6723,0.67159,0.67168
1767697200,0.67167,0.67194,0.6712,0.6718
1767700800,0.67184,0.67228,0.67157,0.67172
1767704400,0.67174,0.67278,0.67158,0.67269
1767708000,0.6727,0.67359,0.67236,0.67317
1767711600,0.67315,0.6732,0.672,0.673
1767715200,0.67299,0.67329,0.67232,0.67308
1767718800,0.67308,0.67366,0.67306,0.67358
1767722400,0.67355,0.67376,0.67339,0.67355
1767726000,0.67356,0.6736,0.67311,0.67324
1767729600,0.67325,0.67419,0.67324,0.67388
1767733200,0.67388,0.67404,0.6738,0.67384
1767736800,0.67358,0.67402,0.67351,0.67402
1767740400,0.67402,0.67416,0.67344,0.67348
1767744000,0.67348,0.67412,0.67171,0.67345
1767747600,0.67345,0.67518,0.67274,0.67476
1767751200,0.67476,0.67526,0.67442,0.67478
1767754800,0.67478,0.67592,0.67474,0.67572
1767758400,0.6757,0.67666,0.67566,0.67599
1767762000,0.67598,0.67614,0.6749,0.67524
1767765600,0.67525,0.67564,0.67488,0.67514
1767769200,0.67513,0.67514,0.67374,0.67402
1767772800,0.674,0.67405,0.67358,0.67386
1767776400,0.67386,0.67398,0.6735,0.67382
1767780000,0.6738,0.67412,0.6735,0.6738
1767783600,0.67379,0.67414,0.67368,0.67388
1767787200,0.67388,0.67411,0.67298,0.67328
1767790800,0.67328,0.67398,0.67276,0.67394
1767794400,0.67394,0.67464,0.67362,0.67422
1767798000,0.67423,0.67432,0.67232,0.67276
1767801600,0.67274,0.67293,0.67222,0.6727
1767805200,0.6727,0.67318,0.67264,0.6729
1767808800,0.67289,0.67338,0.67278,0.67316
1767812400,0.67317,0.67324,0.67266,0.67282
1767816000,0.67281,0.6729,0.67212,0.67212
1767819600,0.67208,0.67214,0.67186,0.67208
1767823200,0.67226,0.67242,0.67208,0.67236
1767826800,0.67239,0.67246,0.67212,0.6722
1767830400,0.6722,0.67236,0.67167,0.672
1767834000,0.67196,0.67254,0.6719,0.67244
1767837600,0.67244,0.67245,0.67112,0.6712
1767841200,0.67119,0.67144,0.67096,0.67132
1767844800,0.67133,0.67145,0.67058,0.67064
1767848400,0.67063,0.67065,0.67009,0.67038
1767852000,0.67038,0.67038,0.66908,0.6701
1767855600,0.6701,0.6704,0.66956,0.66964
1767859200,0.66964,0.67044,0.66942,0.66966
1767862800,0.66964,0.67,0.66895,0.66932
1767866400,0.66931,0.6699,0.66908,0.66988
1767870000,0.66984,0.67005,0.66952,0.66972
1767873600,0.6697,0.66998,0.6693,0.66974
1767877200,0.66976,0.66994,0.66893,0.66928
1767880800,0.66928,0.66932,0.66818,0.66904
1767884400,0.66904,0.67012,0.6688,0.66984
1767888000,0.66982,0.66988,0.66884,0.66934
1767891600,0.66932,0.66958,0.66886,0.66952
1767895200,0.6695,0.66955,0.66894,0.66898
1767898800,0.66896,0.66941,0.66885,0.66935
1767902400,0.66934,0.66986,0.66932,0.66974
1767906000,0.66974,0.67015,0.66958,0.66992
1767909600,0.67005,0.6704,0.6697,0.67038
1767913200,0.6704,0.67042,0.66977,0.66988
1767916800,0.66986,0.66996,0.66948,0.66959
1767920400,0.6696,0.6698,0.66884,0.66929
1767924000,0.66929,0.66972,0.66928,0.6695
1767927600,0.6695,0.66958,0.66912,0.66944
1767931200,0.66944,0.66983,0.6693,0.6697
1767934800,0.66971,0.66986,0.66932,0.66949
1767938400,0.66948,0.66966,0.66898,0.669
1767942000,0.66898,0.66904,0.66798,0.6682
1767945600,0.6682,0.66833,0.66764,0.66818
1767949200,0.66818,0.66858,0.66798,0.66809
1767952800,0.66811,0.66832,0.66779,0.66798
1767956400,0.66798,0.66856,0.66794,0.66829
1767960000,0.66828,0.66837,0.6674,0.66758
1767963600,0.66756,0.67035,0.66677,0.669
1767967200,0.669,0.66946,0.66762,0.6681
1767970800,0.66812,0.6688,0.66636,0.66806
1767974400,0.66806,0.66856,0.66753,0.6682
1767978000,0.6682,0.66844,0.66798,0.66818
1767981600,0.66815,0.6689,0.6681,0.66854
1767985200,0.66856,0.66874,0.66841,0.66867
1767988800,0.66866,0.66902,0.66866,0.66898
1767992400,0.66898,0.66913,0.66858,0.66865
1768168800,0.66786,0.66875,0.66786,0.66874
1768172400,0.66874,0.66886,0.66844,0.6686
1768176000,0.6686,0.67034,0.66834,0.67031
1768179600,0.67029,0.67066,0.66958,0.66984
1768183200,0.66984,0.67014,0.66946,0.66952
1768186800,0.66953,0.66985,0.66952,0.66982
1768190400,0.66982,0.66989,0.66924,0.66952
1768194000,0.66955,0.66994,0.66952,0.66988
1768197600,0.66989,0.67002,0.66958,0.66995
1768201200,0.66994,0.67078,0.6698,0.67052
1768204800,0.67051,0.67119,0.67026,0.67046
1768208400,0.67044,0.67123,0.67026,0.67068
1768212000,0.6707,0.67119,0.67037,0.67117
1768215600,0.67118,0.67124,0.67055,0.67062
1768219200,0.67062,0.67114,0.6704,0.67098
1768222800,0.67098,0.67181,0.67091,0.67156
1768226400,0.67155,0.67158,0.67032,0.671
1768230000,0.67099,0.67206,0.67067,0.67198
1768233600,0.67199,0.67223,0.67148,0.67152
1768237200,0.67149,0.6718,0.67118,0.6714
1768240800,0.67138,0.67147,0.67111,0.67118
1768244400,0.67118,0.67149,0.67108,0.67142
1768248000,0.67142,0.67148,0.67124,0.67132
1768251600,0.67134,0.67154,0.67088,0.671
1768255200,0.67104,0.67134,0.67083,0.6709
1768258800,0.67094,0.67114,0.67068,0.67083
1768262400,0.67079,0.67108,0.67068,0.67106
1768266000,0.67108,0.67148,0.67083,0.67111
1768269600,0.67111,0.67169,0.67102,0.67112
1768273200,0.67113,0.67132,0.67088,0.67101
1768276800,0.671,0.67126,0.67085,0.67108
1768280400,0.67109,0.67111,0.67072,0.67098
1768284000,0.67098,0.67104,0.67037,0.67078
1768287600,0.67078,0.67084,0.67018,0.67046
1768291200,0.67045,0.67074,0.66988,0.67024
1768294800,0.67026,0.6708,0.67021,0.67061
1768298400,0.67058,0.67064,0.6698,0.66988
1768302000,0.66984,0.67049,0.66976,0.67044
1768305600,0.67044,0.67048,0.66993,0.66998
1768309200,0.66998,0.67275,0.66974,0.67092
1768312800,0.6709,0.67144,0.66957,0.66988
1768316400,0.66986,0.66991,0.66782,0.6687
1768320000,0.66874,0.66878,0.66731,0.66831
1768323600,0.66832,0.6685,0.66778,0.66812
1768327200,0.66811,0.66852,0.66776,0.66832
1768330800,0.66831,0.66835,0.66788,0.66817
1768334400,0.66818,0.66836,0.66788,0.66826
1768338000,0.66826,0.66834,0.66805,0.6681
1768341600,0.66834,0.6689,0.66815,0.66884
1768345200,0.66887,0.66888,0.66828,0.66828
1768348800,0.66826,0.66849,0.66802,0.6681
1768352400,0.6681,0.6684,0.66772,0.66824
1768356000,0.66826,0.66941,0.66822,0.66929
1768359600,0.66928,0.67003,0.66921,0.66992
1768363200,0.66992,0.67005,0.66956,0.66968
1768366800,0.66964,0.66983,0.66942,0.66948
1768370400,0.66948,0.67013,0.66928,0.67008
1768374000,0.6701,0.67024,0.66942,0.66949
1768377600,0.66952,0.66962,0.66866,0.66942
1768381200,0.66942,0.66979,0.66918,0.66959
1768384800,0.6696,0.66965,0.66832,0.66851
1768388400,0.6685,0.6685,0.66794,0.66821
1768392000,0.6682,0.66848,0.66774,0.66846
1768395600,0.66844,0.66848,0.66756,0.66793
1768399200,0.66794,0.66874,0.66788,0.66838
1768402800,0.66837,0.66895,0.66762,0.66832
1768406400,0.66833,0.66887,0.66759,0.66778
1768410000,0.66778,0.66802,0.66733,0.6674
1768413600,0.6674,0.66794,0.66731,0.66785
1768417200,0.66784,0.66812,0.66771,0.66797
1768420800,0.66796,0.6686,0.66782,0.66848
1768424400,0.66844,0.66864,0.66798,0.66829
1768428000,0.66822,0.66862,0.66794,0.66824
1768431600,0.66826,0.66862,0.66769,0.6682
1768435200,0.6682,0.66861,0.66808,0.66852
1768438800,0.6685,0.66856,0.66756,0.66808
1768442400,0.66808,0.66815,0.66762,0.66768
1768446000,0.6677,0.66775,0.66674,0.66724
1768449600,0.66728,0.66764,0.66709,0.66742
1768453200,0.6674,0.66794,0.66724,0.66766
1768456800,0.66768,0.66848,0.66759,0.66809
1768460400,0.66808,0.66858,0.66802,0.66831
1768464000,0.6683,0.6692,0.66797,0.66916
1768467600,0.66916,0.66993,0.66915,0.66955
1768471200,0.66956,0.6701,0.66946,0.66986
1768474800,0.66986,0.67001,0.66964,0.66972
1768478400,0.66971,0.66984,0.66877,0.66897
1768482000,0.66894,0.66894,0.66758,0.66778
1768485600,0.66778,0.66884,0.66747,0.66846
1768489200,0.66847,0.67,0.66846,0.66999
1768492800,0.66999,0.67098,0.6699,0.67044
1768496400,0.67044,0.67086,0.67027,0.67047
1768500000,0.67046,0.67088,0.67046,0.6706
1768503600,0.67061,0.6707,0.67012,0.6702
1768507200,0.6702,0.67022,0.66958,0.66972
1768510800,0.66976,0.67008,0.6697,0.66988
1768514400,0.66976,0.6702,0.66973,0.66996
1768518000,0.66994,0.67025,0.66984,0.6701
1768521600,0.6701,0.67026,0.66974,0.66976
1768525200,0.66974,0.67042,0.66971,0.66976
1768528800,0.66972,0.67028,0.66952,0.66994
1768532400,0.66994,0.67054,0.66992,0.67042
1768536000,0.6704,0.67072,0.67032,0.6706
1768539600,0.6706,0.6706,0.67004,0.67014
1768543200,0.67014,0.67027,0.66958,0.67
1768546800,0.67002,0.67034,0.66984,0.67003
1768550400,0.67004,0.67055,0.67004,0.67018
1768554000,0.67016,0.67047,0.67011,0.67018
1768557600,0.67018,0.67096,0.6701,0.6706
1768561200,0.67061,0.6709,0.67036,0.67038
1768564800,0.67038,0.67068,0.66986,0.66998
1768568400,0.66997,0.67012,0.66911,0.66944
1768572000,0.66942,0.66946,0.66852,0.66866
1768575600,0.66864,0.66954,0.66711,0.66796
1768579200,0.66796,0.66864,0.66796,0.66814
1768582800,0.66809,0.66834,0.66792,0.66811
1768586400,0.66809,0.66852,0.66801,0.66826
1768590000,0.66826,0.66864,0.66799,0.66839
1768593600,0.66838,0.6686,0.6683,0.6685
1768597200,0.6685,0.66854,0.66813,0.66836
1768773600,0.66718,0.66746,0.66698,0.66716
1768777200,0.66715,0.6691,0.66684,0.66882
1768780800,0.66878,0.66944,0.66766,0.6692
1768784400,0.66918,0.66952,0.66821,0.66834
1768788000,0.66834,0.6686,0.66782,0.66841
1768791600,0.66839,0.66898,0.66832,0.66874
1768795200,0.66874,0.66928,0.6687,0.66918
1768798800,0.66918,0.6701,0.66902,0.66957
1768802400,0.66956,0.66976,0.66936,0.66945
1768806000,0.66946,0.6699,0.66886,0.66898
1768809600,0.66898,0.66984,0.66898,0.66956
1768813200,0.66956,0.66979,0.66897,0.6697
1768816800,0.6697,0.67059,0.6697,0.67004
1768820400,0.67006,0.67038,0.66991,0.67029
1768824000,0.67028,0.67058,0.67009,0.67038
1768827600,0.67038,0.6708,0.67034,0.67056
1768831200,0.67057,0.67109,0.6702,0.67092
1768834800,0.67093,0.67142,0.67086,0.67114
1768838400,0.67113,0.67159,0.671,0.67148
1768842000,0.67148,0.67168,0.67138,0.67164
1768845600,0.67164,0.67174,0.67132,0.67134
1768849200,0.67134,0.67154,0.67134,0.67141
1768852800,0.6714,0.67153,0.67125,0.67152
1768856400,0.6715,0.67157,0.67122,0.67142
1768860000,0.67112,0.67157,0.67108,0.67135
1768863600,0.67136,0.67146,0.67088,0.67094
1768867200,0.67094,0.67124,0.67068,0.67099
1768870800,0.671,0.67125,0.67072,0.67114
1768874400,0.67113,0.67174,0.67086,0.6716
1768878000,0.6716,0.67284,0.67158,0.67274
1768881600,0.67274,0.67394,0.67274,0.67378
1768885200,0.67379,0.67411,0.6736,0.6736
1768888800,0.6736,0.67394,0.67287,0.67318
1768892400,0.67316,0.67444,0.67298,0.67435
1768896000,0.67435,0.67474,0.67318,0.67354
1768899600,0.67358,0.67388,0.67238,0.67283
1768903200,0.67286,0.67344,0.67266,0.6732
1768906800,0.67322,0.6739,0.67288,0.67354
1768910400,0.67354,0.67382,0.67286,0.67308
1768914000,0.67308,0.67384,0.67253,0.67302
1768917600,0.67304,0.67368,0.67268,0.67338
1768921200,0.67336,0.67454,0.67278,0.67418
1768924800,0.67418,0.67457,0.67392,0.67422
1768928400,0.67421,0.67452,0.67382,0.67394
1768932000,0.67392,0.67428,0.6733,0.67347
1768935600,0.67348,0.67358,0.6732,0.67326
1768939200,0.67326,0.67358,0.67308,0.67352
1768942800,0.67354,0.6738,0.67348,0.67372
1768946400,0.67326,0.67351,0.67318,0.67338
1768950000,0.67336,0.67352,0.67308,0.67312
1768953600,0.67311,0.67336,0.67298,0.67323
1768957200,0.67324,0.67438,0.67308,0.67426
1768960800,0.67428,0.67431,0.6735,0.67358
1768964400,0.67358,0.67379,0.67312,0.67324
1768968000,0.67324,0.67333,0.67276,0.67322
1768971600,0.67323,0.67384,0.67313,0.67362
1768975200,0.67364,0.67531,0.67352,0.67504
1768978800,0.67501,0.67558,0.67466,0.67524
1768982400,0.67523,0.67582,0.67471,0.67522
1768986000,0.6752,0.67572,0.6747,0.67473
1768989600,0.67474,0.67484,0.67436,0.67463
1768993200,0.6746,0.6752,0.67452,0.67499
1768996800,0.67504,0.67687,0.67498,0.67677
1769000400,0.67676,0.67734,0.67636,0.67711
1769004000,0.6771,0.67736,0.67616,0.67732
1769007600,0.67732,0.67782,0.6764,0.67707
1769011200,0.67706,0.67747,0.67602,0.67632
1769014800,0.67632,0.6765,0.67531,0.67594
1769018400,0.67594,0.67616,0.67544,0.67602
1769022000,0.67601,0.67644,0.67567,0.67636
1769025600,0.67636,0.67637,0.67558,0.67619
1769029200,0.67619,0.6765,0.67607,0.67623
1769032800,0.67613,0.67625,0.67574,0.67582
1769036400,0.67581,0.67598,0.6754,0.67544
1769040000,0.67546,0.67914,0.6754,0.67888
1769043600,0.67886,0.67994,0.67864,0.67974
1769047200,0.67972,0.67998,0.67913,0.6797
1769050800,0.67971,0.68061,0.67968,0.68055
1769054400,0.68054,0.68108,0.68039,0.68052
1769058000,0.68051,0.68072,0.68008,0.68052
1769061600,0.68052,0.68067,0.67984,0.68064
1769065200,0.68064,0.68113,0.68026,0.68038
1769068800,0.68038,0.68048,0.67972,0.68017
1769072400,0.68018,0.681,0.67999,0.68022
1769076000,0.68021,0.6805,0.67958,0.6803
1769079600,0.68028,0.68049,0.67983,0.68026
1769083200,0.68026,0.68096,0.68025,0.68068
1769086800,0.6807,0.68155,0.68064,0.6815
1769090400,0.68149,0.68206,0.68122,0.68132
1769094000,0.68132,0.6826,0.68106,0.68256
1769097600,0.68259,0.6837,0.68248,0.6834
1769101200,0.68337,0.68407,0.683,0.68404
1769104800,0.68403,0.68444,0.68379,0.6843
1769108400,0.68428,0.68442,0.68398,0.68402
1769112000,0.684,0.68407,0.68375,0.6838
1769115600,0.68378,0.68432,0.68378,0.6841
1769119200,0.68388,0.6842,0.68388,0.68403
1769122800,0.68403,0.68418,0.68385,0.68398
1769126400,0.68394,0.6845,0.68392,0.68426
1769130000,0.68426,0.68533,0.6842,0.6845
1769133600,0.6845,0.68459,0.68386,0.68409
1769137200,0.6841,0.68442,0.68365,0.6843
1769140800,0.68426,0.685,0.68394,0.68494
1769144400,0.68494,0.68506,0.68458,0.6849
1769148000,0.6849,0.68544,0.68463,0.68504
1769151600,0.68502,0.68516,0.68415,0.6843
1769155200,0.68429,0.68493,0.68378,0.68486
1769158800,0.68486,0.68517,0.68396,0.684
1769162400,0.684,0.6846,0.68344,0.6846
1769166000,0.68459,0.68543,0.68446,0.6852
1769169600,0.68522,0.68654,0.6851,0.68647
1769173200,0.68648,0.68674,0.68494,0.685
1769176800,0.68503,0.68638,0.68484,0.68634
1769180400,0.68636,0.68736,0.68632,0.68724
1769184000,0.68726,0.6881,0.68648,0.68768
1769187600,0.68767,0.68913,0.68752,0.68826
1769191200,0.68826,0.68854,0.68738,0.68816
1769194800,0.6882,0.68884,0.68816,0.68868
1769198400,0.68867,0.68954,0.68857,0.68943
1769202000,0.68944,0.6899,0.68941,0.68963
1769378400,0.69234,0.69336,0.6913,0.69322
1769382000,0.69322,0.69322,0.69099,0.69142
1769385600,0.69142,0.69198,0.69062,0.69188
1769389200,0.6919,0.6926,0.6915,0.69198
1769392800,0.69196,0.69287,0.69155,0.6919
1769396400,0.6919,0.69212,0.69108,0.69127
1769400000,0.69127,0.69172,0.69095,0.69136
1769403600,0.69136,0.69186,0.69108,0.69145
1769407200,0.69146,0.69213,0.69085,0.6913
1769410800,0.69126,0.69194,0.69092,0.6911
1769414400,0.69114,0.69247,0.69104,0.69218
1769418000,0.69219,0.69273,0.69175,0.69221
1769421600,0.69222,0.69275,0.69213,0.69214
1769425200,0.69214,0.69216,0.6915,0.69214
1769428800,0.69211,0.69264,0.69143,0.69154
1769432400,0.6915,0.69179,0.69074,0.69176
1769436000,0.69178,0.69398,0.6915,0.69396
1769439600,0.69394,0.69403,0.69284,0.69392
1769443200,0.69391,0.69392,0.69256,0.69322
1769446800,0.69322,0.6941,0.69284,0.69344
1769450400,0.69345,0.69382,0.69308,0.69312
1769454000,0.69309,0.6931,0.69169,0.69188
1769457600,0.69186,0.69201,0.69171,0.69184
1769461200,0.69184,0.69198,0.69162,0.69165
1769464800,0.69146,0.69155,0.69096,0.69098
1769468400,0.69094,0.69162,0.69094,0.69138
1769472000,0.69138,0.69166,0.69074,0.69082
1769475600,0.69082,0.69199,0.69073,0.69176
1769479200,0.69174,0.69286,0.69158,0.69228
1769482800,0.69228,0.69232,0.69128,0.69157
1769486400,0.69156,0.69178,0.69074,0.69118
1769490000,0.69116,0.69148,0.69066,0.69132
1769493600,0.69131,0.69198,0.69128,0.69171
1769497200,0.6917,0.69225,0.69141,0.69154
1769500800,0.69155,0.69166,0.69016,0.69092
1769504400,0.69092,0.69286,0.69082,0.69276
1769508000,0.69274,0.6932,0.69206,0.69276
1769511600,0.69277,0.69325,0.6927,0.69316
1769515200,0.69316,0.69474,0.69312,0.69462
1769518800,0.69462,0.69526,0.694,0.6945
1769522400,0.6945,0.6965,0.69437,0.696
1769526000,0.69599,0.6974,0.69598,0.69653
1769529600,0.69652,0.69821,0.6965,0.69772
1769533200,0.69772,0.69802,0.69704,0.69784
1769536800,0.69784,0.69816,0.69726,0.69768
1769540400,0.69766,0.69818,0.69764,0.69798
1769544000,0.69794,0.70164,0.69762,0.7006
1769547600,0.70058,0.70153,0.7002,0.7012
1769551200,0.70097,0.7012,0.70082,0.70092
1769554800,0.70092,0.701,0.69947,0.69968
1769558400,0.69966,0.70227,0.699,0.6999
1769562000,0.69991,0.70004,0.69836,0.69862
1769565600,0.69863,0.69951,0.69802,0.69932
1769569200,0.69935,0.6998,0.69892,0.69901
1769572800,0.69904,0.69944,0.69851,0.69942
1769576400,0.69943,0.70034,0.69866,0.7003
1769580000,0.70034,0.70114,0.69991,0.69998
1769583600,0.7,0.702,0.69974,0.6999
1769587200,0.69992,0.70114,0.69899,0.69948
1769590800,0.6995,0.70045,0.699,0.70023
1769594400,0.70022,0.70144,0.69988,0.7009
1769598000,0.7009,0.7009,0.69958,0.7002
1769601600,0.7002,0.70083,0.69972,0.70018
1769605200,0.70022,0.70028,0.6992,0.69962
1769608800,0.69964,0.70082,0.69936,0.69988
1769612400,0.69989,0.70059,0.69769,0.69986
1769616000,0.69986,0.70022,0.69833,0.69918
1769619600,0.69918,0.70025,0.69874,0.70005
1769623200,0.70004,0.70013,0.69858,0.69923
1769626800,0.69928,0.70132,0.6979,0.70098
1769630400,0.70097,0.70318,0.70094,0.70278
1769634000,0.7028,0.70432,0.70264,0.7041
1769637600,0.70376,0.70408,0.70352,0.70384
1769641200,0.70382,0.70498,0.70318,0.70396
1769644800,0.70396,0.70485,0.7031,0.70361
1769648400,0.70361,0.70361,0.70214,0.70282
1769652000,0.70282,0.705,0.7021,0.70471
1769655600,0.70467,0.7079,0.70464,0.70788
1769659200,0.70789,0.70918,0.70744,0.70904
1769662800,0.70902,0.70942,0.70827,0.7088
1769666400,0.7088,0.70888,0.70778,0.70824
1769670000,0.70822,0.70868,0.70631,0.70692
1769673600,0.70692,0.70769,0.70524,0.70604
1769677200,0.70606,0.70689,0.70531,0.70562
1769680800,0.70562,0.70571,0.70314,0.70325
1769684400,0.70327,0.70406,0.70272,0.70384
1769688000,0.70383,0.70606,0.70366,0.706
1769691600,0.70602,0.7071,0.70579,0.70656
1769695200,0.70656,0.70826,0.70588,0.70602
1769698800,0.70603,0.70615,0.69688,0.69778
1769702400,0.69777,0.70189,0.69772,0.70092
1769706000,0.70092,0.70382,0.70092,0.70185
1769709600,0.70184,0.70378,0.70144,0.7032
1769713200,0.7032,0.70366,0.70264,0.70266
1769716800,0.70265,0.7048,0.70236,0.70457
1769720400,0.70457,0.70544,0.70438,0.705
1769724000,0.70464,0.7053,0.70464,0.70504
1769727600,0.70502,0.70554,0.7042,0.70476
1769731200,0.70476,0.70531,0.70254,0.70254
1769734800,0.70254,0.70284,0.7005,0.70058
1769738400,0.70062,0.70068,0.69774,0.70048
1769742000,0.70049,0.70078,0.69906,0.69975
1769745600,0.69973,0.7009,0.69966,0.70035
1769749200,0.70036,0.70081,0.69933,0.69996
1769752800,0.69997,0.70057,0.6982,0.69834
1769756400,0.69834,0.70038,0.69834,0.69983
1769760000,0.69984,0.701,0.6988,0.70047
1769763600,0.7005,0.70117,0.69682,0.6976
1769767200,0.69759,0.70004,0.69758,0.69963
1769770800,0.69965,0.70244,0.69962,0.70234
1769774400,0.70234,0.70322,0.70023,0.70049
1769778000,0.70047,0.70197,0.6986,0.69913
1769781600,0.6991,0.70266,0.69909,0.70126
1769785200,0.70126,0.70261,0.70003,0.7005
1769788800,0.7005,0.70052,0.6987,0.69941
1769792400,0.69941,0.69948,0.69674,0.69722
1769796000,0.69719,0.69804,0.694,0.69782
1769799600,0.69782,0.69863,0.6969,0.69728
1769803200,0.69726,0.69734,0.69623,0.69632
1769806800,0.69634,0.69674,0.6961,0.6963
1769983200,0.69531,0.69544,0.69406,0.69408
1769986800,0.69408,0.69527,0.69207,0.69437
1769990400,0.6944,0.69708,0.69438,0.69657
1769994000,0.6966,0.69662,0.69414,0.69642
1769997600,0.69645,0.69691,0.6944,0.69446
1770001200,0.69445,0.6955,0.69381,0.69408
1770004800,0.69409,0.69458,0.693,0.69408
1770008400,0.69406,0.6942,0.69142,0.69254
1770012000,0.69255,0.693,0.69086,0.69234
1770015600,0.69238,0.69459,0.69226,0.69421
1770019200,0.6942,0.69597,0.69379,0.69481
1770022800,0.69478,0.69661,0.694,0.69644
1770026400,0.69643,0.69684,0.69481,0.69569
1770030000,0.69569,0.69707,0.69552,0.69572
1770033600,0.69574,0.69661,0.69524,0.69598
1770037200,0.69596,0.69602,0.69405,0.69476
1770040800,0.69477,0.6968,0.694,0.69594
1770044400,0.69588,0.69667,0.69428,0.69446
1770048000,0.6944,0.69664,0.69412,0.69589
1770051600,0.69589,0.6964,0.69508,0.69528
1770055200,0.6953,0.6953,0.69368,0.69398
1770058800,0.69397,0.69472,0.69357,0.69454
1770062400,0.69454,0.69518,0.69413,0.69509
1770066000,0.69508,0.69539,0.6947,0.69481
1770069600,0.6954,0.69561,0.69456,0.69488
1770073200,0.69488,0.69576,0.69464,0.69575
1770076800,0.69576,0.69701,0.69564,0.69684
1770080400,0.69682,0.69784,0.69638,0.69775
1770084000,0.69774,0.69782,0.69571,0.69614
1770087600,0.69614,0.70262,0.69598,0.70226
1770091200,0.70226,0.70335,0.70018,0.70082
1770094800,0.7008,0.70158,0.7003,0.70062
1770098400,0.70064,0.70212,0.70026,0.70181
1770102000,0.7018,0.70504,0.70145,0.70428
1770105600,0.70427,0.70444,0.70288,0.703
1770109200,0.70301,0.70323,0.70048,0.7006
1770112800,0.70062,0.70136,0.7002,0.70021
1770116400,0.7002,0.70098,0.69974,0.69994
1770120000,0.69996,0.70142,0.69992,0.7012
1770123600,0.70121,0.70158,0.70055,0.70082
1770127200,0.70086,0.70087,0.69906,0.69915
1770130800,0.69914,0.70153,0.69808,0.7014
1770134400,0.70139,0.70244,0.70107,0.70188
1770138000,0.70187,0.70205,0.70072,0.70106
1770141600,0.70104,0.70193,0.69996,0.69998
1770145200,0.69996,0.70111,0.69934,0.7007
1770148800,0.70066,0.70234,0.7003,0.70211
1770152400,0.7021,0.70267,0.70206,0.70216
1770156000,0.70203,0.70222,0.7014,0.70171
1770159600,0.7017,0.70228,0.70149,0.70228
1770163200,0.70229,0.70258,0.7016,0.70188
1770166800,0.7019,0.70366,0.7017,0.7028
1770170400,0.70281,0.70356,0.70136,0.70176
1770174000,0.70177,0.70226,0.70142,0.70206
1770177600,0.70208,0.70242,0.70185,0.70235
1770181200,0.70234,0.70332,0.70227,0.7029
1770184800,0.70294,0.70338,0.70266,0.70328
1770188400,0.70328,0.70364,0.70244,0.70342
1770192000,0.70341,0.70431,0.70302,0.70371
1770195600,0.70368,0.70399,0.70148,0.70206
1770199200,0.70206,0.70247,0.70158,0.7019
1770202800,0.70189,0.7023,0.70106,0.70212
1770206400,0.70209,0.7034,0.70202,0.70298
1770210000,0.70298,0.7036,0.70231,0.7033
1770213600,0.7033,0.70336,0.70106,0.70134
1770217200,0.70132,0.70208,0.69967,0.69982
1770220800,0.69982,0.69988,0.6981,0.69952
1770224400,0.6995,0.70037,0.69724,0.69789
1770228000,0.6979,0.69863,0.69716,0.69796
1770231600,0.69796,0.70006,0.69736,0.69984
1770235200,0.69984,0.69994,0.69926,0.69965
1770238800,0.69966,0.70003,0.69941,0.69985
1770242400,0.69966,0.70004,0.69953,0.69981
1770246000,0.69982,0.69996,0.69931,0.69946
1770249600,0.69944,0.70069,0.69934,0.70034
1770253200,0.70034,0.70074,0.69952,0.6997
1770256800,0.69972,0.6998,0.69582,0.6961
1770260400,0.69609,0.69768,0.6959,0.69641
1770264000,0.69642,0.6975,0.69634,0.69702
1770267600,0.69703,0.69732,0.69628,0.69718
1770271200,0.6972,0.69789,0.6969,0.69776
1770274800,0.69779,0.69854,0.69751,0.6976
1770278400,0.6976,0.69908,0.69748,0.69781
1770282000,0.69783,0.69788,0.6965,0.6967
1770285600,0.69669,0.69764,0.6965,0.69752
1770289200,0.69752,0.69853,0.69735,0.69809
1770292800,0.69808,0.69858,0.69628,0.69698
1770296400,0.697,0.69812,0.6966,0.69695
1770300000,0.69694,0.69825,0.69592,0.69697
1770303600,0.69696,0.6977,0.69402,0.69528
1770307200,0.6953,0.69768,0.69469,0.6973
1770310800,0.6973,0.69799,0.69624,0.69708
1770314400,0.69707,0.6975,0.6957,0.69601
1770318000,0.69602,0.69708,0.6959,0.69598
1770321600,0.69594,0.69669,0.69429,0.6944
1770325200,0.6944,0.69464,0.69274,0.69282
1770328800,0.69301,0.69328,0.6928,0.69289
1770332400,0.69295,0.69296,0.6913,0.69158
1770336000,0.69158,0.69227,0.6897,0.69218
1770339600,0.6922,0.69376,0.69107,0.69347
1770343200,0.69345,0.6947,0.69344,0.69378
1770346800,0.69378,0.69416,0.69333,0.69408
1770350400,0.69406,0.6945,0.69371,0.69428
1770354000,0.6943,0.69558,0.6941,0.69557
1770357600,0.69557,0.69638,0.69542,0.69592
1770361200,0.69592,0.69608,0.69522,0.69595
1770364800,0.69592,0.69662,0.69532,0.69634
1770368400,0.69635,0.69784,0.69598,0.69757
1770372000,0.69757,0.69778,0.6967,0.69743
1770375600,0.69742,0.69875,0.69722,0.69858
1770379200,0.69854,0.69874,0.69797,0.69838
1770382800,0.69838,0.69943,0.69828,0.69942
1770386400,0.69939,0.70128,0.69905,0.70094
1770390000,0.70098,0.70132,0.69996,0.70061
1770393600,0.70064,0.70202,0.7006,0.70131
1770397200,0.70132,0.7025,0.70116,0.70209
1770400800,0.70208,0.70246,0.70178,0.70178
1770404400,0.70178,0.70196,0.70138,0.7017
1770408000,0.70168,0.70206,0.70156,0.70186
1770411600,0.70188,0.70232,0.70132,0.70133
1770588000,0.70206,0.7023,0.70101,0.70168
1770591600,0.7017,0.70378,0.70164,0.70358
1770595200,0.70358,0.70358,0.70226,0.70239
1770598800,0.7024,0.70266,0.70159,0.70187
1770602400,0.70186,0.70335,0.70169,0.70272
1770606000,0.70272,0.70316,0.70211,0.7022
1770609600,0.70218,0.70258,0.70208,0.70242
1770613200,0.70246,0.70306,0.70232,0.70292
1770616800,0.70293,0.70398,0.70236,0.70388
1770620400,0.70388,0.70428,0.70289,0.70326
1770624000,0.70328,0.7039,0.70266,0.70384
1770627600,0.70386,0.70454,0.70314,0.70337
1770631200,0.70336,0.70348,0.70138,0.70209
1770634800,0.70206,0.70391,0.70176,0.7036
1770638400,0.70361,0.70492,0.70361,0.7049
1770642000,0.70492,0.70622,0.70492,0.70566
1770645600,0.70566,0.70812,0.70562,0.70804
1770649200,0.70804,0.70925,0.70762,0.70886
1770652800,0.70887,0.70914,0.7082,0.70866
1770656400,0.70867,0.70898,0.70842,0.7088
1770660000,0.70879,0.7095,0.70826,0.70938
1770663600,0.70938,0.70989,0.70906,0.70964
1770667200,0.70963,0.70972,0.7092,0.70932
1770670800,0.70934,0.70944,0.709,0.70939
1770674400,0.70892,0.70952,0.7088,0.70891
1770678000,0.70892,0.70928,0.70832,0.70836
1770681600,0.70836,0.70858,0.70767,0.708
1770685200,0.70802,0.70894,0.7076,0.70876
1770688800,0.70879,0.70905,0.7081,0.70861
1770692400,0.7086,0.70868,0.70742,0.7076
1770696000,0.7076,0.70792,0.70722,0.70734
1770699600,0.70736,0.70755,0.7069,0.70727
1770703200,0.70726,0.70728,0.70646,0.70684
1770706800,0.70683,0.70737,0.70646,0.70715
1770710400,0.70716,0.70764,0.70679,0.70713
1770714000,0.70709,0.7081,0.70706,0.70742
1770717600,0.70738,0.70764,0.7069,0.70738
1770721200,0.70738,0.70755,0.70711,0.7074
1770724800,0.7074,0.70776,0.70648,0.70702
1770728400,0.70702,0.70796,0.70664,0.70748
1770732000,0.70752,0.70906,0.70686,0.7084
1770735600,0.7084,0.70886,0.70724,0.7085
1770739200,0.7085,0.70866,0.7069,0.7071
1770742800,0.70709,0.70778,0.70684,0.70741
1770746400,0.7074,0.70746,0.70664,0.7071
1770750000,0.70711,0.70798,0.7069,0.70792
1770753600,0.7079,0.70802,0.70728,0.70733
1770757200,0.70733,0.70757,0.70724,0.70744
1770760800,0.70708,0.70776,0.7069,0.707
1770764400,0.707,0.70745,0.707,0.70736
1770768000,0.70736,0.70854,0.7073,0.70818
1770771600,0.70818,0.70984,0.70812,0.70951
1770775200,0.70952,0.7125,0.70941,0.71186
1770778800,0.7119,0.71278,0.71142,0.71262
1770782400,0.7126,0.71281,0.71116,0.71122
1770786000,0.7112,0.71168,0.71082,0.71157
1770789600,0.71158,0.71208,0.71032,0.7107
1770793200,0.71067,0.71102,0.71028,0.7108
1770796800,0.7108,0.71128,0.70986,0.71116
1770800400,0.7112,0.71167,0.71077,0.7114
1770804000,0.7114,0.7124,0.7109,0.71204
1770807600,0.71202,0.71227,0.7111,0.71118
1770811200,0.71118,0.71136,0.71072,0.71116
1770814800,0.71112,0.71198,0.70718,0.7115
1770818400,0.71148,0.71365,0.71117,0.71262
1770822000,0.7126,0.71298,0.70924,0.7108
1770825600,0.7108,0.71284,0.71002,0.71279
1770829200,0.71279,0.71421,0.71216,0.71396
1770832800,0.71398,0.71433,0.71264,0.71336
1770836400,0.71334,0.71385,0.71292,0.71298
1770840000,0.71296,0.71304,0.71238,0.71244
1770843600,0.71246,0.71279,0.71222,0.71274
1770847200,0.71239,0.71312,0.71234,0.7127
1770850800,0.71272,0.71303,0.71215,0.71246
1770854400,0.71246,0.71368,0.71192,0.71362
1770858000,0.71362,0.7147,0.71324,0.71438
1770861600,0.71436,0.71472,0.7132,0.71361
1770865200,0.7136,0.71406,0.7127,0.713
1770868800,0.713,0.71376,0.71118,0.71148
1770872400,0.71155,0.71251,0.71123,0.71251
1770876000,0.7125,0.71256,0.7105,0.7111
1770879600,0.71108,0.71233,0.711,0.71194
1770883200,0.71199,0.71239,0.71087,0.71172
1770886800,0.71176,0.71238,0.71154,0.71236
1770890400,0.71238,0.71284,0.71178,0.71234
1770894000,0.71236,0.71299,0.71197,0.7129
1770897600,0.71289,0.71315,0.71178,0.71224
1770901200,0.71221,0.71412,0.71194,0.7141
1770904800,0.71412,0.71449,0.71192,0.7123
1770908400,0.71229,0.71336,0.7116,0.71336
1770912000,0.71335,0.71336,0.70842,0.7097
1770915600,0.70968,0.70968,0.70844,0.70863
1770919200,0.70863,0.70934,0.70758,0.70906
1770922800,0.70904,0.7099,0.70886,0.7096
1770926400,0.7096,0.70983,0.70844,0.70869
1770930000,0.7087,0.70914,0.70861,0.7091
1770933600,0.70881,0.70928,0.70854,0.70871
1770937200,0.7086,0.70922,0.70841,0.70881
1770940800,0.7088,0.70934,0.7081,0.70835
1770944400,0.70836,0.70974,0.70826,0.7087
1770948000,0.7087,0.7093,0.70858,0.709
1770951600,0.70904,0.7092,0.70814,0.70838
1770955200,0.70838,0.70918,0.70786,0.70832
1770958800,0.7083,0.70888,0.7067,0.707
1770962400,0.70699,0.70713,0.70512,0.70574
1770966000,0.70573,0.70619,0.70437,0.70604
1770969600,0.70603,0.7077,0.70602,0.70764
1770973200,0.70762,0.70795,0.70692,0.7072
1770976800,0.7072,0.70731,0.70609,0.70623
1770980400,0.70626,0.70637,0.70454,0.70504
1770984000,0.70504,0.70558,0.70449,0.70534
1770987600,0.70534,0.7076,0.70466,0.70706
1770991200,0.70704,0.70816,0.70472,0.70508
1770994800,0.70506,0.70794,0.70504,0.70608
1770998400,0.70608,0.70722,0.70578,0.70668
1771002000,0.70668,0.70822,0.70661,0.70766
1771005600,0.70766,0.70861,0.70734,0.70802
1771009200,0.70803,0.70846,0.70707,0.70716
1771012800,0.70716,0.70755,0.70652,0.70748
1771016400,0.7075,0.70776,0.70698,0.70735
1771192800,0.70653,0.70686,0.70578,0.70666
1771196400,0.70666,0.70726,0.70644,0.70714
1771200000,0.70715,0.70783,0.70683,0.70774
1771203600,0.70774,0.70866,0.70736,0.70844
1771207200,0.70845,0.70863,0.70796,0.70831
1771210800,0.70832,0.7087,0.70796,0.70842
1771214400,0.70842,0.70879,0.7081,0.70864
1771218000,0.70865,0.70898,0.70838,0.70874
1771221600,0.70874,0.70951,0.70864,0.7088
1771225200,0.70876,0.70914,0.70835,0.70878
1771228800,0.70878,0.70967,0.70826,0.7094
1771232400,0.70938,0.70962,0.70816,0.70838
1771236000,0.70838,0.70889,0.7081,0.70862
1771239600,0.70862,0.70862,0.70772,0.70834
1771243200,0.70834,0.70856,0.70812,0.70855
1771246800,0.70856,0.70881,0.70802,0.70833
1771250400,0.70832,0.70874,0.70718,0.70778
1771254000,0.7078,0.7079,0.7068,0.70688
1771257600,0.70688,0.7075,0.70672,0.70728
1771261200,0.70728,0.70754,0.70722,0.70726
1771264800,0.70728,0.70756,0.70727,0.70732
1771268400,0.70731,0.70756,0.70731,0.70756
1771272000,0.70756,0.70768,0.70741,0.70755
1771275600,0.70754,0.70754,0.7071,0.70726
1771279200,0.70716,0.70763,0.70712,0.70728
1771282800,0.7073,0.70742,0.7071,0.70724
1771286400,0.70726,0.70761,0.70646,0.70655
1771290000,0.70655,0.70734,0.7056,0.70588
1771293600,0.70586,0.70629,0.70517,0.70584
1771297200,0.70584,0.70589,0.70464,0.70552
1771300800,0.70552,0.70684,0.70545,0.70681
1771304400,0.70684,0.70694,0.70558,0.70612
1771308000,0.70615,0.70686,0.70615,0.70674
1771311600,0.70674,0.70678,0.70546,0.70642
1771315200,0.70642,0.70699,0.70636,0.70674
1771318800,0.70676,0.70734,0.70664,0.70728
1771322400,0.70726,0.70769,0.70642,0.7065
1771326000,0.7065,0.70694,0.70588,0.70618
1771329600,0.70618,0.70665,0.70528,0.70543
1771333200,0.70542,0.706,0.70425,0.7045
1771336800,0.7045,0.70598,0.70372,0.70382
1771340400,0.70382,0.70483,0.70282,0.70432
1771344000,0.70433,0.70678,0.70433,0.70634
1771347600,0.70631,0.70698,0.7056,0.70661
1771351200,0.70662,0.70896,0.70642,0.70876
1771354800,0.70879,0.70902,0.70808,0.70822
1771358400,0.7082,0.70846,0.70805,0.70826
1771362000,0.70826,0.70862,0.70818,0.7086
1771365600,0.70834,0.70866,0.7082,0.70864
1771369200,0.70864,0.70878,0.70814,0.7082
1771372800,0.7082,0.70848,0.70764,0.70774
1771376400,0.70774,0.70786,0.70728,0.70761
1771380000,0.70762,0.70775,0.70671,0.70677
1771383600,0.70678,0.70716,0.70652,0.7069
1771387200,0.70692,0.70726,0.70668,0.70692
1771390800,0.70692,0.70711,0.70664,0.70686
1771394400,0.7069,0.70732,0.70654,0.7071
1771398000,0.70709,0.70741,0.70636,0.70698
1771401600,0.70698,0.70759,0.70684,0.70705
1771405200,0.70705,0.70802,0.70701,0.70778
1771408800,0.70779,0.70811,0.7072,0.70732
1771412400,0.70731,0.70748,0.7069,0.70712
1771416000,0.7071,0.70781,0.70688,0.707
1771419600,0.70702,0.70754,0.70562,0.70562
1771423200,0.70564,0.70654,0.7051,0.70624
1771426800,0.70622,0.7074,0.7062,0.7072
1771430400,0.7072,0.70776,0.7064,0.70642
1771434000,0.70646,0.70672,0.70588,0.70644
1771437600,0.70644,0.70662,0.70474,0.70498
1771441200,0.705,0.70536,0.7035,0.7038
1771444800,0.70381,0.70436,0.70354,0.70421
1771448400,0.7042,0.70442,0.7041,0.70428
1771452000,0.70423,0.7047,0.70398,0.70456
1771455600,0.70458,0.70469,0.70426,0.70428
1771459200,0.70432,0.70544,0.70392,0.70476
1771462800,0.70474,0.70676,0.70474,0.7067
1771466400,0.7067,0.70703,0.70609,0.70684
1771470000,0.70684,0.70714,0.70632,0.70639
1771473600,0.70642,0.7065,0.70494,0.70509
1771477200,0.7051,0.70547,0.70454,0.70538
1771480800,0.70538,0.70676,0.70514,0.70671
1771484400,0.70671,0.70756,0.7065,0.70744
1771488000,0.70742,0.70802,0.70656,0.70699
1771491600,0.70702,0.70752,0.70574,0.70602
1771495200,0.70598,0.70632,0.705,0.70538
1771498800,0.70538,0.70604,0.70422,0.70462
1771502400,0.70462,0.70555,0.70432,0.70473
1771506000,0.70471,0.70546,0.70366,0.70528
1771509600,0.70526,0.70537,0.70244,0.70353
1771513200,0.70354,0.70677,0.70314,0.70575
1771516800,0.70575,0.70605,0.70476,0.70486
1771520400,0.70486,0.70566,0.70438,0.70498
1771524000,0.70499,0.70575,0.70466,0.70553
1771527600,0.70552,0.70575,0.70427,0.70478
1771531200,0.7048,0.70561,0.70479,0.7056
1771534800,0.70558,0.7061,0.70554,0.7058
1771538400,0.70548,0.70588,0.70528,0.70588
1771542000,0.70586,0.70618,0.70545,0.70559
1771545600,0.7056,0.7058,0.70511,0.70555
1771549200,0.70554,0.70566,0.7023,0.70316
1771552800,0.70318,0.70347,0.70156,0.70218
1771556400,0.70218,0.70328,0.70218,0.70298
1771560000,0.70296,0.70363,0.70278,0.70319
1771563600,0.7032,0.70439,0.7032,0.70436
1771567200,0.70436,0.70474,0.7041,0.70464
1771570800,0.70465,0.70546,0.70408,0.70418
1771574400,0.70418,0.70562,0.70388,0.70548
1771578000,0.70549,0.7067,0.70548,0.70584
1771581600,0.70584,0.70612,0.70531,0.70545
1771585200,0.70544,0.70555,0.7047,0.70475
1771588800,0.70475,0.70514,0.70418,0.70434
1771592400,0.70434,0.70561,0.70402,0.7052
1771596000,0.70519,0.70608,0.70402,0.706
1771599600,0.706,0.70888,0.70456,0.7086
1771603200,0.7086,0.7091,0.70688,0.70804
1771606800,0.70806,0.70822,0.70606,0.70764
1771610400,0.70764,0.70946,0.7068,0.70874
1771614000,0.70875,0.70892,0.70769,0.70792
1771617600,0.70791,0.70847,0.70778,0.70832
1771621200,0.70833,0.70875,0.70816,0.70841
1771797600,0.70794,0.70882,0.70756,0.70813
1771801200,0.70814,0.71122,0.70814,0.71118
1771804800,0.71116,0.71118,0.70866,0.70916
1771808400,0.7092,0.7092,0.70764,0.70806
1771812000,0.70806,0.70818,0.70698,0.70738
1771815600,0.70736,0.7076,0.70676,0.70704
1771819200,0.70702,0.7072,0.70674,0.70704
1771822800,0.70704,0.70745,0.70664,0.70734
1771826400,0.70734,0.70826,0.70706,0.70804
1771830000,0.70806,0.70837,0.70746,0.70808
1771833600,0.70805,0.70883,0.70739,0.70832
1771837200,0.7083,0.70908,0.70828,0.70842
1771840800,0.7084,0.70843,0.70746,0.70774
1771844400,0.70772,0.70794,0.70693,0.70706
1771848000,0.70706,0.70708,0.7056,0.70648
1771851600,0.7065,0.70704,0.70623,0.70682
1771855200,0.70684,0.70822,0.70682,0.70776
1771858800,0.70776,0.70814,0.706,0.70602
1771862400,0.70598,0.70674,0.70498,0.70604
1771866000,0.70605,0.70638,0.70485,0.70589
1771869600,0.70589,0.7067,0.7058,0.706
1771873200,0.70596,0.70614,0.70528,0.70552
1771876800,0.70552,0.70579,0.70523,0.70568
1771880400,0.70568,0.70602,0.70552,0.70555
1771884000,0.70521,0.70587,0.70521,0.70567
1771887600,0.70568,0.70629,0.7055,0.70599
1771891200,0.70598,0.70658,0.70577,0.70632
1771894800,0.7063,0.70633,0.70485,0.70583
1771898400,0.70582,0.70712,0.70568,0.70706
1771902000,0.70706,0.70735,0.70631,0.70656
1771905600,0.70656,0.70666,0.70581,0.70596
1771909200,0.70594,0.70658,0.70568,0.70653
1771912800,0.70652,0.70686,0.70632,0.70657
1771916400,0.70656,0.70737,0.70604,0.7068
1771920000,0.70682,0.70697,0.70594,0.7064
1771923600,0.7064,0.70706,0.70629,0.70633
1771927200,0.70634,0.70655,0.70542,0.70547
1771930800,0.70548,0.70555,0.70444,0.70468
1771934400,0.70468,0.7049,0.70372,0.70426
1771938000,0.70426,0.70456,0.70322,0.70346
1771941600,0.70345,0.7045,0.70266,0.7038
1771945200,0.7038,0.70594,0.70347,0.70526
1771948800,0.70526,0.70688,0.70522,0.70663
1771952400,0.70664,0.70703,0.70628,0.7065
1771956000,0.70648,0.70658,0.7061,0.70615
1771959600,0.70614,0.70633,0.70578,0.70601
1771963200,0.70602,0.70656,0.70577,0.70602
1771966800,0.706,0.70602,0.70572,0.70582
1771970400,0.70612,0.70625,0.70584,0.70612
1771974000,0.70616,0.70619,0.70586,0.70588
1771977600,0.70587,0.70828,0.70574,0.70768
1771981200,0.70772,0.70851,0.70736,0.70786
1771984800,0.70782,0.70952,0.70782,0.70948
1771988400,0.7095,0.71058,0.70874,0.71008
1771992000,0.71006,0.71096,0.70982,0.71068
1771995600,0.71066,0.71114,0.71048,0.71106
1771999200,0.71106,0.71154,0.7107,0.71134
1772002800,0.71136,0.71168,0.71039,0.71039
1772006400,0.7104,0.71082,0.70954,0.70964
1772010000,0.70962,0.71026,0.70846,0.70861
1772013600,0.70862,0.70908,0.70816,0.70828
1772017200,0.70828,0.7083,0.7073,0.70804
1772020800,0.70802,0.70924,0.70799,0.70922
1772024400,0.70922,0.70972,0.70876,0.70898
1772028000,0.70896,0.70994,0.70884,0.70929
1772031600,0.7093,0.71092,0.70922,0.71092
1772035200,0.7109,0.71163,0.71077,0.71148
1772038800,0.71148,0.71242,0.71144,0.7119
1772042400,0.71192,0.71205,0.71166,0.71193
1772046000,0.71194,0.71243,0.71192,0.7122
1772049600,0.71222,0.71237,0.71182,0.712
1772053200,0.712,0.7126,0.71186,0.71236
1772056800,0.71215,0.71234,0.71184,0.71209
1772060400,0.71207,0.71232,0.71174,0.71202
1772064000,0.71202,0.71288,0.71185,0.71286
1772067600,0.71284,0.71366,0.71254,0.71314
1772071200,0.71312,0.71328,0.71141,0.7123
1772074800,0.7123,0.71286,0.71205,0.71232
1772078400,0.7123,0.71284,0.71207,0.71259
1772082000,0.71256,0.71354,0.71242,0.71338
1772085600,0.7134,0.71358,0.71281,0.71298
1772089200,0.71297,0.71311,0.71208,0.71226
1772092800,0.71228,0.71233,0.71098,0.71128
1772096400,0.71127,0.71226,0.71127,0.71187
1772100000,0.71186,0.71194,0.71114,0.7114
1772103600,0.7114,0.71198,0.71106,0.71107
1772107200,0.71108,0.71214,0.71092,0.71198
1772110800,0.71198,0.71243,0.71108,0.7111
1772114400,0.71106,0.71115,0.7102,0.71045
1772118000,0.71042,0.71068,0.7067,0.70994
1772121600,0.70992,0.71004,0.70852,0.70911
1772125200,0.7091,0.70923,0.70736,0.70774
1772128800,0.70775,0.70998,0.70752,0.70974
1772132400,0.70978,0.71105,0.70962,0.71086
1772136000,0.71087,0.71124,0.7107,0.71114
1772139600,0.71114,0.71124,0.71053,0.71057
1772143200,0.71034,0.71094,0.71008,0.71022
1772146800,0.71026,0.71029,0.70972,0.71026
1772150400,0.71026,0.71079,0.70962,0.70988
1772154000,0.7099,0.71078,0.70978,0.71043
1772157600,0.71044,0.71184,0.71032,0.7118
1772161200,0.71179,0.71219,0.7116,0.71184
1772164800,0.71182,0.71256,0.71172,0.7125
1772168400,0.71249,0.71322,0.71232,0.7126
1772172000,0.7126,0.71286,0.71195,0.71254
1772175600,0.71254,0.71274,0.712,0.71235
1772179200,0.71236,0.71284,0.71132,0.71134
1772182800,0.71135,0.71192,0.71122,0.7114
1772186400,0.71142,0.71149,0.71022,0.71097
1772190000,0.71096,0.71118,0.71036,0.71076
1772193600,0.71075,0.71148,0.7103,0.71046
1772197200,0.7105,0.71081,0.70866,0.70981
1772200800,0.70982,0.71158,0.70954,0.71054
1772204400,0.71054,0.71322,0.71048,0.71262
1772208000,0.7126,0.71309,0.71179,0.71204
1772211600,0.71205,0.71276,0.71126,0.71158
1772215200,0.71156,0.71182,0.71119,0.71176
1772218800,0.71175,0.71206,0.7111,0.71144
1772222400,0.71144,0.71221,0.71143,0.71171
1772226000,0.71172,0.71178,0.71122,0.7116
1772402400,0.70454,0.70634,0.7044,0.7053
1772406000,0.70534,0.70863,0.70509,0.70561
1772409600,0.7056,0.70852,0.70521,0.70848
1772413200,0.70844,0.71093,0.70836,0.71066
1772416800,0.71068,0.71084,0.7094,0.71066
1772420400,0.71066,0.71168,0.71044,0.71098
1772424000,0.71098,0.71128,0.70934,0.70948
1772427600,0.70948,0.70952,0.70771,0.70776
1772431200,0.70777,0.70818,0.70632,0.70669
1772434800,0.70666,0.70702,0.70487,0.70582
1772438400,0.70583,0.707,0.7045,0.70674
1772442000,0.70672,0.70918,0.70649,0.70787
1772445600,0.70786,0.70978,0.70786,0.70891
1772449200,0.70891,0.70912,0.70786,0.7084
1772452800,0.7084,0.7085,0.70564,0.70588
1772456400,0.70587,0.70738,0.70553,0.70576
1772460000,0.70572,0.70838,0.70519,0.70778
1772463600,0.70779,0.70876,0.70574,0.70586
1772467200,0.70584,0.70711,0.70534,0.70662
1772470800,0.7066,0.70838,0.70634,0.70833
1772474400,0.70832,0.7084,0.70764,0.70821
1772478000,0.70822,0.7106,0.70818,0.71038
1772481600,0.71037,0.7104,0.7072,0.70866
1772485200,0.70864,0.70952,0.70862,0.70948
1772488800,0.70909,0.71032,0.70909,0.71
1772492400,0.71006,0.71084,0.70986,0.71025
1772496000,0.71026,0.71042,0.70954,0.71008
1772499600,0.71005,0.71228,0.70992,0.71006
1772503200,0.71002,0.71097,0.70872,0.71044
1772506800,0.71046,0.71144,0.70982,0.71089
1772510400,0.7109,0.71144,0.71026,0.71042
1772514000,0.71043,0.71099,0.70848,0.70882
1772517600,0.70885,0.70924,0.70797,0.70914
1772521200,0.70912,0.70972,0.70764,0.7078
1772524800,0.70776,0.70816,0.7051,0.70535
1772528400,0.70534,0.70664,0.70392,0.70403
1772532000,0.70406,0.70464,0.70152,0.70236
1772535600,0.70232,0.70288,0.7008,0.70264
1772539200,0.70264,0.7046,0.70209,0.70312
1772542800,0.70311,0.70322,0.70006,0.70114
1772546400,0.70114,0.70162,0.69736,0.69754
1772550000,0.69756,0.69968,0.69444,0.69954
1772553600,0.69954,0.7029,0.69916,0.7025
1772557200,0.70248,0.70292,0.70111,0.70212
1772560800,0.70215,0.70502,0.70206,0.70438
1772564400,0.70438,0.70577,0.70296,0.70428
1772568000,0.70428,0.70528,0.70372,0.70436
1772571600,0.70434,0.70448,0.70338,0.70344
1772575200,0.70364,0.70396,0.70295,0.70376
1772578800,0.70378,0.70456,0.70338,0.70389
1772582400,0.70392,0.70398,0.70038,0.70121
1772586000,0.7012,0.70181,0.6986,0.70056
1772589600,0.70058,0.70222,0.70034,0.70105
1772593200,0.70102,0.70126,0.69918,0.70076
1772596800,0.70076,0.70142,0.69846,0.69932
1772600400,0.69935,0.7007,0.69922,0.70005
1772604000,0.70004,0.70246,0.69922,0.70203
1772607600,0.70204,0.7044,0.70196,0.70304
1772611200,0.70304,0.70344,0.70158,0.70202
1772614800,0.70203,0.70448,0.70122,0.70386
1772618400,0.7039,0.70735,0.7039,0.70463
1772622000,0.70462,0.70598,0.70446,0.70498
1772625600,0.70501,0.7065,0.70376,0.70426
1772629200,0.70426,0.70613,0.70426,0.70546
1772632800,0.70542,0.70587,0.70332,0.70472
1772636400,0.7047,0.70722,0.70412,0.70711
1772640000,0.70712,0.70758,0.70614,0.70708
1772643600,0.70709,0.70772,0.70616,0.7071
1772647200,0.70711,0.7074,0.70611,0.70702
1772650800,0.70706,0.70832,0.70706,0.70827
1772654400,0.70827,0.70834,0.70748,0.70779
1772658000,0.70776,0.70812,0.70747,0.70758
1772661600,0.70738,0.70792,0.70738,0.70746
1772665200,0.70745,0.70794,0.70744,0.70756
1772668800,0.70755,0.70861,0.70728,0.70844
1772672400,0.70846,0.70893,0.7063,0.7065
1772676000,0.70648,0.70735,0.70597,0.70709
1772679600,0.7071,0.70747,0.70496,0.70526
1772683200,0.70523,0.70566,0.70474,0.70535
1772686800,0.70532,0.70562,0.7039,0.70394
1772690400,0.70396,0.70514,0.70282,0.7047
1772694000,0.70474,0.70517,0.70308,0.7035
1772697600,0.70352,0.70358,0.70114,0.70306
1772701200,0.70306,0.70711,0.70286,0.70447
1772704800,0.70448,0.70497,0.70402,0.70465
1772708400,0.70466,0.70584,0.70428,0.70492
1772712000,0.70496,0.70578,0.70422,0.70506
1772715600,0.70506,0.7052,0.70241,0.70298
1772719200,0.70296,0.70389,0.70164,0.7037
1772722800,0.70372,0.7045,0.7003,0.70132
1772726400,0.70132,0.70134,0.6984,0.70036
1772730000,0.70038,0.70106,0.69782,0.69842
1772733600,0.69842,0.69931,0.6976,0.6988
1772737200,0.6988,0.6991,0.69739,0.69818
1772740800,0.69819,0.70148,0.69779,0.70111
1772744400,0.70112,0.70124,0.70066,0.7008
1772748000,0.7009,0.70117,0.70066,0.70071
1772751600,0.70072,0.70136,0.70069,0.70094
1772755200,0.70094,0.70236,0.70086,0.7021
1772758800,0.70208,0.70344,0.70188,0.70316
1772762400,0.70316,0.70394,0.70316,0.7036
1772766000,0.70358,0.70408,0.70354,0.70393
1772769600,0.70394,0.70404,0.70282,0.7029
1772773200,0.7029,0.70376,0.70274,0.70288
1772776800,0.70288,0.70414,0.70286,0.70387
1772780400,0.70386,0.70474,0.70354,0.7044
1772784000,0.7044,0.70464,0.70307,0.70388
1772787600,0.70388,0.7039,0.69974,0.69995
1772791200,0.69998,0.70128,0.69986,0.70102
1772794800,0.70104,0.70166,0.69904,0.69931
1772798400,0.69933,0.701,0.6988,0.70006
1772802000,0.70002,0.70286,0.69815,0.69838
1772805600,0.69838,0.69964,0.6977,0.69902
1772809200,0.69902,0.70216,0.699,0.70044
1772812800,0.70044,0.70296,0.70034,0.7022
1772816400,0.70216,0.70265,0.70094,0.70102
1772820000,0.701,0.7031,0.70096,0.70196
1772823600,0.702,0.70286,0.7016,0.70256
1772827200,0.70256,0.703,0.70138,0.70223
1772830800,0.70222,0.7032,0.70206,0.703
1773003600,0.69861,0.69984,0.69841,0.6986
1773007200,0.69859,0.69922,0.6977,0.69804
1773010800,0.69808,0.69855,0.69636,0.6969
1773014400,0.69686,0.69761,0.69566,0.69637
1773018000,0.69639,0.69768,0.69562,0.6967
1773021600,0.69674,0.69972,0.69672,0.69959
1773025200,0.69958,0.7,0.69828,0.69914
1773028800,0.69915,0.69999,0.6989,0.69924
1773032400,0.69924,0.70222,0.6987,0.70132
1773036000,0.70132,0.7016,0.69979,0.69982
1773039600,0.69982,0.70132,0.69938,0.70098
1773043200,0.701,0.70125,0.69818,0.69928
1773046800,0.69932,0.70336,0.69882,0.70155
1773050400,0.70156,0.70222,0.70074,0.7016
1773054000,0.70164,0.70258,0.70116,0.70139
1773057600,0.70139,0.70222,0.70069,0.7011
1773061200,0.70112,0.70351,0.70112,0.70266
1773064800,0.70265,0.70438,0.70127,0.70348
1773068400,0.70349,0.70495,0.70342,0.70444
1773072000,0.70445,0.70576,0.70421,0.70508
1773075600,0.70509,0.70512,0.70337,0.70342
1773079200,0.70343,0.70453,0.70335,0.7042
1773082800,0.70421,0.70787,0.70408,0.70694
1773086400,0.7069,0.70788,0.70636,0.70773
1773090000,0.70731,0.70794,0.70724,0.7079
1773093600,0.70792,0.70824,0.70688,0.70735
1773097200,0.70738,0.70806,0.70652,0.7068
1773100800,0.70676,0.70769,0.70614,0.70699
1773104400,0.70694,0.70766,0.70592,0.70714
1773108000,0.70716,0.70762,0.70558,0.70582
1773111600,0.70584,0.70642,0.70536,0.70592
1773115200,0.70591,0.70633,0.7056,0.7061
1773118800,0.70614,0.70766,0.70592,0.70765
1773122400,0.70765,0.70987,0.70749,0.70932
1773126000,0.70933,0.71196,0.70904,0.71132
1773129600,0.71132,0.71162,0.70938,0.70958
1773133200,0.70956,0.71182,0.70948,0.71125
1773136800,0.71124,0.71199,0.70989,0.71108
1773140400,0.71108,0.7125,0.71076,0.71204
1773144000,0.71202,0.7121,0.71046,0.71152
1773147600,0.71154,0.71267,0.7109,0.71143
1773151200,0.71144,0.71474,0.71082,0.71462
1773154800,0.7146,0.71544,0.71409,0.71496
1773158400,0.71494,0.71525,0.71376,0.715
1773162000,0.71498,0.71686,0.7148,0.71559
1773165600,0.71558,0.71568,0.71234,0.7133
1773169200,0.71331,0.71359,0.71155,0.71196
1773172800,0.71196,0.7123,0.71152,0.7119
1773176400,0.71188,0.71224,0.71172,0.71182
1773180000,0.71182,0.71186,0.71128,0.71158
1773183600,0.71158,0.71214,0.71148,0.71193
1773187200,0.71196,0.7137,0.71166,0.71301
1773190800,0.713,0.71505,0.71274,0.71498
1773194400,0.71498,0.71749,0.71434,0.71639
1773198000,0.71639,0.71752,0.71608,0.71738
1773201600,0.71738,0.71855,0.71709,0.7182
1773205200,0.71816,0.71834,0.71664,0.71738
1773208800,0.71738,0.71805,0.71688,0.71733
1773212400,0.71732,0.71812,0.71555,0.7164
1773216000,0.71638,0.71746,0.71526,0.71613
1773219600,0.71612,0.71631,0.71438,0.7147
1773223200,0.71467,0.71647,0.71467,0.71624
1773226800,0.71623,0.7172,0.71576,0.71582
1773230400,0.7158,0.71686,0.71432,0.71464
1773234000,0.71464,0.7169,0.71456,0.71678
1773237600,0.71677,0.71876,0.71646,0.7179
1773241200,0.71791,0.71819,0.71492,0.71494
1773244800,0.71494,0.71595,0.71454,0.7153
1773248400,0.71533,0.71567,0.71378,0.71452
1773252000,0.7145,0.71536,0.71368,0.71494
1773255600,0.71497,0.71565,0.71442,0.71564
1773259200,0.71563,0.71569,0.71504,0.71526
1773262800,0.71526,0.71568,0.71476,0.7154
1773266400,0.71538,0.71541,0.71334,0.71354
1773270000,0.71354,0.71365,0.71254,0.7129
1773273600,0.71291,0.71465,0.71237,0.71455
1773277200,0.71454,0.7161,0.71398,0.71506
1773280800,0.7151,0.71561,0.71298,0.71348
1773284400,0.71346,0.71376,0.71283,0.71369
1773288000,0.71368,0.71374,0.71232,0.7124
1773291600,0.71238,0.71346,0.71199,0.71229
1773295200,0.7123,0.71298,0.71114,0.71252
1773298800,0.71251,0.71366,0.71207,0.71346
1773302400,0.71348,0.71454,0.71307,0.71346
1773306000,0.71346,0.71397,0.71234,0.71376
1773309600,0.71373,0.71386,0.7128,0.71342
1773313200,0.71342,0.71483,0.71324,0.71368
1773316800,0.71371,0.71376,0.7124,0.71309
1773320400,0.7131,0.71354,0.70948,0.70968
1773324000,0.70969,0.71069,0.70818,0.70906
1773327600,0.70902,0.7097,0.70723,0.70886
1773331200,0.70885,0.71004,0.70758,0.70877
1773334800,0.70876,0.70969,0.70814,0.70846
1773338400,0.70844,0.70884,0.70768,0.70804
1773342000,0.70804,0.70844,0.70775,0.70777
1773345600,0.70778,0.70802,0.70757,0.70763
1773349200,0.70783,0.70783,0.70726,0.70736
1773352800,0.70738,0.70798,0.70718,0.70792
1773356400,0.70795,0.70808,0.70736,0.70764
1773360000,0.7076,0.7087,0.70716,0.70844
1773363600,0.70843,0.70924,0.70792,0.70819
1773367200,0.7082,0.70892,0.7072,0.70773
1773370800,0.70772,0.70794,0.70608,0.70711
1773374400,0.70708,0.70716,0.70592,0.7063
1773378000,0.70633,0.70672,0.70589,0.70626
1773381600,0.70627,0.70648,0.70372,0.70382
1773385200,0.70379,0.70402,0.70212,0.70264
1773388800,0.70264,0.70388,0.70159,0.70374
1773392400,0.70374,0.70486,0.70348,0.70359
1773396000,0.70359,0.70487,0.70352,0.70392
1773399600,0.70388,0.705,0.7032,0.70495
1773403200,0.70498,0.70628,0.70437,0.70564
1773406800,0.70563,0.70578,0.70382,0.70495
1773410400,0.70494,0.70529,0.70206,0.70242
1773414000,0.70238,0.70289,0.70022,0.70023
1773417600,0.70022,0.70128,0.69995,0.7006
1773421200,0.7006,0.70138,0.70018,0.70036
1773424800,0.70036,0.7009,0.6998,0.7004
1773428400,0.70041,0.70046,0.69904,0.69909
1773432000,0.69908,0.69916,0.69798,0.69812
1773608400,0.69926,0.69994,0.69912,0.69966
1773612000,0.69966,0.69984,0.69862,0.69958
1773615600,0.69958,0.70064,0.69927,0.70048
1773619200,0.70044,0.70188,0.70044,0.70158
1773622800,0.70158,0.70192,0.69969,0.70128
1773626400,0.70128,0.7014,0.70073,0.70073
1773630000,0.70074,0.70145,0.70052,0.70108
1773633600,0.70106,0.70126,0.7004,0.70043
1773637200,0.70044,0.70186,0.70044,0.70146
1773640800,0.70146,0.70214,0.70114,0.70181
1773644400,0.70179,0.70222,0.7006,0.70132
1773648000,0.70132,0.70226,0.70072,0.70222
1773651600,0.70219,0.7028,0.70162,0.7025
1773655200,0.70248,0.70506,0.70228,0.70502
1773658800,0.70502,0.70544,0.70472,0.70505
1773662400,0.70502,0.70588,0.70498,0.70508
1773666000,0.70508,0.70732,0.70504,0.70722
1773669600,0.70721,0.70762,0.70538,0.70628
1773673200,0.70629,0.70652,0.705,0.70552
1773676800,0.70552,0.70606,0.70448,0.70538
1773680400,0.70541,0.70638,0.70525,0.70551
1773684000,0.70554,0.70792,0.70554,0.70752
1773687600,0.70753,0.70826,0.70689,0.70734
1773691200,0.70737,0.70746,0.70689,0.70716
1773694800,0.70712,0.70739,0.70672,0.70706
1773698400,0.70708,0.70722,0.70646,0.70654
1773702000,0.70651,0.70694,0.70626,0.70672
1773705600,0.70672,0.70674,0.70594,0.70622
1773709200,0.70622,0.70812,0.7061,0.70812
1773712800,0.70814,0.70862,0.7076,0.7076
1773716400,0.70758,0.70951,0.70492,0.70662
1773720000,0.70662,0.70799,0.70602,0.7073
1773723600,0.70728,0.70898,0.7067,0.70674
1773727200,0.70673,0.70722,0.70556,0.70714
1773730800,0.70714,0.7074,0.70635,0.70672
1773734400,0.7067,0.70838,0.7061,0.70833
1773738000,0.7083,0.70908,0.70794,0.70893
1773741600,0.70888,0.70908,0.70794,0.7085
1773745200,0.70852,0.70903,0.70794,0.70797
1773748800,0.70796,0.70978,0.70772,0.70976
1773752400,0.70978,0.71184,0.7097,0.71111
1773756000,0.7111,0.71158,0.70995,0.71024
1773759600,0.71024,0.71045,0.7085,0.70997
1773763200,0.70995,0.7107,0.70934,0.71026
1773766800,0.71022,0.71132,0.7102,0.71121
1773770400,0.71124,0.71155,0.71036,0.71048
1773774000,0.7105,0.7106,0.71016,0.71046
1773777600,0.71046,0.71077,0.71038,0.71047
1773781200,0.71048,0.7107,0.70997,0.71023
1773784800,0.71023,0.71092,0.71022,0.71077
1773788400,0.71076,0.71095,0.71046,0.71088
1773792000,0.71088,0.71142,0.71038,0.71068
1773795600,0.7107,0.71185,0.7107,0.71131
1773799200,0.71134,0.71142,0.71,0.71016
1773802800,0.71016,0.71123,0.70998,0.71118
1773806400,0.71118,0.71181,0.71082,0.71146
1773810000,0.71148,0.71194,0.71122,0.71182
1773813600,0.71184,0.71234,0.71152,0.7119
1773817200,0.71186,0.71212,0.71096,0.71126
1773820800,0.71126,0.71132,0.71007,0.71082
1773824400,0.71078,0.71135,0.71028,0.71124
1773828000,0.71128,0.71129,0.71032,0.71038
1773831600,0.71038,0.71102,0.70914,0.70998
1773835200,0.71002,0.71008,0.70577,0.70578
1773838800,0.70579,0.7067,0.70456,0.70664
1773842400,0.70665,0.70774,0.70583,0.7077
1773846000,0.70772,0.70889,0.70744,0.70768
1773849600,0.70768,0.7085,0.70746,0.70808
1773853200,0.70807,0.70832,0.70734,0.70819
1773856800,0.70818,0.7091,0.70506,0.70516
1773860400,0.70517,0.70557,0.70342,0.70361
1773864000,0.7036,0.70378,0.70182,0.70236
1773867600,0.70247,0.7038,0.70245,0.70352
1773871200,0.70354,0.70364,0.70213,0.70242
1773874800,0.70238,0.70304,0.70219,0.70294
1773878400,0.70292,0.70446,0.7027,0.70446
1773882000,0.70447,0.70476,0.70377,0.70424
1773885600,0.70424,0.70557,0.7034,0.70454
1773889200,0.70455,0.70534,0.70445,0.70464
1773892800,0.70463,0.70466,0.70368,0.7038
1773896400,0.7038,0.7043,0.70314,0.70334
1773900000,0.70332,0.70436,0.7031,0.70385
1773903600,0.70384,0.7045,0.70233,0.70264
1773907200,0.70266,0.70411,0.70232,0.7037
1773910800,0.70372,0.70636,0.70372,0.7058
1773914400,0.70578,0.70578,0.70484,0.7051
1773918000,0.70512,0.70542,0.70339,0.70429
1773921600,0.70428,0.7043,0.70111,0.70192
1773925200,0.7019,0.70429,0.69998,0.70396
1773928800,0.70396,0.70568,0.703,0.70457
1773932400,0.70456,0.70608,0.7027,0.70354
1773936000,0.70353,0.70546,0.70336,0.70472
1773939600,0.70474,0.70606,0.70378,0.70557
1773943200,0.70556,0.70751,0.70508,0.70751
1773946800,0.70751,0.7109,0.70751,0.70848
1773950400,0.7085,0.70884,0.70821,0.70878
1773954000,0.70881,0.70912,0.7084,0.70888
1773957600,0.70888,0.70924,0.70819,0.70826
1773961200,0.70826,0.70894,0.70784,0.70802
1773964800,0.70802,0.7084,0.70734,0.70826
1773968400,0.70823,0.70925,0.70805,0.70842
1773972000,0.70843,0.70899,0.7081,0.70884
1773975600,0.70884,0.70888,0.70792,0.70824
1773979200,0.70822,0.70899,0.70788,0.70878
1773982800,0.7088,0.70957,0.70839,0.7084
1773986400,0.70839,0.70918,0.70778,0.70799
1773990000,0.70797,0.70972,0.7075,0.7091
1773993600,0.70914,0.70948,0.70836,0.70866
1773997200,0.70864,0.70874,0.7063,0.7065
1774000800,0.7065,0.7067,0.70524,0.70654
1774004400,0.70656,0.70838,0.70638,0.70797
1774008000,0.70796,0.70871,0.70717,0.70746
1774011600,0.70746,0.70757,0.70423,0.70429
1774015200,0.70428,0.70481,0.70264,0.70349
1774018800,0.70348,0.70534,0.70309,0.70323
1774022400,0.70321,0.70484,0.70313,0.70388
1774026000,0.7039,0.7044,0.70303,0.70344
1774029600,0.70346,0.70364,0.70092,0.70104
1774033200,0.70104,0.70217,0.70053,0.7017
1774036800,0.7017,0.70253,0.70148,0.70216
1774213200,0.70042,0.70042,0.69958,0.69964
1774216800,0.69963,0.70128,0.69955,0.70072
1774220400,0.70072,0.70138,0.7006,0.70102
1774224000,0.70105,0.70155,0.69882,0.69947
1774227600,0.69946,0.70095,0.69877,0.69947
1774231200,0.69946,0.70008,0.6976,0.69816
1774234800,0.69816,0.69867,0.69774,0.69814
1774238400,0.69814,0.69855,0.69772,0.69793
1774242000,0.69796,0.6982,0.696,0.69625
1774245600,0.69621,0.6963,0.69522,0.69562
1774249200,0.69564,0.6965,0.69497,0.69536
1774252800,0.69538,0.69764,0.69532,0.69669
1774256400,0.6967,0.69692,0.69392,0.69426
1774260000,0.69427,0.69447,0.69107,0.6923
1774263600,0.6923,0.70438,0.6923,0.69856
1774267200,0.69854,0.70338,0.69732,0.70304
1774270800,0.70306,0.70335,0.69982,0.70296
1774274400,0.70297,0.70627,0.70242,0.70465
1774278000,0.70466,0.70593,0.69914,0.69931
1774281600,0.6993,0.70101,0.6983,0.70039
1774285200,0.7004,0.7027,0.70004,0.70138
1774288800,0.70138,0.70294,0.70031,0.70266
1774292400,0.70262,0.70277,0.7009,0.70112
1774296000,0.7011,0.70136,0.70076,0.70106
1774299600,0.70162,0.70172,0.70064,0.70066
1774303200,0.70066,0.70248,0.70013,0.70184
1774306800,0.70184,0.70184,0.70048,0.70084
1774310400,0.70088,0.70088,0.69686,0.69872
1774314000,0.69872,0.69941,0.69666,0.69699
1774317600,0.69698,0.69808,0.69646,0.69684
1774321200,0.69684,0.6975,0.69651,0.6968
1774324800,0.69681,0.69693,0.69598,0.69661
1774328400,0.69662,0.6971,0.69555,0.69666
1774332000,0.69664,0.69871,0.69644,0.69867
1774335600,0.69866,0.70149,0.6981,0.69894
1774339200,0.69893,0.69902,0.69596,0.6963
1774342800,0.69632,0.69746,0.69536,0.6973
1774346400,0.69732,0.69788,0.69648,0.69762
1774350000,0.69757,0.69804,0.69566,0.69692
1774353600,0.69696,0.69712,0.69516,0.69564
1774357200,0.69564,0.69637,0.6945,0.69632
1774360800,0.69632,0.6989,0.69584,0.69662
1774364400,0.69662,0.69745,0.69595,0.69644
1774368000,0.69643,0.69744,0.69594,0.69654
1774371600,0.69652,0.69663,0.69384,0.69526
1774375200,0.69526,0.69752,0.69476,0.69664
1774378800,0.69664,0.69777,0.69664,0.69686
1774382400,0.69684,0.70139,0.69666,0.69974
1774386000,0.69914,0.69984,0.69852,0.69961
1774389600,0.6996,0.69992,0.6992,0.6999
1774393200,0.6999,0.7001,0.69904,0.69949
1774396800,0.69948,0.7004,0.69822,0.69952
1774400400,0.6995,0.69991,0.69816,0.69818
1774404000,0.6982,0.69834,0.69716,0.69726
1774407600,0.69726,0.69778,0.69697,0.69774
1774411200,0.6977,0.69804,0.69735,0.69744
1774414800,0.69746,0.69772,0.69698,0.69714
1774418400,0.69716,0.69756,0.69673,0.6972
1774422000,0.69719,0.69778,0.69612,0.69672
1774425600,0.69674,0.69898,0.69636,0.69806
1774429200,0.69806,0.69854,0.69612,0.69688
1774432800,0.6969,0.69738,0.69594,0.69671
1774436400,0.69673,0.69735,0.69585,0.69667
1774440000,0.69666,0.6973,0.6951,0.69592
1774443600,0.69594,0.69688,0.69468,0.69479
1774447200,0.6948,0.69698,0.69429,0.69666
1774450800,0.69668,0.69712,0.69472,0.69611
1774454400,0.69612,0.69666,0.69536,0.69597
1774458000,0.69598,0.6971,0.69564,0.69622
1774461600,0.69623,0.69657,0.6946,0.69518
1774465200,0.69514,0.6952,0.69458,0.6949
1774468800,0.6949,0.69496,0.69457,0.69468
1774472400,0.69509,0.6951,0.69476,0.69478
1774476000,0.69478,0.6952,0.69402,0.69468
1774479600,0.6947,0.69478,0.69394,0.69428
1774483200,0.69427,0.69486,0.69366,0.69384
1774486800,0.69384,0.69454,0.69381,0.69428
1774490400,0.69428,0.69448,0.6932,0.69364
1774494000,0.69362,0.69524,0.69362,0.69506
1774497600,0.69507,0.6957,0.69486,0.69538
1774501200,0.69542,0.69562,0.69472,0.69476
1774504800,0.69476,0.69532,0.69425,0.69523
1774508400,0.69526,0.69526,0.69387,0.6939
1774512000,0.69392,0.69436,0.6932,0.69426
1774515600,0.69426,0.69442,0.69294,0.69366
1774519200,0.69367,0.6941,0.69318,0.69338
1774522800,0.6934,0.69354,0.69096,0.69101
1774526400,0.69102,0.69198,0.69015,0.69046
1774530000,0.69044,0.69291,0.69042,0.69245
1774533600,0.69246,0.6929,0.6907,0.69158
1774537200,0.69158,0.69226,0.69048,0.69112
1774540800,0.69114,0.69133,0.68964,0.68994
1774544400,0.68992,0.69031,0.68853,0.68853
1774548000,0.68855,0.68948,0.68853,0.68946
1774551600,0.68947,0.6895,0.68766,0.68772
1774555200,0.68772,0.69188,0.68758,0.68875
1774558800,0.68908,0.68978,0.68819,0.68908
1774562400,0.68909,0.6894,0.68862,0.68933
1774566000,0.68932,0.68958,0.68859,0.68864
1774569600,0.68864,0.68918,0.68727,0.6875
1774573200,0.6875,0.6889,0.6872,0.68888
1774576800,0.68889,0.68962,0.68878,0.68929
1774580400,0.68928,0.69059,0.68912,0.69053
1774584000,0.69053,0.6912,0.69032,0.69104
1774587600,0.69102,0.69122,0.68972,0.68982
1774591200,0.68981,0.69051,0.68942,0.68998
1774594800,0.69,0.69013,0.68828,0.68897
1774598400,0.68894,0.68996,0.68834,0.68964
1774602000,0.68963,0.6901,0.68866,0.68937
1774605600,0.6894,0.69016,0.68886,0.68934
1774609200,0.68938,0.68976,0.68878,0.68881
1774612800,0.6888,0.68898,0.68812,0.6887
1774616400,0.68873,0.68977,0.68768,0.6886
1774620000,0.68858,0.68974,0.68838,0.68895
1774623600,0.68896,0.69022,0.68844,0.68884
1774627200,0.68884,0.68922,0.68792,0.6884
1774630800,0.6884,0.68948,0.68642,0.68689
1774634400,0.68686,0.68768,0.68654,0.68724
1774638000,0.68724,0.68751,0.68677,0.68734
1774641600,0.68733,0.68802,0.68656,0.68732
1774818000,0.6866,0.68696,0.68533,0.68658
1774821600,0.6866,0.68689,0.68468,0.68501
1774825200,0.68501,0.68553,0.68464,0.68508
1774828800,0.6851,0.686,0.6843,0.6853
1774832400,0.68532,0.68625,0.68488,0.68526
1774836000,0.68526,0.68624,0.68506,0.68572
1774839600,0.68571,0.68724,0.6856,0.68694
1774843200,0.68696,0.68739,0.68656,0.68669
1774846800,0.6867,0.68724,0.68638,0.68689
1774850400,0.6869,0.68744,0.68618,0.68622
1774854000,0.68618,0.68643,0.68481,0.6851
1774857600,0.6851,0.68611,0.68484,0.68538
1774861200,0.68542,0.6858,0.68477,0.68573
1774864800,0.68572,0.68626,0.6855,0.68564
1774868400,0.68568,0.68695,0.6854,0.68596
1774872000,0.68598,0.68657,0.68552,0.68622
1774875600,0.68621,0.68657,0.6842,0.6843
1774879200,0.6843,0.68552,0.68334,0.68552
1774882800,0.68554,0.68604,0.68441,0.68572
1774886400,0.68568,0.68578,0.685,0.6856
1774890000,0.68562,0.68614,0.68515,0.68546
1774893600,0.68547,0.68584,0.68506,0.68524
1774897200,0.68524,0.68531,0.68418,0.68498
1774900800,0.68496,0.68536,0.68474,0.68526
1774904400,0.68496,0.68539,0.68469,0.68517
1774908000,0.68519,0.68548,0.68504,0.68534
1774911600,0.68532,0.68532,0.68428,0.68455
1774915200,0.68456,0.68643,0.68342,0.68571
1774918800,0.68567,0.6875,0.68538,0.6867
1774922400,0.68672,0.68695,0.68581,0.68581
1774926000,0.6858,0.68602,0.68459,0.68489
1774929600,0.6849,0.68539,0.6844,0.6844
1774933200,0.6844,0.68566,0.68388,0.6851
1774936800,0.68508,0.68544,0.68444,0.68534
1774940400,0.68535,0.68676,0.6844,0.68664
1774944000,0.68662,0.68692,0.68558,0.68613
1774947600,0.68612,0.6867,0.68546,0.68554
1774951200,0.68555,0.68573,0.68502,0.68511
1774954800,0.68511,0.68864,0.68499,0.68828
1774958400,0.68832,0.68904,0.68731,0.68764
1774962000,0.68766,0.6887,0.6871,0.68843
1774965600,0.68841,0.68866,0.68352,0.68491
1774969200,0.68491,0.68672,0.68489,0.68539
1774972800,0.68538,0.68988,0.68524,0.68854
1774976400,0.68855,0.69,0.68822,0.68836
1774980000,0.68837,0.68962,0.68832,0.68903
1774983600,0.689,0.6901,0.68857,0.68996
1774987200,0.68996,0.69039,0.68975,0.69005
1774990800,0.68962,0.69039,0.68957,0.69022
1774994400,0.69024,0.69046,0.68972,0.6903
1774998000,0.69028,0.69212,0.69018,0.69202
1775001600,0.69202,0.69304,0.69154,0.69274
1775005200,0.69276,0.69282,0.69106,0.69145
1775008800,0.69149,0.692,0.69111,0.69116
1775012400,0.69112,0.69127,0.69008,0.69044
1775016000,0.69047,0.69066,0.68999,0.69029
1775019600,0.69028,0.69157,0.69014,0.69056
1775023200,0.6906,0.69457,0.69034,0.69454
1775026800,0.69454,0.69471,0.6926,0.69287
1775030400,0.69283,0.69528,0.69254,0.69414
1775034000,0.69416,0.69459,0.69344,0.6942
1775037600,0.6942,0.6948,0.69388,0.69444
1775041200,0.69446,0.69594,0.69428,0.69544
1775044800,0.69542,0.69627,0.69366,0.6941
1775048400,0.69412,0.69556,0.69336,0.69429
1775052000,0.69436,0.69508,0.69334,0.69434
1775055600,0.69435,0.69491,0.69338,0.69439
1775059200,0.69435,0.69471,0.69348,0.69464
1775062800,0.69468,0.69511,0.69316,0.69317
1775066400,0.69318,0.6932,0.69128,0.69164
1775070000,0.69167,0.6928,0.69146,0.6923
1775073600,0.6923,0.69295,0.69228,0.6929
1775077200,0.69238,0.69296,0.69228,0.6929
1775080800,0.69294,0.69295,0.69226,0.69248
1775084400,0.69252,0.69284,0.69213,0.69234
1775088000,0.69231,0.6935,0.69196,0.69309
1775091600,0.69308,0.6941,0.6879,0.68848
1775095200,0.6885,0.68956,0.6881,0.68874
1775098800,0.68874,0.68908,0.68818,0.68835
1775102400,0.68836,0.68839,0.6874,0.68788
1775106000,0.68789,0.68818,0.68663,0.68667
1775109600,0.6867,0.68756,0.6866,0.68752
1775113200,0.6875,0.68848,0.68718,0.68848
1775116800,0.68848,0.68856,0.68734,0.6875
1775120400,0.68754,0.68788,0.68671,0.68764
1775124000,0.68766,0.6877,0.68634,0.68634
1775127600,0.68636,0.68672,0.68598,0.68662
1775131200,0.68662,0.6887,0.68653,0.68814
1775134800,0.68816,0.68957,0.68759,0.68948
1775138400,0.68952,0.69158,0.68899,0.69122
1775142000,0.69123,0.69182,0.6904,0.691
1775145600,0.69099,0.69176,0.69048,0.69092
1775149200,0.69088,0.69154,0.69042,0.69062
1775152800,0.69063,0.69106,0.6903,0.69057
1775156400,0.69058,0.69116,0.6904,0.69068
1775160000,0.69068,0.6913,0.69052,0.69106
1775163600,0.68997,0.6911,0.68997,0.69071
1775167200,0.69064,0.69114,0.69064,0.6911
1775170800,0.69108,0.69132,0.69108,0.6911
1775174400,0.69113,0.6916,0.69113,0.6913
1775178000,0.69131,0.69138,0.69086,0.69092
1775181600,0.69093,0.69114,0.69054,0.69079
1775185200,0.6908,0.69093,0.69055,0.69069
1775188800,0.69068,0.69076,0.69047,0.69066
1775192400,0.69064,0.69085,0.69034,0.69084
1775196000,0.69082,0.69104,0.6906,0.691
1775199600,0.691,0.69152,0.69084,0.6909
1775203200,0.69087,0.69099,0.69052,0.6909
1775206800,0.6909,0.691,0.69054,0.69063
1775210400,0.69062,0.69088,0.69038,0.69064
1775214000,0.69064,0.69097,0.69052,0.69078
1775217600,0.69077,0.69116,0.6894,0.68998
1775221200,0.69002,0.69066,0.6899,0.69034
1775224800,0.69034,0.69036,0.68924,0.68934
1775228400,0.68933,0.68953,0.68911,0.68924
1775232000,0.68924,0.68957,0.68904,0.68912
1775235600,0.68913,0.68942,0.68882,0.68928
1775239200,0.68929,0.68929,0.68884,0.68896
1775242800,0.68894,0.68928,0.68852,0.68856
1775246400,0.68856,0.69013,0.68852,0.6895
1775422800,0.68882,0.68884,0.68844,0.68872
1775426400,0.68872,0.68904,0.68762,0.68884
1775430000,0.68888,0.6891,0.68843,0.68851
1775433600,0.6885,0.68962,0.68845,0.68954
1775437200,0.68956,0.6898,0.68918,0.68946
1775440800,0.68947,0.69167,0.68947,0.69047
1775444400,0.69047,0.69062,0.6901,0.69032
1775448000,0.69036,0.69101,0.69025,0.69094
1775451600,0.69094,0.69128,0.69074,0.69076
1775455200,0.69078,0.69181,0.69056,0.69134
1775458800,0.69136,0.69334,0.69082,0.6929
1775462400,0.69289,0.69352,0.69258,0.69311
1775466000,0.69312,0.69362,0.69247,0.69256
1775469600,0.6926,0.69322,0.69186,0.69275
1775473200,0.69276,0.69318,0.69226,0.69286
1775476800,0.69284,0.69308,0.69229,0.69283
1775480400,0.69282,0.69338,0.69248,0.69312
1775484000,0.69314,0.69381,0.69178,0.69218
1775487600,0.69218,0.69218,0.69116,0.6918
1775491200,0.69181,0.692,0.69138,0.6916
1775494800,0.6916,0.69194,0.6906,0.69144
1775498400,0.69145,0.69248,0.69133,0.69198
1775502000,0.69198,0.6922,0.69174,0.69192
1775505600,0.69194,0.69203,0.69182,0.69182
1775509200,0.69168,0.69214,0.69166,0.69188
1775512800,0.69188,0.69232,0.69145,0.69156
1775516400,0.69156,0.69176,0.69138,0.69165
1775520000,0.69164,0.69226,0.69113,0.69116
1775523600,0.69116,0.69182,0.68989,0.69023
1775527200,0.69026,0.69094,0.68985,0.6908
1775530800,0.6908,0.69138,0.69066,0.69114
1775534400,0.69116,0.692,0.69088,0.69176
1775538000,0.69177,0.69182,0.69092,0.6916
1775541600,0.6916,0.69223,0.6915,0.69191
1775545200,0.69195,0.692,0.69098,0.69159
1775548800,0.69156,0.69488,0.69152,0.69458
1775552400,0.69456,0.69469,0.6939,0.69406
1775556000,0.69404,0.69436,0.69244,0.69292
1775559600,0.69294,0.69373,0.69256,0.69362
1775563200,0.6936,0.69471,0.693,0.69378
1775566800,0.69377,0.69405,0.6928,0.69288
1775570400,0.69288,0.69522,0.69246,0.69377
1775574000,0.69378,0.69474,0.69278,0.69432
1775577600,0.69433,0.69525,0.69404,0.6946
1775581200,0.6946,0.69582,0.69442,0.69538
1775584800,0.6954,0.69576,0.69448,0.6947
1775588400,0.6947,0.69736,0.69447,0.69708
1775592000,0.69704,0.6979,0.69692,0.69762
1775595600,0.69702,0.69832,0.69697,0.69771
1775599200,0.69748,0.70516,0.69654,0.70491
1775602800,0.70492,0.70778,0.70428,0.70766
1775606400,0.70769,0.70847,0.70488,0.70534
1775610000,0.70534,0.70728,0.70524,0.70644
1775613600,0.70642,0.70706,0.70499,0.70528
1775617200,0.70528,0.7055,0.70428,0.70528
1775620800,0.70528,0.70688,0.70523,0.70675
1775624400,0.70674,0.70834,0.70619,0.70714
1775628000,0.7071,0.70798,0.70621,0.70716
1775631600,0.70717,0.7072,0.70558,0.70608
1775635200,0.70606,0.70628,0.70326,0.70446
1775638800,0.70448,0.70498,0.70336,0.70352
1775642400,0.70349,0.70443,0.70335,0.70388
1775646000,0.70386,0.70568,0.70332,0.7054
1775649600,0.70543,0.70738,0.70444,0.70708
1775653200,0.70704,0.70783,0.7049,0.70554
1775656800,0.70552,0.70614,0.70436,0.70588
1775660400,0.70589,0.70638,0.70498,0.70607
1775664000,0.70608,0.70624,0.7052,0.70606
1775667600,0.70606,0.70626,0.70454,0.70537
1775671200,0.70538,0.70581,0.70316,0.70322
1775674800,0.70321,0.70544,0.70288,0.70528
1775678400,0.70525,0.70544,0.70434,0.70436
1775682000,0.70452,0.70508,0.70408,0.7047
1775685600,0.70472,0.7048,0.7043,0.70466
1775689200,0.70466,0.7048,0.70388,0.70388
1775692800,0.7039,0.70396,0.70301,0.70354
1775696400,0.70353,0.70374,0.7025,0.70341
1775700000,0.70343,0.70412,0.70298,0.70382
1775703600,0.70382,0.70418,0.70354,0.70402
1775707200,0.70402,0.70464,0.70395,0.70403
1775710800,0.70402,0.70452,0.70336,0.70348
1775714400,0.7035,0.70406,0.70318,0.70405
1775718000,0.70406,0.70414,0.70266,0.70288
1775721600,0.7029,0.70316,0.70226,0.70267
1775725200,0.70266,0.70336,0.70222,0.70326
1775728800,0.70327,0.70353,0.70296,0.70298
1775732400,0.70297,0.7046,0.70292,0.70458
1775736000,0.70456,0.70461,0.70339,0.70413
1775739600,0.70415,0.70583,0.70397,0.7051
1775743200,0.7051,0.7061,0.7046,0.70602
1775746800,0.70601,0.7086,0.70536,0.70854
1775750400,0.70853,0.70923,0.70824,0.70858
1775754000,0.70857,0.70949,0.70842,0.709
1775757600,0.709,0.70902,0.70731,0.70783
1775761200,0.70783,0.70866,0.70776,0.7085
1775764800,0.70852,0.70868,0.70822,0.70837
1775768400,0.70802,0.7087,0.70788,0.70816
1775772000,0.70814,0.70864,0.70788,0.70798
1775775600,0.70798,0.70802,0.70746,0.70753
1775779200,0.70752,0.70759,0.70703,0.70758
1775782800,0.70758,0.70833,0.70724,0.70762
1775786400,0.70766,0.70787,0.70685,0.7069
1775790000,0.7069,0.7072,0.7067,0.70698
1775793600,0.70697,0.70713,0.70654,0.70671
1775797200,0.7067,0.70712,0.70646,0.70706
1775800800,0.70706,0.7073,0.70614,0.70626
1775804400,0.70626,0.70661,0.70535,0.7055
1775808000,0.70547,0.70648,0.70539,0.70582
1775811600,0.70584,0.7071,0.70572,0.70678
1775815200,0.70677,0.70698,0.70632,0.7068
1775818800,0.70681,0.70724,0.7067,0.70718
1775822400,0.70718,0.70836,0.70712,0.70764
1775826000,0.70764,0.7088,0.70736,0.70782
1775829600,0.70778,0.70938,0.70764,0.70832
1775833200,0.70833,0.7089,0.70753,0.70768
1775836800,0.70768,0.70768,0.7065,0.70713
1775840400,0.70711,0.70771,0.70678,0.70742
1775844000,0.7074,0.70822,0.70697,0.70791
1775847600,0.70792,0.708,0.70767,0.70768
1775851200,0.7077,0.70784,0.70558,0.70638
1776027600,0.69946,0.7014,0.69927,0.70098
1776031200,0.70081,0.70222,0.70016,0.70206
1776034800,0.70202,0.70221,0.70124,0.70196
1776038400,0.70196,0.70339,0.70168,0.70339
1776042000,0.7034,0.70424,0.70277,0.70338
1776045600,0.70338,0.70389,0.70313,0.70368
1776049200,0.7037,0.70393,0.70322,0.70384
1776052800,0.70387,0.70412,0.70362,0.70368
1776056400,0.70368,0.70432,0.70345,0.70396
1776060000,0.70394,0.70448,0.70392,0.70448
1776063600,0.70449,0.70588,0.70449,0.70564
1776067200,0.70562,0.70588,0.70508,0.70523
1776070800,0.70524,0.70555,0.70452,0.70467
1776074400,0.70466,0.70514,0.7045,0.70502
1776078000,0.70502,0.70555,0.70344,0.70353
1776081600,0.70352,0.70454,0.70294,0.70437
1776085200,0.70439,0.70626,0.70422,0.70574
1776088800,0.70576,0.707,0.70562,0.70652
1776092400,0.7065,0.70668,0.70557,0.70618
1776096000,0.70622,0.70844,0.70575,0.70812
1776099600,0.70813,0.70912,0.70813,0.70888
1776103200,0.70888,0.71005,0.70876,0.70994
1776106800,0.70994,0.71006,0.70942,0.70968
1776110400,0.70968,0.7099,0.70954,0.7096
1776114000,0.7092,0.70988,0.7092,0.70952
1776117600,0.70951,0.71018,0.70947,0.71004
1776121200,0.71003,0.71025,0.70972,0.70992
1776124800,0.7099,0.70991,0.70869,0.70903
1776128400,0.70904,0.70914,0.70787,0.70794
1776132000,0.70794,0.7086,0.70788,0.70822
1776135600,0.70823,0.70876,0.70816,0.70846
1776139200,0.70846,0.70912,0.7084,0.70882
1776142800,0.70886,0.70892,0.70786,0.70815
1776146400,0.70812,0.70936,0.70772,0.70928
1776150000,0.70929,0.71046,0.70929,0.70964
1776153600,0.70964,0.71076,0.70934,0.71043
1776157200,0.71044,0.71146,0.7104,0.71134
1776160800,0.71134,0.71226,0.71134,0.71192
1776164400,0.71192,0.71305,0.71184,0.71264
1776168000,0.71264,0.71368,0.71206,0.71364
1776171600,0.71363,0.71396,0.71299,0.71379
1776175200,0.71378,0.7148,0.71367,0.71426
1776178800,0.71424,0.71424,0.71306,0.71306
1776182400,0.71305,0.71322,0.7128,0.71293
1776186000,0.71293,0.71355,0.71272,0.71327
1776189600,0.71328,0.71341,0.71243,0.7127
1776193200,0.7127,0.7129,0.71254,0.71263
1776196800,0.71263,0.71277,0.71257,0.71266
1776200400,0.71199,0.71262,0.71186,0.7126
1776204000,0.71262,0.71288,0.71254,0.71284
1776207600,0.71286,0.71332,0.71275,0.7129
1776211200,0.71288,0.71297,0.71229,0.71257
1776214800,0.71256,0.71293,0.71224,0.71273
1776218400,0.71274,0.71311,0.7123,0.71296
1776222000,0.71296,0.71326,0.71269,0.71305
1776225600,0.71304,0.7134,0.71302,0.7133
1776229200,0.71329,0.71441,0.71329,0.71376
1776232800,0.71379,0.7143,0.71366,0.71369
1776236400,0.71368,0.71483,0.71362,0.71432
1776240000,0.71431,0.71479,0.71404,0.7144
1776243600,0.7144,0.71458,0.71326,0.71436
1776247200,0.71437,0.7148,0.71296,0.71377
1776250800,0.71376,0.7145,0.71341,0.71408
1776254400,0.71402,0.71415,0.7134,0.71388
1776258000,0.71389,0.71494,0.71389,0.71457
1776261600,0.71458,0.71628,0.71446,0.71558
1776265200,0.7156,0.71668,0.71542,0.716
1776268800,0.71602,0.71684,0.71592,0.71664
1776272400,0.71665,0.7168,0.71611,0.71652
1776276000,0.71651,0.71754,0.71638,0.71748
1776279600,0.71748,0.71778,0.71718,0.7174
1776283200,0.7174,0.71742,0.71693,0.71706
1776286800,0.71648,0.71744,0.71648,0.71702
1776290400,0.71702,0.71737,0.71701,0.71732
1776294000,0.71732,0.7176,0.71705,0.71754
1776297600,0.71752,0.7178,0.717,0.71762
1776301200,0.7176,0.71788,0.7163,0.71768
1776304800,0.71769,0.71932,0.71756,0.71896
1776308400,0.71894,0.71976,0.71888,0.7192
1776312000,0.71921,0.71956,0.7188,0.71888
1776315600,0.71886,0.7191,0.71833,0.7188
1776319200,0.71878,0.71908,0.71778,0.71884
1776322800,0.71886,0.71913,0.71826,0.71833
1776326400,0.71835,0.71844,0.71689,0.71747
1776330000,0.71742,0.71758,0.71663,0.71692
1776333600,0.71692,0.71704,0.71642,0.71672
1776337200,0.71672,0.71751,0.7167,0.71736
1776340800,0.71737,0.71752,0.71663,0.71723
1776344400,0.71726,0.71778,0.71664,0.71723
1776348000,0.71724,0.71782,0.71612,0.71627
1776351600,0.71628,0.71722,0.7161,0.71694
1776355200,0.71696,0.71749,0.71532,0.7159
1776358800,0.71591,0.71594,0.71522,0.71568
1776362400,0.71564,0.71616,0.71549,0.71577
1776366000,0.71578,0.71636,0.71574,0.71612
1776369600,0.71614,0.71634,0.71595,0.71621
1776373200,0.71633,0.71642,0.7156,0.71588
1776376800,0.71586,0.71634,0.71586,0.71626
1776380400,0.71627,0.7165,0.71584,0.71588
1776384000,0.71582,0.71652,0.7154,0.71611
1776387600,0.7161,0.71652,0.71588,0.7162
1776391200,0.71622,0.71639,0.71606,0.7162
1776394800,0.7162,0.71666,0.71595,0.71651
1776398400,0.71652,0.71696,0.71648,0.71686
1776402000,0.71685,0.71712,0.71659,0.71686
1776405600,0.71687,0.71701,0.71614,0.71614
1776409200,0.71616,0.71726,0.71609,0.71719
1776412800,0.71722,0.71811,0.71692,0.71798
1776416400,0.71794,0.71826,0.71707,0.71724
1776420000,0.71724,0.71747,0.71703,0.71708
1776423600,0.7171,0.71762,0.71672,0.71728
1776427200,0.71728,0.72119,0.7172,0.72114
1776430800,0.72115,0.7222,0.72042,0.72108
1776434400,0.7211,0.7214,0.72006,0.72018
1776438000,0.72014,0.72022,0.71856,0.71905
1776441600,0.71906,0.71932,0.71848,0.71884
1776445200,0.71882,0.71884,0.71764,0.7186
1776448800,0.7186,0.71864,0.717,0.71734
1776452400,0.71734,0.71776,0.71694,0.71706
1776456000,0.71708,0.71728,0.7166,0.71674
1776632400,0.71272,0.7134,0.71166,0.71182
1776636000,0.71184,0.71426,0.71166,0.71416
1776639600,0.71414,0.71448,0.71309,0.71349
1776643200,0.7135,0.71504,0.71321,0.71498
1776646800,0.715,0.71548,0.71464,0.71489
1776650400,0.71488,0.71578,0.71466,0.71545
1776654000,0.71544,0.71588,0.71528,0.71542
1776657600,0.71541,0.71572,0.71517,0.7156
1776661200,0.71555,0.71565,0.71427,0.71476
1776664800,0.71475,0.71563,0.71422,0.71563
1776668400,0.71564,0.71654,0.71426,0.7148
1776672000,0.71483,0.71526,0.71464,0.71496
1776675600,0.71495,0.7158,0.71495,0.7158
1776679200,0.7158,0.71614,0.71532,0.71566
1776682800,0.71566,0.71646,0.71527,0.71616
1776686400,0.71614,0.71631,0.71538,0.71584
1776690000,0.71586,0.71706,0.71551,0.71691
1776693600,0.7169,0.717,0.7154,0.71631
1776697200,0.71632,0.71773,0.71585,0.7174
1776700800,0.71742,0.71768,0.71696,0.71728
1776704400,0.71729,0.71766,0.71704,0.71744
1776708000,0.71746,0.71794,0.71736,0.71753
1776711600,0.71752,0.718,0.71749,0.71795
1776715200,0.71796,0.71802,0.7177,0.71784
1776718800,0.71748,0.71784,0.71748,0.71771
1776722400,0.71778,0.71824,0.71772,0.71823
1776726000,0.71826,0.71827,0.71736,0.71738
1776729600,0.71742,0.71775,0.71692,0.71738
1776733200,0.7174,0.71823,0.71724,0.71751
1776736800,0.71753,0.71769,0.717,0.71734
1776740400,0.71736,0.7174,0.7165,0.71668
1776744000,0.71666,0.7168,0.71654,0.71666
1776747600,0.71666,0.7173,0.71664,0.71666
1776751200,0.71662,0.71675,0.71592,0.71633
1776754800,0.7163,0.71659,0.7153,0.7153
1776758400,0.7153,0.71578,0.71436,0.71556
1776762000,0.71554,0.71556,0.7149,0.7152
1776765600,0.71522,0.7159,0.7151,0.71583
1776769200,0.71584,0.7166,0.71518,0.71652
1776772800,0.71654,0.71662,0.71519,0.71602
1776776400,0.71602,0.71764,0.71598,0.7175
1776780000,0.71751,0.71862,0.71654,0.71664
1776783600,0.71664,0.71727,0.71538,0.71628
1776787200,0.71628,0.7168,0.71506,0.71507
1776790800,0.71505,0.71638,0.71308,0.71526
1776794400,0.71526,0.71566,0.71424,0.71528
1776798000,0.7153,0.7162,0.71303,0.71357
1776801600,0.71358,0.71634,0.71342,0.71542
1776805200,0.7151,0.71578,0.71478,0.71521
1776808800,0.71522,0.7155,0.7151,0.71515
1776812400,0.71514,0.71574,0.71508,0.7156
1776816000,0.7156,0.7164,0.7156,0.71609
1776819600,0.7161,0.71634,0.71562,0.71589
1776823200,0.7159,0.71638,0.71552,0.71557
1776826800,0.71556,0.71612,0.71532,0.71549
1776830400,0.71548,0.71608,0.71546,0.71569
1776834000,0.7157,0.71764,0.71565,0.71698
1776837600,0.71703,0.71735,0.71654,0.71682
1776841200,0.7168,0.71709,0.71604,0.71688
1776844800,0.71688,0.7173,0.71626,0.71652
1776848400,0.71649,0.71684,0.71594,0.71618
1776852000,0.71619,0.71649,0.71566,0.71622
1776855600,0.71621,0.71626,0.71499,0.71529
1776859200,0.71528,0.71574,0.71464,0.71484
1776862800,0.71484,0.71654,0.71466,0.71651
1776866400,0.71654,0.71699,0.7158,0.716
1776870000,0.71599,0.7164,0.71562,0.71609
1776873600,0.71612,0.7163,0.71558,0.71581
1776877200,0.7158,0.71652,0.71571,0.71612
1776880800,0.71609,0.71624,0.71568,0.71592
1776884400,0.71594,0.71614,0.71558,0.7159
1776888000,0.7159,0.71615,0.71572,0.71611
1776891600,0.71582,0.7161,0.71549,0.71604
1776895200,0.71606,0.7161,0.7157,0.71583
1776898800,0.71584,0.71598,0.71568,0.71578
1776902400,0.71578,0.71669,0.71368,0.71624
1776906000,0.71619,0.71631,0.7152,0.71566
1776909600,0.71566,0.71573,0.7143,0.71456
1776913200,0.71458,0.71492,0.71366,0.71405
1776916800,0.71404,0.71488,0.71384,0.71484
1776920400,0.71483,0.71556,0.7147,0.71544
1776924000,0.71548,0.71564,0.715,0.71521
1776927600,0.71523,0.71581,0.71476,0.71576
1776931200,0.71577,0.71584,0.71502,0.71538
1776934800,0.71537,0.7154,0.71458,0.71476
1776938400,0.71473,0.7149,0.71331,0.71358
1776942000,0.7136,0.71548,0.71342,0.71505
1776945600,0.71504,0.71548,0.71387,0.71462
1776949200,0.71463,0.7153,0.71378,0.7147
1776952800,0.71468,0.71634,0.71416,0.71609
1776956400,0.71608,0.71632,0.71514,0.71554
1776960000,0.71555,0.71572,0.7152,0.7155
1776963600,0.71551,0.71566,0.71112,0.71418
1776967200,0.71418,0.71502,0.71348,0.71362
1776970800,0.7136,0.71368,0.71267,0.71333
1776974400,0.71332,0.71334,0.71244,0.71284
1776978000,0.71324,0.7133,0.71251,0.71318
1776981600,0.71318,0.71334,0.7129,0.71332
1776985200,0.71334,0.71337,0.71288,0.71293
1776988800,0.71296,0.71355,0.71274,0.71324
1776992400,0.71326,0.71362,0.71274,0.71332
1776996000,0.71333,0.71336,0.71207,0.71218
1776999600,0.7122,0.71234,0.71148,0.71192
1777003200,0.71192,0.71274,0.71168,0.71247
1777006800,0.71249,0.71292,0.71208,0.71268
1777010400,0.71268,0.71304,0.71204,0.71243
1777014000,0.7124,0.71344,0.71202,0.71337
1777017600,0.71336,0.71378,0.71278,0.71324
1777021200,0.71325,0.7134,0.71266,0.71302
1777024800,0.71302,0.71366,0.71287,0.71346
1777028400,0.71344,0.7152,0.71332,0.71442
1777032000,0.71442,0.71474,0.71304,0.71356
1777035600,0.71357,0.71406,0.71258,0.71356
1777039200,0.71349,0.71467,0.71282,0.71396
1777042800,0.71396,0.71554,0.7136,0.71528
1777046400,0.71528,0.71536,0.7146,0.71516
1777050000,0.71516,0.71552,0.71486,0.7149
1777053600,0.71489,0.71528,0.71463,0.71514
1777057200,0.71517,0.71542,0.71503,0.71516
1777060800,0.71514,0.71536,0.71476,0.7148
1777237200,0.71311,0.71427,0.71304,0.7142
1777240800,0.71421,0.71478,0.71388,0.7145
1777244400,0.7145,0.71469,0.71424,0.71424
1777248000,0.71424,0.71578,0.71424,0.71576
1777251600,0.71577,0.71699,0.71577,0.71683
1777255200,0.71684,0.71752,0.7164,0.71721
1777258800,0.7172,0.71777,0.71718,0.7174
1777262400,0.71738,0.71748,0.71667,0.71681
1777266000,0.71684,0.7169,0.71641,0.71646
1777269600,0.71646,0.71662,0.71574,0.7165
1777273200,0.7165,0.71784,0.7165,0.71772
1777276800,0.7177,0.719,0.7174,0.7188
1777280400,0.71882,0.71904,0.71829,0.7185
1777284000,0.7185,0.71886,0.71836,0.71872
1777287600,0.71874,0.71877,0.71826,0.71852
1777291200,0.71855,0.71958,0.71855,0.7188
1777294800,0.7188,0.71946,0.71829,0.71886
1777298400,0.71886,0.72002,0.71861,0.71928
1777302000,0.7193,0.7194,0.71869,0.71922
1777305600,0.71923,0.71938,0.71884,0.71898
1777309200,0.71897,0.71938,0.71846,0.71892
1777312800,0.71892,0.71906,0.71852,0.71862
1777316400,0.7186,0.71894,0.7185,0.71866
1777320000,0.71866,0.71876,0.71852,0.71857
1777323600,0.7183,0.71868,0.71823,0.71862
1777327200,0.71862,0.71887,0.71846,0.7187
1777330800,0.7187,0.71908,0.71866,0.71907
1777334400,0.71908,0.71948,0.71878,0.71912
1777338000,0.7191,0.71918,0.71774,0.7179
1777341600,0.71789,0.71809,0.7174,0.71774
1777345200,0.71773,0.71852,0.71764,0.71848
1777348800,0.71848,0.71864,0.7182,0.71827
1777352400,0.71828,0.71838,0.71731,0.71765
1777356000,0.71766,0.71779,0.71624,0.71643
1777359600,0.7164,0.71799,0.71634,0.71782
1777363200,0.71782,0.71812,0.71712,0.71782
1777366800,0.7178,0.7178,0.71678,0.7175
1777370400,0.7175,0.71765,0.71636,0.71647
1777374000,0.71645,0.7167,0.7152,0.71538
1777377600,0.71538,0.71659,0.7151,0.71654
1777381200,0.71653,0.71758,0.71602,0.71708
1777384800,0.71707,0.71764,0.71616,0.71676
1777388400,0.71675,0.71807,0.71667,0.71802
1777392000,0.71802,0.71826,0.71754,0.7181
1777395600,0.7181,0.71859,0.71774,0.71851
1777399200,0.71851,0.71869,0.71826,0.71836
1777402800,0.71836,0.71857,0.71792,0.71802
1777406400,0.71802,0.71834,0.71798,0.71819
1777410000,0.71788,0.71833,0.71771,0.71816
1777413600,0.71818,0.71848,0.71812,0.71823
1777417200,0.71822,0.71869,0.71817,0.71869
1777420800,0.7187,0.71898,0.71851,0.7186
1777424400,0.71863,0.71863,0.7167,0.71699
1777428000,0.717,0.71766,0.71596,0.716
1777431600,0.71601,0.71662,0.71601,0.7162
1777435200,0.7162,0.71646,0.71604,0.71634
1777438800,0.71634,0.71643,0.71602,0.71607
1777442400,0.71606,0.71632,0.71544,0.71602
1777446000,0.71599,0.71668,0.71567,0.71635
1777449600,0.71634,0.71656,0.71548,0.71558
1777453200,0.71557,0.71589,0.71492,0.71502
1777456800,0.71502,0.71612,0.71492,0.71594
1777460400,0.71596,0.71602,0.71558,0.71588
1777464000,0.71586,0.71664,0.71548,0.71554
1777467600,0.71554,0.71599,0.71264,0.71286
1777471200,0.71286,0.7146,0.71234,0.71415
1777474800,0.71415,0.71431,0.71186,0.7129
1777478400,0.7129,0.7137,0.71259,0.71272
1777482000,0.7127,0.71335,0.7123,0.71318
1777485600,0.71318,0.71324,0.71018,0.7114
1777489200,0.71138,0.712,0.71066,0.71171
1777492800,0.71172,0.712,0.7112,0.71164
1777496400,0.71132,0.71164,0.71121,0.7114
1777500000,0.71137,0.71218,0.71137,0.71188
1777503600,0.71188,0.71288,0.71186,0.7128
1777507200,0.71278,0.7133,0.71217,0.71218
1777510800,0.71214,0.7128,0.71183,0.71258
1777514400,0.71258,0.7129,0.71176,0.71264
1777518000,0.71262,0.71308,0.71252,0.71258
1777521600,0.71257,0.71264,0.71154,0.7116
1777525200,0.71161,0.71233,0.7111,0.71131
1777528800,0.7113,0.71227,0.71102,0.71188
1777532400,0.71189,0.71312,0.71184,0.71282
1777536000,0.71284,0.71398,0.71275,0.71298
1777539600,0.71299,0.71476,0.71273,0.7145
1777543200,0.71452,0.71578,0.71404,0.71576
1777546800,0.71577,0.71671,0.71529,0.71536
1777550400,0.71536,0.71564,0.71446,0.71498
1777554000,0.71499,0.71687,0.71498,0.71623
1777557600,0.7162,0.71916,0.7161,0.71884
1777561200,0.71882,0.71914,0.71822,0.71829
1777564800,0.71829,0.71906,0.7178,0.71824
1777568400,0.71826,0.71883,0.71806,0.71843
1777572000,0.71844,0.72007,0.71843,0.71985
1777575600,0.71982,0.72033,0.71972,0.71974
1777579200,0.71972,0.72034,0.71962,0.72017
1777582800,0.71951,0.71997,0.71951,0.71996
1777586400,0.71996,0.7202,0.71977,0.71998
1777590000,0.71998,0.7205,0.71996,0.72006
1777593600,0.72008,0.72032,0.71956,0.72009
1777597200,0.72008,0.7203,0.71964,0.7202
1777600800,0.7202,0.72052,0.71956,0.71998
1777604400,0.71998,0.72033,0.71946,0.71958
1777608000,0.71958,0.71959,0.71898,0.71912
1777611600,0.7191,0.71938,0.71889,0.71896
1777615200,0.71897,0.71998,0.71863,0.71956
1777618800,0.71958,0.7203,0.71933,0.71958
1777622400,0.71962,0.71988,0.71913,0.71952
1777626000,0.71954,0.71958,0.71836,0.71854
1777629600,0.71853,0.71924,0.71843,0.71904
1777633200,0.71904,0.72001,0.71899,0.71968
1777636800,0.71967,0.72086,0.71944,0.72027
1777640400,0.72025,0.72149,0.72004,0.72132
1777644000,0.72134,0.7228,0.72123,0.72168
1777647600,0.72168,0.72236,0.72135,0.72176
1777651200,0.72175,0.72212,0.72108,0.72115
1777654800,0.72115,0.72158,0.72077,0.72103
1777658400,0.72104,0.72111,0.72022,0.72095
1777662000,0.72096,0.72106,0.72046,0.7205
1777665600,0.7205,0.72062,0.7197,0.72024
1777842000,0.72163,0.72202,0.72121,0.7219
1777845600,0.72192,0.72204,0.72108,0.72146
1777849200,0.72148,0.72148,0.7209,0.72096
1777852800,0.72094,0.72132,0.72059,0.72096
1777856400,0.72094,0.72098,0.7201,0.72092
1777860000,0.72092,0.72101,0.72017,0.72086
1777863600,0.72084,0.72176,0.72052,0.7214
1777867200,0.72139,0.72145,0.72068,0.7208
1777870800,0.72078,0.72102,0.7203,0.72078
1777874400,0.72078,0.72096,0.71936,0.71984
1777878000,0.71984,0.71984,0.71888,0.71911
1777881600,0.7191,0.71984,0.7188,0.71948
1777885200,0.7195,0.71998,0.71944,0.71968
1777888800,0.71968,0.71969,0.71682,0.71849
1777892400,0.71851,0.71888,0.71758,0.71787
1777896000,0.71786,0.71918,0.71782,0.71878
1777899600,0.71878,0.71952,0.71776,0.71858
1777903200,0.7186,0.71914,0.71821,0.71846
1777906800,0.71847,0.71888,0.71624,0.71656
1777910400,0.71657,0.71688,0.71534,0.71578
1777914000,0.7158,0.71726,0.71573,0.71692
1777917600,0.71692,0.71734,0.71652,0.71726
1777921200,0.71726,0.71748,0.7168,0.71716
1777924800,0.71714,0.71715,0.71646,0.7167
1777928400,0.71706,0.7171,0.71664,0.71673
1777932000,0.71672,0.71689,0.71658,0.71674
1777935600,0.71676,0.7169,0.7167,0.71672
1777939200,0.71674,0.71715,0.7158,0.71599
1777942800,0.71598,0.71602,0.71532,0.7157
1777946400,0.71572,0.7165,0.71564,0.71601
1777950000,0.71602,0.71614,0.71528,0.71532
1777953600,0.71532,0.7171,0.71516,0.71518
1777957200,0.71515,0.71543,0.71358,0.71396
1777960800,0.71395,0.71485,0.71388,0.71438
1777964400,0.71441,0.71586,0.71429,0.71521
1777968000,0.71521,0.71636,0.71518,0.71576
1777971600,0.71575,0.71646,0.71536,0.71639
1777975200,0.71638,0.71738,0.71611,0.7168
1777978800,0.71678,0.71746,0.71631,0.71723
1777982400,0.71722,0.71828,0.71673,0.71753
1777986000,0.71752,0.71856,0.71752,0.71803
1777989600,0.7182,0.71888,0.71754,0.71884
1777993200,0.71888,0.71979,0.71869,0.71946
1777996800,0.71944,0.71956,0.71866,0.71872
1778000400,0.71872,0.71912,0.7185,0.71876
1778004000,0.71874,0.71903,0.7187,0.7188
1778007600,0.71879,0.71885,0.71814,0.71832
1778011200,0.71831,0.71847,0.71818,0.71826
1778014800,0.71812,0.71838,0.71796,0.71836
1778018400,0.71836,0.7201,0.71819,0.71966
1778022000,0.71967,0.72084,0.71948,0.72033
1778025600,0.72032,0.72242,0.72025,0.72238
1778029200,0.72238,0.72342,0.7221,0.72292
1778032800,0.7229,0.72345,0.7228,0.72342
1778036400,0.72341,0.72425,0.7232,0.72324
1778040000,0.72322,0.72508,0.72312,0.72442
1778043600,0.72443,0.72498,0.72426,0.72481
1778047200,0.7248,0.72496,0.72412,0.72488
1778050800,0.7249,0.72506,0.72334,0.72422
1778054400,0.72422,0.72677,0.72328,0.72604
1778058000,0.72604,0.72642,0.72508,0.7262
1778061600,0.72624,0.72777,0.72518,0.72688
1778065200,0.72687,0.72687,0.72486,0.72506
1778068800,0.72507,0.72508,0.72318,0.72378
1778072400,0.72379,0.72413,0.7229,0.72348
1778076000,0.72344,0.72476,0.72296,0.72399
1778079600,0.72398,0.72406,0.7233,0.72339
1778083200,0.72338,0.72339,0.72242,0.72268
1778086800,0.72266,0.72348,0.72258,0.72322
1778090400,0.72321,0.72392,0.7232,0.72372
1778094000,0.72372,0.72414,0.72363,0.72378
1778097600,0.72378,0.72386,0.72352,0.72375
1778101200,0.72381,0.72433,0.72336,0.7239
1778104800,0.72398,0.72398,0.72364,0.7238
1778108400,0.7238,0.72394,0.72346,0.72353
1778112000,0.72352,0.72402,0.7232,0.72356
1778115600,0.72357,0.72488,0.72318,0.72452
1778119200,0.7245,0.72469,0.724,0.72434
1778122800,0.72432,0.7245,0.724,0.72422
1778126400,0.72422,0.72506,0.72417,0.72476
1778130000,0.72476,0.7251,0.72462,0.72468
1778133600,0.72466,0.7257,0.72406,0.72507
1778137200,0.72506,0.72637,0.725,0.7262
1778140800,0.72622,0.72642,0.7257,0.72591
1778144400,0.7259,0.72622,0.72538,0.72603
1778148000,0.72602,0.72638,0.72557,0.72558
1778151600,0.72562,0.72592,0.7252,0.72586
1778155200,0.72584,0.726,0.72506,0.72528
1778158800,0.72528,0.72548,0.72452,0.72485
1778162400,0.72484,0.72582,0.72428,0.72581
1778166000,0.7258,0.72583,0.72391,0.72398
1778169600,0.72397,0.72429,0.7233,0.72387
1778173200,0.72389,0.72418,0.7225,0.72345
1778176800,0.72346,0.72361,0.72206,0.723
1778180400,0.72302,0.7232,0.72146,0.72148
1778184000,0.72146,0.7228,0.72045,0.7206
1778187600,0.72087,0.72091,0.72037,0.7206
1778191200,0.7206,0.72088,0.72012,0.72032
1778194800,0.72034,0.72094,0.7203,0.72086
1778198400,0.72086,0.7212,0.72002,0.72076
1778202000,0.72078,0.72149,0.72074,0.72104
1778205600,0.72106,0.7214,0.7204,0.72104
1778209200,0.72106,0.72211,0.72098,0.72154
1778212800,0.72156,0.72222,0.72139,0.72206
1778216400,0.72206,0.72266,0.72178,0.72235
1778220000,0.72236,0.72308,0.72222,0.72266
1778223600,0.72264,0.72274,0.72216,0.7224
1778227200,0.72242,0.72362,0.72223,0.72343
1778230800,0.72348,0.72412,0.72308,0.72338
1778234400,0.72342,0.72416,0.72329,0.72364
1778238000,0.72368,0.724,0.72318,0.72358
1778241600,0.72358,0.72491,0.7228,0.72385
1778245200,0.72382,0.72484,0.72291,0.72435
1778248800,0.72436,0.7246,0.72361,0.72438
1778252400,0.72437,0.72464,0.72368,0.72418
1778256000,0.72418,0.72464,0.72404,0.72408
1778259600,0.72405,0.72452,0.72402,0.72426
1778263200,0.72426,0.72479,0.72404,0.72424
1778266800,0.72426,0.72483,0.72421,0.72464
1778270400,0.72464,0.72492,0.72446,0.72473
1778446800,0.72233,0.72274,0.72189,0.72198
1778450400,0.72198,0.7235,0.72198,0.7234
1778454000,0.72339,0.72384,0.7233,0.72343
1778457600,0.72344,0.72404,0.72326,0.7238
1778461200,0.7238,0.72396,0.7228,0.72336
1778464800,0.72338,0.72378,0.723,0.723
1778468400,0.72299,0.72326,0.72286,0.72293
1778472000,0.72292,0.72294,0.72254,0.72273
1778475600,0.72274,0.7232,0.72266,0.72296
1778479200,0.72297,0.72428,0.72287,0.72414
1778482800,0.72414,0.72423,0.72363,0.72406
1778486400,0.72406,0.72478,0.72384,0.72384
1778490000,0.72381,0.72414,0.72364,0.72368
1778493600,0.72365,0.72443,0.72358,0.72428
1778497200,0.72426,0.72486,0.72397,0.72433
1778500800,0.72432,0.72456,0.72377,0.72434
1778504400,0.72436,0.72573,0.7243,0.72544
1778508000,0.72546,0.72596,0.72498,0.7256
1778511600,0.7256,0.72596,0.72538,0.72576
1778515200,0.72576,0.7258,0.7247,0.72507
1778518800,0.72508,0.72546,0.72476,0.72528
1778522400,0.72528,0.72556,0.7249,0.7249
1778526000,0.72488,0.72506,0.72474,0.72491
1778529600,0.72493,0.72503,0.72443,0.72496
1778533200,0.72494,0.7251,0.72464,0.72502
1778536800,0.72502,0.72522,0.72496,0.725
1778540400,0.72501,0.72512,0.72452,0.7246
1778544000,0.72458,0.72458,0.72332,0.7235
1778547600,0.72348,0.72382,0.72224,0.7232
1778551200,0.72324,0.7237,0.72294,0.72354
1778554800,0.72352,0.7236,0.72286,0.72293
1778558400,0.72294,0.72356,0.72294,0.72321
1778562000,0.7232,0.7235,0.72264,0.72302
1778565600,0.72304,0.72316,0.72111,0.72125
1778569200,0.72125,0.7222,0.72089,0.72174
1778572800,0.72178,0.72228,0.72129,0.72176
1778576400,0.72172,0.72256,0.72148,0.72236
1778580000,0.72236,0.72271,0.72219,0.72246
1778583600,0.72248,0.72316,0.72204,0.72286
1778587200,0.7229,0.7233,0.72172,0.7231
1778590800,0.72309,0.72321,0.72146,0.72177
1778594400,0.72178,0.72311,0.72174,0.72302
1778598000,0.72304,0.72322,0.72147,0.72225
1778601600,0.72226,0.72258,0.72144,0.72158
1778605200,0.72158,0.72258,0.72156,0.72256
1778608800,0.72252,0.72368,0.72232,0.72348
1778612400,0.72348,0.7242,0.7234,0.72388
1778616000,0.72389,0.72406,0.7237,0.72403
1778619600,0.72404,0.72412,0.72374,0.72398
1778623200,0.72399,0.72422,0.72396,0.72403
1778626800,0.72401,0.72414,0.7237,0.72374
1778630400,0.72371,0.72406,0.72327,0.72368
1778634000,0.72366,0.72478,0.72308,0.7244
1778637600,0.72439,0.7246,0.72388,0.72388
1778641200,0.72389,0.7239,0.72319,0.72355
1778644800,0.72354,0.72364,0.72317,0.7235
1778648400,0.7235,0.724,0.72344,0.72398
1778652000,0.72402,0.72428,0.72329,0.72362
1778655600,0.72361,0.72398,0.72332,0.72341
1778659200,0.72339,0.72426,0.7233,0.72412
1778662800,0.72412,0.72451,0.72352,0.72449
1778666400,0.7245,0.72492,0.72411,0.7248
1778670000,0.72482,0.72534,0.72458,0.72502
1778673600,0.72498,0.72526,0.72361,0.72419
1778677200,0.7242,0.72485,0.724,0.72468
1778680800,0.72464,0.72578,0.7245,0.72572
1778684400,0.72572,0.72718,0.72552,0.72623
1778688000,0.7262,0.72696,0.72601,0.72602
1778691600,0.72602,0.72642,0.72564,0.72565
1778695200,0.72566,0.7262,0.72522,0.72574
1778698800,0.72574,0.72594,0.7253,0.72532
1778702400,0.7253,0.72596,0.72508,0.72582
1778706000,0.72614,0.72618,0.72548,0.72572
1778709600,0.72572,0.72611,0.72569,0.72598
1778713200,0.72598,0.72608,0.72522,0.72543
1778716800,0.72542,0.72574,0.72486,0.72514
1778720400,0.72514,0.72521,0.72453,0.7246
1778724000,0.7246,0.7253,0.72439,0.72521
1778727600,0.7252,0.72542,0.7248,0.72514
1778731200,0.72516,0.726,0.72508,0.72565
1778734800,0.72566,0.72628,0.72528,0.72558
1778738400,0.72558,0.72644,0.72558,0.72611
1778742000,0.72608,0.72617,0.72408,0.72423
1778745600,0.72422,0.7254,0.72416,0.72526
1778749200,0.72527,0.7254,0.72422,0.72462
1778752800,0.7246,0.72499,0.72387,0.72428
1778756400,0.72428,0.72452,0.72384,0.72392
1778760000,0.7239,0.72432,0.72348,0.72348
1778763600,0.72348,0.72364,0.72198,0.72206
1778767200,0.72203,0.72319,0.72197,0.72282
1778770800,0.72278,0.72278,0.72222,0.72242
1778774400,0.72242,0.72246,0.7216,0.72213
1778778000,0.72212,0.7227,0.72206,0.72236
1778781600,0.72233,0.72255,0.72187,0.72246
1778785200,0.72248,0.7226,0.72177,0.722
1778788800,0.722,0.72213,0.72186,0.72202
1778792400,0.7222,0.72223,0.72188,0.72204
1778796000,0.72208,0.7223,0.722,0.72224
1778799600,0.72225,0.72226,0.72134,0.7214
1778803200,0.72141,0.72184,0.72014,0.7206
1778806800,0.72058,0.72075,0.71873,0.71876
1778810400,0.71877,0.72,0.71851,0.71932
1778814000,0.71929,0.71958,0.71896,0.71936
1778817600,0.71936,0.7194,0.71812,0.71814
1778821200,0.71816,0.71816,0.7156,0.71588
1778824800,0.71584,0.7169,0.71572,0.71602
1778828400,0.71602,0.71767,0.71575,0.71671
1778832000,0.71674,0.71686,0.71549,0.71568
1778835600,0.71572,0.71572,0.71399,0.71474
1778839200,0.71475,0.71802,0.7147,0.71728
1778842800,0.71726,0.71738,0.71506,0.71521
1778846400,0.7152,0.71546,0.71437,0.71534
1778850000,0.71533,0.71578,0.71436,0.71472
1778853600,0.71472,0.71664,0.71448,0.71543
1778857200,0.71546,0.7157,0.71464,0.71506
1778860800,0.71505,0.71592,0.71482,0.71568
1778864400,0.71568,0.71634,0.71554,0.71588
1778868000,0.71588,0.71598,0.7148,0.71532
1778871600,0.71536,0.71537,0.7148,0.71498
1778875200,0.71498,0.71498,0.7145,0.71482
1779051600,0.71528,0.7156,0.71486,0.71502
1779055200,0.71504,0.71542,0.7148,0.715
1779058800,0.71506,0.71514,0.71277,0.71298
1779062400,0.71297,0.71322,0.71187,0.71248
1779066000,0.71248,0.7132,0.71202,0.71284
1779069600,0.71282,0.71323,0.71226,0.7125
1779073200,0.7125,0.7135,0.71246,0.71344
1779076800,0.71344,0.71379,0.71306,0.71316
1779080400,0.71317,0.71357,0.71267,0.71318
1779084000,0.71318,0.7149,0.71307,0.7149
1779087600,0.71492,0.71582,0.71436,0.7152
1779091200,0.71521,0.7165,0.7148,0.71582
1779094800,0.71584,0.71616,0.71548,0.71557
1779098400,0.71558,0.71568,0.71481,0.71487
1779102000,0.71488,0.71684,0.71464,0.71602
1779105600,0.71603,0.71845,0.71588,0.71786
1779109200,0.71785,0.7181,0.71668,0.71734
1779112800,0.71734,0.7174,0.71568,0.71589
1779116400,0.7159,0.71612,0.71486,0.7159
1779120000,0.7159,0.71662,0.71538,0.71621
1779123600,0.7162,0.71657,0.71592,0.7163
1779127200,0.71633,0.71636,0.71484,0.71488
1779130800,0.7149,0.7175,0.7148,0.71683
1779134400,0.71683,0.71722,0.71669,0.71688
1779138000,0.7165,0.71718,0.71642,0.71695
1779141600,0.71699,0.71732,0.71697,0.71728
1779145200,0.71732,0.71768,0.71704,0.71704
1779148800,0.71706,0.71726,0.71506,0.71512
1779152400,0.7151,0.71528,0.71398,0.71454
1779156000,0.71453,0.71455,0.71364,0.71418
1779159600,0.71416,0.7145,0.71366,0.71373
1779163200,0.71375,0.71388,0.71276,0.71294
1779166800,0.71296,0.71342,0.71248,0.71324
1779170400,0.71325,0.71366,0.71296,0.7134
1779174000,0.7134,0.71366,0.71254,0.71254
1779177600,0.71254,0.7126,0.71147,0.71176
1779181200,0.71175,0.71176,0.71088,0.71153
1779184800,0.71154,0.71216,0.71088,0.71165
1779188400,0.71164,0.71214,0.71146,0.7117
1779192000,0.71166,0.71231,0.71142,0.71148
1779195600,0.71144,0.71152,0.71006,0.71094
1779199200,0.71094,0.71123,0.70796,0.7085
1779202800,0.70848,0.71014,0.70824,0.70997
1779206400,0.70999,0.71127,0.7096,0.71111
1779210000,0.71111,0.71164,0.71108,0.71128
1779213600,0.71127,0.7115,0.71058,0.71065
1779217200,0.71062,0.71111,0.71053,0.7109
1779220800,0.7109,0.71091,0.71056,0.71073
1779224400,0.71094,0.71096,0.71062,0.71086
1779228000,0.71088,0.71088,0.71054,0.71076
1779231600,0.71076,0.71128,0.71042,0.71042
1779235200,0.7104,0.71047,0.70922,0.70926
1779238800,0.70924,0.71027,0.7087,0.71016
1779242400,0.71018,0.71072,0.7092,0.70958
1779246000,0.70958,0.71062,0.70938,0.71031
1779249600,0.71032,0.71097,0.7098,0.70999
1779253200,0.70998,0.7106,0.70975,0.71023
1779256800,0.71022,0.71125,0.71004,0.71051
1779260400,0.7105,0.71135,0.71032,0.71072
1779264000,0.71072,0.71163,0.7105,0.71118
1779267600,0.71117,0.71156,0.7109,0.71126
1779271200,0.71126,0.71262,0.71122,0.71251
1779274800,0.71251,0.7135,0.71222,0.71279
1779278400,0.71278,0.71328,0.71231,0.71246
1779282000,0.71243,0.71294,0.71188,0.71214
1779285600,0.71214,0.71557,0.71151,0.71532
1779289200,0.71534,0.71746,0.71468,0.71507
1779292800,0.71506,0.71614,0.7149,0.71546
1779296400,0.71549,0.7158,0.71517,0.71524
1779300000,0.71523,0.7162,0.71494,0.7158
1779303600,0.71579,0.71624,0.71569,0.7159
1779307200,0.71588,0.7159,0.71526,0.71528
1779310800,0.71492,0.71562,0.71492,0.71548
1779314400,0.71547,0.71548,0.71498,0.71524
1779318000,0.71524,0.71529,0.7149,0.71492
1779321600,0.71496,0.71504,0.71444,0.71481
1779325200,0.71482,0.71569,0.7111,0.71193
1779328800,0.71194,0.71246,0.71,0.71075
1779332400,0.71074,0.71199,0.7107,0.7119
1779336000,0.71188,0.71302,0.71185,0.71272
1779339600,0.71274,0.71292,0.71158,0.71244
1779343200,0.71244,0.7128,0.71085,0.71132
1779346800,0.71134,0.71218,0.71082,0.71186
1779350400,0.71184,0.71396,0.71162,0.71319
1779354000,0.71317,0.71424,0.7131,0.71359
1779357600,0.71355,0.71394,0.71176,0.71246
1779361200,0.71244,0.71381,0.71239,0.71257
1779364800,0.71256,0.71332,0.71224,0.71252
1779368400,0.7125,0.71346,0.71164,0.71306
1779372000,0.7131,0.71378,0.71222,0.7136
1779375600,0.71362,0.71366,0.7123,0.71326
1779379200,0.71328,0.71392,0.71327,0.7137
1779382800,0.71373,0.71686,0.71352,0.71629
1779386400,0.71629,0.71668,0.71434,0.71474
1779390000,0.71471,0.71582,0.71456,0.71544
1779393600,0.71546,0.71558,0.71488,0.71492
1779397200,0.71542,0.71554,0.71477,0.71491
1779400800,0.71492,0.7153,0.71484,0.71514
1779404400,0.71513,0.7152,0.71462,0.7148
1779408000,0.71482,0.71482,0.71404,0.71414
1779411600,0.71412,0.71443,0.71358,0.7137
1779415200,0.7137,0.71436,0.7137,0.71398
1779418800,0.71396,0.71406,0.71345,0.71399
1779422400,0.71398,0.71422,0.71384,0.71408
1779426000,0.71407,0.71462,0.71368,0.71378
1779429600,0.71378,0.71407,0.71319,0.71362
1779433200,0.71362,0.71362,0.71273,0.71344
1779436800,0.71345,0.71444,0.71303,0.71336
1779440400,0.71332,0.7134,0.71246,0.71292
1779444000,0.71292,0.71326,0.71228,0.71253
1779447600,0.71252,0.7126,0.71198,0.71218
1779451200,0.71218,0.7134,0.71198,0.71318
1779454800,0.7132,0.71428,0.71232,0.71296
1779458400,0.71292,0.71294,0.71166,0.7127
1779462000,0.7127,0.71336,0.71248,0.71308
1779465600,0.71311,0.7137,0.71288,0.71354
1779469200,0.71354,0.71424,0.71335,0.71378
1779472800,0.71379,0.71408,0.71343,0.71384
1779476400,0.71382,0.71389,0.71312,0.7132
1779480000,0.71321,0.71325,0.71262,0.71281
1779656400,0.71577,0.71582,0.71536,0.71547
1779660000,0.71548,0.71612,0.71542,0.7158
1779663600,0.71584,0.7162,0.71565,0.7157
1779667200,0.71569,0.71654,0.7154,0.71588
1779670800,0.71588,0.7173,0.71585,0.7166
1779674400,0.71664,0.71718,0.71633,0.71643
1779678000,0.71642,0.71665,0.71602,0.71614
1779681600,0.71612,0.71709,0.71608,0.71692
1779685200,0.7169,0.71718,0.71642,0.71655
1779688800,0.7165,0.71683,0.71643,0.7166
1779692400,0.71662,0.71664,0.71521,0.71607
1779696000,0.71608,0.71675,0.71582,0.71668
1779699600,0.7167,0.71699,0.71659,0.7167
1779703200,0.7167,0.71696,0.71656,0.71664
1779706800,0.71666,0.71752,0.71642,0.71697
1779710400,0.71695,0.71744,0.71682,0.71698
1779714000,0.71696,0.71728,0.71671,0.7169
1779717600,0.7169,0.71789,0.7169,0.71784
1779721200,0.71781,0.71822,0.71727,0.7173
1779724800,0.71731,0.71739,0.71703,0.71734
1779728400,0.71735,0.71769,0.7173,0.71756
1779732000,0.71756,0.71758,0.71742,0.71752
1779735600,0.71751,0.71764,0.7175,0.71758
1779739200,0.71759,0.71766,0.7174,0.71754
1779742800,0.7172,0.7175,0.71701,0.71714
1779746400,0.71716,0.71749,0.71715,0.71738
1779750000,0.71738,0.71758,0.71678,0.7168
1779753600,0.71682,0.71708,0.71641,0.71704
1779757200,0.71704,0.71714,0.71616,0.71652
1779760800,0.71651,0.71671,0.71625,0.71658
1779764400,0.71658,0.71726,0.71656,0.7171
1779768000,0.71712,0.71718,0.71611,0.71612
1779771600,0.71608,0.71618,0.71566,0.71597
1779775200,0.71598,0.71691,0.71587,0.71652
1779778800,0.71656,0.71656,0.71554,0.71638
1779782400,0.71641,0.71674,0.71602,0.71638
1779786000,0.71638,0.71653,0.71591,0.71641
1779789600,0.7164,0.71682,0.71602,0.71658
1779793200,0.71658,0.7169,0.71612,0.71643
1779796800,0.71642,0.7169,0.71621,0.71682
1779800400,0.71681,0.71766,0.71629,0.71688
1779804000,0.7169,0.7174,0.71654,0.71682
1779807600,0.71681,0.71682,0.71584,0.71606
1779811200,0.71607,0.71668,0.71604,0.71629
1779814800,0.71628,0.71649,0.7161,0.71624
1779818400,0.71624,0.7169,0.71618,0.71681
1779822000,0.7168,0.71702,0.71664,0.71689
1779825600,0.71689,0.71699,0.7166,0.71672
1779829200,0.71698,0.7171,0.71663,0.7168
1779832800,0.71678,0.71692,0.71664,0.71676
1779836400,0.71676,0.71745,0.71676,0.71707
1779840000,0.71704,0.71798,0.71688,0.71756
1779843600,0.71753,0.71786,0.71526,0.71567
1779847200,0.71569,0.71656,0.71554,0.71619
1779850800,0.71619,0.71676,0.71574,0.71598
1779854400,0.71597,0.7164,0.71576,0.71611
1779858000,0.71609,0.71626,0.71547,0.7155
1779861600,0.71552,0.71562,0.7146,0.71464
1779865200,0.71466,0.71502,0.71377,0.71384
1779868800,0.71384,0.71424,0.71359,0.71418
1779872400,0.71416,0.71462,0.71398,0.71424
1779876000,0.71424,0.71448,0.71321,0.71341
1779879600,0.71344,0.71364,0.71289,0.71326
1779883200,0.71326,0.71496,0.71238,0.7134
1779886800,0.7134,0.7139,0.71308,0.71376
1779890400,0.71377,0.71422,0.71248,0.71273
1779894000,0.71272,0.71395,0.71262,0.71353
1779897600,0.71356,0.71408,0.71317,0.71392
1779901200,0.71392,0.71396,0.7132,0.71356
1779904800,0.71355,0.71398,0.71333,0.71388
1779908400,0.71392,0.71424,0.71382,0.71418
1779912000,0.71416,0.71428,0.71406,0.71416
1779915600,0.71409,0.71436,0.71374,0.714
1779919200,0.714,0.71432,0.71391,0.7142
1779922800,0.71418,0.71446,0.71326,0.71329
1779926400,0.71328,0.71358,0.71283,0.71317
1779930000,0.71314,0.71332,0.71178,0.71192
1779933600,0.71193,0.71258,0.71184,0.71246
1779937200,0.71246,0.7128,0.70996,0.71019
1779940800,0.71016,0.71052,0.70979,0.71044
1779944400,0.71045,0.71206,0.71018,0.71165
1779948000,0.71168,0.71262,0.71158,0.71204
1779951600,0.71207,0.71272,0.7118,0.7122
1779955200,0.71221,0.7124,0.7114,0.71176
1779958800,0.71175,0.71245,0.7117,0.71204
1779962400,0.71204,0.71235,0.71084,0.71122
1779966000,0.71121,0.71192,0.71119,0.71182
1779969600,0.7118,0.71332,0.71176,0.7132
1779973200,0.71321,0.71364,0.71256,0.71276
1779976800,0.71273,0.7156,0.71253,0.71486
1779980400,0.71486,0.7162,0.71484,0.71582
1779984000,0.7158,0.71698,0.71564,0.71683
1779987600,0.71684,0.71688,0.71641,0.71654
1779991200,0.71653,0.71677,0.71606,0.71631
1779994800,0.7163,0.71665,0.71616,0.7162
1779998400,0.71618,0.71636,0.71611,0.71628
1780002000,0.71644,0.71658,0.71608,0.71649
1780005600,0.71644,0.71662,0.71626,0.71628
1780009200,0.7163,0.71653,0.71614,0.71632
1780012800,0.71631,0.71674,0.71586,0.71604
1780016400,0.71604,0.71657,0.71566,0.71608
1780020000,0.71609,0.71634,0.71564,0.71574
1780023600,0.71574,0.71577,0.71534,0.71545
1780027200,0.71546,0.71638,0.71545,0.71634
1780030800,0.71634,0.71674,0.71624,0.71632
1780034400,0.71636,0.71674,0.71572,0.71611
1780038000,0.71608,0.71646,0.71524,0.71608
1780041600,0.71608,0.71608,0.71493,0.71529
1780045200,0.71531,0.71576,0.7151,0.71554
1780048800,0.71555,0.71584,0.71526,0.71578
1780052400,0.71578,0.717,0.71575,0.717
1780056000,0.71699,0.71792,0.71676,0.71792
1780059600,0.71792,0.71904,0.7178,0.71878
1780063200,0.7188,0.7198,0.71758,0.71941
1780066800,0.7194,0.72006,0.7189,0.719
1780070400,0.71899,0.7192,0.7186,0.71886
1780074000,0.7189,0.71896,0.71821,0.71821
1780077600,0.71817,0.71872,0.71812,0.71826
1780081200,0.71823,0.71892,0.7182,0.71872
1780084800,0.71872,0.71874,0.71822,0.71842
1780261200,0.71711,0.71826,0.71711,0.71774
1780264800,0.71776,0.7182,0.7172,0.7179
1780268400,0.71791,0.7184,0.71785,0.71803
1780272000,0.71802,0.71852,0.71782,0.71838
1780275600,0.71839,0.71866,0.71825,0.71855
1780279200,0.71855,0.71876,0.71827,0.71846
1780282800,0.71848,0.71861,0.71758,0.71802
1780286400,0.71803,0.71862,0.71803,0.71856
1780290000,0.71859,0.71896,0.71843,0.71868
1780293600,0.7187,0.71903,0.71776,0.7182
1780297200,0.71818,0.71848,0.71768,0.71798
1780300800,0.71799,0.71842,0.71791,0.71842
1780304400,0.71844,0.71858,0.71768,0.7179
1780308000,0.71794,0.71795,0.71744,0.71762
1780311600,0.71764,0.71772,0.71719,0.7173
1780315200,0.71731,0.71744,0.71677,0.717
1780318800,0.71698,0.71704,0.71366,0.71381
1780322400,0.71376,0.71448,0.71347,0.71414
1780326000,0.71414,0.71606,0.71412,0.7152
1780329600,0.71523,0.71624,0.71475,0.71604
1780333200,0.71606,0.71718,0.71576,0.7167
1780336800,0.71668,0.71671,0.71618,0.7162
1780340400,0.71622,0.7164,0.71598,0.71618
1780344000,0.71618,0.71634,0.71596,0.7161
1780347600,0.71662,0.71666,0.71607,0.71654
1780351200,0.71662,0.71662,0.716,0.71616
1780354800,0.71614,0.71652,0.71605,0.71645
1780358400,0.71645,0.71658,0.71575,0.7159
1780362000,0.71592,0.71677,0.71528,0.71545
1780365600,0.71545,0.71616,0.71535,0.71584
1780369200,0.71585,0.71602,0.71548,0.71599
1780372800,0.71598,0.71628,0.71582,0.71624
1780376400,0.71623,0.71664,0.71614,0.71614
1780380000,0.71616,0.7179,0.71616,0.71777
1780383600,0.71778,0.71834,0.71767,0.71816
1780387200,0.71817,0.71868,0.71782,0.71798
1780390800,0.71797,0.71832,0.71761,0.7183
1780394400,0.71831,0.7185,0.71793,0.71832
1780398000,0.71832,0.71844,0.71804,0.7181
1780401600,0.71809,0.71824,0.7176,0.71773
1780405200,0.71774,0.71796,0.71728,0.71754
1780408800,0.71753,0.71851,0.71697,0.71851
1780412400,0.71848,0.7188,0.71812,0.71847
1780416000,0.7185,0.71872,0.71764,0.71792
1780419600,0.71792,0.71805,0.71722,0.71728
1780423200,0.71729,0.71794,0.71712,0.7179
1780426800,0.71791,0.71821,0.71791,0.71819
1780430400,0.71818,0.7183,0.71794,0.71794
1780434000,0.71802,0.71818,0.71772,0.71803
1780437600,0.71806,0.71809,0.71771,0.71774
1780441200,0.71774,0.71784,0.71716,0.71736
1780444800,0.71732,0.7182,0.71724,0.71811
1780448400,0.71812,0.71818,0.71704,0.71773
1780452000,0.71774,0.71802,0.71697,0.7174
1780455600,0.7174,0.7176,0.71698,0.7172
1780459200,0.71717,0.71735,0.71674,0.71689
1780462800,0.71691,0.71716,0.71622,0.71633
1780466400,0.71632,0.71658,0.71526,0.71599
1780470000,0.71598,0.71688,0.7157,0.71656
1780473600,0.71658,0.71668,0.7158,0.71608
1780477200,0.7161,0.71686,0.71608,0.71637
1780480800,0.71635,0.71772,0.71626,0.71683
1780484400,0.71684,0.71704,0.71654,0.71658
1780488000,0.71658,0.71664,0.715,0.7153
1780491600,0.71529,0.7155,0.71373,0.71404
1780495200,0.714,0.71498,0.71399,0.71472
1780498800,0.71472,0.71474,0.71362,0.71382
1780502400,0.71384,0.71384,0.71302,0.71353
1780506000,0.71354,0.71389,0.71297,0.71326
1780509600,0.71326,0.71336,0.71294,0.71308
1780513200,0.71307,0.71324,0.71294,0.713
1780516800,0.71301,0.71308,0.7127,0.71278
1780520400,0.71313,0.71324,0.71276,0.71296
1780524000,0.71292,0.71397,0.71268,0.7136
1780527600,0.7136,0.71372,0.71276,0.71342
1780531200,0.71341,0.71374,0.71297,0.71308
1780534800,0.71308,0.71365,0.71254,0.71312
1780538400,0.71314,0.71315,0.71232,0.71276
1780542000,0.71273,0.71284,0.71226,0.7128
1780545600,0.71281,0.71334,0.71264,0.71294
1780549200,0.71294,0.71308,0.71236,0.71302
1780552800,0.71302,0.71384,0.7129,0.71354
1780556400,0.71358,0.71378,0.71266,0.71306
1780560000,0.71306,0.71336,0.71272,0.7131
1780563600,0.71311,0.71374,0.71296,0.71344
1780567200,0.71342,0.7139,0.71326,0.71346
1780570800,0.71346,0.71481,0.71346,0.7147
1780574400,0.71468,0.71492,0.71391,0.71412
1780578000,0.71412,0.7146,0.71398,0.7143
1780581600,0.71431,0.71453,0.7135,0.71402
1780585200,0.71401,0.71428,0.71364,0.71416
1780588800,0.71418,0.71436,0.71398,0.714
1780592400,0.71399,0.71412,0.71382,0.71391
1780596000,0.71392,0.71408,0.71353,0.71362
1780599600,0.71364,0.71374,0.71338,0.7136
1780603200,0.7136,0.71362,0.71328,0.71332
1780606800,0.71363,0.71395,0.71332,0.71342
1780610400,0.71342,0.7135,0.7132,0.71336
1780614000,0.71337,0.71362,0.71293,0.71308
1780617600,0.71304,0.71304,0.71227,0.71233
1780621200,0.71232,0.7124,0.71055,0.71192
1780624800,0.71194,0.71284,0.71174,0.71257
1780628400,0.71258,0.71284,0.71212,0.71223
1780632000,0.71226,0.71303,0.71222,0.71276
1780635600,0.7128,0.71288,0.71184,0.71196
1780639200,0.71199,0.71265,0.71154,0.71254
1780642800,0.71251,0.71357,0.71246,0.71304
1780646400,0.71304,0.71378,0.71298,0.71309
1780650000,0.71308,0.71407,0.713,0.71382
1780653600,0.71382,0.71439,0.71379,0.71414
1780657200,0.71414,0.71439,0.7138,0.71424
1780660800,0.71422,0.71432,0.71026,0.71028
1780664400,0.71027,0.7111,0.70818,0.70818
1780668000,0.70816,0.70872,0.70664,0.70812
1780671600,0.70812,0.70822,0.70582,0.70586
1780675200,0.70585,0.70606,0.70496,0.70606
1780678800,0.70606,0.7061,0.70509,0.70548
1780682400,0.70551,0.70554,0.70427,0.70434
1780686000,0.70433,0.70475,0.70392,0.70453
1780689600,0.70452,0.70458,0.70376,0.70452
1780866000,0.70276,0.70319,0.70244,0.70296
1780869600,0.7029,0.70396,0.70276,0.70318
1780873200,0.70317,0.70435,0.70317,0.70426
1780876800,0.70426,0.70592,0.70414,0.70585
1780880400,0.70586,0.70623,0.70353,0.70505
1780884000,0.70506,0.70536,0.70422,0.7051
1780887600,0.70511,0.70527,0.70448,0.70502
1780891200,0.70503,0.70546,0.70436,0.7045
1780894800,0.70452,0.70534,0.70348,0.70372
1780898400,0.70372,0.70464,0.70368,0.70428
1780902000,0.7043,0.70596,0.70418,0.70483
1780905600,0.7048,0.70545,0.70441,0.7048
1780909200,0.70479,0.70535,0.70384,0.70523
1780912800,0.70524,0.70646,0.70486,0.70582
1780916400,0.70582,0.70784,0.70568,0.707
1780920000,0.70696,0.70764,0.70663,0.70704
1780923600,0.70705,0.70748,0.70564,0.70572
1780927200,0.70572,0.70616,0.70458,0.70586
1780930800,0.70587,0.70627,0.70504,0.70538
1780934400,0.70538,0.70563,0.7051,0.70511
1780938000,0.7051,0.70515,0.70454,0.7049
1780941600,0.70492,0.70544,0.7044,0.70452
1780945200,0.70452,0.70473,0.70424,0.70454
1780948800,0.70453,0.70468,0.7044,0.7045
1780952400,0.70435,0.70468,0.70432,0.70466
1780956000,0.70474,0.70474,0.70416,0.7045
1780959600,0.70452,0.70455,0.70374,0.70391
1780963200,0.70389,0.70436,0.70344,0.70432
1780966800,0.70435,0.70582,0.70426,0.70578
1780970400,0.70579,0.70594,0.70466,0.70486
1780974000,0.70486,0.70498,0.7041,0.70454
1780977600,0.70456,0.70578,0.7043,0.70558
1780981200,0.70557,0.70602,0.70514,0.70572
1780984800,0.7057,0.70706,0.70562,0.70595
1780988400,0.70594,0.70614,0.70505,0.70512
1780992000,0.70512,0.7056,0.70466,0.70522
1780995600,0.70524,0.70566,0.70498,0.70503
1780999200,0.705,0.70592,0.70465,0.70568
1781002800,0.70566,0.70617,0.70558,0.70605
1781006400,0.70608,0.70627,0.70579,0.70602
1781010000,0.70606,0.70628,0.70456,0.705
1781013600,0.705,0.70577,0.70322,0.70414
1781017200,0.70413,0.70463,0.70219,0.70272
1781020800,0.70271,0.70312,0.70052,0.70162
1781024400,0.70164,0.70322,0.70158,0.7029
1781028000,0.70294,0.70358,0.70274,0.70328
1781031600,0.70328,0.70332,0.7023,0.70274
1781035200,0.70276,0.70298,0.7026,0.70277
1781038800,0.70304,0.70308,0.70188,0.70245
1781042400,0.7025,0.70258,0.7018,0.70192
1781046000,0.70192,0.70246,0.70156,0.70243
1781049600,0.70241,0.70325,0.7017,0.70289
1781053200,0.70289,0.70312,0.70236,0.70264
1781056800,0.70264,0.70294,0.70204,0.70214
1781060400,0.70213,0.70282,0.7021,0.70268
1781064000,0.7027,0.70273,0.70154,0.70178
1781067600,0.70178,0.70204,0.7009,0.70191
1781071200,0.70193,0.70255,0.7017,0.70172
1781074800,0.70172,0.70224,0.70155,0.7018
1781078400,0.7018,0.70181,0.70096,0.701
1781082000,0.70097,0.70118,0.70044,0.70105
1781085600,0.70104,0.70128,0.7007,0.70113
1781089200,0.70117,0.70117,0.6998,0.70006
1781092800,0.70004,0.70268,0.69998,0.70118
1781096400,0.70119,0.70375,0.70118,0.70297
1781100000,0.703,0.70338,0.70188,0.70214
1781103600,0.70216,0.70267,0.70064,0.70209
1781107200,0.7021,0.7027,0.70166,0.7018
1781110800,0.7018,0.70228,0.70088,0.70172
1781114400,0.70172,0.70226,0.70074,0.70102
1781118000,0.70102,0.7011,0.69995,0.69996
1781121600,0.69996,0.70004,0.69948,0.69971
1781125200,0.69984,0.70024,0.69958,0.69962
1781128800,0.6996,0.69972,0.69903,0.69914
1781132400,0.69913,0.69999,0.69875,0.6994
1781136000,0.6994,0.70023,0.6991,0.69978
1781139600,0.69978,0.70103,0.69978,0.70074
1781143200,0.70074,0.70076,0.7,0.70031
1781146800,0.7003,0.70042,0.69981,0.7002
1781150400,0.70021,0.70102,0.70002,0.70087
1781154000,0.70088,0.70121,0.70062,0.70072
1781157600,0.70069,0.70079,0.70017,0.70022
1781161200,0.70021,0.7009,0.69992,0.70012
1781164800,0.7001,0.70022,0.69908,0.69932
1781168400,0.6993,0.70006,0.6992,0.69964
1781172000,0.69966,0.69984,0.69925,0.69954
1781175600,0.69952,0.69993,0.69932,0.69972
1781179200,0.69974,0.69989,0.69789,0.69884
1781182800,0.69886,0.69956,0.69796,0.699
1781186400,0.69902,0.69916,0.69798,0.69856
1781190000,0.69855,0.69989,0.69844,0.69938
1781193600,0.69938,0.69965,0.69884,0.69884
1781197200,0.69884,0.70334,0.69849,0.70264
1781200800,0.70268,0.70374,0.70161,0.7029
1781204400,0.70292,0.7055,0.70292,0.70482
1781208000,0.70479,0.70532,0.7045,0.70517
1781211600,0.70478,0.70522,0.70445,0.70488
1781215200,0.70488,0.70538,0.70456,0.70518
1781218800,0.70518,0.70528,0.70438,0.70476
1781222400,0.70475,0.70484,0.70406,0.70447
1781226000,0.70446,0.70449,0.70297,0.70348
1781229600,0.70348,0.70404,0.70288,0.70358
1781233200,0.70357,0.70431,0.70334,0.70394
1781236800,0.70396,0.70455,0.70368,0.70409
1781240400,0.70408,0.70422,0.70256,0.70279
1781244000,0.70278,0.704,0.70278,0.70328
1781247600,0.7033,0.70336,0.70212,0.70319
1781251200,0.70322,0.70492,0.70299,0.70408
1781254800,0.70409,0.70535,0.70388,0.70455
1781258400,0.70452,0.70504,0.70344,0.7043
1781262000,0.70431,0.70445,0.70372,0.70392
1781265600,0.70392,0.70392,0.70322,0.70352
1781269200,0.70352,0.7048,0.70317,0.70372
1781272800,0.70374,0.70518,0.7036,0.70516
1781276400,0.70522,0.70599,0.70458,0.7046
1781280000,0.7046,0.70535,0.70432,0.70492
1781283600,0.70492,0.70538,0.70473,0.70484
1781287200,0.70485,0.70522,0.70456,0.70482
1781290800,0.7048,0.70511,0.70454,0.70505
1781294400,0.705,0.70514,0.70422,0.70452
1781470800,0.70436,0.70847,0.70422,0.70845
1781474400,0.70846,0.70883,0.70742,0.70766
1781478000,0.70766,0.708,0.7071,0.70748
1781481600,0.70748,0.70868,0.70673,0.70678
1781485200,0.70678,0.70758,0.70654,0.70732
1781488800,0.70734,0.70794,0.7071,0.70764
1781492400,0.70764,0.70846,0.7076,0.70816
1781496000,0.70816,0.70822,0.7078,0.70814
1781499600,0.70816,0.70874,0.70804,0.7081
1781503200,0.70809,0.70826,0.70702,0.7075
1781506800,0.70752,0.70756,0.70658,0.7072
1781510400,0.7072,0.70764,0.70676,0.70711
1781514000,0.7071,0.70768,0.70698,0.70708
1781517600,0.70708,0.7076,0.70684,0.70723
1781521200,0.70723,0.70748,0.70694,0.70711
1781524800,0.7071,0.70738,0.70644,0.70722
1781528400,0.70722,0.70763,0.70695,0.70738
1781532000,0.70738,0.70884,0.70705,0.70862
1781535600,0.70862,0.70882,0.70788,0.70803
1781539200,0.70805,0.70834,0.70782,0.70806
1781542800,0.70806,0.70809,0.70758,0.70776
1781546400,0.70776,0.70781,0.70728,0.70745
1781550000,0.70746,0.70758,0.707,0.70707
1781553600,0.70707,0.70718,0.70692,0.70706
1781557200,0.7073,0.70733,0.70714,0.70719
1781560800,0.70719,0.70727,0.70672,0.70694
1781564400,0.70696,0.7075,0.70694,0.70718
1781568000,0.70716,0.70726,0.70668,0.70712
1781571600,0.70713,0.70736,0.70615,0.70623
1781575200,0.70624,0.7063,0.70559,0.70628
1781578800,0.70632,0.70647,0.70592,0.70618
1781582400,0.70618,0.70619,0.70454,0.70506
1781586000,0.70508,0.70553,0.70421,0.70484
1781589600,0.70486,0.70558,0.70475,0.70554
1781593200,0.70552,0.70614,0.70532,0.70614
1781596800,0.70614,0.70694,0.70578,0.70682
1781600400,0.7068,0.70692,0.70654,0.70678
1781604000,0.70677,0.70788,0.70674,0.70778
1781607600,0.70774,0.70778,0.70673,0.70688
1781611200,0.70685,0.70706,0.70632,0.70693
1781614800,0.70693,0.70768,0.70666,0.70728
1781618400,0.70728,0.70782,0.70656,0.7078
1781622000,0.70781,0.70796,0.70685,0.70763
1781625600,0.70764,0.70798,0.7073,0.70736
1781629200,0.70737,0.70744,0.7069,0.70718
1781632800,0.70718,0.7074,0.70706,0.70724
1781636400,0.70724,0.7074,0.70656,0.70664
1781640000,0.70663,0.70672,0.70652,0.70671
1781643600,0.7068,0.707,0.70652,0.7068
1781647200,0.70682,0.70705,0.70665,0.7069
1781650800,0.70691,0.70705,0.70652,0.70654
1781654400,0.70652,0.70703,0.70639,0.7069
1781658000,0.7069,0.70724,0.70654,0.70677
1781661600,0.70678,0.70698,0.70623,0.70627
1781665200,0.70627,0.70636,0.70598,0.70612
1781668800,0.70612,0.70647,0.70608,0.70612
1781672400,0.70611,0.70633,0.70572,0.7059
1781676000,0.70592,0.70603,0.70544,0.7058
1781679600,0.70583,0.70648,0.70568,0.70648
1781683200,0.70648,0.70648,0.70567,0.70614
1781686800,0.70612,0.70647,0.70604,0.7062
1781690400,0.7062,0.70622,0.70568,0.70596
1781694000,0.70594,0.70612,0.70568,0.70597
1781697600,0.706,0.70654,0.70592,0.70648
1781701200,0.70648,0.70732,0.70646,0.70688
1781704800,0.70686,0.70736,0.7061,0.70669
1781708400,0.7067,0.70733,0.70648,0.70709
1781712000,0.7071,0.70732,0.70672,0.70722
1781715600,0.70722,0.70754,0.70696,0.70748
1781719200,0.70749,0.70749,0.70318,0.70418
1781722800,0.70416,0.70452,0.69951,0.70074
1781726400,0.70074,0.70156,0.70062,0.70136
1781730000,0.70155,0.70177,0.70126,0.70154
1781733600,0.70157,0.70181,0.70131,0.70144
1781737200,0.70148,0.702,0.70148,0.70183
1781740800,0.70182,0.70321,0.70182,0.70228
1781744400,0.7023,0.70353,0.70225,0.70318
1781748000,0.70322,0.70402,0.70308,0.7036
1781751600,0.7036,0.7041,0.7036,0.704
1781755200,0.704,0.70416,0.70332,0.70342
1781758800,0.70343,0.70377,0.70288,0.70296
1781762400,0.70296,0.70404,0.70284,0.70382
1781766000,0.70379,0.70389,0.7027,0.70336
1781769600,0.70338,0.70338,0.70104,0.70119
1781773200,0.7012,0.70192,0.70076,0.70156
1781776800,0.70154,0.70155,0.70048,0.70054
1781780400,0.70055,0.70083,0.7001,0.70029
1781784000,0.70029,0.70204,0.70016,0.70182
1781787600,0.7018,0.70306,0.70132,0.70258
1781791200,0.70258,0.70377,0.70181,0.70356
1781794800,0.70358,0.7036,0.70184,0.70185
1781798400,0.70185,0.70211,0.70154,0.70192
1781802000,0.70192,0.70252,0.70177,0.70178
1781805600,0.70178,0.70196,0.70142,0.70142
1781809200,0.70142,0.70186,0.70076,0.70132
1781812800,0.7013,0.7019,0.70122,0.7014
1781816400,0.702,0.70233,0.70132,0.70149
1781820000,0.70148,0.70176,0.70145,0.70174
1781823600,0.70174,0.70178,0.70124,0.70126
1781827200,0.70126,0.70167,0.70108,0.70122
1781830800,0.70122,0.70134,0.70042,0.70048
1781834400,0.70048,0.70128,0.70046,0.70109
1781838000,0.7011,0.70124,0.69964,0.69977
1781841600,0.69978,0.69994,0.6991,0.69928
1781845200,0.69928,0.70069,0.69895,0.70043
1781848800,0.70044,0.70134,0.7004,0.70114
1781852400,0.70114,0.7016,0.70064,0.70092
1781856000,0.70091,0.70198,0.7009,0.70191
1781859600,0.70192,0.70203,0.70156,0.70162
1781863200,0.70162,0.70176,0.7011,0.70134
1781866800,0.70134,0.70156,0.70102,0.70116
1781870400,0.70116,0.70244,0.70101,0.70216
1781874000,0.70218,0.70222,0.70088,0.70096
1781877600,0.70096,0.7013,0.70076,0.7013
1781881200,0.70132,0.70142,0.7008,0.70089
1781884800,0.70084,0.70112,0.70077,0.70084
1781888400,0.70088,0.7013,0.70084,0.70119
1781892000,0.70119,0.7014,0.70111,0.70126
1781895600,0.70129,0.70168,0.70102,0.7011
1781899200,0.7011,0.70144,0.70074,0.70138
1782075600,0.7011,0.70156,0.70039,0.70092
1782079200,0.70094,0.701,0.7004,0.70049
1782082800,0.7005,0.7007,0.69991,0.70024
1782086400,0.70026,0.70126,0.7002,0.70124
1782090000,0.70126,0.70194,0.70098,0.70099
1782093600,0.70098,0.70106,0.70026,0.70089
1782097200,0.7009,0.70125,0.70023,0.70046
1782100800,0.70046,0.7006,0.70001,0.70046
1782104400,0.70045,0.7011,0.70012,0.70022
1782108000,0.70022,0.70072,0.6998,0.70042
1782111600,0.70044,0.70055,0.69976,0.69986
1782115200,0.69986,0.7,0.6994,0.69956
1782118800,0.6996,0.70032,0.69956,0.69983
1782122400,0.69986,0.70058,0.6998,0.70009
1782126000,0.70008,0.70081,0.69996,0.70018
1782129600,0.70022,0.70122,0.70016,0.7007
1782133200,0.70072,0.7013,0.70022,0.70031
1782136800,0.7003,0.70108,0.70003,0.70095
1782140400,0.70094,0.70138,0.69986,0.69994
1782144000,0.69995,0.70039,0.69966,0.70025
1782147600,0.70026,0.70039,0.69998,0.7002
1782151200,0.70019,0.7003,0.70002,0.7001
1782154800,0.70011,0.70018,0.69952,0.69998
1782158400,0.69998,0.70017,0.69992,0.70008
1782162000,0.7004,0.70053,0.70013,0.7002
1782165600,0.7002,0.70023,0.69974,0.69984
1782169200,0.69984,0.69998,0.69937,0.69943
1782172800,0.69944,0.69944,0.69828,0.69887
1782176400,0.69892,0.69904,0.69792,0.69832
1782180000,0.69829,0.69868,0.69744,0.69752
1782183600,0.6975,0.69772,0.6968,0.6977
1782187200,0.69772,0.69784,0.69654,0.6967
1782190800,0.69672,0.69688,0.69621,0.69636
1782194400,0.69636,0.69659,0.69497,0.69541
1782198000,0.69542,0.69626,0.69443,0.69475
1782201600,0.69476,0.69516,0.69422,0.69466
1782205200,0.69467,0.69573,0.6946,0.6957
1782208800,0.6957,0.696,0.69442,0.69449
1782212400,0.69448,0.69497,0.6932,0.69322
1782216000,0.69321,0.69381,0.69316,0.69366
1782219600,0.69367,0.69418,0.69307,0.69374
1782223200,0.69374,0.69383,0.69278,0.69306
1782226800,0.69306,0.69322,0.69212,0.69245
1782230400,0.69248,0.69259,0.69168,0.69178
1782234000,0.69177,0.6919,0.69128,0.69134
1782237600,0.69134,0.69148,0.6907,0.69106
1782241200,0.69109,0.69174,0.691,0.69132
1782244800,0.69132,0.69166,0.69116,0.69164
1782248400,0.69177,0.6919,0.69158,0.69177
1782252000,0.69178,0.69182,0.69144,0.69145
1782255600,0.69141,0.69161,0.69105,0.69154
1782259200,0.69154,0.69221,0.69141,0.6919
1782262800,0.69191,0.69236,0.69104,0.69172
1782266400,0.69172,0.69196,0.69032,0.69035
1782270000,0.69036,0.69098,0.69016,0.69064
1782273600,0.69068,0.69117,0.69027,0.691
1782277200,0.69099,0.69164,0.69096,0.69114
1782280800,0.69115,0.69186,0.69046,0.69064
1782284400,0.69066,0.69078,0.68992,0.68994
1782288000,0.68994,0.6901,0.68922,0.68975
1782291600,0.68974,0.68979,0.68885,0.6889
1782295200,0.68894,0.68916,0.68843,0.68898
1782298800,0.689,0.69006,0.68872,0.68962
1782302400,0.68962,0.69014,0.68874,0.68906
1782306000,0.68904,0.69006,0.68884,0.68992
1782309600,0.68992,0.6901,0.68862,0.68932
1782313200,0.68933,0.6901,0.68914,0.68942
1782316800,0.68939,0.69064,0.68932,0.69018
1782320400,0.69018,0.69026,0.68844,0.68845
1782324000,0.68846,0.6893,0.68825,0.68858
1782327600,0.68862,0.68935,0.68836,0.68925
1782331200,0.68926,0.69014,0.6891,0.69004
1782334800,0.68941,0.6902,0.68933,0.69004
1782338400,0.69005,0.6901,0.68958,0.68962
1782342000,0.68962,0.69004,0.68954,0.68986
1782345600,0.6899,0.68994,0.68898,0.68941
1782349200,0.68941,0.6908,0.68906,0.68928
1782352800,0.68932,0.68969,0.68878,0.68942
1782356400,0.68943,0.68982,0.6892,0.68972
1782360000,0.68974,0.69026,0.68966,0.6902
1782363600,0.69018,0.69037,0.68914,0.68918
1782367200,0.68915,0.68962,0.68869,0.689
1782370800,0.68901,0.69,0.68877,0.69
1782374400,0.69003,0.69072,0.68992,0.69018
1782378000,0.69018,0.69054,0.68982,0.69001
1782381600,0.69001,0.69004,0.68911,0.68926
1782385200,0.6893,0.6894,0.68882,0.68904
1782388800,0.68904,0.69145,0.68886,0.69054
1782392400,0.69054,0.69112,0.68912,0.68926
1782396000,0.68928,0.69111,0.68928,0.69062
1782399600,0.69062,0.6921,0.69062,0.69209
1782403200,0.6921,0.69276,0.69152,0.69167
1782406800,0.69166,0.692,0.69151,0.69182
1782410400,0.69182,0.69203,0.6912,0.6915
1782414000,0.69152,0.69162,0.69074,0.69118
1782417600,0.69118,0.69146,0.69098,0.69105
1782421200,0.69118,0.69152,0.69074,0.69086
1782424800,0.69086,0.69102,0.69064,0.69082
1782428400,0.69081,0.69088,0.68989,0.69002
1782432000,0.69003,0.69023,0.68961,0.68984
1782435600,0.68986,0.69022,0.68872,0.68904
1782439200,0.68907,0.68922,0.68754,0.68806
1782442800,0.68806,0.68921,0.68771,0.6892
1782446400,0.68922,0.68943,0.6885,0.68862
1782450000,0.68861,0.68966,0.68851,0.68938
1782453600,0.68937,0.68998,0.68874,0.68974
1782457200,0.68972,0.68976,0.68892,0.68914
1782460800,0.68915,0.69002,0.68863,0.68956
1782464400,0.68955,0.69068,0.68928,0.69013
1782468000,0.69016,0.6904,0.68982,0.69032
1782471600,0.69036,0.69056,0.68974,0.69
1782475200,0.68996,0.69056,0.6896,0.69032
1782478800,0.69032,0.6912,0.68958,0.69105
1782482400,0.69107,0.69172,0.68998,0.68998
1782486000,0.68998,0.69099,0.68984,0.69056
1782489600,0.69057,0.69066,0.68968,0.69008
1782493200,0.69008,0.69024,0.68972,0.68977
1782496800,0.68978,0.69008,0.6894,0.68942
1782500400,0.6894,0.69002,0.68936,0.6897
1782504000,0.68974,0.68996,0.68913,0.68947
1782680400,0.68921,0.68952,0.68884,0.689
1782684000,0.68899,0.68978,0.68899,0.68946
1782687600,0.68945,0.68977,0.68935,0.6896
1782691200,0.68956,0.68966,0.68832,0.68857
1782694800,0.68858,0.68919,0.6881,0.68849
1782698400,0.68849,0.68957,0.68838,0.68904
1782702000,0.68908,0.68954,0.68886,0.68886
1782705600,0.68886,0.68913,0.68877,0.68892
1782709200,0.68889,0.6897,0.68877,0.68957
1782712800,0.68958,0.69044,0.68934,0.69026
1782716400,0.69026,0.69043,0.68949,0.68951
1782720000,0.68952,0.6897,0.68894,0.68914
1782723600,0.68915,0.68992,0.6891,0.68988
1782727200,0.68989,0.69015,0.68968,0.69
1782730800,0.69001,0.69023,0.6897,0.6901
1782734400,0.69008,0.69018,0.68938,0.68967
1782738000,0.6897,0.68976,0.6888,0.68886
1782741600,0.68887,0.68906,0.68774,0.68804
1782745200,0.68807,0.68849,0.68788,0.68842
1782748800,0.68844,0.68908,0.68838,0.68866
1782752400,0.68867,0.68892,0.68856,0.68882
1782756000,0.68882,0.68924,0.68882,0.68903
1782759600,0.68902,0.68914,0.6888,0.68902
1782763200,0.68903,0.68909,0.68866,0.68869
1782766800,0.6889,0.68912,0.68856,0.68897
1782770400,0.68899,0.68899,0.68872,0.68876
1782774000,0.68879,0.68895,0.68816,0.68824
1782777600,0.68821,0.68821,0.68674,0.68732
1782781200,0.68733,0.68836,0.68662,0.68704
1782784800,0.68704,0.68734,0.68654,0.68686
1782788400,0.68686,0.68726,0.68674,0.68688
1782792000,0.68688,0.68739,0.68687,0.68689
1782795600,0.68688,0.6876,0.6868,0.68688
1782799200,0.6869,0.6879,0.68686,0.68786
1782802800,0.68787,0.68825,0.68762,0.68772
1782806400,0.6877,0.68824,0.68757,0.68812
1782810000,0.68812,0.6886,0.68805,0.68842
1782813600,0.6884,0.68904,0.68826,0.689
1782817200,0.68901,0.68902,0.68844,0.68878
1782820800,0.6888,0.6889,0.6882,0.68848
1782824400,0.68848,0.68946,0.68848,0.68926
1782828000,0.68926,0.69296,0.68904,0.6925
1782831600,0.6925,0.69298,0.69132,0.69142
1782835200,0.69141,0.69149,0.69095,0.6912
1782838800,0.6912,0.6919,0.69116,0.69182
1782842400,0.69184,0.69228,0.69182,0.69204
1782846000,0.69202,0.69242,0.69187,0.69232
1782849600,0.69232,0.6924,0.69188,0.69196
1782853200,0.69166,0.69191,0.69142,0.69186
1782856800,0.69186,0.69202,0.6916,0.69175
1782860400,0.69176,0.6918,0.69116,0.69121
1782864000,0.69122,0.69138,0.6901,0.69012
1782867600,0.69013,0.69027,0.68887,0.68918
1782871200,0.68921,0.68932,0.68831,0.68892
1782874800,0.68892,0.68923,0.68876,0.68916
1782878400,0.68916,0.68941,0.68856,0.68923
1782882000,0.68922,0.68966,0.68907,0.68943
1782885600,0.68939,0.68948,0.68875,0.68914
1782889200,0.68915,0.6895,0.68856,0.68932
1782892800,0.6893,0.68948,0.68888,0.68918
1782896400,0.68916,0.68943,0.68894,0.68894
1782900000,0.68897,0.68998,0.68886,0.68985
1782903600,0.68984,0.68993,0.68928,0.68934
1782907200,0.68936,0.68978,0.68894,0.68922
1782910800,0.6892,0.6916,0.68848,0.69036
1782914400,0.6904,0.69109,0.68968,0.69036
1782918000,0.69037,0.69043,0.68966,0.69025
1782921600,0.69026,0.69084,0.68996,0.69012
1782925200,0.69013,0.69032,0.68985,0.68988
1782928800,0.68989,0.69002,0.68929,0.68954
1782932400,0.68955,0.68981,0.68929,0.68936
1782936000,0.68935,0.68938,0.68904,0.68938
1782939600,0.68924,0.68987,0.68908,0.68944
1782943200,0.68947,0.68947,0.68926,0.68928
1782946800,0.68929,0.68931,0.68892,0.689
1782950400,0.68898,0.68908,0.68842,0.6889
1782954000,0.68892,0.68977,0.68888,0.68946
1782957600,0.68946,0.69018,0.68934,0.68938
1782961200,0.68938,0.6896,0.6885,0.68928
1782964800,0.68929,0.68962,0.689,0.68946
1782968400,0.6895,0.68966,0.68908,0.68936
1782972000,0.68938,0.69025,0.68933,0.68962
1782975600,0.6896,0.68977,0.689,0.68904
1782979200,0.68902,0.69114,0.68899,0.69092
1782982800,0.6909,0.69094,0.68998,0.6904
1782986400,0.6904,0.69042,0.68962,0.68977
1782990000,0.68976,0.68979,0.68878,0.68878
1782993600,0.6888,0.6942,0.68868,0.69246
1782997200,0.69245,0.69434,0.69184,0.69395
1783000800,0.69396,0.69434,0.69222,0.69351
1783004400,0.69354,0.69399,0.69284,0.69304
1783008000,0.69304,0.69308,0.69202,0.69232
1783011600,0.69232,0.69238,0.6915,0.69159
1783015200,0.69158,0.69228,0.69152,0.692
1783018800,0.692,0.6922,0.69144,0.69214
1783022400,0.69214,0.69232,0.69195,0.6922
1783026000,0.69169,0.69255,0.69144,0.69204
1783029600,0.69202,0.69216,0.69187,0.6919
1783033200,0.69193,0.69208,0.69142,0.69159
1783036800,0.69156,0.69191,0.69108,0.6919
1783040400,0.69192,0.69356,0.69178,0.69301
1783044000,0.69299,0.6939,0.6928,0.69368
1783047600,0.69369,0.69376,0.69331,0.69354
1783051200,0.69354,0.6941,0.6934,0.69388
1783054800,0.69387,0.6944,0.69378,0.69394
1783058400,0.69396,0.69498,0.69394,0.69432
1783062000,0.69432,0.69482,0.69418,0.69452
1783065600,0.69451,0.69463,0.69402,0.69412
1783069200,0.69409,0.69432,0.69368,0.69368
1783072800,0.69368,0.69404,0.69367,0.69386
1783076400,0.69386,0.69433,0.69376,0.69394
1783080000,0.69396,0.69403,0.69367,0.69369
1783083600,0.69372,0.69382,0.69343,0.69359
1783087200,0.6936,0.69392,0.69344,0.6935
1783090800,0.69351,0.69372,0.69345,0.69366
1783094400,0.69368,0.69382,0.6935,0.69378
1783098000,0.69379,0.69388,0.69374,0.6938
1783101600,0.69382,0.69386,0.69378,0.69385
1783105200,0.69384,0.69398,0.6936,0.69363
1783108800,0.69366,0.69409,0.69342,0.69409
1783285200,0.694,0.6945,0.69367,0.69422
1783288800,0.69423,0.69423,0.69361,0.69368
1783292400,0.69367,0.6939,0.69354,0.69366
1783296000,0.69364,0.69396,0.693,0.69348
1783299600,0.69346,0.69373,0.69287,0.69292
1783303200,0.69291,0.69324,0.69274,0.69292
1783306800,0.69292,0.69301,0.69218,0.69265
1783310400,0.69264,0.69341,0.69256,0.69334
1783314000,0.69335,0.69354,0.69291,0.69296
1783317600,0.69296,0.69331,0.6926,0.69284
1783321200,0.69284,0.69378,0.69256,0.69371
1783324800,0.69373,0.69385,0.69296,0.69326
1783328400,0.69326,0.69333,0.693,0.69302
1783332000,0.69301,0.69374,0.69284,0.69343
1783335600,0.69342,0.69364,0.6932,0.69339
1783339200,0.69337,0.69366,0.6924,0.69264
1783342800,0.69265,0.69356,0.69252,0.69308
1783346400,0.69312,0.69384,0.6929,0.69371
1783350000,0.69374,0.69446,0.69366,0.69433
1783353600,0.69434,0.69469,0.6943,0.69465
1783357200,0.69466,0.69538,0.69463,0.6951
1783360800,0.6951,0.6959,0.6951,0.69576
1783364400,0.69575,0.6958,0.69554,0.69566
1783368000,0.69565,0.69569,0.69542,0.69568
1783371600,0.6952,0.69585,0.6952,0.69556
1783375200,0.69554,0.6958,0.69554,0.69576
1783378800,0.69576,0.69604,0.69548,0.6955
1783382400,0.69548,0.69559,0.69484,0.69489
1783386000,0.69488,0.696,0.69464,0.69568
1783389600,0.69568,0.69589,0.695,0.695
1783393200,0.69501,0.69533,0.69424,0.69466
1783396800,0.69467,0.69494,0.6942,0.6942
1783400400,0.6942,0.69426,0.69352,0.69417
1783404000,0.69416,0.69448,0.69368,0.69448
1783407600,0.69452,0.69458,0.69383,0.69383
1783411200,0.69381,0.69462,0.69378,0.69418
1783414800,0.69418,0.69463,0.69409,0.6943
1783418400,0.69433,0.69469,0.69418,0.69463
1783422000,0.69464,0.69529,0.69436,0.69484
1783425600,0.69484,0.69551,0.69462,0.69506
1783429200,0.69507,0.69508,0.69398,0.69406
1783432800,0.69406,0.69444,0.69354,0.69406
1783436400,0.69406,0.69414,0.69338,0.69348
1783440000,0.69349,0.69376,0.69339,0.69374
1783443600,0.69374,0.69425,0.6937,0.69421
1783447200,0.69423,0.69428,0.69323,0.69334
1783450800,0.69332,0.6934,0.69213,0.69328
1783454400,0.69329,0.6933,0.69284,0.6929
1783458000,0.69284,0.69312,0.69216,0.6924
1783461600,0.6924,0.69274,0.69222,0.69266
1783465200,0.69267,0.69287,0.69214,0.69222
1783468800,0.69222,0.69359,0.69206,0.69356
1783472400,0.69358,0.69394,0.69288,0.69366
1783476000,0.69366,0.69438,0.69348,0.6939
1783479600,0.69392,0.69467,0.69392,0.69408
1783483200,0.69406,0.69427,0.69368,0.69404
1783486800,0.69404,0.69452,0.69396,0.6942
1783490400,0.69421,0.69446,0.69345,0.69374
1783494000,0.69376,0.69431,0.69306,0.6939
1783497600,0.69392,0.69396,0.6911,0.6915
1783501200,0.69149,0.6924,0.69066,0.6917
1783504800,0.69172,0.69286,0.69166,0.69228
1783508400,0.69227,0.69232,0.69078,0.69166
1783512000,0.69168,0.69316,0.69142,0.6921
1783515600,0.69206,0.69286,0.69198,0.6923
1783519200,0.69228,0.69266,0.69156,0.69184
1783522800,0.69184,0.6923,0.69068,0.691
1783526400,0.69102,0.69279,0.69094,0.69266
1783530000,0.6927,0.69372,0.69265,0.69292
1783533600,0.69292,0.69393,0.6928,0.69364
1783537200,0.69362,0.69401,0.69344,0.69377
1783540800,0.69373,0.69379,0.69282,0.69306
1783544400,0.69312,0.6936,0.69263,0.6929
1783548000,0.69288,0.69326,0.69284,0.69299
1783551600,0.693,0.69366,0.69292,0.6936
1783555200,0.69361,0.69403,0.69298,0.69333
1783558800,0.69334,0.69336,0.69252,0.69314
1783562400,0.69314,0.69373,0.69301,0.69313
1783566000,0.69309,0.69374,0.69278,0.69344
1783569600,0.69343,0.69379,0.69316,0.69374
1783573200,0.69376,0.694,0.69343,0.69381
1783576800,0.69381,0.6946,0.69376,0.69396
1783580400,0.69397,0.69406,0.69336,0.69379
1783584000,0.6938,0.69403,0.69342,0.6935
1783587600,0.69348,0.69382,0.69323,0.69378
1783591200,0.69377,0.69382,0.69295,0.69316
1783594800,0.69318,0.69355,0.693,0.69348
1783598400,0.69349,0.69406,0.69312,0.69324
1783602000,0.69323,0.69411,0.69323,0.69409
1783605600,0.6941,0.69448,0.69362,0.69382
1783609200,0.69381,0.69462,0.69362,0.69436
1783612800,0.69436,0.69471,0.69406,0.69412
1783616400,0.69412,0.69458,0.69408,0.69452
1783620000,0.69448,0.69456,0.69412,0.6943
1783623600,0.69428,0.69435,0.69378,0.69394
1783627200,0.69392,0.69418,0.69392,0.69414
1783630800,0.69434,0.69434,0.69376,0.6939
1783634400,0.69391,0.69424,0.6939,0.69414
1783638000,0.69413,0.6943,0.69412,0.6943
1783641600,0.69434,0.69468,0.69338,0.69454
1783645200,0.69454,0.69536,0.6943,0.695
1783648800,0.69501,0.69699,0.69484,0.69672
1783652400,0.6967,0.69686,0.69592,0.69604
1783656000,0.69604,0.69604,0.69531,0.69545
1783659600,0.69546,0.69562,0.69463,0.69488
1783663200,0.69486,0.69546,0.69484,0.695
1783666800,0.69501,0.6951,0.69438,0.69454
1783670400,0.69454,0.69486,0.69416,0.6943
1783674000,0.69428,0.69476,0.69418,0.69458
1783677600,0.69459,0.69525,0.69458,0.69484
1783681200,0.69482,0.69498,0.69426,0.6949
1783684800,0.69492,0.6958,0.69456,0.695
1783688400,0.69499,0.69536,0.69468,0.69484
1783692000,0.69486,0.6952,0.69358,0.69458
1783695600,0.69458,0.69594,0.6944,0.6959
1783699200,0.69586,0.69651,0.69578,0.69584
1783702800,0.69579,0.69592,0.69529,0.6953
1783706400,0.69532,0.69544,0.69514,0.69524
1783710000,0.69524,0.69532,0.6951,0.69526
1783713600,0.69524,0.69542,0.69502,0.69524
1783890000,0.69487,0.69488,0.6942,0.69434
1783893600,0.69432,0.69442,0.69322,0.69375
1783897200,0.69374,0.69419,0.69366,0.69418
1783900800,0.69421,0.69438,0.6933,0.69334
1783904400,0.69338,0.69374,0.69286,0.69352
1783908000,0.69352,0.69379,0.69313,0.69313
1783911600,0.6931,0.69318,0.69242,0.69301
1783915200,0.693,0.69335,0.69252,0.69328
1783918800,0.69328,0.69379,0.69254,0.69289
1783922400,0.69289,0.69332,0.6924,0.69288
1783926000,0.69289,0.69374,0.69277,0.69374
1783929600,0.69378,0.69472,0.69372,0.6942
1783933200,0.6942,0.69433,0.6939,0.69418
1783936800,0.6942,0.6946,0.69385,0.6946
1783940400,0.69464,0.69497,0.69422,0.69452
1783944000,0.69452,0.69462,0.69382,0.6946
1783947600,0.69464,0.69484,0.6934,0.69364
1783951200,0.69364,0.69395,0.69271,0.69359
1783954800,0.69361,0.69389,0.69321,0.6934
1783958400,0.69342,0.6937,0.69178,0.69219
1783962000,0.6922,0.6926,0.69204,0.69214
1783965600,0.69216,0.69225,0.69177,0.69221
1783969200,0.69224,0.69227,0.6915,0.69179
1783972800,0.69178,0.69182,0.69133,0.69176
1783976400,0.69214,0.69216,0.69155,0.6918
1783980000,0.69177,0.69205,0.69162,0.69169
1783983600,0.69168,0.69196,0.69154,0.69194
1783987200,0.69196,0.69222,0.6913,0.6919
1783990800,0.69189,0.69242,0.69159,0.69204
1783994400,0.69204,0.69281,0.69198,0.69238
1783998000,0.69238,0.69329,0.69216,0.69302
1784001600,0.69303,0.69336,0.69286,0.69331
1784005200,0.69332,0.69388,0.69326,0.69343
1784008800,0.69342,0.69359,0.69286,0.69287
1784012400,0.69288,0.6943,0.69277,0.69408
1784016000,0.6941,0.69453,0.69372,0.69436
1784019600,0.69438,0.69536,0.69428,0.69516
1784023200,0.69518,0.69532,0.69406,0.69407
1784026800,0.69409,0.69458,0.69385,0.69448
1784030400,0.69444,0.69835,0.6941,0.69692
1784034000,0.69694,0.69832,0.69684,0.69816
1784037600,0.69816,0.69932,0.69785,0.69866
1784041200,0.69867,0.69929,0.69717,0.6973
1784044800,0.6973,0.69785,0.69687,0.6978
1784048400,0.6978,0.69792,0.69708,0.69752
1784052000,0.69753,0.69769,0.69694,0.69746
1784055600,0.69748,0.69754,0.69712,0.69725
1784059200,0.69724,0.69748,0.69708,0.69745
1784062800,0.69802,0.69802,0.69707,0.69742
1784066400,0.69742,0.69748,0.69724,0.69728
1784070000,0.69728,0.69775,0.6972,0.69762
1784073600,0.69764,0.69856,0.69756,0.69852
1784077200,0.69851,0.69873,0.69797,0.6987
1784080800,0.6987,0.69921,0.69825,0.69916
1784084400,0.69914,0.69928,0.69838,0.6987
1784088000,0.69872,0.69888,0.69832,0.69838
1784091600,0.69842,0.69895,0.69821,0.6987
1784095200,0.69869,0.69909,0.69849,0.6985
1784098800,0.69852,0.69902,0.69777,0.69866
1784102400,0.69866,0.69902,0.69846,0.69882
1784106000,0.69882,0.69906,0.69846,0.69862
1784109600,0.6986,0.69861,0.69802,0.6984
1784113200,0.69838,0.69874,0.69828,0.69856
1784116800,0.69858,0.69974,0.69826,0.69961
1784120400,0.69963,0.69988,0.699,0.69939
1784124000,0.69941,0.69997,0.6992,0.69992
1784127600,0.69988,0.70029,0.69951,0.69981
1784131200,0.69981,0.69989,0.69892,0.69934
1784134800,0.69938,0.70164,0.69934,0.70146
1784138400,0.70148,0.70212,0.70083,0.70084
1784142000,0.70084,0.70132,0.70046,0.70072
1784145600,0.7007,0.7008,0.7005,0.70064
1784149200,0.70059,0.70118,0.70039,0.70046
1784152800,0.7005,0.70075,0.7005,0.70057
1784156400,0.70059,0.70104,0.70056,0.70078
1784160000,0.70078,0.7011,0.69959,0.69985
1784163600,0.69987,0.69992,0.69903,0.69922
1784167200,0.69923,0.69958,0.69863,0.69956
1784170800,0.69957,0.70014,0.69947,0.70008
1784174400,0.70009,0.70036,0.69988,0.69992
1784178000,0.69992,0.70015,0.69942,0.69948
1784181600,0.69948,0.70006,0.69942,0.69999
1784185200,0.69998,0.70014,0.69966,0.69975
1784188800,0.69977,0.70001,0.69942,0.69987
1784192400,0.69988,0.70034,0.6997,0.69996
1784196000,0.69995,0.70056,0.6999,0.70033
1784199600,0.70034,0.70078,0.69951,0.70077
1784203200,0.70074,0.70105,0.69964,0.69977
1784206800,0.69978,0.701,0.69976,0.70034
1784210400,0.70034,0.70126,0.70022,0.7005
1784214000,0.70047,0.7006,0.70004,0.70017
1784217600,0.70016,0.70022,0.69924,0.6994
1784221200,0.6994,0.69956,0.69902,0.6993
1784224800,0.6993,0.69958,0.69916,0.69953
1784228400,0.6995,0.69964,0.69918,0.69956
1784232000,0.69954,0.6998,0.69944,0.69974
1784235600,0.69932,0.69996,0.69932,0.69955
1784239200,0.69956,0.69985,0.69955,0.69964
1784242800,0.69965,0.70006,0.6996,0.70004
1784246400,0.70002,0.70012,0.69916,0.69988
1784250000,0.69988,0.70006,0.69806,0.69834
1784253600,0.69836,0.69856,0.69778,0.69794
1784257200,0.69794,0.69875,0.69794,0.69826
1784260800,0.69828,0.69828,0.69765,0.69792
1784264400,0.69793,0.6981,0.69767,0.69781
1784268000,0.69782,0.69904,0.69778,0.69861
1784271600,0.69857,0.69904,0.69836,0.69838
1784275200,0.69838,0.69876,0.6972,0.6973
1784278800,0.69728,0.69754,0.69662,0.69721
1784282400,0.6972,0.69734,0.69691,0.69704
1784286000,0.69706,0.69779,0.69672,0.69747
1784289600,0.69748,0.69762,0.69682,0.69694
1784293200,0.69696,0.69783,0.69664,0.69782
1784296800,0.69782,0.69835,0.69766,0.69811
1784300400,0.69812,0.69857,0.69791,0.6984
1784304000,0.69841,0.69874,0.69787,0.69836
1784307600,0.69838,0.69853,0.69812,0.6982
1784311200,0.69821,0.69845,0.69809,0.69818
1784314800,0.69821,0.69856,0.69794,0.69846
1784318400,0.69846,0.69847,0.69796,0.69816
1784494800,0.69664,0.69672,0.69644,0.69669
1784498400,0.69669,0.69772,0.69668,0.69754
1784502000,0.69752,0.69789,0.69737,0.69788
1784505600,0.69788,0.69858,0.69748,0.69848
1784509200,0.69849,0.699,0.69846,0.69879
1784512800,0.69882,0.69955,0.69875,0.69922
1784516400,0.69923,0.69948,0.69897,0.69938
1784520000,0.69938,0.69993,0.69936,0.6997
1784523600,0.6997,0.69974,0.69903,0.69906
1784527200,0.69908,0.6993,0.69859,0.69898
1784530800,0.699,0.70048,0.69894,0.70003
1784534400,0.70003,0.70033,0.69975,0.70006
1784538000,0.70004,0.70004,0.69959,0.69988
1784541600,0.69986,0.70082,0.69978,0.70067
1784545200,0.70068,0.70148,0.70044,0.70095
1784548800,0.70096,0.70096,0.7001,0.70048
1784552400,0.7005,0.70114,0.70031,0.70108
1784556000,0.70108,0.70143,0.6998,0.70004
1784559600,0.70001,0.70036,0.69983,0.70028
1784563200,0.70027,0.70081,0.69988,0.70034
1784566800,0.70034,0.7005,0.70018,0.70038
1784570400,0.7004,0.70076,0.70002,0.70022
1784574000,0.70026,0.70031,0.69982,0.7
1784577600,0.70002,0.7001,0.69964,0.69989
1784581200,0.70027,0.70027,0.6994,0.6995
1784584800,0.69954,0.69982,0.69934,0.69954
1784588400,0.69954,0.7001,0.69948,0.70005
1784592000,0.70002,0.70058,0.6997,0.70019
1784595600,0.7002,0.70076,0.70009,0.70055
1784599200,0.70056,0.70098,0.7004,0.70067
1784602800,0.70066,0.70076,0.7004,0.7004
1784606400,0.70041,0.7008,0.70039,0.70077
1784610000,0.70076,0.70106,0.70065,0.70086
1784613600,0.70087,0.70188,0.70087,0.70174
1784617200,0.70176,0.70229,0.70161,0.70188
1784620800,0.70189,0.7023,0.70185,0.70222
1784624400,0.70221,0.70262,0.70213,0.70238
1784628000,0.70238,0.70269,0.70188,0.70196
1784631600,0.70198,0.702,0.70148,0.70181
1784635200,0.70182,0.70191,0.7011,0.70162
1784638800,0.70164,0.70168,0.70026,0.70054
1784642400,0.70055,0.70124,0.70028,0.70045
1784646000,0.70044,0.70126,0.70033,0.70074
1784649600,0.70074,0.70081,0.70036,0.70069
1784653200,0.70069,0.7008,0.7005,0.70058
1784656800,0.70058,0.70061,0.70026,0.70054
1784660400,0.70056,0.7006,0.70006,0.70032
1784664000,0.70032,0.70036,0.69974,0.69984
1784667600,0.70013,0.70016,0.6999,0.69998
1784671200,0.69998,0.70002,0.69972,0.69978
1784674800,0.69978,0.70006,0.69968,0.70004
1784678400,0.70005,0.70094,0.69988,0.7009
1784682000,0.70091,0.70126,0.70032,0.70056
1784685600,0.70057,0.7008,0.70004,0.7004
1784689200,0.7004,0.70059,0.69984,0.69992
1784692800,0.69992,0.70006,0.69964,0.69993
1784696400,0.69994,0.70004,0.69936,0.69971
1784700000,0.6997,0.70001,0.699,0.6996
1784703600,0.69962,0.7005,0.69944,0.69962
1784707200,0.6996,0.69993,0.69922,0.69972
1784710800,0.69972,0.6999,0.6992,0.69938
1784714400,0.69938,0.6996,0.69914,0.69926
1784718000,0.69925,0.69945,0.6989,0.69944
1784721600,0.69945,0.6996,0.69802,0.69846
1784725200,0.69847,0.69996,0.69846,0.6995
1784728800,0.6995,0.69993,0.69924,0.69962
1784732400,0.69962,0.70002,0.6995,0.70002
1784736000,0.70004,0.70008,0.69934,0.69954
1784739600,0.69953,0.69968,0.69921,0.69924
1784743200,0.69926,0.69954,0.6991,0.69948
1784746800,0.69948,0.6996,0.6993,0.69952
1784750400,0.69953,0.69982,0.69949,0.6997
1784754000,0.69956,0.69958,0.6988,0.69916
1784757600,0.69918,0.69934,0.69868,0.6989
1784761200,0.6989,0.69908,0.69882,0.69893
1784764800,0.69896,0.69945,0.69882,0.69942
1784768400,0.69943,0.70208,0.69942,0.70112
1784772000,0.7011,0.70177,0.70099,0.70158
1784775600,0.70161,0.70192,0.70116,0.70185
1784779200,0.70186,0.70213,0.70134,0.70152
1784782800,0.70152,0.70172,0.7012,0.70124
1784786400,0.70123,0.7015,0.70057,0.70058
1784790000,0.70058,0.70097,0.69974,0.70037
1784793600,0.7004,0.7005,0.69976,0.70006
1784797200,0.70006,0.7006,0.69978,0.69986
1784800800,0.69986,0.70008,0.69956,0.69977
1784804400,0.69976,0.69985,0.69842,0.69931
1784808000,0.69932,0.6994,0.69748,0.69789
1784811600,0.69788,0.69824,0.69675,0.69728
1784815200,0.69728,0.69789,0.69687,0.69734
1784818800,0.69734,0.69764,0.69648,0.69742
1784822400,0.69746,0.69786,0.69732,0.6978
1784826000,0.69782,0.69782,0.69694,0.69694
1784829600,0.69694,0.69701,0.69644,0.69664
1784833200,0.69662,0.69674,0.69622,0.69662
1784836800,0.69661,0.69687,0.69661,0.6968
1784840400,0.69652,0.69708,0.69642,0.69692
1784844000,0.69693,0.69699,0.6967,0.69688
1784847600,0.69688,0.697,0.6966,0.6967
1784851200,0.6967,0.69769,0.69662,0.69768
1784854800,0.69767,0.69798,0.69721,0.69762
1784858400,0.69765,0.6981,0.6973,0.69731
1784862000,0.6973,0.6977,0.6973,0.69747
1784865600,0.69744,0.69772,0.69716,0.69734
1784869200,0.69734,0.698,0.69729,0.69732
1784872800,0.69734,0.69836,0.69734,0.69836
1784876400,0.69836,0.69896,0.69819,0.69844
1784880000,0.69846,0.69892,0.69827,0.69878
1784883600,0.69879,0.69922,0.69864,0.69921
1784887200,0.69922,0.69956,0.69903,0.69917
1784890800,0.69918,0.69934,0.69853,0.69884
1784894400,0.69882,0.6989,0.69746,0.69768
1784898000,0.69764,0.69779,0.69728,0.69772
1784901600,0.69773,0.69894,0.6977,0.69876
1784905200,0.69877,0.7001,0.69873,0.69954
1784908800,0.69956,0.69962,0.69888,0.69906
1784912400,0.69906,0.6991,0.69844,0.6986
1784916000,0.69857,0.69864,0.69814,0.69828
1784919600,0.6983,0.69833,0.69792,0.69806
1784923200,0.69804,0.69844,0.69787,0.69837
1785099600,0.70016,0.7006,0.69952,0.70026
1785103200,0.70026,0.70068,0.6991,0.69919
1785106800,0.69924,0.69957,0.69906,0.69942
1785110400,0.69942,0.70023,0.6993,0.69933
1785114000,0.69934,0.70056,0.69928,0.70054
1785117600,0.70056,0.70058,0.69984,0.69987
1785121200,0.69986,0.70002,0.69938,0.69984
1785124800,0.69986,0.69999,0.69942,0.69966
1785128400,0.69968,0.70037,0.69962,0.70021
1785132000,0.70022,0.70113,0.70012,0.7006
1785135600,0.7006,0.70098,0.70006,0.70006
1785139200,0.70004,0.70039,0.7,0.70032
1785142800,0.70032,0.70038,0.69997,0.7002
1785146400,0.70018,0.70057,0.69994,0.70023
1785150000,0.70022,0.70045,0.69974,0.6998
1785153600,0.69982,0.7001,0.69928,0.69965
1785157200,0.69965,0.70012,0.69944,0.69962
1785160800,0.69962,0.69973,0.69855,0.69926
1785164400,0.69926,0.6996,0.69897,0.69924
1785168000,0.69924,0.69996,0.69906,0.69948
1785171600,0.69948,0.69948,0.6987,0.69894
1785175200,0.69895,0.69898,0.6986,0.69884
1785178800,0.69888,0.69936,0.69878,0.69924
1785182400,0.69925,0.69929,0.69889,0.69897
1785186000,0.69901,0.6992,0.69878,0.69912
1785189600,0.69913,0.69913,0.69874,0.69874
1785193200,0.69872,0.69874,0.69848,0.6987
1785196800,0.6987,0.699,0.69815,0.69893
1785200400,0.69893,0.69945,0.69861,0.69897
1785204000,0.69898,0.69968,0.69886,0.69936
1785207600,0.69936,0.69947,0.69804,0.69813
1785211200,0.6981,0.69811,0.697,0.69713
1785214800,0.69712,0.6972,0.6963,0.6967
1785218400,0.6967,0.69752,0.69638,0.69712
1785222000,0.69712,0.69764,0.69663,0.6969
1785225600,0.69689,0.69738,0.69662,0.69734
1785229200,0.69735,0.69748,0.69648,0.69652
1785232800,0.6965,0.69672,0.69628,0.69652
1785236400,0.69656,0.69675,0.69632,0.69653
1785240000,0.69654,0.69716,0.6965,0.69694
1785243600,0.69696,0.69742,0.69655,0.69711
1785247200,0.69712,0.69744,0.69634,0.69669
1785250800,0.6967,0.69832,0.69656,0.69831
1785254400,0.69832,0.69865,0.69806,0.69821
1785258000,0.6982,0.69836,0.69748,0.69754
1785261600,0.69754,0.69774,0.6974,0.6975
1785265200,0.6975,0.69778,0.69744,0.69744
1785268800,0.69744,0.69755,0.69734,0.69741
1785272400,0.69782,0.69787,0.69734,0.69742
1785276000,0.69742,0.69764,0.69704,0.69732
1785279600,0.69732,0.69779,0.69721,0.69745
1785283200,0.69747,0.69764,0.69695,0.697
1785286800,0.69699,0.69726,0.69377,0.69467
1785290400,0.69467,0.69566,0.69442,0.69484
1785294000,0.69484,0.69511,0.69442,0.6947
1785297600,0.6947,0.6953,0.69426,0.69524
1785301200,0.69525,0.69575,0.69518,0.69558
1785304800,0.69558,0.69595,0.69515,0.69524
1785308400,0.69524,0.69568,0.69473,0.69478
1785312000,0.6948,0.6948,0.69411,0.69432
1785315600,0.69433,0.6945,0.69404,0.69416
1785319200,0.69416,0.69438,0.69394,0.69412
1785322800,0.69414,0.69455,0.694,0.69434
1785326400,0.69434,0.69443,0.69351,0.69423
1785330000,0.69422,0.69495,0.69402,0.6949
1785333600,0.69494,0.69514,0.6924,0.6924
1785337200,0.6924,0.69308,0.6923,0.69296
1785340800,0.69299,0.69302,0.69222,0.69286
1785344400,0.69284,0.69366,0.69274,0.69352
1785348000,0.69348,0.69844,0.69308,0.69842
1785351600,0.69845,0.6989,0.69474,0.69482
1785355200,0.69482,0.69556,0.69453,0.69546
1785358800,0.69558,0.69558,0.69482,0.69503
1785362400,0.69502,0.69589,0.69502,0.69586
1785366000,0.69588,0.69645,0.69578,0.6959
1785369600,0.6959,0.69656,0.69506,0.69569
1785373200,0.6957,0.6964,0.69558,0.69588
1785376800,0.69588,0.69626,0.69545,0.69545
1785380400,0.69544,0.69574,0.69499,0.6951
1785384000,0.69513,0.6954,0.69494,0.69504
1785387600,0.69504,0.69568,0.69484,0.695
1785391200,0.69501,0.69558,0.69464,0.69534
1785394800,0.69535,0.69626,0.69504,0.69506
1785398400,0.69506,0.69635,0.695,0.696
1785402000,0.696,0.69761,0.69599,0.69728
1785405600,0.69727,0.69836,0.69716,0.69767
1785409200,0.69768,0.69825,0.69747,0.69825
1785412800,0.69824,0.69848,0.69749,0.69753
1785416400,0.69754,0.70189,0.69737,0.70187
1785420000,0.70188,0.70244,0.70028,0.70044
1785423600,0.70044,0.70242,0.70036,0.70212
1785427200,0.70212,0.70286,0.70212,0.70264
1785430800,0.70265,0.70313,0.70221,0.70302
1785434400,0.70301,0.70331,0.7027,0.70296
1785438000,0.70296,0.70325,0.7028,0.70318
1785441600,0.70318,0.70334,0.70282,0.70297
1785445200,0.70236,0.7028,0.7023,0.70263
1785448800,0.70264,0.70308,0.7026,0.7029
1785452400,0.7029,0.7031,0.70234,0.70247
1785456000,0.70249,0.70321,0.70234,0.703
1785459600,0.70301,0.70332,0.70226,0.70245
1785463200,0.70242,0.7026,0.70204,0.70249
1785466800,0.70246,0.7026,0.70198,0.70254
1785470400,0.70253,0.70311,0.70253,0.70274
1785474000,0.7027,0.70314,0.70266,0.70296
1785477600,0.70296,0.70384,0.70284,0.70332
1785481200,0.7033,0.70374,0.70294,0.70307
1785484800,0.70308,0.70438,0.70258,0.70418
1785488400,0.70418,0.70447,0.70288,0.70344
1785492000,0.70343,0.70358,0.70297,0.70307
1785495600,0.70308,0.70328,0.70188,0.70188
1785499200,0.7019,0.70202,0.70092,0.70122
1785502800,0.70121,0.7025,0.70022,0.70024
1785506400,0.70024,0.70258,0.69914,0.70228
1785510000,0.70227,0.70275,0.70174,0.70242
1785513600,0.70245,0.70286,0.70222,0.70256
1785517200,0.70257,0.70384,0.70256,0.7035
1785520800,0.7035,0.70374,0.70328,0.7037
1785524400,0.7037,0.7042,0.70354,0.70358
1785528000,0.70358,0.70424,0.70236,0.70302
1785704400,0.70456,0.70478,0.70386,0.70403
1785708000,0.70406,0.705,0.70391,0.7046
1785711600,0.70456,0.7047,0.70422,0.70454
1785715200,0.70456,0.70503,0.70395,0.7042
1785718800,0.70423,0.7043,0.70316,0.70338
1785722400,0.70336,0.70342,0.70285,0.7031
1785726000,0.70309,0.70313,0.70276,0.70292
1785729600,0.70295,0.7033,0.70289,0.70308
1785733200,0.70308,0.70363,0.70298,0.70362
1785736800,0.70362,0.70377,0.70266,0.70271
1785740400,0.7027,0.70284,0.7016,0.70176
1785744000,0.70176,0.70178,0.70076,0.70094
1785747600,0.70094,0.70108,0.70036,0.70036
1785751200,0.70038,0.7004,0.69982,0.70004
1785754800,0.70004,0.70088,0.69992,0.70082
1785758400,0.70084,0.70091,0.69964,0.69984
1785762000,0.69984,0.7,0.6984,0.69914
1785765600,0.6989,0.69998,0.69882,0.69988
1785769200,0.69988,0.70006,0.6995,0.69994
1785772800,0.69993,0.70006,0.69964,0.6997
1785776400,0.6997,0.6997,0.6992,0.69926
1785780000,0.69926,0.69997,0.69918,0.69994
1785783600,0.69994,0.70014,0.69984,0.69998
1785787200,0.69996,0.7001,0.69976,0.70008
1785790800,0.70021,0.70026,0.69978,0.69995
1785794400,0.69996,0.70004,0.69972,0.69992
1785798000,0.69996,0.69997,0.69964,0.69974
1785801600,0.69972,0.70062,0.6997,0.70001
1785805200,0.7,0.70147,0.69972,0.70135
1785808800,0.70134,0.70182,0.70097,0.70152
1785812400,0.70152,0.70236,0.70152,0.70188
1785816000,0.70189,0.70202,0.70167,0.70192
1785819600,0.7019,0.70215,0.70145,0.70186
1785823200,0.70187,0.70212,0.70119,0.70142
1785826800,0.70145,0.7023,0.70142,0.70176
1785830400,0.70176,0.70246,0.70176,0.70228
1785834000,0.70228,0.70272,0.70204,0.70271
1785837600,0.7027,0.70357,0.70265,0.70314
1785841200,0.70316,0.70376,0.703,0.70325
1785844800,0.70324,0.70366,0.70286,0.70334
1785848400,0.70332,0.7038,0.70304,0.70362
1785852000,0.70362,0.7042,0.70348,0.70384
1785855600,0.70384,0.70389,0.7031,0.70368
1785859200,0.7037,0.70392,0.70349,0.70382
1785862800,0.70382,0.70421,0.70382,0.70396
1785866400,0.70398,0.70466,0.70388,0.70457
1785870000,0.70458,0.70486,0.70445,0.70461
1785873600,0.70462,0.7048,0.70456,0.70464
1785877200,0.7044,0.70456,0.70412,0.70454
1785880800,0.70452,0.70495,0.70448,0.70495
1785884400,0.70494,0.70496,0.7046,0.70466
1785888000,0.70464,0.70534,0.70428,0.70435
1785891600,0.70436,0.70462,0.70398,0.70436
1785895200,0.70434,0.70514,0.70404,0.70474
1785898800,0.70472,0.70526,0.70466,0.70489
1785902400,0.70488,0.7056,0.7048,0.70486
1785906000,0.70484,0.70488,0.70454,0.70481
1785909600,0.70481,0.70508,0.70429,0.70492
1785913200,0.70491,0.70509,0.70401,0.70472
1785916800,0.70472,0.70484,0.7042,0.70432
1785920400,0.7043,0.70475,0.7043,0.70463
1785924000,0.70462,0.70466,0.70404,0.70424
1785927600,0.70425,0.70508,0.70425,0.70494
1785931200,0.70494,0.70543,0.70466,0.70476
1785934800,0.70478,0.7055,0.7045,0.70536
1785938400,0.70536,0.70646,0.70518,0.70578
1785942000,0.70574,0.70602,0.70492,0.705
1785945600,0.705,0.70544,0.70486,0.7052
1785949200,0.70521,0.70613,0.70502,0.70606
1785952800,0.70605,0.7063,0.70592,0.70607
1785956400,0.70605,0.70616,0.70551,0.70552
1785960000,0.70554,0.7058,0.70548,0.70572
1785963600,0.70562,0.70579,0.70534,0.70542
1785967200,0.7054,0.70588,0.70539,0.7058
1785970800,0.70579,0.70593,0.70556,0.70572
1785974400,0.70572,0.70602,0.70544,0.70574
1785978000,0.70572,0.70594,0.7054,0.7057
1785981600,0.70569,0.70604,0.7055,0.70561
1785985200,0.70562,0.70562,0.70455,0.70474
1785988800,0.70476,0.70479,0.7044,0.70476
1785992400,0.70477,0.70488,0.70426,0.70475
1785996000,0.70476,0.7049,0.70387,0.70416
1785999600,0.70418,0.70446,0.70364,0.70378
1786003200,0.7038,0.70445,0.70362,0.70444
1786006800,0.70443,0.70444,0.70394,0.7042
1786010400,0.70421,0.70434,0.70388,0.70424
1786014000,0.70424,0.70433,0.70368,0.70432
1786017600,0.70432,0.70446,0.70366,0.70383
1786021200,0.70384,0.70421,0.70332,0.70406
1786024800,0.70406,0.70421,0.70365,0.70417
1786028400,0.70418,0.70424,0.70266,0.70275
1786032000,0.70276,0.70314,0.70228,0.70314
1786035600,0.70316,0.70338,0.70297,0.7033
1786039200,0.70328,0.70354,0.70318,0.70334
1786042800,0.70336,0.70356,0.70295,0.70333
1786046400,0.70332,0.70339,0.70299,0.70323
1786050000,0.70314,0.70336,0.70276,0.70295
1786053600,0.70295,0.70325,0.70295,0.70298
1786057200,0.70298,0.70339,0.70298,0.70331
1786060800,0.70331,0.70336,0.70258,0.70286
1786064400,0.70288,0.70318,0.7026,0.70288
1786068000,0.70288,0.70301,0.70227,0.7024
1786071600,0.7024,0.70254,0.7023,0.70252
1786075200,0.7025,0.70294,0.70242,0.70264
1786078800,0.70265,0.70307,0.70254,0.70286
1786082400,0.70284,0.70341,0.70274,0.70331
1786086000,0.70331,0.70365,0.70324,0.70353
1786089600,0.70353,0.70386,0.70334,0.70371
1786093200,0.70371,0.70424,0.70365,0.70408
1786096800,0.70408,0.70418,0.70358,0.70362
1786100400,0.70362,0.70414,0.70362,0.70406
1786104000,0.70406,0.7078,0.70368,0.70679
1786107600,0.70678,0.707,0.70586,0.70598
1786111200,0.70599,0.7069,0.70574,0.706
1786114800,0.70599,0.70654,0.70559,0.70629
1786118400,0.7063,0.70694,0.70626,0.70654
1786122000,0.70652,0.70691,0.70641,0.70668
1786125600,0.70669,0.70692,0.70654,0.70686
1786129200,0.70686,0.7075,0.70686,0.70696
1786132800,0.70697,0.70704,0.70642,0.70685
1786309200,0.70656,0.707,0.70586,0.70668
1786312800,0.70662,0.707,0.70652,0.70652
1786316400,0.70653,0.70676,0.7062,0.70621
1786320000,0.70622,0.70702,0.70616,0.7062
1786323600,0.70621,0.70652,0.70572,0.70643
1786327200,0.70642,0.70655,0.70608,0.70612
1786330800,0.70612,0.70616,0.70576,0.70588
1786334400,0.70589,0.70618,0.70566,0.70608
1786338000,0.70607,0.7069,0.70604,0.7069
1786341600,0.70688,0.70694,0.70646,0.70666
1786345200,0.70668,0.70718,0.70642,0.70706
1786348800,0.70706,0.70743,0.70688,0.70698
1786352400,0.70697,0.70707,0.70645,0.70646
1786356000,0.70646,0.70678,0.70629,0.7067
1786359600,0.70668,0.70678,0.70616,0.70634
1786363200,0.70632,0.70638,0.70557,0.70568
1786366800,0.70569,0.70597,0.70534,0.70568
1786370400,0.70567,0.70662,0.70562,0.70626
1786374000,0.70626,0.70666,0.70606,0.70652
1786377600,0.70652,0.70662,0.706,0.70609
1786381200,0.7061,0.70614,0.70544,0.70548
1786384800,0.7055,0.70587,0.70544,0.70566
1786388400,0.70565,0.70574,0.70542,0.70546
1786392000,0.70545,0.70554,0.70535,0.70541
1786395600,0.70581,0.70593,0.70535,0.70546
1786399200,0.70542,0.70564,0.7053,0.70564
1786402800,0.70564,0.70574,0.70534,0.70552
1786406400,0.70552,0.70583,0.70546,0.70555
1786410000,0.70554,0.70626,0.70513,0.70584
1786413600,0.70586,0.70601,0.70532,0.70534
1786417200,0.70536,0.70596,0.70536,0.70576
1786420800,0.70578,0.70615,0.70394,0.70502
1786424400,0.70504,0.7057,0.70419,0.70551
1786428000,0.70552,0.70588,0.70502,0.70524
1786431600,0.70526,0.70558,0.70472,0.70476
1786435200,0.70475,0.70546,0.7047,0.70526
1786438800,0.70524,0.7057,0.70509,0.7057
1786442400,0.70569,0.70614,0.70554,0.70614
1786446000,0.70614,0.70688,0.70598,0.70609
1786449600,0.7061,0.70669,0.70595,0.70639
1786453200,0.7064,0.70695,0.7064,0.70676
1786456800,0.70675,0.70692,0.70632,0.70639
1786460400,0.7064,0.70646,0.70564,0.70612
1786464000,0.70616,0.70628,0.70602,0.70617
1786467600,0.70618,0.70626,0.70576,0.70593
1786471200,0.7059,0.70594,0.70542,0.70588
1786474800,0.70588,0.70618,0.70581,0.70612
1786478400,0.70611,0.70624,0.70604,0.7062
1786482000,0.70626,0.70626,0.70579,0.70596
1786485600,0.70599,0.70642,0.70599,0.70639
1786489200,0.70642,0.70646,0.70628,0.70638
1786492800,0.70638,0.70688,0.70631,0.70646
1786496400,0.70647,0.70647,0.70572,0.70589
1786500000,0.70589,0.70594,0.70544,0.70581
1786503600,0.70582,0.70593,0.70553,0.70569
1786507200,0.7057,0.70575,0.70553,0.70564
1786510800,0.70564,0.706,0.70542,0.706
1786514400,0.706,0.7061,0.7056,0.706
1786518000,0.706,0.70624,0.70566,0.70578
1786521600,0.70578,0.70604,0.70562,0.70598
1786525200,0.70599,0.70718,0.70599,0.70646
1786528800,0.70646,0.70694,0.70622,0.70653
1786532400,0.70654,0.70716,0.70639,0.70707
1786536000,0.70708,0.7089,0.70599,0.70882
1786539600,0.70882,0.70912,0.70798,0.70845
1786543200,0.70846,0.70871,0.70699,0.70728
1786546800,0.70724,0.70762,0.70667,0.70693
1786550400,0.70694,0.70712,0.70616,0.70634
1786554000,0.70635,0.70656,0.70612,0.70616
1786557600,0.70614,0.70648,0.70609,0.70616
1786561200,0.70616,0.70636,0.70603,0.70636
1786564800,0.70636,0.70638,0.70609,0.7063
1786568400,0.70603,0.70618,0.70585,0.70605
1786572000,0.70604,0.70628,0.70601,0.70626
1786575600,0.70626,0.7064,0.70625,0.70637
1786579200,0.70639,0.7067,0.70596,0.70614
1786582800,0.70614,0.7062,0.70559,0.70564
1786586400,0.70565,0.70567,0.70506,0.7053
1786590000,0.70528,0.70536,0.7047,0.70482
1786593600,0.70482,0.70504,0.70452,0.70494
1786597200,0.70495,0.70522,0.70466,0.70496
1786600800,0.70494,0.70516,0.70438,0.70488
1786604400,0.70488,0.70507,0.70462,0.70488
1786608000,0.70487,0.70496,0.70464,0.70482
1786611600,0.70484,0.70582,0.70468,0.70578
1786615200,0.70578,0.7058,0.70536,0.70546
1786618800,0.70546,0.70558,0.70524,0.70528
1786622400,0.70528,0.7065,0.70466,0.7065
1786626000,0.7065,0.70659,0.70562,0.7057
1786629600,0.70574,0.70674,0.70574,0.70646
1786633200,0.70646,0.70664,0.70558,0.70571
1786636800,0.70571,0.70603,0.70536,0.70596
1786640400,0.70596,0.70615,0.70564,0.70564
1786644000,0.70565,0.70589,0.7055,0.70574
1786647600,0.70576,0.70605,0.70568,0.706
1786651200,0.706,0.70604,0.70582,0.70598
1786654800,0.70592,0.70604,0.70555,0.70572
1786658400,0.7057,0.70624,0.7057,0.70621
1786662000,0.70622,0.7064,0.70618,0.70638
1786665600,0.70634,0.70664,0.706,0.70616
1786669200,0.70613,0.70618,0.70561,0.70569
1786672800,0.70574,0.706,0.70555,0.70566
1786676400,0.70565,0.70618,0.70557,0.70612
1786680000,0.7061,0.70634,0.70607,0.70624
1786683600,0.70626,0.70678,0.70619,0.70678
1786687200,0.70677,0.70686,0.70631,0.70682
1786690800,0.70682,0.70733,0.70672,0.70722
1786694400,0.70722,0.70752,0.70692,0.70728
1786698000,0.7073,0.70754,0.7072,0.70752
1786701600,0.70753,0.70778,0.70744,0.70757
1786705200,0.70758,0.70837,0.70757,0.70812
1786708800,0.70814,0.709,0.70777,0.70809
1786712400,0.70808,0.7093,0.70788,0.70909
1786716000,0.70908,0.70928,0.70858,0.70914
1786719600,0.70914,0.70958,0.70887,0.709
1786723200,0.709,0.70919,0.70832,0.70838
1786726800,0.70838,0.7084,0.70791,0.70807
1786730400,0.70808,0.70826,0.70788,0.7082
1786734000,0.70819,0.70842,0.70812,0.7084
1786737600,0.70844,0.70856,0.70821,0.70852
1786914000,0.70834,0.7085,0.70806,0.70814
1786917600,0.70814,0.70881,0.70814,0.7088
1786921200,0.70881,0.7089,0.70846,0.7085
1786924800,0.70852,0.70955,0.7085,0.70926
1786928400,0.70924,0.7098,0.7089,0.70966
1786932000,0.70966,0.70972,0.70916,0.70921
1786935600,0.70922,0.71006,0.70914,0.71004
1786939200,0.71004,0.7106,0.70997,0.71016
1786942800,0.71016,0.71155,0.7101,0.71128
1786946400,0.71128,0.71228,0.71098,0.71222
1786950000,0.7122,0.71242,0.71198,0.71206
1786953600,0.71204,0.71242,0.7116,0.712
1786957200,0.71202,0.71276,0.7119,0.71258
1786960800,0.71258,0.71296,0.71232,0.71246
1786964400,0.71246,0.7129,0.71225,0.71252
1786968000,0.7125,0.71266,0.71168,0.7122
1786971600,0.71222,0.71226,0.71086,0.71158
1786975200,0.71156,0.71246,0.71105,0.71118
1786978800,0.71118,0.71132,0.71074,0.71122
1786982400,0.71123,0.7115,0.71106,0.7112
1786986000,0.7112,0.71126,0.71034,0.71048
1786989600,0.71048,0.71057,0.7101,0.71019
1786993200,0.71019,0.7106,0.7101,0.71047
1786996800,0.7105,0.71052,0.71032,0.7104
1787000400,0.71074,0.71086,0.71032,0.71037
1787004000,0.71036,0.71062,0.71035,0.71059
1787007600,0.71058,0.71086,0.71051,0.71084
1787011200,0.71085,0.7111,0.71065,0.71094
1787014800,0.71092,0.71136,0.71064,0.7107
1787018400,0.71068,0.71114,0.7105,0.7111
1787022000,0.7111,0.7111,0.71016,0.71028
1787025600,0.71028,0.71036,0.70992,0.71004
1787029200,0.71002,0.71014,0.70958,0.71006
1787032800,0.71003,0.71014,0.70954,0.71004
1787036400,0.71008,0.71049,0.70987,0.71024
1787040000,0.71026,0.71046,0.70992,0.71038
1787043600,0.71036,0.711,0.71014,0.71092
1787047200,0.71092,0.711,0.71058,0.71066
1787050800,0.71065,0.71106,0.71053,0.71106
1787054400,0.71104,0.71139,0.71088,0.7111
1787058000,0.7111,0.71198,0.7107,0.71147
1787061600,0.71146,0.7116,0.70987,0.70989
1787065200,0.7099,0.71035,0.70944,0.7096
1787068800,0.70962,0.70981,0.70903,0.70925
1787072400,0.70924,0.70926,0.70865,0.70868
1787076000,0.70868,0.7087,0.70829,0.70845
1787079600,0.70844,0.70888,0.70834,0.70842
1787083200,0.7084,0.70864,0.70824,0.70864
1787086800,0.70848,0.70885,0.70818,0.7085
1787090400,0.70862,0.70887,0.70832,0.70838
1787094000,0.70838,0.70848,0.70795,0.70811
1787097600,0.70815,0.70858,0.70742,0.70742
1787101200,0.70743,0.70779,0.70692,0.7076
1787104800,0.70758,0.70852,0.70746,0.70788
1787108400,0.70787,0.70797,0.70728,0.70728
1787112000,0.70728,0.70743,0.70669,0.70728
1787115600,0.70728,0.70746,0.70678,0.70692
1787119200,0.7069,0.70782,0.70672,0.70742
1787122800,0.70742,0.70778,0.7069,0.70708
1787126400,0.70706,0.70818,0.70692,0.70774
1787130000,0.70774,0.70824,0.70764,0.70794
1787133600,0.70794,0.70808,0.70758,0.70762
1787137200,0.70766,0.70774,0.70702,0.7074
1787140800,0.7074,0.71022,0.70731,0.70991
1787144400,0.70992,0.71252,0.7099,0.71186
1787148000,0.71183,0.71289,0.71166,0.71202
1787151600,0.71203,0.71258,0.71174,0.71219
1787155200,0.7122,0.71277,0.71216,0.71229
1787158800,0.7123,0.71269,0.7113,0.71134
1787162400,0.71134,0.71248,0.71122,0.71224
1787166000,0.71222,0.71269,0.71215,0.71242
1787169600,0.71244,0.71256,0.7122,0.71248
1787173200,0.71208,0.71254,0.71204,0.71232
1787176800,0.71232,0.71271,0.71232,0.71244
1787180400,0.71247,0.71286,0.71221,0.71229
1787184000,0.71228,0.71269,0.71155,0.71168
1787187600,0.71168,0.71264,0.71028,0.71152
1787191200,0.71148,0.71203,0.711,0.7114
1787194800,0.71142,0.71201,0.71129,0.71194
1787198400,0.71194,0.7124,0.71131,0.71138
1787202000,0.71138,0.71162,0.71118,0.7115
1787205600,0.71148,0.71232,0.71144,0.71226
1787209200,0.71226,0.71252,0.7117,0.71235
1787212800,0.71233,0.71282,0.71216,0.71241
1787216400,0.71244,0.71321,0.71228,0.71286
1787220000,0.71282,0.71328,0.71212,0.71232
1787223600,0.71233,0.71246,0.71083,0.7109
1787227200,0.71092,0.71183,0.71029,0.71168
1787230800,0.71168,0.7124,0.7115,0.71166
1787234400,0.71167,0.71248,0.71148,0.7121
1787238000,0.71212,0.71324,0.71138,0.71196
1787241600,0.71197,0.71199,0.71108,0.71128
1787245200,0.71129,0.71136,0.71101,0.71125
1787248800,0.71128,0.71129,0.7106,0.7111
1787252400,0.7111,0.71132,0.7109,0.71126
1787256000,0.71128,0.71138,0.71118,0.71132
1787259600,0.71136,0.7114,0.71077,0.71116
1787263200,0.71116,0.71166,0.71112,0.71154
1787266800,0.71154,0.71198,0.71154,0.71188
1787270400,0.71189,0.71254,0.71188,0.71214
1787274000,0.7121,0.71343,0.71208,0.71338
1787277600,0.71338,0.71444,0.71324,0.71392
1787281200,0.71389,0.71426,0.71386,0.71414
1787284800,0.71414,0.71423,0.71384,0.71406
1787288400,0.71406,0.71459,0.7138,0.71449
1787292000,0.7145,0.71484,0.71406,0.71454
1787295600,0.71453,0.71508,0.7144,0.71506
1787299200,0.7151,0.71632,0.71488,0.71612
1787302800,0.71613,0.7166,0.71578,0.71588
1787306400,0.71588,0.71644,0.71582,0.71596
1787310000,0.71595,0.71676,0.71588,0.71636
1787313600,0.71639,0.71694,0.71597,0.71658
1787317200,0.71662,0.7173,0.71603,0.71708
1787320800,0.71707,0.7171,0.71598,0.71638
1787324400,0.71639,0.7177,0.71629,0.71756
1787328000,0.71758,0.7177,0.71707,0.71725
1787331600,0.71725,0.71788,0.71721,0.71776
1787335200,0.71777,0.71802,0.7177,0.71782
1787338800,0.71784,0.71788,0.71724,0.71728
1787342400,0.71728,0.71735,0.71696,0.71706
1787518800,0.71611,0.71674,0.71602,0.71674
1787522400,0.71672,0.71712,0.71653,0.71692
1787526000,0.71691,0.71718,0.71676,0.71715
1787529600,0.71714,0.71761,0.71697,0.7176
1787533200,0.7176,0.7177,0.71652,0.71678
1787536800,0.71677,0.7172,0.71637,0.71658
1787540400,0.71658,0.71667,0.71622,0.7164
1787544000,0.71646,0.71679,0.7162,0.71672
1787547600,0.71672,0.71699,0.71651,0.71692
1787551200,0.71691,0.71716,0.7163,0.71688
1787554800,0.71688,0.71714,0.71616,0.71644
1787558400,0.71643,0.71655,0.71582,0.71604
1787562000,0.71607,0.71646,0.71604,0.71634
1787565600,0.71635,0.71656,0.71595,0.71599
1787569200,0.716,0.71694,0.71576,0.71646
1787572800,0.71648,0.7168,0.71596,0.7162
1787576400,0.71621,0.71679,0.71604,0.71643
1787580000,0.71642,0.71643,0.71532,0.71534
1787583600,0.71536,0.71576,0.71492,0.71505
1787587200,0.71506,0.71542,0.71492,0.71494
1787590800,0.71495,0.71524,0.71406,0.71431
1787594400,0.7143,0.71508,0.71426,0.71476
1787598000,0.71474,0.71492,0.71462,0.71482
1787601600,0.7148,0.71504,0.71476,0.71504
1787605200,0.7148,0.71517,0.71464,0.71489
1787608800,0.71491,0.71518,0.71489,0.715
1787612400,0.71502,0.7155,0.71488,0.71542
1787616000,0.71541,0.71592,0.71538,0.71582
1787619600,0.71582,0.71592,0.71514,0.71523
1787623200,0.71522,0.71567,0.71516,0.71529
1787626800,0.7153,0.7157,0.7151,0.7151
1787630400,0.71511,0.71512,0.7146,0.7149
1787634000,0.7149,0.71533,0.71476,0.71488
1787637600,0.71488,0.71512,0.71428,0.71446
1787641200,0.71446,0.71482,0.71425,0.71437
1787644800,0.71436,0.7151,0.71378,0.71487
1787648400,0.71486,0.71569,0.71478,0.71543
1787652000,0.71544,0.71544,0.71496,0.71528
1787655600,0.71529,0.71581,0.71502,0.71538
1787659200,0.71538,0.71552,0.71497,0.71546
1787662800,0.71546,0.71624,0.71525,0.7158
1787666400,0.71581,0.71638,0.7153,0.71563
1787670000,0.71566,0.71616,0.71529,0.71594
1787673600,0.71595,0.71602,0.71539,0.71551
1787677200,0.71553,0.71579,0.71531,0.71576
1787680800,0.71574,0.71601,0.71564,0.71596
1787684400,0.71594,0.71659,0.71587,0.7165
1787688000,0.71651,0.71684,0.7164,0.71641
1787691600,0.7163,0.71642,0.71567,0.7163
1787695200,0.71636,0.71652,0.71625,0.71652
1787698800,0.71652,0.71664,0.71636,0.71644
1787702400,0.71642,0.7169,0.71626,0.71628
1787706000,0.71624,0.71816,0.71598,0.71765
1787709600,0.71764,0.7185,0.71756,0.71786
1787713200,0.71789,0.71866,0.7178,0.71819
1787716800,0.71822,0.71833,0.7175,0.71773
1787720400,0.71773,0.71842,0.71771,0.71828
1787724000,0.71828,0.71849,0.71738,0.71786
1787727600,0.71787,0.71814,0.71764,0.71802
1787731200,0.71802,0.71857,0.71795,0.71812
1787734800,0.71814,0.71825,0.7178,0.71815
1787738400,0.71812,0.71823,0.71794,0.71804
1787742000,0.71802,0.71848,0.71796,0.71846
1787745600,0.71846,0.71894,0.71761,0.71769
1787749200,0.71766,0.71799,0.71729,0.71758
1787752800,0.71758,0.7176,0.71652,0.71654
1787756400,0.71653,0.71704,0.71645,0.7168
1787760000,0.71681,0.71728,0.7167,0.71688
1787763600,0.71689,0.71746,0.71683,0.7173
1787767200,0.7173,0.71746,0.71711,0.71716
1787770800,0.71716,0.71738,0.71706,0.71736
1787774400,0.71735,0.71746,0.71727,0.71736
1787778000,0.71686,0.71762,0.71676,0.7176
1787781600,0.71762,0.71803,0.71753,0.71798
1787785200,0.71798,0.71847,0.71796,0.71812
1787788800,0.71814,0.7182,0.71752,0.71809
1787792400,0.7181,0.71856,0.71794,0.71841
1787796000,0.71837,0.71854,0.71816,0.71826
1787799600,0.71827,0.71846,0.71808,0.71827
1787803200,0.71826,0.71857,0.71808,0.71854
1787806800,0.71854,0.71857,0.71804,0.71824
1787810400,0.71826,0.71864,0.71802,0.71842
1787814000,0.71846,0.71863,0.7179,0.71808
1787817600,0.71814,0.71875,0.71813,0.7183
1787821200,0.71831,0.71836,0.71754,0.71758
1787824800,0.71758,0.71809,0.71752,0.71796
1787828400,0.71795,0.71867,0.71784,0.71866
1787832000,0.71866,0.71926,0.71842,0.71874
1787835600,0.71873,0.71956,0.7186,0.71921
1787839200,0.71924,0.71958,0.71882,0.71913
1787842800,0.71913,0.71977,0.71908,0.71972
1787846400,0.71974,0.71979,0.71936,0.71972
1787850000,0.71972,0.7198,0.71951,0.71964
1787853600,0.71966,0.71968,0.71926,0.71956
1787857200,0.71956,0.71968,0.71943,0.71959
1787860800,0.71959,0.7197,0.71946,0.71954
1787864400,0.71914,0.71962,0.71894,0.71954
1787868000,0.71954,0.71967,0.71942,0.71952
1787871600,0.7195,0.7196,0.71932,0.71956
1787875200,0.71953,0.7199,0.7195,0.71965
1787878800,0.71964,0.72004,0.71952,0.71971
1787882400,0.7197,0.72046,0.71965,0.72039
1787886000,0.7204,0.7205,0.71998,0.72013
1787889600,0.7201,0.72025,0.71978,0.71984
1787893200,0.71985,0.71994,0.71932,0.71949
1787896800,0.7195,0.72018,0.71944,0.71992
1787900400,0.71992,0.71996,0.7192,0.71958
1787904000,0.71955,0.71968,0.71926,0.71936
1787907600,0.71934,0.71978,0.71923,0.71964
1787911200,0.71965,0.72003,0.71962,0.72002
1787914800,0.72003,0.72003,0.71935,0.71935
1787918400,0.71933,0.72014,0.71928,0.72014
1787922000,0.72014,0.72032,0.71916,0.7192
1787925600,0.71919,0.72082,0.71648,0.7184
1787929200,0.7184,0.71858,0.71636,0.71642
1787932800,0.71643,0.71655,0.71554,0.71606
1787936400,0.71606,0.71616,0.71562,0.71578
1787940000,0.71577,0.71592,0.71557,0.71588
1787943600,0.71589,0.7165,0.71584,0.71632
1787947200,0.71632,0.71632,0.71582,0.71622
1788123600,0.71568,0.71622,0.71568,0.71613
1788127200,0.71614,0.7162,0.71572,0.71606
1788130800,0.71606,0.71623,0.71582,0.71592
1788134400,0.71594,0.71647,0.71542,0.71636
1788138000,0.71634,0.71684,0.71586,0.71665
1788141600,0.71666,0.7168,0.7161,0.71662
1788145200,0.71663,0.7171,0.71656,0.71673
1788148800,0.71672,0.71676,0.71641,0.71663
1788152400,0.71664,0.71666,0.71626,0.71662
1788156000,0.71663,0.71673,0.71596,0.71618
1788159600,0.71616,0.7165,0.7158,0.71604
1788163200,0.71605,0.7165,0.71561,0.71582
1788166800,0.71582,0.71614,0.71574,0.71608
1788170400,0.71607,0.71629,0.7156,0.71563
1788174000,0.71563,0.71638,0.71548,0.71606
1788177600,0.71606,0.71658,0.71548,0.71592
1788181200,0.71592,0.71651,0.71582,0.71622
1788184800,0.71619,0.71704,0.71598,0.71649
1788188400,0.71648,0.71677,0.71606,0.71656
1788192000,0.71656,0.71692,0.71652,0.71676
1788195600,0.71677,0.71681,0.71642,0.71658
1788199200,0.71658,0.71662,0.71638,0.7164
1788202800,0.71643,0.71677,0.71632,0.7166
1788206400,0.71662,0.71673,0.71642,0.71668
1788210000,0.71658,0.7167,0.71636,0.7166
1788213600,0.7166,0.71671,0.71646,0.71656
1788217200,0.71656,0.7171,0.71652,0.7171
1788220800,0.71708,0.71809,0.71701,0.7171
1788224400,0.71709,0.71754,0.7166,0.71726
1788228000,0.71724,0.7174,0.71686,0.71735
1788231600,0.71735,0.71735,0.71665,0.71671
1788235200,0.71668,0.71694,0.7166,0.71676
1788238800,0.71679,0.71718,0.71678,0.7169
1788242400,0.71689,0.71714,0.71622,0.71646
1788246000,0.71647,0.71656,0.71535,0.71546
1788249600,0.71547,0.71579,0.71429,0.71438
1788253200,0.7144,0.71475,0.71389,0.71432
1788256800,0.71431,0.71472,0.7142,0.71438
1788260400,0.71436,0.71474,0.71408,0.7145
1788264000,0.71448,0.71539,0.71406,0.71538
1788267600,0.71536,0.71555,0.7146,0.7155
1788271200,0.7155,0.71602,0.71504,0.71545
1788274800,0.71546,0.71608,0.7152,0.71586
1788278400,0.71588,0.7159,0.71494,0.71502
1788282000,0.71504,0.71518,0.7146,0.71468
1788285600,0.71468,0.71477,0.7143,0.71473
1788289200,0.71474,0.71476,0.7143,0.71434
1788292800,0.71434,0.7146,0.71423,0.71446
1788296400,0.7149,0.7149,0.7143,0.7145
1788300000,0.71447,0.71478,0.71447,0.71474
1788303600,0.71474,0.71476,0.7145,0.71455
1788307200,0.71456,0.71474,0.71406,0.71411
1788310800,0.71411,0.71532,0.71392,0.71486
1788314400,0.71491,0.71491,0.71393,0.71424
1788318000,0.71425,0.71458,0.71385,0.71408
1788321600,0.71409,0.7141,0.7132,0.71328
1788325200,0.7133,0.71438,0.71311,0.71424
1788328800,0.71427,0.71488,0.71384,0.71389
1788332400,0.7139,0.71492,0.71382,0.71442
1788336000,0.7144,0.71466,0.71262,0.71276
1788339600,0.71272,0.7131,0.71224,0.71238
1788343200,0.71238,0.71328,0.71216,0.71328
1788346800,0.71326,0.71455,0.71318,0.7145
1788350400,0.71451,0.71532,0.7144,0.71482
1788354000,0.71481,0.71732,0.71481,0.71724
1788357600,0.71725,0.71725,0.71632,0.71699
1788361200,0.71702,0.71758,0.71666,0.71688
1788364800,0.71688,0.71708,0.71662,0.71682
1788368400,0.71682,0.71713,0.71646,0.7169
1788372000,0.71692,0.71719,0.71669,0.71679
1788375600,0.7168,0.71707,0.71672,0.71704
1788379200,0.71704,0.71724,0.71694,0.71704
1788382800,0.71661,0.71718,0.71646,0.71716
1788386400,0.71715,0.71719,0.7167,0.71678
1788390000,0.71678,0.71682,0.71634,0.71637
1788393600,0.71637,0.71676,0.71614,0.71659
1788397200,0.71659,0.71702,0.71642,0.71658
1788400800,0.71658,0.71688,0.71616,0.71618
1788404400,0.71618,0.71708,0.71613,0.71698
1788408000,0.71697,0.71728,0.71672,0.71682
1788411600,0.71683,0.71687,0.71586,0.71633
1788415200,0.71634,0.71691,0.71586,0.71648
1788418800,0.71646,0.71762,0.7164,0.71752
1788422400,0.7175,0.71852,0.71736,0.71816
1788426000,0.71816,0.71878,0.71816,0.71846
1788429600,0.71848,0.71907,0.71786,0.71904
1788433200,0.71904,0.7197,0.71875,0.71921
1788436800,0.71922,0.7207,0.71888,0.72048
1788440400,0.7205,0.72054,0.71888,0.71935
1788444000,0.7193,0.71938,0.71864,0.71923
1788447600,0.71923,0.71995,0.7192,0.71984
1788451200,0.71985,0.72069,0.71974,0.72052
1788454800,0.72053,0.72074,0.72034,0.72046
1788458400,0.72046,0.7208,0.72046,0.7206
1788462000,0.72062,0.72064,0.72005,0.72028
1788465600,0.72026,0.72034,0.72001,0.72004
1788469200,0.72008,0.72047,0.71966,0.71992
1788472800,0.71992,0.7202,0.71988,0.71995
1788476400,0.71994,0.72024,0.71994,0.72002
1788480000,0.72002,0.72068,0.71995,0.72058
1788483600,0.72055,0.72143,0.72028,0.72134
1788487200,0.72134,0.72146,0.72063,0.72084
1788490800,0.72088,0.72098,0.72042,0.72081
1788494400,0.72081,0.72133,0.72081,0.721
1788498000,0.72101,0.7211,0.72074,0.72097
1788501600,0.72095,0.7212,0.72039,0.72043
1788505200,0.72042,0.72056,0.71996,0.72008
1788508800,0.72008,0.72028,0.71983,0.72007
1788512400,0.72006,0.7201,0.71958,0.71999
1788516000,0.71998,0.72036,0.71986,0.72
1788519600,0.72001,0.72054,0.71995,0.72036
1788523200,0.7204,0.72106,0.71742,0.71934
1788526800,0.71934,0.72085,0.71865,0.7199
1788530400,0.7199,0.72074,0.71961,0.72032
1788534000,0.72032,0.72114,0.72013,0.72082
1788537600,0.72082,0.72126,0.72082,0.72104
1788541200,0.72104,0.72104,0.72032,0.72033
1788544800,0.72034,0.72042,0.72018,0.72038
1788548400,0.72038,0.72082,0.72036,0.72072
1788552000,0.7207,0.7207,0.72022,0.72039
1788728400,0.72008,0.72041,0.7196,0.72031
1788732000,0.72032,0.72061,0.72028,0.72052
1788735600,0.72052,0.72084,0.72052,0.72063
1788739200,0.72064,0.72113,0.72054,0.72076
1788742800,0.72077,0.72086,0.72018,0.7203
1788746400,0.72029,0.72032,0.71978,0.71995
1788750000,0.71996,0.72047,0.71986,0.72046
1788753600,0.72042,0.72058,0.72009,0.72054
1788757200,0.72051,0.72106,0.72041,0.72096
1788760800,0.72096,0.72179,0.72072,0.72146
1788764400,0.7215,0.72244,0.72124,0.72225
1788768000,0.72224,0.72248,0.72165,0.72186
1788771600,0.72186,0.72212,0.72172,0.72173
1788775200,0.72174,0.72208,0.72169,0.72187
1788778800,0.72187,0.72188,0.72138,0.72138
1788782400,0.7214,0.72179,0.72134,0.72156
1788786000,0.72159,0.72212,0.72148,0.72212
1788789600,0.72212,0.72226,0.7218,0.72194
1788793200,0.72195,0.72216,0.72173,0.72178
1788796800,0.72178,0.72204,0.72172,0.72202
1788800400,0.72201,0.72202,0.72182,0.72184
1788804000,0.72186,0.7219,0.72174,0.72182
1788807600,0.72182,0.72182,0.7217,0.72177
1788811200,0.72176,0.72193,0.72174,0.72192
1788814800,0.72167,0.72206,0.72145,0.7218
1788818400,0.7219,0.72202,0.72179,0.72188
1788822000,0.72187,0.72234,0.72182,0.72215
1788825600,0.72216,0.7223,0.72158,0.72174
1788829200,0.72173,0.72189,0.7214,0.7216
1788832800,0.7216,0.72166,0.7206,0.72096
1788836400,0.72094,0.72165,0.72076,0.72154
1788840000,0.72154,0.72182,0.7212,0.72167
1788843600,0.72167,0.72184,0.72132,0.72178
1788847200,0.7218,0.72219,0.72086,0.72114
1788850800,0.72112,0.72164,0.72086,0.72125
1788854400,0.7212,0.72129,0.72073,0.72097
1788858000,0.72096,0.72141,0.72048,0.72134
1788861600,0.72135,0.72169,0.72087,0.72124
1788865200,0.72126,0.72168,0.72106,0.7214
1788868800,0.72141,0.72243,0.72116,0.72238
1788872400,0.72238,0.72288,0.72214,0.72249
1788876000,0.72248,0.72309,0.72214,0.72234
1788879600,0.72233,0.7225,0.72175,0.72176
1788883200,0.72177,0.72191,0.72132,0.72182
1788886800,0.72182,0.72225,0.72182,0.72224
1788890400,0.72223,0.72264,0.72186,0.72223
1788894000,0.72222,0.72234,0.72156,0.7217
1788897600,0.72172,0.72184,0.72146,0.72164
1788901200,0.72188,0.72222,0.72144,0.72191
1788904800,0.72192,0.72198,0.72176,0.72188
1788908400,0.72188,0.72218,0.7218,0.7221
1788912000,0.7221,0.72269,0.7221,0.72262
1788915600,0.7226,0.7226,0.72196,0.72234
1788919200,0.72233,0.72243,0.72206,0.72242
1788922800,0.72243,0.7226,0.72211,0.72232
1788926400,0.72233,0.72302,0.72224,0.723
1788930000,0.723,0.72335,0.72276,0.72298
1788933600,0.723,0.72368,0.72292,0.7232
1788937200,0.72321,0.7238,0.72313,0.72321
1788940800,0.72323,0.72323,0.72232,0.72239
1788944400,0.72238,0.72243,0.72154,0.7216
1788948000,0.72158,0.72168,0.72118,0.72145
1788951600,0.72144,0.72242,0.72144,0.72219
1788955200,0.72218,0.72264,0.72214,0.72234
1788958800,0.72234,0.72339,0.72232,0.7227
1788962400,0.72271,0.72312,0.72245,0.7231
1788966000,0.7231,0.72324,0.72099,0.72176
1788969600,0.72177,0.72221,0.72144,0.72204
1788973200,0.72201,0.72244,0.72196,0.72223
1788976800,0.72224,0.72234,0.72168,0.72172
1788980400,0.72174,0.72182,0.72152,0.72169
1788984000,0.7217,0.72182,0.72148,0.72181
1788987600,0.72186,0.72191,0.72148,0.72168
1788991200,0.72168,0.72202,0.72168,0.72182
1788994800,0.72183,0.7223,0.72178,0.72216
1788998400,0.72217,0.72222,0.72144,0.72144
1789002000,0.72142,0.72186,0.72082,0.72182
1789005600,0.72184,0.72221,0.72161,0.7222
1789009200,0.72221,0.72227,0.72171,0.72194
1789012800,0.72194,0.72224,0.72184,0.72188
1789016400,0.72189,0.72209,0.72168,0.72208
1789020000,0.72205,0.72205,0.7213,0.72156
1789023600,0.72156,0.72162,0.72124,0.7215
1789027200,0.7215,0.7215,0.72106,0.72122
1789030800,0.72121,0.72144,0.72074,0.72114
1789034400,0.72114,0.72114,0.71994,0.71999
1789038000,0.71998,0.71999,0.71894,0.7191
1789041600,0.71911,0.71932,0.71576,0.7165
1789045200,0.7165,0.71691,0.71572,0.71646
1789048800,0.71648,0.71726,0.71616,0.7169
1789052400,0.71688,0.71726,0.71652,0.717
1789056000,0.717,0.71706,0.71636,0.71666
1789059600,0.71664,0.71686,0.71636,0.71646
1789063200,0.71646,0.71656,0.71574,0.71602
1789066800,0.71599,0.71604,0.71553,0.71592
1789070400,0.71592,0.71592,0.71554,0.7157
1789074000,0.7159,0.71596,0.71558,0.7156
1789077600,0.71564,0.71606,0.71563,0.71598
1789081200,0.71599,0.71619,0.71558,0.71568
1789084800,0.7157,0.7166,0.71568,0.71656
1789088400,0.71652,0.71666,0.71576,0.71606
1789092000,0.71605,0.71606,0.71532,0.71553
1789095600,0.71554,0.7156,0.71502,0.71542
1789099200,0.71541,0.7163,0.71541,0.71609
1789102800,0.71608,0.71721,0.71601,0.71702
1789106400,0.71702,0.71754,0.71698,0.71734
1789110000,0.71734,0.7176,0.71682,0.71715
1789113600,0.71718,0.71728,0.71648,0.71675
1789117200,0.71676,0.71712,0.71656,0.71696
1789120800,0.71694,0.71726,0.71677,0.71692
1789124400,0.71692,0.71757,0.71692,0.71734
1789128000,0.71736,0.71859,0.715,0.71858
1789131600,0.71854,0.71877,0.71734,0.71823
1789135200,0.71822,0.7183,0.71708,0.71731
1789138800,0.71732,0.71749,0.71674,0.71732
1789142400,0.71733,0.71782,0.7173,0.71756
1789146000,0.71755,0.7177,0.71726,0.71749
1789149600,0.71748,0.71758,0.71702,0.7173
1789153200,0.71731,0.71748,0.71714,0.71724
1789156800,0.71728,0.7173,0.71678,0.71703
1789333200,0.71633,0.71676,0.71596,0.71644
1789336800,0.71642,0.71674,0.71574,0.71594
1789340400,0.71595,0.71628,0.71504,0.71514
1789344000,0.71514,0.71526,0.71427,0.71478
1789347600,0.7148,0.71503,0.71408,0.71495
1789351200,0.71492,0.71569,0.71485,0.71523
1789354800,0.71521,0.71528,0.7147,0.71477
1789358400,0.71478,0.71515,0.71472,0.71508
1789362000,0.71509,0.7151,0.71452,0.71482
1789365600,0.71484,0.71487,0.71354,0.71376
1789369200,0.71375,0.71428,0.71362,0.7137
1789372800,0.7137,0.71374,0.71268,0.71296
1789376400,0.71296,0.71316,0.71248,0.71271
1789380000,0.7127,0.71318,0.71248,0.71288
1789383600,0.71285,0.7132,0.71283,0.71294
1789387200,0.71296,0.71315,0.7113,0.71138
1789390800,0.71137,0.71168,0.71083,0.71128
1789394400,0.71128,0.71272,0.71107,0.71272
1789398000,0.71272,0.71418,0.71252,0.71396
1789401600,0.71396,0.7149,0.71382,0.71468
1789405200,0.7147,0.71473,0.71418,0.71432
1789408800,0.71434,0.71466,0.71422,0.71452
1789412400,0.71452,0.71456,0.71382,0.71397
1789416000,0.71398,0.71404,0.71374,0.714
1789419600,0.71352,0.71402,0.71351,0.714
1789423200,0.71398,0.71416,0.71388,0.71405
1789426800,0.71402,0.71402,0.71362,0.71378
1789430400,0.71376,0.71378,0.71312,0.71333
1789434000,0.71334,0.71362,0.71276,0.71327
1789437600,0.71328,0.71342,0.71286,0.71326
1789441200,0.71327,0.71338,0.7123,0.71231
1789444800,0.7123,0.71233,0.71175,0.71208
1789448400,0.7121,0.71243,0.71175,0.71212
1789452000,0.71212,0.71245,0.71175,0.71192
1789455600,0.71192,0.71268,0.7117,0.71266
1789459200,0.71265,0.71286,0.71182,0.71265
1789462800,0.71264,0.71308,0.71226,0.71286
1789466400,0.71285,0.71309,0.71251,0.71273
1789470000,0.71272,0.71324,0.71267,0.71284
1789473600,0.71285,0.71314,0.71239,0.71278
1789477200,0.71277,0.71346,0.71239,0.71334
1789480800,0.71336,0.71338,0.71244,0.71292
1789484400,0.71292,0.71317,0.71265,0.71273
1789488000,0.71274,0.71327,0.71252,0.71326
1789491600,0.71324,0.71332,0.71282,0.71292
1789495200,0.71294,0.7134,0.71287,0.71317
1789498800,0.71318,0.71322,0.71298,0.7131
1789502400,0.71309,0.71314,0.71297,0.71314
1789506000,0.71323,0.71324,0.71273,0.71294
1789509600,0.71297,0.71333,0.71292,0.71292
1789513200,0.71291,0.71291,0.71244,0.71253
1789516800,0.71254,0.71278,0.71207,0.71273
1789520400,0.71276,0.71298,0.71202,0.71206
1789524000,0.71205,0.71287,0.71205,0.71274
1789527600,0.71274,0.71286,0.71232,0.71242
1789531200,0.71244,0.71298,0.71243,0.71296
1789534800,0.71296,0.71348,0.71288,0.71322
1789538400,0.71323,0.71334,0.71254,0.71318
1789542000,0.71318,0.71367,0.71296,0.71296
1789545600,0.71297,0.71307,0.71251,0.71304
1789549200,0.71302,0.71314,0.71279,0.71296
1789552800,0.71296,0.71332,0.71285,0.71318
1789556400,0.7132,0.71354,0.71305,0.71316
1789560000,0.71316,0.7133,0.71286,0.71316
1789563600,0.71312,0.71318,0.71255,0.7127
1789567200,0.71272,0.7137,0.71233,0.7131
1789570800,0.7131,0.71361,0.71299,0.71316
1789574400,0.71317,0.71347,0.71296,0.71304
1789578000,0.71304,0.71349,0.71281,0.71348
1789581600,0.71349,0.714,0.7089,0.70892
1789585200,0.70892,0.70994,0.70751,0.70906
1789588800,0.70906,0.70918,0.70832,0.70868
1789592400,0.70885,0.70897,0.70839,0.70869
1789596000,0.70868,0.70892,0.7084,0.70868
1789599600,0.70866,0.70923,0.7086,0.7088
1789603200,0.7088,0.70951,0.70863,0.70882
1789606800,0.70885,0.70976,0.70873,0.70941
1789610400,0.70942,0.71011,0.70941,0.7099
1789614000,0.70992,0.7106,0.70976,0.71048
1789617600,0.71048,0.71094,0.71038,0.71088
1789621200,0.71087,0.71132,0.71072,0.71081
1789624800,0.71081,0.7121,0.71066,0.71166
1789628400,0.71165,0.71178,0.7113,0.7117
1789632000,0.71172,0.71172,0.71094,0.71132
1789635600,0.71133,0.7117,0.711,0.71101
1789639200,0.71098,0.71124,0.71066,0.71098
1789642800,0.71099,0.71116,0.71057,0.71105
1789646400,0.71104,0.71264,0.71088,0.71204
1789650000,0.71204,0.7122,0.71112,0.71154
1789653600,0.71156,0.7121,0.71116,0.71122
1789657200,0.71123,0.7115,0.71102,0.71129
1789660800,0.7113,0.71148,0.71104,0.71128
1789664400,0.71128,0.71148,0.71108,0.7113
1789668000,0.71131,0.71132,0.7109,0.71097
1789671600,0.71098,0.71116,0.71096,0.71102
1789675200,0.71106,0.71117,0.71096,0.71101
1789678800,0.71168,0.71168,0.71088,0.71088
1789682400,0.71093,0.71118,0.71087,0.71091
1789686000,0.7109,0.71168,0.71083,0.7115
1789689600,0.7115,0.7118,0.71125,0.7118
1789693200,0.7118,0.71189,0.71114,0.71184
1789696800,0.71184,0.712,0.71167,0.71198
1789700400,0.712,0.7135,0.71192,0.71343
1789704000,0.71344,0.71362,0.71287,0.71288
1789707600,0.7129,0.71294,0.71216,0.71234
1789711200,0.71236,0.7129,0.71222,0.71284
1789714800,0.71282,0.71286,0.7122,0.71239
1789718400,0.7124,0.7129,0.71227,0.71262
1789722000,0.71263,0.71271,0.71238,0.7125
1789725600,0.7125,0.71268,0.71221,0.71267
1789729200,0.71268,0.71294,0.71206,0.71228
1789732800,0.71226,0.71236,0.71132,0.71162
1789736400,0.71162,0.71174,0.71099,0.711
1789740000,0.711,0.7115,0.71083,0.71083
1789743600,0.71082,0.71111,0.71038,0.71106
1789747200,0.71104,0.71233,0.71095,0.7122
1789750800,0.71219,0.71262,0.71219,0.71243
1789754400,0.71244,0.71275,0.71238,0.7126
1789758000,0.71258,0.71275,0.71249,0.71264
1789761600,0.71262,0.7128,0.71242,0.71252
1789938000,0.71136,0.71234,0.71106,0.71228
1789941600,0.7123,0.71252,0.71218,0.71232
1789945200,0.71228,0.71232,0.71212,0.71214
1789948800,0.71216,0.71296,0.71208,0.71262
1789952400,0.7126,0.71273,0.71236,0.71238
1789956000,0.71242,0.71247,0.71209,0.7122
1789959600,0.7122,0.7127,0.71211,0.71266
1789963200,0.71266,0.71309,0.71264,0.71275
1789966800,0.71276,0.71277,0.71216,0.71228
1789970400,0.71228,0.71297,0.71212,0.71284
1789974000,0.71282,0.7129,0.71228,0.71264
1789977600,0.71265,0.71333,0.71265,0.71299
1789981200,0.713,0.71318,0.71264,0.71277
1789984800,0.71278,0.7131,0.71273,0.71298
1789988400,0.71299,0.71392,0.71296,0.71374
1789992000,0.71374,0.71404,0.71338,0.71357
1789995600,0.71354,0.71358,0.71279,0.71288
1789999200,0.71288,0.71289,0.71222,0.71256
1790002800,0.7126,0.7127,0.71208,0.71222
1790006400,0.71222,0.71273,0.71218,0.71238
1790010000,0.71238,0.71246,0.7122,0.71228
1790013600,0.71226,0.71237,0.71196,0.71222
1790017200,0.71222,0.71237,0.71189,0.71192
1790020800,0.7119,0.71201,0.71174,0.71194
1790024400,0.71186,0.71211,0.71182,0.71208
1790028000,0.71208,0.71214,0.71189,0.71202
1790031600,0.71201,0.7121,0.7118,0.7118
1790035200,0.7118,0.7125,0.71179,0.71208
1790038800,0.71209,0.71211,0.70984,0.71044
1790042400,0.71046,0.71197,0.71046,0.7118
1790046000,0.71179,0.71261,0.71151,0.71222
1790049600,0.71222,0.7125,0.71198,0.71209
1790053200,0.7121,0.71241,0.71204,0.71224
1790056800,0.71224,0.71224,0.71151,0.71185
1790060400,0.71184,0.71184,0.71019,0.71019
1790064000,0.7102,0.71176,0.70926,0.71111
1790067600,0.71112,0.71194,0.71049,0.71188
1790071200,0.71188,0.71202,0.71129,0.71152
1790074800,0.71153,0.71162,0.71101,0.71114
1790078400,0.71114,0.71144,0.71065,0.71076
1790082000,0.71077,0.71178,0.71073,0.71154
1790085600,0.71154,0.71176,0.71016,0.71054
1790089200,0.71052,0.71084,0.7097,0.70997
1790092800,0.70996,0.7107,0.70976,0.71061
1790096400,0.7106,0.7112,0.71026,0.71101
1790100000,0.71102,0.71143,0.7109,0.71116
1790103600,0.71116,0.7121,0.7111,0.7116
1790107200,0.71163,0.7118,0.71144,0.71149
1790110800,0.71173,0.71178,0.71121,0.71171
1790114400,0.71174,0.71182,0.71134,0.71138
1790118000,0.71138,0.71142,0.7111,0.71124
1790121600,0.71124,0.71168,0.71088,0.71158
1790125200,0.71157,0.71164,0.71076,0.71084
1790128800,0.71083,0.71083,0.71012,0.71032
1790132400,0.71032,0.71042,0.70983,0.71
1790136000,0.71004,0.71065,0.71004,0.71029
1790139600,0.71028,0.71057,0.70972,0.71008
1790143200,0.71006,0.71033,0.70944,0.70945
1790146800,0.70943,0.70946,0.70821,0.70836
1790150400,0.70832,0.7085,0.70807,0.70813
