t,o,h,l,c
1764727200,1.16369,1.16388,1.16354,1.16382
1764730800,1.1638,1.1639,1.1637,1.16378
1764734400,1.16378,1.16422,1.16362,1.16412
1764738000,1.16413,1.16438,1.1641,1.16427
1764741600,1.16428,1.16479,1.16416,1.1643
1764745200,1.1643,1.16528,1.16395,1.16414
1764748800,1.16416,1.16458,1.16358,1.16441
1764752400,1.16442,1.1648,1.164,1.16456
1764756000,1.16458,1.16638,1.1645,1.16606
1764759600,1.16606,1.1666,1.1655,1.16656
1764763200,1.16656,1.16694,1.16623,1.1663
1764766800,1.1663,1.16755,1.16618,1.16664
1764770400,1.16664,1.1667,1.16557,1.16624
1764774000,1.16611,1.16682,1.16546,1.16597
1764777600,1.16596,1.16664,1.16584,1.16594
1764781200,1.16596,1.16709,1.16576,1.16686
1764784800,1.16687,1.16756,1.16684,1.16718
1764788400,1.16719,1.16778,1.16712,1.16728
1764792000,1.16726,1.1673,1.16652,1.16656
1764795600,1.16656,1.16718,1.16643,1.16714
1764799200,1.16716,1.16754,1.16712,1.16714
1764802800,1.16713,1.16724,1.16636,1.16664
1764806400,1.16664,1.16675,1.16595,1.1663
1764810000,1.16629,1.16648,1.16589,1.16633
1764813600,1.16634,1.1664,1.1659,1.16602
1764817200,1.16602,1.16603,1.16534,1.16559
1764820800,1.16558,1.16585,1.16554,1.16574
1764824400,1.16574,1.16624,1.16564,1.16598
1764828000,1.166,1.166,1.16531,1.1658
1764831600,1.1658,1.16656,1.16552,1.16656
1764835200,1.16655,1.1682,1.16635,1.16768
1764838800,1.16768,1.16804,1.16735,1.16777
1764842400,1.16778,1.16798,1.16636,1.16666
1764846000,1.16665,1.16808,1.16652,1.16802
1764849600,1.16802,1.1681,1.16654,1.16702
1764853200,1.16702,1.16714,1.1652,1.16648
1764856800,1.1665,1.16771,1.16643,1.16699
1764860400,1.16697,1.16748,1.16582,1.16734
1764864000,1.16734,1.16736,1.16535,1.16588
1764867600,1.16589,1.16598,1.16531,1.16562
1764871200,1.16562,1.16599,1.16538,1.16544
1764874800,1.16542,1.16556,1.16503,1.16526
1764878400,1.16525,1.16525,1.1641,1.16442
1764882000,1.16442,1.1646,1.1641,1.16449
1764885600,1.16464,1.16464,1.16444,1.16446
1764889200,1.16446,1.16446,1.16412,1.16434
1764892800,1.16434,1.16504,1.16434,1.165
1764896400,1.16499,1.16538,1.16498,1.16536
1764900000,1.16537,1.16545,1.16512,1.16518
1764903600,1.1652,1.1652,1.16466,1.1649
1764907200,1.1649,1.16543,1.16488,1.16536
1764910800,1.16535,1.16592,1.16533,1.16592
1764914400,1.16592,1.16616,1.16554,1.16594
1764918000,1.16594,1.16718,1.16586,1.1663
1764921600,1.1663,1.16642,1.16524,1.16538
1764925200,1.16538,1.16554,1.16483,1.16545
1764928800,1.16546,1.1657,1.16478,1.16511
1764932400,1.1651,1.16524,1.16416,1.16464
1764936000,1.16464,1.16534,1.16437,1.16518
1764939600,1.16517,1.1654,1.16436,1.16518
1764943200,1.16518,1.16602,1.16456,1.165
1764946800,1.16498,1.1659,1.16438,1.16482
1764950400,1.16482,1.16491,1.1628,1.16343
1764954000,1.16342,1.16442,1.16325,1.16442
1764957600,1.16443,1.16486,1.1642,1.16428
1764961200,1.16429,1.16441,1.164,1.16432
1764964800,1.16428,1.16446,1.16399,1.16441
1764968400,1.16442,1.16472,1.16404,1.16438
1765144800,1.16401,1.16463,1.16396,1.16457
1765148400,1.1647,1.16471,1.16395,1.16406
1765152000,1.16408,1.16516,1.16396,1.16512
1765155600,1.16511,1.16532,1.16456,1.16518
1765159200,1.16518,1.16543,1.16488,1.16538
1765162800,1.16538,1.16555,1.16498,1.16502
1765166400,1.16502,1.16556,1.16497,1.16545
1765170000,1.16546,1.16564,1.16526,1.16562
1765173600,1.16562,1.16722,1.16562,1.16608
1765177200,1.1661,1.1668,1.1655,1.16582
1765180800,1.16582,1.16625,1.16482,1.16561
1765184400,1.1656,1.16576,1.16479,1.16488
1765188000,1.16486,1.16557,1.16478,1.16509
1765191600,1.16508,1.16536,1.16468,1.16502
1765195200,1.16502,1.16539,1.16476,1.16533
1765198800,1.16534,1.16576,1.16456,1.16484
1765202400,1.16484,1.16548,1.16378,1.16402
1765206000,1.16402,1.16402,1.16172,1.16251
1765209600,1.16251,1.16288,1.16165,1.16248
1765213200,1.16251,1.16392,1.162,1.16392
1765216800,1.16392,1.16422,1.16344,1.16373
1765220400,1.16372,1.16418,1.16364,1.16394
1765224000,1.16394,1.1642,1.16374,1.16381
1765227600,1.16382,1.16388,1.16352,1.1637
1765231200,1.16352,1.16381,1.16352,1.16362
1765234800,1.16362,1.1641,1.16358,1.1641
1765238400,1.16408,1.1643,1.16369,1.16386
1765242000,1.16386,1.16476,1.1636,1.16472
1765245600,1.16471,1.16484,1.16438,1.16458
1765249200,1.16459,1.16488,1.16438,1.16456
1765252800,1.16456,1.16472,1.16438,1.16468
1765256400,1.1647,1.16506,1.16441,1.1649
1765260000,1.16486,1.16491,1.1642,1.16438
1765263600,1.1644,1.16462,1.16382,1.16398
1765267200,1.16399,1.16498,1.16337,1.1645
1765270800,1.16448,1.16573,1.16436,1.16524
1765274400,1.16524,1.16543,1.16404,1.16447
1765278000,1.16448,1.16478,1.16381,1.16436
1765281600,1.16436,1.16444,1.16343,1.16377
1765285200,1.16378,1.164,1.1629,1.16346
1765288800,1.16346,1.16388,1.16282,1.16376
1765292400,1.16376,1.16379,1.16151,1.16287
1765296000,1.16289,1.16412,1.16288,1.16382
1765299600,1.16382,1.16397,1.1622,1.16242
1765303200,1.1624,1.16249,1.16169,1.16243
1765306800,1.16244,1.163,1.1622,1.16287
1765310400,1.16288,1.16322,1.16265,1.16268
1765314000,1.16268,1.16294,1.16236,1.16266
1765317600,1.16275,1.16296,1.1626,1.16268
1765321200,1.16266,1.16288,1.16246,1.16279
1765324800,1.1628,1.16289,1.16244,1.16262
1765328400,1.16263,1.16288,1.16224,1.16238
1765332000,1.16237,1.16285,1.16232,1.16238
1765335600,1.16238,1.16274,1.16216,1.16266
1765339200,1.16266,1.16291,1.16251,1.16274
1765342800,1.16273,1.1631,1.16265,1.163
1765346400,1.16298,1.16356,1.16286,1.16354
1765350000,1.16354,1.16494,1.16344,1.16483
1765353600,1.16482,1.16578,1.16436,1.16526
1765357200,1.16528,1.1653,1.16356,1.16365
1765360800,1.16364,1.16395,1.16276,1.16343
1765364400,1.16346,1.16384,1.163,1.16352
1765368000,1.16352,1.16424,1.16329,1.16394
1765371600,1.16395,1.16418,1.16276,1.16402
1765375200,1.16402,1.16452,1.16338,1.16434
1765378800,1.16432,1.16514,1.16347,1.16421
1765382400,1.1642,1.165,1.16374,1.165
1765386000,1.165,1.16604,1.16458,1.16588
1765389600,1.16587,1.1661,1.16536,1.16561
1765393200,1.16563,1.16812,1.1647,1.16782
1765396800,1.16782,1.16998,1.16738,1.16941
1765400400,1.16942,1.1696,1.16896,1.16958
1765404000,1.16928,1.16966,1.16898,1.16953
1765407600,1.16955,1.17028,1.1695,1.17016
1765411200,1.17016,1.1705,1.16972,1.17022
1765414800,1.17022,1.17074,1.17004,1.17017
1765418400,1.17018,1.17062,1.16933,1.16939
1765422000,1.16938,1.16976,1.16902,1.1691
1765425600,1.16908,1.16917,1.16855,1.16903
1765429200,1.16902,1.16922,1.16846,1.16854
1765432800,1.16854,1.16898,1.16823,1.1689
1765436400,1.16892,1.1701,1.16874,1.16936
1765440000,1.16938,1.17066,1.16936,1.16972
1765443600,1.16972,1.17034,1.16873,1.17022
1765447200,1.17022,1.17078,1.16989,1.17072
1765450800,1.17072,1.17178,1.17062,1.17132
1765454400,1.1713,1.17193,1.17098,1.1717
1765458000,1.1717,1.17364,1.17133,1.17311
1765461600,1.1731,1.17485,1.17303,1.17376
1765465200,1.17378,1.17571,1.17316,1.17564
1765468800,1.17566,1.17595,1.17462,1.17554
1765472400,1.17552,1.17628,1.17498,1.17552
1765476000,1.17552,1.17594,1.17511,1.17536
1765479600,1.17537,1.17538,1.17405,1.17412
1765483200,1.1741,1.17458,1.17365,1.1741
1765486800,1.17408,1.17434,1.17372,1.17386
1765490400,1.17388,1.17402,1.17385,1.17389
1765494000,1.17388,1.17418,1.17372,1.17409
1765497600,1.1741,1.17446,1.17392,1.17405
1765501200,1.17406,1.17462,1.17325,1.17349
1765504800,1.17348,1.17378,1.17312,1.17362
1765508400,1.17362,1.17376,1.17332,1.17344
1765512000,1.17344,1.17356,1.17312,1.17318
1765515600,1.17317,1.17394,1.17316,1.17386
1765519200,1.17386,1.1742,1.1734,1.17391
1765522800,1.17389,1.17434,1.17358,1.1738
1765526400,1.17379,1.17422,1.17282,1.17282
1765530000,1.17281,1.17348,1.1727,1.17328
1765533600,1.17328,1.17334,1.17245,1.17274
1765537200,1.17274,1.17292,1.17223,1.17268
1765540800,1.17266,1.1728,1.17196,1.1725
1765544400,1.1725,1.17352,1.1724,1.17272
1765548000,1.17272,1.17436,1.17232,1.17422
1765551600,1.1742,1.17451,1.17296,1.17382
1765555200,1.17381,1.17434,1.17262,1.17312
1765558800,1.17312,1.17482,1.17302,1.17478
1765562400,1.17478,1.17498,1.17405,1.17416
1765566000,1.17415,1.17415,1.17354,1.17405
1765569600,1.17402,1.17466,1.1737,1.17392
1765573200,1.17392,1.17453,1.17384,1.17403
1765749600,1.1733,1.17391,1.1733,1.17376
1765753200,1.17376,1.17409,1.17356,1.17372
1765756800,1.17372,1.17374,1.17286,1.17334
1765760400,1.17333,1.17425,1.17296,1.17414
1765764000,1.17414,1.17448,1.1737,1.17414
1765767600,1.17415,1.17448,1.17318,1.17342
1765771200,1.17342,1.17356,1.1732,1.17324
1765774800,1.17326,1.17359,1.17321,1.17344
1765778400,1.17343,1.17364,1.17288,1.17354
1765782000,1.17353,1.17382,1.1728,1.17286
1765785600,1.17285,1.17388,1.17265,1.17312
1765789200,1.17312,1.17436,1.17306,1.17434
1765792800,1.17434,1.17467,1.17392,1.17428
1765796400,1.17427,1.17502,1.17413,1.17488
1765800000,1.17489,1.17593,1.17485,1.17528
1765803600,1.17529,1.17598,1.17472,1.17474
1765807200,1.17473,1.17642,1.17441,1.17636
1765810800,1.17636,1.1769,1.17548,1.17628
1765814400,1.17628,1.17649,1.17522,1.17556
1765818000,1.17554,1.17558,1.1745,1.17459
1765821600,1.17458,1.17484,1.17392,1.17432
1765825200,1.17432,1.175,1.17384,1.1749
1765828800,1.17488,1.17519,1.17476,1.17512
1765832400,1.1751,1.17541,1.17492,1.17539
1765836000,1.17521,1.17542,1.1749,1.17514
1765839600,1.17514,1.1756,1.17512,1.17536
1765843200,1.17538,1.1758,1.17484,1.17498
1765846800,1.17498,1.17554,1.17466,1.17519
1765850400,1.1752,1.17566,1.17503,1.17557
1765854000,1.17556,1.17592,1.175,1.17518
1765857600,1.17518,1.17539,1.175,1.17511
1765861200,1.1751,1.17542,1.17494,1.17505
1765864800,1.17504,1.17538,1.17466,1.17527
1765868400,1.17526,1.17543,1.17444,1.17524
1765872000,1.17525,1.17642,1.17466,1.17545
1765875600,1.17544,1.1762,1.17501,1.17561
1765879200,1.17562,1.17618,1.17539,1.17574
1765882800,1.17574,1.17632,1.17517,1.17632
1765886400,1.17632,1.17785,1.17608,1.17778
1765890000,1.17779,1.17948,1.17569,1.17758
1765893600,1.17758,1.18002,1.1769,1.17998
1765897200,1.17996,1.18042,1.17674,1.17702
1765900800,1.17701,1.1776,1.17612,1.17692
1765904400,1.17692,1.1778,1.17624,1.17639
1765908000,1.17639,1.17639,1.17452,1.17531
1765911600,1.17532,1.17623,1.17346,1.17578
1765915200,1.17576,1.17631,1.17464,1.17478
1765918800,1.17477,1.17514,1.17458,1.1748
1765922400,1.17476,1.175,1.1747,1.1748
1765926000,1.17482,1.17513,1.17482,1.17494
1765929600,1.17494,1.17518,1.17454,1.17504
1765933200,1.17504,1.17524,1.17452,1.17474
1765936800,1.17473,1.1748,1.17373,1.174
1765940400,1.174,1.17408,1.17369,1.17392
1765944000,1.17392,1.17398,1.17277,1.17296
1765947600,1.17296,1.17308,1.1725,1.17292
1765951200,1.17291,1.17306,1.17066,1.171
1765954800,1.171,1.17136,1.17031,1.1713
1765958400,1.1713,1.17211,1.1706,1.17186
1765962000,1.17187,1.17208,1.17116,1.17162
1765965600,1.1716,1.17254,1.17129,1.17252
1765969200,1.17254,1.17274,1.17078,1.17092
1765972800,1.17093,1.17276,1.17084,1.17266
1765976400,1.17267,1.17332,1.17199,1.17318
1765980000,1.17318,1.17444,1.17283,1.17411
1765983600,1.17411,1.17582,1.17404,1.17529
1765987200,1.17528,1.17563,1.17456,1.17472
1765990800,1.17472,1.17548,1.17456,1.17494
1765994400,1.17494,1.17556,1.17426,1.17442
1765998000,1.17441,1.17474,1.17415,1.1745
1766001600,1.1745,1.17462,1.17384,1.17396
1766005200,1.17396,1.17416,1.17387,1.17401
1766008800,1.17408,1.1744,1.17398,1.17403
1766012400,1.17401,1.17434,1.17398,1.17418
1766016000,1.17418,1.17458,1.17404,1.1744
1766019600,1.1744,1.17456,1.17352,1.17386
1766023200,1.17386,1.17427,1.17368,1.1741
1766026800,1.17409,1.1742,1.17375,1.17394
1766030400,1.17393,1.1743,1.17384,1.17428
1766034000,1.1743,1.17469,1.17412,1.17459
1766037600,1.17458,1.17474,1.17389,1.17443
1766041200,1.17442,1.17497,1.17336,1.17338
1766044800,1.17338,1.17373,1.17281,1.17324
1766048400,1.17323,1.17328,1.17173,1.1722
1766052000,1.17218,1.17269,1.17178,1.17248
1766055600,1.17248,1.17276,1.17204,1.17206
1766059200,1.17206,1.17234,1.17124,1.17139
1766062800,1.1714,1.17628,1.17132,1.17468
1766066400,1.17468,1.17558,1.17327,1.17348
1766070000,1.17347,1.17403,1.1716,1.17272
1766073600,1.17271,1.17461,1.17256,1.1728
1766077200,1.17282,1.17289,1.17153,1.17188
1766080800,1.17189,1.1725,1.17154,1.17196
1766084400,1.17196,1.17278,1.17179,1.17252
1766088000,1.17253,1.17278,1.17203,1.17222
1766091600,1.17222,1.17253,1.17218,1.17236
1766095200,1.17203,1.1726,1.17203,1.17246
1766098800,1.17246,1.17278,1.17238,1.17248
1766102400,1.17248,1.17268,1.17218,1.17265
1766106000,1.17265,1.17288,1.17205,1.17244
1766109600,1.17243,1.17287,1.17212,1.17227
1766113200,1.17228,1.17259,1.17184,1.17213
1766116800,1.17214,1.17228,1.17156,1.1718
1766120400,1.1718,1.17208,1.1718,1.172
1766124000,1.172,1.17216,1.17118,1.17199
1766127600,1.17198,1.17206,1.17033,1.17077
1766131200,1.17077,1.17164,1.17062,1.17126
1766134800,1.17126,1.17179,1.17088,1.17122
1766138400,1.17124,1.17178,1.1709,1.17166
1766142000,1.17165,1.17178,1.17077,1.17113
1766145600,1.17112,1.17153,1.17077,1.17102
1766149200,1.17102,1.17194,1.17024,1.17194
1766152800,1.17194,1.17378,1.1719,1.17264
1766156400,1.17266,1.17282,1.17094,1.17097
1766160000,1.17096,1.1721,1.17084,1.1721
1766163600,1.1721,1.1721,1.17135,1.17192
1766167200,1.17193,1.17273,1.17182,1.172
1766170800,1.172,1.17252,1.17164,1.17236
1766174400,1.17234,1.17257,1.17064,1.17098
1766178000,1.17098,1.17138,1.17062,1.17096
1766354400,1.17196,1.17196,1.17124,1.17144
1766358000,1.17148,1.17164,1.17064,1.17103
1766361600,1.17101,1.17162,1.17095,1.1716
1766365200,1.17162,1.17194,1.17136,1.17172
1766368800,1.17172,1.17194,1.17152,1.17164
1766372400,1.17162,1.17184,1.17136,1.17176
1766376000,1.17176,1.17218,1.17163,1.17202
1766379600,1.17202,1.17221,1.17156,1.17174
1766383200,1.17172,1.17193,1.1713,1.17159
1766386800,1.17158,1.17312,1.1715,1.1729
1766390400,1.1729,1.17384,1.17232,1.17359
1766394000,1.17359,1.17366,1.17274,1.173
1766397600,1.17301,1.1738,1.17291,1.17332
1766401200,1.17332,1.17366,1.17286,1.17334
1766404800,1.17335,1.17434,1.17334,1.17418
1766408400,1.17418,1.17546,1.17418,1.17506
1766412000,1.17507,1.17664,1.17451,1.17602
1766415600,1.176,1.17694,1.17577,1.1764
1766419200,1.1764,1.17642,1.17482,1.17496
1766422800,1.17496,1.17648,1.17491,1.17582
1766426400,1.17582,1.17583,1.17494,1.17529
1766430000,1.1753,1.1756,1.17489,1.17554
1766433600,1.17555,1.1759,1.17522,1.17552
1766437200,1.17552,1.17623,1.17546,1.17619
1766440800,1.1758,1.1763,1.17571,1.17592
1766444400,1.17593,1.17658,1.17591,1.17638
1766448000,1.17637,1.17704,1.1763,1.1769
1766451600,1.1769,1.17761,1.1766,1.1773
1766455200,1.17733,1.17806,1.17726,1.17777
1766458800,1.17778,1.17794,1.17732,1.17765
1766462400,1.17766,1.17793,1.17736,1.17754
1766466000,1.17752,1.17798,1.17744,1.17751
1766469600,1.17753,1.17764,1.17686,1.17713
1766473200,1.17712,1.17814,1.17692,1.17787
1766476800,1.17786,1.17846,1.17754,1.17844
1766480400,1.17845,1.1793,1.17818,1.17928
1766484000,1.17928,1.18004,1.17918,1.1799
1766487600,1.17989,1.18,1.17924,1.17959
1766491200,1.1796,1.18022,1.1789,1.17897
1766494800,1.17896,1.17939,1.17743,1.17748
1766498400,1.17748,1.17795,1.17686,1.17694
1766502000,1.17693,1.17792,1.1764,1.17743
1766505600,1.17742,1.17804,1.17732,1.17757
1766509200,1.17756,1.17789,1.1769,1.1771
1766512800,1.17708,1.17832,1.17696,1.17828
1766516400,1.17831,1.17914,1.17822,1.17901
1766520000,1.17902,1.17936,1.1787,1.17896
1766523600,1.17894,1.1797,1.17883,1.17934
1766527200,1.17927,1.17954,1.17919,1.17946
1766530800,1.17946,1.17972,1.17935,1.1795
1766534400,1.1795,1.1799,1.17904,1.17988
1766538000,1.17988,1.18064,1.17968,1.18053
1766541600,1.18054,1.1808,1.17982,1.17982
1766545200,1.17984,1.17985,1.1787,1.17876
1766548800,1.17876,1.17934,1.17858,1.17914
1766552400,1.17912,1.18022,1.17907,1.17992
1766556000,1.1799,1.1804,1.17978,1.17999
1766559600,1.18001,1.18018,1.17864,1.1789
1766563200,1.1789,1.17995,1.17798,1.17994
1766566800,1.17997,1.1801,1.17945,1.17998
1766570400,1.17997,1.18001,1.17908,1.17964
1766574000,1.17966,1.17986,1.1791,1.17928
1766577600,1.17929,1.17932,1.17839,1.17842
1766581200,1.17844,1.1791,1.17836,1.17853
1766584800,1.17852,1.1787,1.17774,1.17806
1766588400,1.17806,1.17826,1.17754,1.17782
1766592000,1.17781,1.1781,1.17731,1.17792
1766595600,1.17792,1.17832,1.17726,1.17768
1766599200,1.17767,1.17798,1.17744,1.1779
1766602800,1.17788,1.17822,1.17788,1.17816
1766606400,1.17817,1.1782,1.17793,1.17797
1766610000,1.17798,1.17801,1.17768,1.1777
1766700000,1.17805,1.17862,1.17784,1.17818
1766703600,1.17818,1.17862,1.1778,1.17845
1766707200,1.17844,1.1792,1.17767,1.17859
1766710800,1.1786,1.17917,1.17829,1.17872
1766714400,1.17873,1.17936,1.17836,1.17921
1766718000,1.17922,1.17926,1.17834,1.17844
1766721600,1.17843,1.17872,1.178,1.17832
1766725200,1.17832,1.17872,1.17801,1.17862
1766728800,1.17863,1.1788,1.17718,1.17766
1766732400,1.17767,1.17778,1.17704,1.1773
1766736000,1.1773,1.17778,1.17666,1.17769
1766739600,1.17768,1.17778,1.17686,1.17703
1766743200,1.17701,1.17798,1.1769,1.17732
1766746800,1.17731,1.17825,1.17731,1.17774
1766750400,1.17776,1.17825,1.17728,1.17816
1766754000,1.17816,1.17968,1.17816,1.17914
1766757600,1.17916,1.17946,1.17812,1.17838
1766761200,1.17838,1.17926,1.17716,1.17772
1766764800,1.17772,1.17796,1.17623,1.17652
1766768400,1.17652,1.17705,1.17616,1.17702
1766772000,1.17704,1.17738,1.1769,1.1772
1766775600,1.17719,1.17768,1.17692,1.17768
1766779200,1.17768,1.17818,1.17724,1.17751
1766782800,1.17751,1.17767,1.17658,1.1771
1766959200,1.1768,1.17734,1.17654,1.17706
1766962800,1.1771,1.17782,1.1771,1.17726
1766966400,1.17728,1.1784,1.17718,1.17797
1766970000,1.17796,1.17864,1.17788,1.17842
1766973600,1.1784,1.17853,1.17756,1.17758
1766977200,1.17758,1.17761,1.17712,1.17734
1766980800,1.17734,1.17734,1.1764,1.17644
1766984400,1.17644,1.17644,1.17537,1.1756
1766988000,1.17562,1.17697,1.17542,1.17696
1766991600,1.17698,1.17792,1.17653,1.17771
1766995200,1.1777,1.17888,1.1771,1.1784
1766998800,1.1784,1.17891,1.17716,1.17764
1767002400,1.17764,1.17802,1.17653,1.17658
1767006000,1.17658,1.17712,1.17578,1.17659
1767009600,1.17656,1.17692,1.17555,1.17619
1767013200,1.17618,1.17737,1.17604,1.17698
1767016800,1.17698,1.17888,1.17672,1.1783
1767020400,1.17833,1.17864,1.17664,1.17678
1767024000,1.17676,1.17681,1.17524,1.17561
1767027600,1.1756,1.1757,1.17494,1.17521
1767031200,1.17519,1.1759,1.17508,1.17574
1767034800,1.17575,1.17682,1.1757,1.17674
1767038400,1.17673,1.17706,1.17644,1.17706
1767042000,1.17705,1.17748,1.17702,1.17726
1767045600,1.1771,1.17722,1.17663,1.17682
1767049200,1.1768,1.17746,1.1768,1.17725
1767052800,1.17724,1.17754,1.17716,1.17729
1767056400,1.17728,1.17751,1.17697,1.17751
1767060000,1.1775,1.17766,1.17716,1.17733
1767063600,1.17734,1.1776,1.17706,1.17726
1767067200,1.17727,1.17778,1.17718,1.17771
1767070800,1.17772,1.17791,1.1773,1.17752
1767074400,1.17752,1.17798,1.17739,1.17786
1767078000,1.17786,1.17786,1.17662,1.17703
1767081600,1.17704,1.17754,1.1766,1.17672
1767085200,1.17673,1.17779,1.17644,1.1769
1767088800,1.17688,1.17776,1.17688,1.17738
1767092400,1.17739,1.17768,1.17661,1.17668
1767096000,1.17667,1.17679,1.17607,1.17618
1767099600,1.17616,1.17679,1.17554,1.17633
1767103200,1.17634,1.17643,1.17564,1.17634
1767106800,1.17634,1.17663,1.17453,1.17598
1767110400,1.17598,1.17667,1.17544,1.17648
1767114000,1.1765,1.17668,1.17552,1.1756
1767117600,1.17561,1.17594,1.17482,1.17501
1767121200,1.17502,1.17529,1.17452,1.17468
1767124800,1.17468,1.17503,1.17434,1.1744
1767128400,1.17439,1.17488,1.17439,1.1748
1767132000,1.17466,1.1749,1.17458,1.17466
1767135600,1.17464,1.17492,1.17452,1.17456
1767139200,1.17457,1.17478,1.17444,1.17473
1767142800,1.17474,1.17491,1.17419,1.17426
1767146400,1.17424,1.17427,1.17388,1.17402
1767150000,1.174,1.17436,1.17396,1.17426
1767153600,1.17426,1.17428,1.1733,1.17345
1767157200,1.17345,1.17393,1.17344,1.17385
1767160800,1.17386,1.17398,1.17332,1.17374
1767164400,1.17373,1.17388,1.17298,1.17371
1767168000,1.17372,1.17398,1.172,1.17231
1767171600,1.17231,1.17389,1.172,1.17351
1767175200,1.1735,1.17438,1.17286,1.17392
1767178800,1.17394,1.17478,1.17364,1.17472
1767182400,1.17472,1.17594,1.17472,1.17554
1767186000,1.17553,1.17595,1.17416,1.1742
1767189600,1.1742,1.17426,1.17274,1.17302
1767193200,1.17302,1.17462,1.17202,1.17441
1767196800,1.17442,1.17488,1.17288,1.1735
1767200400,1.17349,1.1739,1.17315,1.1736
1767204000,1.1736,1.17388,1.17304,1.1736
1767207600,1.17362,1.17432,1.17362,1.17408
1767211200,1.17407,1.1753,1.17402,1.1752
1767214800,1.17522,1.1753,1.1745,1.17459
1767304800,1.17498,1.17505,1.17474,1.17488
1767308400,1.17487,1.1751,1.17458,1.1751
1767312000,1.1751,1.17564,1.17501,1.17564
1767315600,1.17564,1.17628,1.17564,1.1761
1767319200,1.1761,1.17638,1.17583,1.17594
1767322800,1.17594,1.1765,1.17592,1.17644
1767326400,1.17644,1.17648,1.17551,1.17556
1767330000,1.17556,1.17579,1.17508,1.17513
1767333600,1.17512,1.17516,1.17416,1.17438
1767337200,1.17437,1.17472,1.17322,1.17348
1767340800,1.17347,1.17384,1.17238,1.17286
1767344400,1.17286,1.17375,1.17206,1.17214
1767348000,1.17214,1.17236,1.17132,1.17211
1767351600,1.17211,1.17226,1.17152,1.1722
1767355200,1.17219,1.17272,1.17207,1.17237
1767358800,1.17238,1.1729,1.17182,1.17215
1767362400,1.17217,1.17308,1.17158,1.17286
1767366000,1.17284,1.17522,1.17283,1.17507
1767369600,1.17508,1.17545,1.17341,1.17375
1767373200,1.17374,1.17376,1.17286,1.17308
1767376800,1.17308,1.17314,1.17154,1.17192
1767380400,1.17191,1.17244,1.17144,1.17232
1767384000,1.17233,1.17238,1.17153,1.17178
1767387600,1.17176,1.17234,1.17174,1.17196
1767564000,1.17239,1.17239,1.17104,1.17116
1767567600,1.17118,1.1713,1.17004,1.17052
1767571200,1.17053,1.17111,1.17036,1.17051
1767574800,1.1705,1.17074,1.16996,1.17004
1767578400,1.17004,1.17016,1.1684,1.16888
1767582000,1.16888,1.16909,1.16722,1.16754
1767585600,1.16752,1.16831,1.16734,1.1682
1767589200,1.16819,1.1686,1.16805,1.16855
1767592800,1.16856,1.1692,1.16784,1.16912
1767596400,1.16913,1.16922,1.16836,1.16862
1767600000,1.1686,1.1695,1.1681,1.16834
1767603600,1.16834,1.16875,1.16739,1.16825
1767607200,1.16823,1.16902,1.16798,1.169
1767610800,1.169,1.1691,1.16803,1.16814
1767614400,1.16814,1.16852,1.16699,1.16708
1767618000,1.16709,1.16752,1.16592,1.16746
1767621600,1.16746,1.16874,1.16733,1.16852
1767625200,1.16852,1.17047,1.16852,1.17046
1767628800,1.17046,1.17187,1.1704,1.17149
1767632400,1.17148,1.17198,1.17101,1.17144
1767636000,1.17145,1.17254,1.17134,1.17251
1767639600,1.17252,1.17288,1.17222,1.17272
1767643200,1.17268,1.17288,1.17238,1.17248
1767646800,1.17248,1.17265,1.17196,1.17216
1767650400,1.17206,1.17232,1.17188,1.1719
1767654000,1.17191,1.17218,1.17128,1.17146
1767657600,1.17146,1.1717,1.17106,1.17168
1767661200,1.17168,1.17254,1.17122,1.17254
1767664800,1.17256,1.1738,1.17222,1.17374
1767668400,1.17374,1.17384,1.17326,1.17346
1767672000,1.17347,1.17356,1.17315,1.17338
1767675600,1.17337,1.1737,1.17273,1.17288
1767679200,1.1729,1.17372,1.17286,1.17362
1767682800,1.1736,1.17429,1.17259,1.17291
1767686400,1.1729,1.1739,1.17261,1.17286
1767690000,1.17286,1.1729,1.1708,1.17133
1767693600,1.17132,1.17172,1.17082,1.17128
1767697200,1.17126,1.17131,1.1705,1.17062
1767700800,1.17062,1.17122,1.16972,1.17014
1767704400,1.17014,1.17137,1.16975,1.1711
1767708000,1.1711,1.17176,1.16992,1.17092
1767711600,1.17092,1.17092,1.1684,1.16953
1767715200,1.16953,1.16984,1.16859,1.16881
1767718800,1.16881,1.17008,1.1687,1.17007
1767722400,1.17008,1.17022,1.1687,1.16882
1767726000,1.16884,1.16912,1.1684,1.16897
1767729600,1.16898,1.16932,1.16866,1.1687
1767733200,1.16869,1.1689,1.16846,1.16888
1767736800,1.16865,1.1689,1.16852,1.1689
1767740400,1.1689,1.16906,1.16868,1.16872
1767744000,1.16874,1.16943,1.16854,1.16918
1767747600,1.16917,1.17006,1.169,1.16958
1767751200,1.16958,1.17027,1.16953,1.16963
1767754800,1.16962,1.17003,1.16961,1.16986
1767758400,1.16987,1.17022,1.1691,1.16912
1767762000,1.16912,1.16944,1.16909,1.16931
1767765600,1.16932,1.16998,1.16922,1.16976
1767769200,1.16976,1.1699,1.16786,1.16828
1767772800,1.16826,1.16874,1.16729,1.16859
1767776400,1.16858,1.1687,1.16813,1.16846
1767780000,1.16846,1.16938,1.16834,1.16886
1767783600,1.16886,1.16926,1.1685,1.16892
1767787200,1.16893,1.16913,1.16811,1.16878
1767790800,1.16878,1.16948,1.16825,1.16917
1767794400,1.16916,1.16984,1.16871,1.1697
1767798000,1.1696,1.16988,1.168,1.16902
1767801600,1.16902,1.16932,1.16822,1.16893
1767805200,1.16892,1.16949,1.16862,1.16879
1767808800,1.1688,1.16904,1.16824,1.1683
1767812400,1.16831,1.16854,1.16786,1.16824
1767816000,1.16824,1.16838,1.16789,1.16789
1767819600,1.16789,1.16792,1.16738,1.16759
1767823200,1.16751,1.16782,1.16751,1.16775
1767826800,1.16776,1.16778,1.1675,1.16769
1767830400,1.1677,1.16781,1.16758,1.16758
1767834000,1.16756,1.16781,1.16728,1.16748
1767837600,1.16748,1.16807,1.16728,1.16804
1767841200,1.16802,1.16828,1.1679,1.168
1767844800,1.168,1.16812,1.1678,1.16804
1767848400,1.16804,1.1683,1.16775,1.16825
1767852000,1.16824,1.1683,1.16748,1.16816
1767855600,1.16816,1.1683,1.1677,1.16778
1767859200,1.1678,1.1679,1.1669,1.16711
1767862800,1.16709,1.1677,1.16693,1.16768
1767866400,1.16768,1.1682,1.16758,1.16799
1767870000,1.16798,1.16802,1.16753,1.16776
1767873600,1.16776,1.16778,1.16697,1.16732
1767877200,1.16733,1.16779,1.16583,1.16628
1767880800,1.16627,1.16666,1.16563,1.16646
1767884400,1.16646,1.16738,1.16608,1.16664
1767888000,1.16665,1.16676,1.16524,1.16546
1767891600,1.16545,1.16556,1.16438,1.16508
1767895200,1.16506,1.16533,1.16448,1.16452
1767898800,1.1645,1.16506,1.16426,1.16501
1767902400,1.16502,1.16546,1.16498,1.16513
1767906000,1.16512,1.16628,1.16507,1.16589
1767909600,1.16574,1.16598,1.16568,1.16587
1767913200,1.16589,1.16622,1.16565,1.16581
1767916800,1.1658,1.1658,1.16535,1.16538
1767920400,1.16536,1.16572,1.16484,1.16492
1767924000,1.16493,1.16548,1.1646,1.16543
1767927600,1.16544,1.16592,1.16538,1.16562
1767931200,1.16562,1.1657,1.16519,1.16542
1767934800,1.16542,1.16562,1.16501,1.16511
1767938400,1.16512,1.16528,1.16484,1.1649
1767942000,1.1649,1.16508,1.164,1.16508
1767945600,1.16508,1.1653,1.16412,1.16492
1767949200,1.16492,1.16503,1.16423,1.16426
1767952800,1.16424,1.16468,1.1637,1.16467
1767956400,1.16468,1.1647,1.16417,1.16461
1767960000,1.16462,1.16462,1.16398,1.16414
1767963600,1.16415,1.16608,1.16256,1.16452
1767967200,1.1645,1.16526,1.163,1.16366
1767970800,1.16364,1.1641,1.16182,1.16405
1767974400,1.16406,1.16434,1.16282,1.16332
1767978000,1.16332,1.16346,1.16276,1.16316
1767981600,1.16318,1.164,1.1631,1.1634
1767985200,1.16341,1.16389,1.16332,1.16348
1767988800,1.16348,1.16379,1.16341,1.16347
1767992400,1.16348,1.16368,1.16296,1.16364
1768168800,1.1633,1.1635,1.16316,1.16332
1768172400,1.16336,1.16354,1.16231,1.16238
1768176000,1.16237,1.16651,1.16217,1.16649
1768179600,1.16649,1.16714,1.16556,1.16562
1768183200,1.16562,1.16644,1.16538,1.16548
1768186800,1.16547,1.16593,1.16547,1.16552
1768190400,1.16553,1.16584,1.1653,1.16557
1768194000,1.16559,1.16712,1.16558,1.16692
1768197600,1.16691,1.16731,1.16643,1.16698
1768201200,1.16698,1.16878,1.16686,1.1685
1768204800,1.16848,1.16918,1.16759,1.16881
1768208400,1.1688,1.16959,1.16812,1.16818
1768212000,1.1682,1.16856,1.1676,1.16854
1768215600,1.16855,1.16895,1.16756,1.16786
1768219200,1.16786,1.16876,1.16772,1.16813
1768222800,1.16814,1.16985,1.16779,1.16929
1768226400,1.16928,1.1693,1.1674,1.16768
1768230000,1.16768,1.1686,1.16729,1.16812
1768233600,1.16812,1.16822,1.16713,1.16718
1768237200,1.16718,1.1676,1.16661,1.16686
1768240800,1.16686,1.16716,1.16653,1.1669
1768244400,1.16688,1.1674,1.1668,1.16721
1768248000,1.16722,1.16734,1.16631,1.16652
1768251600,1.16651,1.16691,1.16644,1.16668
1768255200,1.167,1.16704,1.16674,1.16688
1768258800,1.16688,1.16709,1.16656,1.16676
1768262400,1.16674,1.16676,1.16608,1.16636
1768266000,1.16637,1.16646,1.16562,1.16586
1768269600,1.16586,1.16614,1.16568,1.16591
1768273200,1.1659,1.16637,1.16565,1.16588
1768276800,1.16586,1.1666,1.16585,1.16654
1768280400,1.16656,1.16676,1.16618,1.16628
1768284000,1.16629,1.1663,1.16538,1.16588
1768287600,1.16587,1.1665,1.1656,1.16642
1768291200,1.1664,1.16694,1.16587,1.16693
1768294800,1.16692,1.16726,1.16636,1.1672
1768298400,1.16719,1.16746,1.16652,1.16664
1768302000,1.16664,1.16704,1.16646,1.16686
1768305600,1.16684,1.16691,1.16531,1.16552
1768309200,1.16552,1.1678,1.16502,1.16684
1768312800,1.16684,1.16734,1.16574,1.16638
1768316400,1.16638,1.1665,1.16442,1.1652
1768320000,1.16521,1.16546,1.16342,1.16457
1768323600,1.16458,1.16488,1.16412,1.16462
1768327200,1.16462,1.16546,1.16416,1.16533
1768330800,1.16534,1.16534,1.16462,1.16492
1768334400,1.16492,1.16499,1.16451,1.16456
1768338000,1.16454,1.16466,1.16426,1.16428
1768341600,1.16436,1.16454,1.16423,1.16447
1768345200,1.16446,1.16456,1.1642,1.1642
1768348800,1.1642,1.16437,1.1638,1.16429
1768352400,1.1643,1.16434,1.16368,1.16382
1768356000,1.16382,1.16444,1.16362,1.16436
1768359600,1.16438,1.1649,1.16436,1.1647
1768363200,1.1647,1.16482,1.16436,1.16441
1768366800,1.1644,1.16452,1.16417,1.1642
1768370400,1.1642,1.16502,1.16415,1.16492
1768374000,1.16491,1.1652,1.16446,1.16462
1768377600,1.16462,1.16504,1.1641,1.16476
1768381200,1.16475,1.16538,1.1646,1.16518
1768384800,1.16518,1.16579,1.16468,1.16551
1768388400,1.1655,1.1655,1.16438,1.1647
1768392000,1.16471,1.166,1.1645,1.16598
1768395600,1.16598,1.16598,1.16449,1.165
1768399200,1.16498,1.16598,1.16488,1.16558
1768402800,1.16559,1.16606,1.16494,1.166
1768406400,1.16598,1.16618,1.16526,1.16546
1768410000,1.16546,1.16558,1.16456,1.16468
1768413600,1.16468,1.16479,1.1638,1.1638
1768417200,1.16379,1.16394,1.16353,1.16362
1768420800,1.16363,1.16474,1.16363,1.16433
1768424400,1.1643,1.16465,1.16422,1.16454
1768428000,1.16469,1.1647,1.16444,1.1645
1768431600,1.16448,1.16471,1.16445,1.1645
1768435200,1.16451,1.16456,1.16358,1.16378
1768438800,1.16377,1.16419,1.16333,1.16386
1768442400,1.16382,1.16409,1.16362,1.16403
1768446000,1.16402,1.16415,1.16368,1.16389
1768449600,1.1639,1.16394,1.16343,1.16346
1768453200,1.16346,1.1638,1.16336,1.16352
1768456800,1.16352,1.16385,1.163,1.16332
1768460400,1.16333,1.16366,1.1626,1.16289
1768464000,1.16288,1.16354,1.16269,1.16308
1768467600,1.16308,1.164,1.16304,1.16359
1768471200,1.16358,1.16411,1.16329,1.16358
1768474800,1.16356,1.16381,1.16302,1.16308
1768478400,1.16307,1.1635,1.16203,1.16228
1768482000,1.16229,1.16252,1.15988,1.16014
1768485600,1.16013,1.1611,1.15932,1.16012
1768489200,1.16012,1.16096,1.1597,1.16024
1768492800,1.16024,1.16112,1.15984,1.16047
1768496400,1.16046,1.16138,1.16036,1.1609
1768500000,1.1609,1.16153,1.1609,1.16149
1768503600,1.16148,1.16176,1.16114,1.16138
1768507200,1.1614,1.16155,1.16028,1.16043
1768510800,1.16042,1.16112,1.16034,1.16094
1768514400,1.16088,1.16098,1.16079,1.1608
1768518000,1.16076,1.16104,1.16076,1.16092
1768521600,1.16092,1.16096,1.16028,1.16038
1768525200,1.16036,1.16088,1.16024,1.1607
1768528800,1.1607,1.16142,1.16063,1.16096
1768532400,1.16097,1.16125,1.1607,1.16122
1768536000,1.16122,1.16138,1.16102,1.1611
1768539600,1.1611,1.16112,1.1606,1.16067
1768543200,1.16068,1.16098,1.16044,1.16096
1768546800,1.16094,1.16148,1.1608,1.16122
1768550400,1.16122,1.16148,1.16085,1.16094
1768554000,1.16094,1.16153,1.16081,1.16084
1768557600,1.16084,1.16176,1.16082,1.1613
1768561200,1.16131,1.16236,1.16129,1.16193
1768564800,1.16192,1.16223,1.16136,1.16192
1768568400,1.1619,1.1621,1.16116,1.16186
1768572000,1.16188,1.16208,1.16126,1.16182
1768575600,1.16183,1.16275,1.15845,1.15935
1768579200,1.15936,1.1606,1.15936,1.15983
1768582800,1.15984,1.1603,1.15948,1.15957
1768586400,1.15955,1.15993,1.15894,1.15955
1768590000,1.15956,1.15974,1.15915,1.15964
1768593600,1.15965,1.16023,1.15954,1.15994
1768597200,1.15994,1.16023,1.15976,1.15988
1768773600,1.15802,1.1587,1.15782,1.15844
1768777200,1.15848,1.1627,1.15792,1.16244
1768780800,1.16244,1.16378,1.16046,1.1632
1768784400,1.16321,1.16345,1.16221,1.16226
1768788000,1.16227,1.1624,1.16157,1.16176
1768791600,1.16178,1.16262,1.1616,1.16247
1768795200,1.16246,1.16337,1.16246,1.1633
1768798800,1.16331,1.16376,1.16268,1.16276
1768802400,1.16274,1.16326,1.1625,1.1628
1768806000,1.16282,1.16415,1.1623,1.16261
1768809600,1.16262,1.1628,1.16185,1.16251
1768813200,1.1625,1.16298,1.16112,1.16245
1768816800,1.16244,1.16286,1.16222,1.1624
1768820400,1.16241,1.16291,1.16202,1.1628
1768824000,1.16278,1.16334,1.16252,1.16257
1768827600,1.16258,1.16356,1.16258,1.16318
1768831200,1.16317,1.16426,1.16302,1.16397
1768834800,1.16398,1.16434,1.16318,1.16398
1768838400,1.16398,1.16475,1.16377,1.1642
1768842000,1.1642,1.16466,1.16396,1.16458
1768845600,1.16459,1.16489,1.16432,1.16432
1768849200,1.16431,1.1647,1.16426,1.16433
1768852800,1.16432,1.16454,1.16419,1.16454
1768856400,1.16454,1.16465,1.1643,1.1646
1768860000,1.16427,1.1647,1.16427,1.16457
1768863600,1.16461,1.16464,1.16385,1.16394
1768867200,1.16394,1.16412,1.16326,1.16404
1768870800,1.16404,1.1644,1.1639,1.16438
1768874400,1.16438,1.16465,1.16406,1.16444
1768878000,1.16444,1.16588,1.16441,1.16566
1768881600,1.16568,1.16666,1.16561,1.16656
1768885200,1.16656,1.16727,1.1663,1.16632
1768888800,1.16633,1.1669,1.16622,1.16686
1768892400,1.16684,1.16938,1.16641,1.16888
1768896000,1.16888,1.17219,1.16872,1.17162
1768899600,1.17163,1.17328,1.17157,1.17262
1768903200,1.17262,1.17322,1.17153,1.1731
1768906800,1.17312,1.1739,1.17224,1.1735
1768910400,1.1735,1.17438,1.17256,1.1726
1768914000,1.17258,1.17693,1.17183,1.17334
1768917600,1.17334,1.1737,1.17152,1.17193
1768921200,1.17194,1.17372,1.17163,1.1727
1768924800,1.17271,1.17394,1.1727,1.17389
1768928400,1.17388,1.17428,1.17297,1.17316
1768932000,1.17315,1.17341,1.17264,1.17266
1768935600,1.17267,1.17279,1.17114,1.17124
1768939200,1.17124,1.17206,1.1711,1.17196
1768942800,1.17196,1.1727,1.17176,1.17268
1768946400,1.17245,1.17262,1.17212,1.17223
1768950000,1.1722,1.17289,1.17218,1.17272
1768953600,1.1727,1.1727,1.17166,1.17237
1768957200,1.17238,1.17342,1.17228,1.1729
1768960800,1.1729,1.17318,1.17244,1.17264
1768964400,1.17269,1.17289,1.17106,1.1719
1768968000,1.17189,1.17205,1.17141,1.17182
1768971600,1.17181,1.17217,1.17156,1.17174
1768975200,1.17174,1.17252,1.17155,1.1724
1768978800,1.17238,1.17254,1.17101,1.1717
1768982400,1.1717,1.17187,1.1705,1.17103
1768986000,1.17101,1.17128,1.17013,1.17036
1768989600,1.17034,1.17086,1.17016,1.1707
1768993200,1.17068,1.17203,1.1704,1.17141
1768996800,1.17142,1.17358,1.17122,1.17349
1769000400,1.1735,1.1743,1.17286,1.17397
1769004000,1.17398,1.17408,1.17152,1.17248
1769007600,1.17247,1.17285,1.17006,1.1702
1769011200,1.1702,1.17107,1.16948,1.17033
1769014800,1.17034,1.17116,1.16972,1.1703
1769018400,1.17028,1.17034,1.16937,1.1697
1769022000,1.1697,1.17053,1.16772,1.16914
1769025600,1.16916,1.1692,1.16762,1.16869
1769029200,1.16869,1.16896,1.1684,1.16876
1769032800,1.16854,1.16877,1.16842,1.16852
1769036400,1.16855,1.16856,1.16698,1.1673
1769040000,1.1673,1.16898,1.16729,1.16874
1769043600,1.16872,1.16902,1.16814,1.16888
1769047200,1.16888,1.16936,1.16835,1.16857
1769050800,1.16856,1.16904,1.1685,1.16889
1769054400,1.1689,1.16973,1.16889,1.16916
1769058000,1.16914,1.1692,1.16842,1.16882
1769061600,1.16884,1.16918,1.16842,1.16885
1769065200,1.16884,1.16962,1.16848,1.16904
1769068800,1.16902,1.1695,1.16842,1.1689
1769072400,1.16894,1.16974,1.16878,1.16926
1769076000,1.16927,1.16956,1.16866,1.16953
1769079600,1.16954,1.17041,1.16904,1.17024
1769083200,1.17022,1.17092,1.17001,1.17038
1769086800,1.17038,1.17187,1.1703,1.17139
1769090400,1.17138,1.17256,1.17108,1.17202
1769094000,1.17204,1.17342,1.17185,1.1734
1769097600,1.1734,1.17508,1.17334,1.17388
1769101200,1.17386,1.1748,1.17275,1.17464
1769104800,1.17463,1.17488,1.17432,1.17475
1769108400,1.17474,1.1748,1.17412,1.17441
1769112000,1.17442,1.1753,1.17422,1.1749
1769115600,1.17486,1.17566,1.17473,1.17552
1769119200,1.17528,1.17566,1.17516,1.17562
1769122800,1.17561,1.17592,1.17534,1.17538
1769126400,1.17538,1.17538,1.17479,1.17481
1769130000,1.1748,1.17538,1.1747,1.17494
1769133600,1.17493,1.17502,1.1744,1.17454
1769137200,1.17453,1.17488,1.17436,1.17436
1769140800,1.17436,1.1751,1.17432,1.17498
1769144400,1.17499,1.1754,1.17498,1.1751
1769148000,1.1751,1.1753,1.17414,1.17419
1769151600,1.1742,1.17474,1.17349,1.1736
1769155200,1.17358,1.17452,1.17283,1.174
1769158800,1.174,1.17452,1.17351,1.17354
1769162400,1.17354,1.1736,1.173,1.17346
1769166000,1.17347,1.17406,1.17308,1.17374
1769169600,1.17374,1.17444,1.17365,1.17424
1769173200,1.17425,1.17473,1.17328,1.17341
1769176800,1.17342,1.17482,1.17319,1.17463
1769180400,1.17462,1.17616,1.17459,1.17582
1769184000,1.17583,1.17753,1.17464,1.17706
1769187600,1.17706,1.1799,1.1769,1.17944
1769191200,1.17944,1.17957,1.17772,1.17922
1769194800,1.17922,1.1815,1.17916,1.18117
1769198400,1.18118,1.18264,1.18101,1.18214
1769202000,1.18214,1.18339,1.18211,1.18277
1769378400,1.18635,1.18931,1.1851,1.189
1769382000,1.18896,1.18977,1.18544,1.18604
1769385600,1.18603,1.18632,1.18444,1.18612
1769389200,1.18613,1.18692,1.18548,1.18578
1769392800,1.18578,1.18766,1.18558,1.18676
1769396400,1.18677,1.18678,1.18582,1.18624
1769400000,1.18626,1.18694,1.18554,1.18592
1769403600,1.18591,1.187,1.18582,1.1865
1769407200,1.1865,1.18656,1.18505,1.18517
1769410800,1.18517,1.18628,1.18365,1.18388
1769414400,1.18388,1.18598,1.18382,1.18536
1769418000,1.18536,1.18674,1.18418,1.18637
1769421600,1.18638,1.18653,1.18536,1.18608
1769425200,1.18607,1.18607,1.18486,1.18559
1769428800,1.1856,1.18571,1.18401,1.18422
1769432400,1.18422,1.18568,1.1835,1.1856
1769436000,1.1856,1.18796,1.18526,1.1879
1769439600,1.18791,1.1897,1.18706,1.18954
1769443200,1.18954,1.19072,1.188,1.18859
1769446800,1.1886,1.18914,1.18748,1.18788
1769450400,1.18788,1.18904,1.18782,1.18791
1769454000,1.1879,1.18816,1.18706,1.18792
1769457600,1.18794,1.18837,1.18774,1.18826
1769461200,1.18826,1.18864,1.1874,1.188
1769464800,1.18767,1.18788,1.18756,1.18773
1769468400,1.18774,1.18816,1.18716,1.18738
1769472000,1.18736,1.18826,1.18725,1.18772
1769475600,1.18771,1.18815,1.18734,1.18788
1769479200,1.18788,1.18996,1.18762,1.18933
1769482800,1.18933,1.18933,1.18793,1.18796
1769486400,1.18798,1.18825,1.187,1.18734
1769490000,1.18734,1.18786,1.18719,1.18766
1769493600,1.18767,1.18814,1.18708,1.1872
1769497200,1.18719,1.18756,1.1861,1.18638
1769500800,1.18639,1.18672,1.18504,1.18608
1769504400,1.18606,1.18898,1.18589,1.18891
1769508000,1.1889,1.189,1.18742,1.18888
1769511600,1.1889,1.18972,1.18854,1.18954
1769515200,1.18955,1.19344,1.18942,1.19281
1769518800,1.19282,1.19386,1.19142,1.19234
1769522400,1.19234,1.19558,1.19184,1.19439
1769526000,1.19438,1.19726,1.19438,1.19508
1769529600,1.19507,1.19902,1.19497,1.19792
1769533200,1.19792,1.19837,1.19587,1.198
1769536800,1.198,1.19874,1.19717,1.19778
1769540400,1.19776,1.19808,1.19712,1.19772
1769544000,1.19772,1.20831,1.19718,1.20295
1769547600,1.20294,1.205,1.20232,1.20409
1769551200,1.20395,1.20435,1.20372,1.20428
1769554800,1.2043,1.20475,1.20165,1.20231
1769558400,1.20231,1.20236,1.2008,1.20151
1769562000,1.20152,1.2016,1.19928,1.19929
1769565600,1.19928,1.2,1.19872,1.19975
1769569200,1.19977,1.2005,1.19953,1.1997
1769572800,1.19971,1.20018,1.19915,1.20002
1769576400,1.2,1.2001,1.19748,1.1997
1769580000,1.1997,1.20071,1.19904,1.19952
1769583600,1.19954,1.20259,1.19844,1.19914
1769587200,1.19914,1.20049,1.19704,1.19805
1769590800,1.19806,1.19929,1.1975,1.19869
1769594400,1.1987,1.1995,1.19726,1.1989
1769598000,1.19892,1.19896,1.19618,1.19681
1769601600,1.19681,1.19836,1.1966,1.19798
1769605200,1.19798,1.19808,1.1952,1.19576
1769608800,1.19578,1.19776,1.19526,1.19626
1769612400,1.19627,1.19704,1.1923,1.19434
1769616000,1.19436,1.19526,1.19186,1.19406
1769619600,1.19406,1.19433,1.1928,1.1941
1769623200,1.1941,1.19423,1.19145,1.19222
1769626800,1.19222,1.19418,1.18958,1.19405
1769630400,1.19406,1.19502,1.19295,1.19457
1769634000,1.19457,1.19542,1.19417,1.19538
1769637600,1.19556,1.19568,1.19548,1.1956
1769641200,1.19561,1.19811,1.19526,1.1981
1769644800,1.19808,1.19852,1.1969,1.19736
1769648400,1.19735,1.19735,1.19568,1.19614
1769652000,1.19614,1.19758,1.19532,1.19732
1769655600,1.1973,1.19868,1.19706,1.19866
1769659200,1.19866,1.19907,1.19752,1.199
1769662800,1.19898,1.19938,1.19806,1.19812
1769666400,1.19812,1.19892,1.19753,1.19846
1769670000,1.19846,1.19966,1.19672,1.1974
1769673600,1.1974,1.19858,1.19615,1.19686
1769677200,1.19684,1.19742,1.19515,1.19558
1769680800,1.1956,1.1958,1.19388,1.19424
1769684400,1.19426,1.1953,1.19382,1.1947
1769688000,1.19471,1.19623,1.1942,1.19613
1769691600,1.19612,1.19708,1.19402,1.19562
1769695200,1.19564,1.19714,1.19521,1.19704
1769698800,1.19704,1.19725,1.19062,1.19295
1769702400,1.19294,1.1953,1.19272,1.19426
1769706000,1.19426,1.19616,1.19426,1.19558
1769709600,1.19556,1.1965,1.19485,1.19579
1769713200,1.19578,1.19606,1.19502,1.19515
1769716800,1.19513,1.19684,1.19458,1.19648
1769720400,1.19649,1.19714,1.1962,1.19707
1769724000,1.19693,1.19705,1.19665,1.19704
1769727600,1.19698,1.19748,1.19652,1.19674
1769731200,1.19674,1.19733,1.19301,1.1932
1769734800,1.1932,1.19399,1.19142,1.1917
1769738400,1.19171,1.19266,1.18946,1.19187
1769742000,1.19189,1.19231,1.19132,1.19201
1769745600,1.19198,1.19345,1.1919,1.19244
1769749200,1.19244,1.19351,1.19146,1.19248
1769752800,1.19247,1.19332,1.1914,1.1919
1769756400,1.19189,1.19426,1.19148,1.19377
1769760000,1.1938,1.19434,1.19234,1.19331
1769763600,1.19332,1.19384,1.18982,1.19083
1769767200,1.19078,1.19253,1.19047,1.19213
1769770800,1.19213,1.19504,1.19208,1.19491
1769774400,1.1949,1.19546,1.19152,1.19194
1769778000,1.19194,1.19246,1.19018,1.19128
1769781600,1.19128,1.19213,1.19011,1.19062
1769785200,1.19062,1.19062,1.1883,1.18952
1769788800,1.18952,1.18974,1.18716,1.18862
1769792400,1.1886,1.18876,1.18667,1.18724
1769796000,1.18724,1.18844,1.18545,1.18785
1769799600,1.18784,1.1885,1.18644,1.18693
1769803200,1.1869,1.18691,1.1853,1.1853
1769806800,1.1853,1.18566,1.185,1.18506
1769983200,1.1851,1.18536,1.18464,1.18505
1769986800,1.18506,1.18568,1.18398,1.18463
1769990400,1.18464,1.18748,1.18464,1.18666
1769994000,1.18666,1.18726,1.18528,1.18706
1769997600,1.1871,1.18748,1.18632,1.18632
1770001200,1.18632,1.18719,1.1863,1.18641
1770004800,1.18642,1.18727,1.1858,1.18633
1770008400,1.18632,1.18638,1.1841,1.18508
1770012000,1.18507,1.18546,1.18432,1.18539
1770015600,1.1854,1.18635,1.18516,1.18536
1770019200,1.18538,1.18668,1.18436,1.1851
1770022800,1.18508,1.18652,1.18446,1.18623
1770026400,1.18622,1.18704,1.18588,1.18648
1770030000,1.18647,1.18714,1.18606,1.18647
1770033600,1.18644,1.18701,1.1843,1.18499
1770037200,1.185,1.18506,1.1818,1.1821
1770040800,1.1821,1.183,1.18054,1.1821
1770044400,1.182,1.182,1.17905,1.17923
1770048000,1.17924,1.1808,1.17904,1.18065
1770051600,1.18066,1.18125,1.17949,1.18
1770055200,1.18002,1.18013,1.17777,1.17796
1770058800,1.17798,1.17915,1.1776,1.17888
1770062400,1.17888,1.17922,1.17804,1.17914
1770066000,1.17915,1.17946,1.17887,1.17904
1770069600,1.1788,1.17932,1.1788,1.17902
1770073200,1.179,1.1799,1.17874,1.1799
1770076800,1.1799,1.18071,1.17982,1.18064
1770080400,1.18066,1.18149,1.18016,1.1814
1770084000,1.18139,1.18144,1.18008,1.18016
1770087600,1.18016,1.18128,1.1801,1.18095
1770091200,1.18094,1.18168,1.18088,1.18094
1770094800,1.18093,1.18132,1.18049,1.18088
1770098400,1.1809,1.18164,1.18078,1.18138
1770102000,1.18137,1.18244,1.181,1.18152
1770105600,1.18152,1.18196,1.18038,1.18129
1770109200,1.1813,1.18162,1.17921,1.17922
1770112800,1.17922,1.18,1.17868,1.17871
1770116400,1.17872,1.1795,1.17826,1.17872
1770120000,1.17872,1.18002,1.17868,1.17966
1770123600,1.17966,1.18068,1.17926,1.17961
1770127200,1.17961,1.18014,1.178,1.17911
1770130800,1.1791,1.18137,1.17862,1.1813
1770134400,1.18131,1.18214,1.18104,1.18178
1770138000,1.18178,1.18292,1.18138,1.18162
1770141600,1.18162,1.18224,1.1809,1.1809
1770145200,1.1809,1.18172,1.18058,1.18135
1770148800,1.18136,1.1822,1.18095,1.18212
1770152400,1.1821,1.18254,1.1818,1.1818
1770156000,1.18182,1.18208,1.18158,1.18182
1770159600,1.18181,1.18206,1.18122,1.18157
1770163200,1.18154,1.18174,1.18088,1.18144
1770166800,1.18144,1.1832,1.18124,1.1826
1770170400,1.18261,1.18318,1.1819,1.18222
1770174000,1.18223,1.18281,1.18208,1.18272
1770177600,1.1827,1.1836,1.18254,1.18355
1770181200,1.18356,1.18362,1.18308,1.1833
1770184800,1.18332,1.18362,1.18288,1.18298
1770188400,1.183,1.1834,1.1824,1.18321
1770192000,1.1832,1.1838,1.18238,1.18288
1770195600,1.18288,1.18326,1.18112,1.18136
1770199200,1.18136,1.18179,1.18048,1.18134
1770202800,1.18135,1.18155,1.18058,1.18103
1770206400,1.18102,1.1825,1.18097,1.18216
1770210000,1.18217,1.18273,1.18113,1.18226
1770213600,1.18226,1.18258,1.18026,1.1815
1770217200,1.18148,1.18222,1.17934,1.17963
1770220800,1.17964,1.18058,1.17906,1.18026
1770224400,1.18027,1.1815,1.17941,1.17978
1770228000,1.17976,1.18017,1.17948,1.18009
1770231600,1.1801,1.18096,1.17947,1.18092
1770235200,1.18091,1.18098,1.18016,1.18037
1770238800,1.18038,1.1808,1.18024,1.18055
1770242400,1.18058,1.18077,1.18047,1.18066
1770246000,1.18067,1.1808,1.18002,1.18016
1770249600,1.18016,1.18047,1.17995,1.18044
1770253200,1.18045,1.18084,1.1802,1.18038
1770256800,1.18039,1.18054,1.17847,1.17856
1770260400,1.17857,1.17911,1.17828,1.17894
1770264000,1.17894,1.17911,1.17866,1.17876
1770267600,1.17877,1.17904,1.17844,1.17901
1770271200,1.17902,1.17918,1.17847,1.17906
1770274800,1.17906,1.18036,1.17905,1.1799
1770278400,1.17988,1.18088,1.17954,1.1803
1770282000,1.1803,1.1803,1.17804,1.17808
1770285600,1.17808,1.17919,1.17804,1.17878
1770289200,1.17878,1.17954,1.17862,1.17938
1770292800,1.17939,1.18036,1.17854,1.17996
1770296400,1.17996,1.18155,1.17912,1.18118
1770300000,1.18117,1.18218,1.17956,1.1798
1770303600,1.17981,1.18118,1.1782,1.17913
1770307200,1.17916,1.18036,1.17852,1.18014
1770310800,1.18013,1.18043,1.1796,1.18009
1770314400,1.1801,1.18029,1.1792,1.17935
1770318000,1.17934,1.17974,1.17926,1.17942
1770321600,1.17942,1.17948,1.17798,1.17809
1770325200,1.17807,1.17843,1.1775,1.17792
1770328800,1.17776,1.17826,1.17776,1.17812
1770332400,1.17818,1.17818,1.17751,1.17765
1770336000,1.17766,1.17834,1.17656,1.1783
1770339600,1.1783,1.17884,1.17787,1.17853
1770343200,1.17852,1.17918,1.17846,1.17876
1770346800,1.17877,1.17906,1.17858,1.17876
1770350400,1.17878,1.17964,1.17873,1.17954
1770354000,1.17954,1.18014,1.17948,1.17984
1770357600,1.17983,1.1802,1.17944,1.17972
1770361200,1.17972,1.17978,1.17887,1.17914
1770364800,1.17914,1.17958,1.17858,1.17922
1770368400,1.17922,1.17983,1.17901,1.1792
1770372000,1.1792,1.17998,1.17899,1.17922
1770375600,1.1792,1.17934,1.17857,1.17902
1770379200,1.17902,1.17932,1.17884,1.17928
1770382800,1.17927,1.18112,1.17924,1.18104
1770386400,1.18104,1.18262,1.181,1.18211
1770390000,1.18209,1.1824,1.18052,1.18193
1770393600,1.18192,1.18218,1.18101,1.18122
1770397200,1.18121,1.18208,1.18104,1.1818
1770400800,1.1818,1.18228,1.18174,1.18191
1770404400,1.1819,1.18214,1.18146,1.18194
1770408000,1.18195,1.18229,1.18184,1.18222
1770411600,1.18222,1.18241,1.18134,1.18168
1770588000,1.18126,1.18167,1.18126,1.18164
1770591600,1.18162,1.18278,1.18097,1.18268
1770595200,1.18268,1.18337,1.1824,1.18308
1770598800,1.18308,1.18336,1.18248,1.18256
1770602400,1.18254,1.18258,1.18161,1.18198
1770606000,1.18196,1.18251,1.18186,1.1819
1770609600,1.18191,1.18269,1.1819,1.18266
1770613200,1.18266,1.18363,1.18258,1.18334
1770616800,1.18334,1.18578,1.18332,1.1852
1770620400,1.18518,1.186,1.1847,1.18558
1770624000,1.18559,1.18649,1.18516,1.18644
1770627600,1.18644,1.18698,1.18602,1.18622
1770631200,1.18622,1.18698,1.18552,1.186
1770634800,1.18599,1.18721,1.18558,1.18693
1770638400,1.18692,1.1883,1.18692,1.18814
1770642000,1.18815,1.19058,1.18815,1.19037
1770645600,1.19038,1.19185,1.19028,1.19184
1770649200,1.19186,1.19268,1.19034,1.19121
1770652800,1.19122,1.19176,1.1893,1.18974
1770656400,1.18974,1.19109,1.18973,1.19086
1770660000,1.19086,1.19174,1.19037,1.19159
1770663600,1.1916,1.19224,1.19124,1.19204
1770667200,1.19202,1.19212,1.19141,1.19147
1770670800,1.19146,1.1916,1.19104,1.19151
1770674400,1.19118,1.19156,1.19117,1.19128
1770678000,1.19135,1.19146,1.19016,1.19038
1770681600,1.19038,1.19057,1.18985,1.19018
1770685200,1.19018,1.19105,1.18967,1.19058
1770688800,1.19057,1.19144,1.19057,1.19137
1770692400,1.19138,1.19171,1.191,1.19116
1770696000,1.19116,1.19129,1.1906,1.1907
1770699600,1.1907,1.19106,1.19038,1.19073
1770703200,1.19072,1.19132,1.19012,1.19031
1770706800,1.19032,1.19105,1.18994,1.19088
1770710400,1.19087,1.19152,1.18998,1.19092
1770714000,1.1909,1.192,1.19082,1.19145
1770717600,1.19146,1.19176,1.19092,1.191
1770721200,1.191,1.19106,1.19008,1.19039
1770724800,1.1904,1.19086,1.18911,1.1893
1770728400,1.18928,1.19136,1.18884,1.19055
1770732000,1.19055,1.19288,1.19029,1.19148
1770735600,1.19145,1.19192,1.18965,1.19139
1770739200,1.1914,1.1915,1.18966,1.18978
1770742800,1.18978,1.19054,1.18933,1.18958
1770746400,1.18958,1.18982,1.18904,1.18924
1770750000,1.18922,1.19024,1.18868,1.19023
1770753600,1.19022,1.19035,1.18946,1.18951
1770757200,1.18952,1.18967,1.18926,1.18948
1770760800,1.18951,1.18977,1.1891,1.18912
1770764400,1.18914,1.18923,1.18868,1.18878
1770768000,1.18878,1.19004,1.18864,1.1897
1770771600,1.18968,1.19021,1.18939,1.18978
1770775200,1.1898,1.19129,1.18978,1.19084
1770778800,1.19085,1.19138,1.19036,1.19116
1770782400,1.19114,1.19152,1.19076,1.19082
1770786000,1.1908,1.19193,1.19069,1.19185
1770789600,1.19184,1.19258,1.19126,1.19152
1770793200,1.1915,1.19183,1.19104,1.1918
1770796800,1.19178,1.192,1.19132,1.19184
1770800400,1.19186,1.19198,1.19101,1.19181
1770804000,1.1918,1.19274,1.19162,1.19219
1770807600,1.19218,1.19218,1.1905,1.19082
1770811200,1.19083,1.19093,1.18985,1.19004
1770814800,1.19004,1.19044,1.18332,1.1862
1770818400,1.18621,1.18826,1.18526,1.18604
1770822000,1.18604,1.18718,1.18511,1.18593
1770825600,1.18592,1.18834,1.18531,1.1883
1770829200,1.18828,1.18937,1.18774,1.18858
1770832800,1.18858,1.18908,1.18788,1.18822
1770836400,1.18822,1.18846,1.18778,1.18798
1770840000,1.18798,1.18811,1.187,1.18708
1770843600,1.18708,1.18746,1.18687,1.18714
1770847200,1.18724,1.18759,1.18712,1.18746
1770850800,1.18742,1.18762,1.187,1.18748
1770854400,1.18748,1.18783,1.18669,1.18768
1770858000,1.18766,1.18826,1.18736,1.18809
1770861600,1.18808,1.18848,1.18751,1.1879
1770865200,1.18789,1.18812,1.18655,1.18697
1770868800,1.18696,1.18728,1.18603,1.1862
1770872400,1.18623,1.18658,1.18584,1.18648
1770876000,1.18647,1.18678,1.18524,1.18606
1770879600,1.18606,1.18753,1.18594,1.1873
1770883200,1.18732,1.1881,1.18714,1.188
1770886800,1.18801,1.1888,1.18796,1.18872
1770890400,1.18873,1.18875,1.18748,1.18772
1770894000,1.18774,1.18847,1.18752,1.18846
1770897600,1.18846,1.18862,1.1867,1.18732
1770901200,1.18732,1.18853,1.18714,1.1885
1770904800,1.1885,1.18878,1.18746,1.18834
1770908400,1.18833,1.18886,1.18783,1.18858
1770912000,1.1886,1.189,1.1862,1.18705
1770915600,1.18706,1.18771,1.186,1.18654
1770919200,1.18654,1.18696,1.18562,1.18635
1770922800,1.18636,1.18718,1.18608,1.187
1770926400,1.18698,1.18706,1.18637,1.18698
1770930000,1.18699,1.18728,1.18686,1.18712
1770933600,1.18681,1.18726,1.18678,1.18722
1770937200,1.18732,1.18732,1.1867,1.18692
1770940800,1.1869,1.18726,1.18666,1.18724
1770944400,1.18722,1.18736,1.18632,1.18672
1770948000,1.18673,1.18712,1.18628,1.18692
1770951600,1.18694,1.18702,1.18657,1.1867
1770955200,1.1867,1.18678,1.18601,1.18632
1770958800,1.18633,1.18648,1.18579,1.18594
1770962400,1.18593,1.18617,1.18534,1.18561
1770966000,1.1856,1.186,1.18471,1.18587
1770969600,1.18584,1.1863,1.18561,1.18626
1770973200,1.18626,1.18666,1.18604,1.18606
1770976800,1.18606,1.1861,1.18529,1.18574
1770980400,1.18574,1.18614,1.1855,1.18587
1770984000,1.18588,1.18638,1.18554,1.18618
1770987600,1.18619,1.18846,1.18568,1.18743
1770991200,1.18742,1.18748,1.18571,1.18592
1770994800,1.18594,1.1871,1.18476,1.18483
1770998400,1.18486,1.18746,1.18485,1.18688
1771002000,1.1869,1.18828,1.18684,1.18749
1771005600,1.1875,1.18806,1.18724,1.18737
1771009200,1.18736,1.18751,1.18662,1.18666
1771012800,1.18666,1.18748,1.18645,1.18745
1771016400,1.18744,1.18767,1.18672,1.18678
1771192800,1.18709,1.18728,1.18698,1.18708
1771196400,1.18702,1.18712,1.18632,1.1867
1771200000,1.1867,1.18672,1.18608,1.18614
1771203600,1.18612,1.18664,1.1859,1.18654
1771207200,1.18654,1.18672,1.18618,1.18654
1771210800,1.18656,1.1869,1.18638,1.18673
1771214400,1.18674,1.18681,1.18612,1.18624
1771218000,1.18624,1.18665,1.1861,1.1865
1771221600,1.18648,1.18703,1.18639,1.18664
1771225200,1.18662,1.18665,1.18604,1.18627
1771228800,1.18629,1.18706,1.18566,1.18652
1771232400,1.18652,1.18694,1.18622,1.18645
1771236000,1.18643,1.18678,1.1862,1.18671
1771239600,1.1867,1.18673,1.186,1.18614
1771243200,1.18614,1.18631,1.18501,1.18532
1771246800,1.18532,1.18577,1.18492,1.18548
1771250400,1.18547,1.18636,1.18532,1.18563
1771254000,1.18564,1.1857,1.18505,1.18539
1771257600,1.1854,1.18568,1.18464,1.18519
1771261200,1.1852,1.18536,1.18464,1.18482
1771264800,1.18484,1.18512,1.18483,1.18496
1771268400,1.18497,1.18542,1.18491,1.18542
1771272000,1.1854,1.18552,1.18526,1.18536
1771275600,1.18537,1.18543,1.18504,1.18511
1771279200,1.18507,1.18522,1.18506,1.18506
1771282800,1.18509,1.1852,1.18467,1.18506
1771286400,1.18507,1.1852,1.18422,1.18438
1771290000,1.18438,1.18448,1.18408,1.18444
1771293600,1.18443,1.18474,1.18405,1.18422
1771297200,1.18422,1.18424,1.18382,1.18417
1771300800,1.18416,1.18424,1.18394,1.1841
1771304400,1.1841,1.1842,1.18357,1.18416
1771308000,1.18416,1.18458,1.18416,1.18442
1771311600,1.18442,1.18448,1.18286,1.18328
1771315200,1.18328,1.1844,1.183,1.1841
1771318800,1.1841,1.18499,1.18398,1.18466
1771322400,1.18462,1.18472,1.18413,1.18428
1771326000,1.18428,1.18444,1.18242,1.1831
1771329600,1.18309,1.18358,1.1827,1.18278
1771333200,1.18277,1.18304,1.18158,1.18222
1771336800,1.18223,1.18282,1.18164,1.18239
1771340400,1.1824,1.18241,1.1805,1.18108
1771344000,1.18108,1.18354,1.18108,1.18308
1771347600,1.18307,1.18424,1.18294,1.18394
1771351200,1.18398,1.18532,1.18388,1.18482
1771354800,1.18483,1.18506,1.18433,1.18481
1771358400,1.1848,1.18528,1.1847,1.1851
1771362000,1.18512,1.18547,1.18499,1.18536
1771365600,1.18529,1.18536,1.18516,1.18524
1771369200,1.18525,1.18578,1.18506,1.18508
1771372800,1.1851,1.18538,1.1847,1.18474
1771376400,1.18473,1.18478,1.18426,1.18463
1771380000,1.18464,1.18474,1.18416,1.18447
1771383600,1.18447,1.18468,1.18411,1.18414
1771387200,1.18413,1.18438,1.18394,1.18418
1771390800,1.18419,1.1846,1.18418,1.18458
1771394400,1.18458,1.18464,1.18404,1.18448
1771398000,1.18446,1.18464,1.1833,1.18348
1771401600,1.18348,1.18381,1.18286,1.18312
1771405200,1.1831,1.18386,1.18285,1.18361
1771408800,1.18362,1.18408,1.18309,1.18322
1771412400,1.18322,1.1838,1.18306,1.18347
1771416000,1.18348,1.18472,1.18335,1.18398
1771419600,1.184,1.18486,1.18236,1.18238
1771423200,1.18238,1.18278,1.18122,1.18154
1771426800,1.18155,1.18268,1.18136,1.18227
1771430400,1.18226,1.18262,1.18094,1.18096
1771434000,1.18097,1.18142,1.18022,1.1806
1771437600,1.18061,1.18074,1.17875,1.17906
1771441200,1.17906,1.17954,1.17837,1.17874
1771444800,1.17874,1.17904,1.17822,1.17836
1771448400,1.17836,1.17874,1.17825,1.17836
1771452000,1.17845,1.17878,1.17842,1.17864
1771455600,1.17864,1.17898,1.17858,1.17886
1771459200,1.17888,1.17918,1.17855,1.17903
1771462800,1.17902,1.17952,1.17898,1.17946
1771466400,1.17946,1.17957,1.17906,1.1791
1771470000,1.17911,1.1793,1.17878,1.17908
1771473600,1.17908,1.17918,1.17848,1.17894
1771477200,1.17894,1.17928,1.17866,1.17916
1771480800,1.17916,1.1801,1.179,1.17983
1771484400,1.17982,1.18036,1.17928,1.18006
1771488000,1.18008,1.18052,1.17974,1.18014
1771491600,1.18014,1.18077,1.17986,1.18
1771495200,1.18,1.18032,1.17873,1.17892
1771498800,1.17892,1.17904,1.17766,1.17807
1771502400,1.17806,1.17808,1.1767,1.17694
1771506000,1.17695,1.177,1.17514,1.17656
1771509600,1.17655,1.17663,1.1742,1.17519
1771513200,1.17517,1.17756,1.17483,1.17632
1771516800,1.17632,1.17706,1.17582,1.17614
1771520400,1.17614,1.1768,1.17562,1.1766
1771524000,1.1766,1.17743,1.17648,1.17685
1771527600,1.17686,1.1772,1.17591,1.17638
1771531200,1.17639,1.17688,1.17633,1.17687
1771534800,1.17688,1.17782,1.17682,1.17716
1771538400,1.17715,1.17746,1.17714,1.17722
1771542000,1.1772,1.1776,1.17682,1.17684
1771545600,1.17684,1.17721,1.17668,1.17706
1771549200,1.17704,1.17718,1.17551,1.1759
1771552800,1.1759,1.176,1.17532,1.17546
1771556400,1.17546,1.1759,1.17545,1.17568
1771560000,1.1757,1.17598,1.17524,1.17532
1771563600,1.17532,1.1757,1.17502,1.17554
1771567200,1.17555,1.17568,1.17514,1.17552
1771570800,1.17551,1.17628,1.17496,1.17514
1771574400,1.17512,1.17638,1.17434,1.17608
1771578000,1.17609,1.17682,1.17584,1.17668
1771581600,1.17668,1.17688,1.17572,1.17638
1771585200,1.17637,1.17691,1.176,1.17674
1771588800,1.17674,1.17711,1.17634,1.17657
1771592400,1.17656,1.1783,1.17572,1.17694
1771596000,1.17692,1.17705,1.1756,1.17682
1771599600,1.1768,1.18076,1.17554,1.17882
1771603200,1.17882,1.17983,1.17738,1.178
1771606800,1.178,1.17851,1.17655,1.17802
1771610400,1.17802,1.1799,1.17768,1.17859
1771614000,1.17862,1.17898,1.17786,1.17808
1771617600,1.17808,1.17875,1.17775,1.17862
1771621200,1.17863,1.17916,1.17801,1.17818
1771797600,1.17963,1.17988,1.17931,1.17946
1771801200,1.17944,1.18348,1.17938,1.18334
1771804800,1.18334,1.18346,1.18228,1.1831
1771808400,1.1831,1.18336,1.18207,1.18262
1771812000,1.18263,1.18312,1.18234,1.18276
1771815600,1.18277,1.1828,1.18167,1.18235
1771819200,1.18236,1.18242,1.1818,1.18209
1771822800,1.18208,1.18216,1.18151,1.18198
1771826400,1.18196,1.1834,1.18167,1.18244
1771830000,1.18243,1.18278,1.18187,1.18234
1771833600,1.18235,1.18249,1.18072,1.18104
1771837200,1.18104,1.18126,1.18002,1.18008
1771840800,1.18009,1.18014,1.17951,1.17988
1771844400,1.17987,1.1799,1.1781,1.1786
1771848000,1.17857,1.17866,1.17744,1.17819
1771851600,1.17817,1.17978,1.17782,1.17958
1771855200,1.17958,1.18091,1.1794,1.18056
1771858800,1.18056,1.181,1.17922,1.17948
1771862400,1.17946,1.18064,1.17882,1.1804
1771866000,1.1804,1.18089,1.17907,1.17988
1771869600,1.17987,1.1801,1.17948,1.17983
1771873200,1.17982,1.18008,1.17882,1.17916
1771876800,1.17916,1.1794,1.17876,1.1789
1771880400,1.17892,1.17926,1.17843,1.17854
1771884000,1.1789,1.17892,1.17861,1.17874
1771887600,1.17874,1.17953,1.17863,1.1793
1771891200,1.1793,1.17964,1.17875,1.1788
1771894800,1.1788,1.1788,1.17716,1.1782
1771898400,1.17818,1.17846,1.17784,1.17838
1771902000,1.17838,1.17855,1.1775,1.17752
1771905600,1.17752,1.17768,1.1768,1.17697
1771909200,1.17698,1.17807,1.17686,1.178
1771912800,1.17801,1.17824,1.17772,1.17804
1771916400,1.17804,1.17824,1.17716,1.17792
1771920000,1.17792,1.179,1.17734,1.17838
1771923600,1.17838,1.17932,1.17831,1.17877
1771927200,1.17878,1.17912,1.17824,1.17856
1771930800,1.17856,1.17861,1.17792,1.17806
1771934400,1.17804,1.17836,1.17728,1.17814
1771938000,1.17813,1.17814,1.1768,1.17722
1771941600,1.17723,1.17786,1.17674,1.17736
1771945200,1.17727,1.17811,1.17662,1.17728
1771948800,1.17728,1.17902,1.17722,1.17881
1771952400,1.1788,1.17888,1.17818,1.17856
1771956000,1.17856,1.17867,1.17772,1.17786
1771959600,1.17784,1.17841,1.17765,1.17788
1771963200,1.17788,1.17836,1.17751,1.17752
1771966800,1.17753,1.1777,1.17734,1.17738
1771970400,1.17734,1.17778,1.17726,1.17746
1771974000,1.17744,1.17761,1.17726,1.1774
1771977600,1.17741,1.178,1.17734,1.17779
1771981200,1.1778,1.17822,1.1776,1.17786
1771984800,1.17785,1.17936,1.17782,1.17924
1771988400,1.17924,1.17944,1.17858,1.17895
1771992000,1.17895,1.17962,1.17877,1.17949
1771995600,1.17948,1.18055,1.17941,1.1801
1771999200,1.1801,1.18064,1.1797,1.18053
1772002800,1.18052,1.1808,1.17971,1.17972
1772006400,1.17971,1.18001,1.17895,1.179
1772010000,1.17901,1.17931,1.17856,1.1788
1772013600,1.1788,1.17885,1.17793,1.17798
1772017200,1.17798,1.17812,1.1771,1.17749
1772020800,1.1775,1.17869,1.17741,1.17859
1772024400,1.1786,1.17902,1.1773,1.17737
1772028000,1.17737,1.17892,1.17731,1.17863
1772031600,1.17864,1.18026,1.17848,1.18012
1772035200,1.18011,1.18073,1.17988,1.1804
1772038800,1.1804,1.18144,1.18026,1.18074
1772042400,1.18075,1.1811,1.18044,1.18048
1772046000,1.18048,1.18094,1.18028,1.18055
1772049600,1.18055,1.18088,1.18048,1.18061
1772053200,1.1806,1.1813,1.18034,1.18101
1772056800,1.18089,1.18136,1.18073,1.18114
1772060400,1.18116,1.18164,1.18108,1.18152
1772064000,1.18152,1.18194,1.18117,1.1819
1772067600,1.18188,1.1829,1.18179,1.18274
1772071200,1.18274,1.1829,1.18133,1.18175
1772074800,1.18174,1.18222,1.1816,1.1817
1772078400,1.1817,1.1819,1.18126,1.18184
1772082000,1.18184,1.18228,1.1816,1.18198
1772085600,1.18197,1.18223,1.18148,1.18189
1772089200,1.18188,1.18188,1.18088,1.18156
1772092800,1.18158,1.18159,1.18023,1.18026
1772096400,1.18024,1.1806,1.17968,1.17973
1772100000,1.17971,1.17998,1.17934,1.17984
1772103600,1.17984,1.18048,1.1798,1.18005
1772107200,1.18006,1.18098,1.17998,1.1809
1772110800,1.1809,1.18168,1.18028,1.18068
1772114400,1.1807,1.18158,1.1802,1.1813
1772118000,1.18126,1.18144,1.1781,1.17991
1772121600,1.1799,1.17994,1.1786,1.17919
1772125200,1.1792,1.17934,1.1774,1.17762
1772128800,1.17762,1.17874,1.17741,1.17846
1772132400,1.17846,1.17979,1.17824,1.17968
1772136000,1.17968,1.18033,1.17958,1.18014
1772139600,1.18015,1.18039,1.17972,1.17976
1772143200,1.17972,1.18006,1.1797,1.1798
1772146800,1.17984,1.18032,1.17964,1.18032
1772150400,1.18032,1.18057,1.17961,1.17962
1772154000,1.17964,1.18024,1.1789,1.17901
1772157600,1.17903,1.18015,1.17903,1.18007
1772161200,1.18006,1.1806,1.18002,1.18036
1772164800,1.18036,1.18132,1.18022,1.1811
1772168400,1.18111,1.1812,1.18063,1.18086
1772172000,1.18084,1.1811,1.18022,1.18043
1772175600,1.18041,1.18195,1.17971,1.18152
1772179200,1.18152,1.18218,1.18082,1.18097
1772182800,1.18094,1.18116,1.17928,1.17952
1772186400,1.17954,1.18037,1.17947,1.17988
1772190000,1.17989,1.1804,1.17962,1.18003
1772193600,1.18004,1.18083,1.17987,1.18024
1772197200,1.18024,1.18065,1.17904,1.17926
1772200800,1.17926,1.18154,1.17908,1.1797
1772204400,1.1797,1.18172,1.17963,1.18072
1772208000,1.18072,1.18252,1.18058,1.1822
1772211600,1.18221,1.1827,1.18156,1.18166
1772215200,1.18168,1.18192,1.18111,1.18179
1772218800,1.18178,1.18228,1.18167,1.18194
1772222400,1.18194,1.1826,1.18151,1.18162
1772226000,1.1816,1.18185,1.18112,1.18172
1772402400,1.17685,1.17796,1.17584,1.17773
1772406000,1.1777,1.17878,1.17568,1.17592
1772409600,1.17589,1.17782,1.1756,1.17775
1772413200,1.17773,1.17944,1.17754,1.1792
1772416800,1.1792,1.17934,1.1781,1.17886
1772420400,1.17887,1.17958,1.17882,1.17887
1772424000,1.17887,1.17904,1.17818,1.17864
1772427600,1.17862,1.17862,1.17662,1.17664
1772431200,1.17664,1.17667,1.17303,1.17324
1772434800,1.17322,1.17344,1.17036,1.17164
1772438400,1.17164,1.17239,1.16981,1.17227
1772442000,1.17226,1.17437,1.1721,1.17332
1772445600,1.17331,1.17473,1.17328,1.17386
1772449200,1.17386,1.17413,1.17263,1.17333
1772452800,1.1733,1.1734,1.17022,1.17038
1772456400,1.17037,1.17184,1.16952,1.16986
1772460000,1.16986,1.1724,1.16951,1.17174
1772463600,1.17165,1.17165,1.16799,1.168
1772467200,1.168,1.16944,1.16719,1.16896
1772470800,1.16897,1.17078,1.16868,1.17072
1772474400,1.17072,1.17074,1.16869,1.16946
1772478000,1.16944,1.17134,1.1694,1.17112
1772481600,1.17113,1.17132,1.16786,1.16903
1772485200,1.16902,1.16954,1.1689,1.169
1772488800,1.16868,1.16928,1.16854,1.16878
1772492400,1.16876,1.16984,1.16876,1.16948
1772496000,1.16949,1.16958,1.16864,1.16953
1772499600,1.16954,1.1707,1.16924,1.16969
1772503200,1.16968,1.1699,1.1686,1.16944
1772506800,1.16945,1.16978,1.16864,1.16904
1772510400,1.16906,1.16936,1.16793,1.16811
1772514000,1.16811,1.1685,1.16652,1.16667
1772517600,1.1667,1.16716,1.1662,1.16692
1772521200,1.16692,1.16692,1.16426,1.16437
1772524800,1.16439,1.16462,1.16179,1.1623
1772528400,1.1623,1.16292,1.15986,1.16055
1772532000,1.16054,1.16129,1.15892,1.1592
1772535600,1.15919,1.16034,1.1582,1.15972
1772539200,1.15972,1.16154,1.15902,1.1613
1772542800,1.16128,1.16152,1.159,1.15906
1772546400,1.15905,1.15996,1.1565,1.15675
1772550000,1.15674,1.15852,1.15303,1.15728
1772553600,1.15729,1.16062,1.15693,1.16031
1772557200,1.1603,1.16034,1.15868,1.15905
1772560800,1.15904,1.16222,1.15899,1.16157
1772564400,1.16156,1.16259,1.16,1.16126
1772568000,1.16126,1.16246,1.16113,1.16177
1772571600,1.16176,1.16182,1.16099,1.16124
1772575200,1.1613,1.16168,1.16112,1.16128
1772578800,1.16128,1.16205,1.16089,1.16108
1772582400,1.16109,1.16112,1.15923,1.15929
1772586000,1.1593,1.15978,1.15748,1.15938
1772589600,1.15939,1.16044,1.15914,1.1598
1772593200,1.15982,1.16094,1.15953,1.16086
1772596800,1.16087,1.16104,1.15902,1.1593
1772600400,1.15932,1.1599,1.1587,1.15952
1772604000,1.15952,1.16178,1.15898,1.16108
1772607600,1.16108,1.16282,1.16108,1.1616
1772611200,1.16159,1.1617,1.15951,1.15996
1772614800,1.15996,1.16201,1.1592,1.16086
1772618400,1.16086,1.16473,1.16086,1.16344
1772622000,1.16343,1.16549,1.16309,1.16352
1772625600,1.16352,1.16487,1.1626,1.16304
1772629200,1.16304,1.16522,1.16304,1.16311
1772632800,1.1631,1.16413,1.16206,1.16256
1772636400,1.16251,1.16404,1.16165,1.16403
1772640000,1.16402,1.16462,1.16284,1.16372
1772643600,1.16372,1.16436,1.16264,1.16331
1772647200,1.16332,1.16335,1.16234,1.16245
1772650800,1.16246,1.16412,1.16246,1.16398
1772654400,1.16398,1.16438,1.16384,1.16404
1772658000,1.16403,1.16418,1.16342,1.16354
1772661600,1.16304,1.16348,1.16287,1.16347
1772665200,1.16346,1.16395,1.16338,1.16348
1772668800,1.16348,1.16454,1.1632,1.1645
1772672400,1.16452,1.16474,1.16271,1.16282
1772676000,1.16282,1.16318,1.16224,1.16258
1772679600,1.16257,1.16276,1.161,1.16134
1772683200,1.16132,1.16148,1.16055,1.16085
1772686800,1.16084,1.16139,1.1594,1.15945
1772690400,1.15944,1.16164,1.15876,1.1607
1772694000,1.1607,1.16162,1.15992,1.16048
1772697600,1.16048,1.16049,1.15816,1.15988
1772701200,1.15986,1.16447,1.15966,1.16226
1772704800,1.16226,1.16317,1.16062,1.1611
1772708400,1.16111,1.16172,1.16038,1.16115
1772712000,1.16115,1.1625,1.16074,1.16206
1772715600,1.16204,1.16244,1.15896,1.15974
1772719200,1.15973,1.1609,1.15924,1.16028
1772722800,1.16028,1.16092,1.15692,1.15832
1772726400,1.1583,1.15868,1.1559,1.15838
1772730000,1.15838,1.1592,1.15726,1.1588
1772733600,1.1588,1.15916,1.15712,1.15859
1772737200,1.15858,1.1588,1.15701,1.1573
1772740800,1.1573,1.16103,1.15704,1.16046
1772744400,1.16046,1.16104,1.16018,1.16086
1772748000,1.16088,1.16102,1.16079,1.16085
1772751600,1.16082,1.16104,1.16034,1.16066
1772755200,1.16066,1.16144,1.16054,1.1611
1772758800,1.16108,1.16202,1.1607,1.16151
1772762400,1.1615,1.16206,1.16142,1.16165
1772766000,1.16162,1.16208,1.16162,1.16202
1772769600,1.16202,1.16212,1.16132,1.16138
1772773200,1.16137,1.16168,1.16057,1.16064
1772776800,1.16064,1.16121,1.16019,1.16118
1772780400,1.16117,1.16183,1.16064,1.16146
1772784000,1.16147,1.16147,1.16016,1.1603
1772787600,1.1603,1.1603,1.15718,1.15744
1772791200,1.15743,1.15852,1.15728,1.15785
1772794800,1.15784,1.15814,1.1561,1.15624
1772798400,1.15626,1.15688,1.15522,1.1555
1772802000,1.15548,1.15964,1.15502,1.1555
1772805600,1.1555,1.15747,1.15461,1.1572
1772809200,1.15721,1.1593,1.15704,1.15796
1772812800,1.15796,1.16131,1.1579,1.16056
1772816400,1.16056,1.16096,1.15946,1.15956
1772820000,1.15958,1.16214,1.1593,1.15986
1772823600,1.15988,1.16096,1.15968,1.16014
1772827200,1.16014,1.16099,1.15956,1.1606
1772830800,1.1606,1.16187,1.16052,1.16168
1773003600,1.1549,1.15574,1.15458,1.15475
1773007200,1.15475,1.15528,1.15258,1.1536
1773010800,1.15359,1.15402,1.15213,1.15244
1773014400,1.15245,1.15316,1.15162,1.15172
1773018000,1.15172,1.15239,1.15072,1.15092
1773021600,1.15092,1.15282,1.15084,1.15248
1773025200,1.15249,1.15289,1.15127,1.15168
1773028800,1.15168,1.15296,1.15161,1.1526
1773032400,1.15259,1.15716,1.1524,1.15676
1773036000,1.15676,1.15692,1.15446,1.15447
1773039600,1.15448,1.15652,1.15354,1.15636
1773043200,1.15638,1.15652,1.15154,1.15348
1773046800,1.15348,1.15732,1.1531,1.15541
1773050400,1.15542,1.1565,1.15469,1.15605
1773054000,1.15607,1.1568,1.15552,1.15615
1773057600,1.15616,1.15685,1.15502,1.15534
1773061200,1.15536,1.15878,1.15525,1.15759
1773064800,1.15758,1.15782,1.15474,1.1573
1773068400,1.15732,1.15938,1.15722,1.15916
1773072000,1.15916,1.15994,1.15852,1.15876
1773075600,1.15876,1.15895,1.15785,1.15788
1773079200,1.15789,1.15844,1.1576,1.15765
1773082800,1.15766,1.16339,1.15753,1.16091
1773086400,1.1609,1.16378,1.16088,1.16372
1773090000,1.16365,1.16375,1.16334,1.16372
1773093600,1.16376,1.16458,1.16227,1.16294
1773097200,1.16296,1.16316,1.1615,1.16166
1773100800,1.16166,1.16356,1.16116,1.16264
1773104400,1.16262,1.163,1.16118,1.162
1773108000,1.162,1.1627,1.16118,1.16132
1773111600,1.16132,1.16156,1.16079,1.16096
1773115200,1.16097,1.16144,1.1607,1.16118
1773118800,1.16118,1.16204,1.16117,1.16204
1773122400,1.16204,1.16376,1.16204,1.16325
1773126000,1.16325,1.16636,1.16278,1.16605
1773129600,1.16602,1.16619,1.16432,1.16458
1773133200,1.16456,1.1659,1.16439,1.16515
1773136800,1.16516,1.16517,1.16203,1.16395
1773140400,1.16396,1.16532,1.16362,1.16384
1773144000,1.16386,1.1641,1.16214,1.16345
1773147600,1.16346,1.16488,1.16291,1.16324
1773151200,1.16324,1.16504,1.1627,1.16484
1773154800,1.16482,1.16552,1.16398,1.16476
1773158400,1.16476,1.16546,1.16392,1.1652
1773162000,1.16518,1.16672,1.16414,1.16452
1773165600,1.16453,1.1646,1.16139,1.16246
1773169200,1.16246,1.16287,1.16058,1.16142
1773172800,1.16141,1.16154,1.16078,1.16084
1773176400,1.16091,1.16119,1.16075,1.16104
1773180000,1.16107,1.16133,1.16029,1.1605
1773183600,1.1605,1.1612,1.16048,1.16116
1773187200,1.16115,1.16248,1.16057,1.1618
1773190800,1.1618,1.16281,1.16125,1.16269
1773194400,1.1627,1.16294,1.16188,1.1626
1773198000,1.16259,1.16318,1.16252,1.16304
1773201600,1.16304,1.16352,1.16279,1.16338
1773205200,1.16338,1.16362,1.16302,1.1633
1773208800,1.16332,1.16409,1.16299,1.16334
1773212400,1.16333,1.16456,1.16135,1.1617
1773216000,1.1617,1.16214,1.16036,1.16126
1773219600,1.16127,1.1614,1.15904,1.15922
1773223200,1.15922,1.16118,1.15911,1.16071
1773226800,1.16071,1.16108,1.15946,1.15946
1773230400,1.15946,1.16056,1.15774,1.15824
1773234000,1.15825,1.15934,1.15778,1.15917
1773237600,1.15917,1.16128,1.15812,1.1582
1773241200,1.15819,1.15842,1.15656,1.15662
1773244800,1.15662,1.15767,1.15632,1.1571
1773248400,1.1571,1.15764,1.15608,1.15712
1773252000,1.15712,1.15744,1.15642,1.15716
1773255600,1.15718,1.15764,1.15681,1.15732
1773259200,1.15735,1.15738,1.1565,1.1567
1773262800,1.15668,1.15745,1.15658,1.15739
1773266400,1.15744,1.15745,1.15496,1.15502
1773270000,1.15501,1.15539,1.15398,1.15428
1773273600,1.15428,1.155,1.15342,1.15458
1773277200,1.1546,1.15556,1.15454,1.15508
1773280800,1.15508,1.15544,1.15323,1.1539
1773284400,1.15389,1.15404,1.15332,1.15384
1773288000,1.15383,1.154,1.15321,1.15332
1773291600,1.1533,1.15452,1.15327,1.15395
1773295200,1.15394,1.15515,1.15392,1.15479
1773298800,1.15478,1.15528,1.15416,1.15512
1773302400,1.15512,1.15561,1.15433,1.15474
1773306000,1.15473,1.15613,1.15446,1.15596
1773309600,1.15596,1.15629,1.15494,1.15578
1773313200,1.15578,1.15663,1.15525,1.15564
1773316800,1.15565,1.15574,1.15326,1.15393
1773320400,1.15394,1.15504,1.15202,1.15262
1773324000,1.15262,1.15332,1.15158,1.15206
1773327600,1.15205,1.15288,1.1511,1.1522
1773331200,1.15218,1.15327,1.15137,1.1522
1773334800,1.1522,1.15319,1.15193,1.1522
1773338400,1.15219,1.15244,1.15114,1.15122
1773342000,1.15122,1.15185,1.15107,1.15152
1773345600,1.15151,1.15164,1.15102,1.15109
1773349200,1.1513,1.15138,1.15113,1.15126
1773352800,1.15126,1.15214,1.1511,1.1519
1773356400,1.1519,1.15231,1.1515,1.1521
1773360000,1.15212,1.15284,1.15205,1.15235
1773363600,1.15235,1.15298,1.15146,1.15166
1773367200,1.15165,1.15222,1.15112,1.15138
1773370800,1.15135,1.15158,1.15048,1.15092
1773374400,1.1509,1.15092,1.15,1.15034
1773378000,1.15033,1.15066,1.14999,1.15009
1773381600,1.1501,1.15034,1.14824,1.14828
1773385200,1.14829,1.14838,1.14542,1.1458
1773388800,1.14579,1.14592,1.1433,1.14452
1773392400,1.14452,1.14616,1.14452,1.14532
1773396000,1.14532,1.14722,1.1452,1.14584
1773399600,1.14582,1.14708,1.14554,1.14686
1773403200,1.14684,1.14886,1.14611,1.14779
1773406800,1.1478,1.14902,1.14738,1.14788
1773410400,1.1479,1.14848,1.14556,1.14572
1773414000,1.14572,1.14612,1.14345,1.14431
1773417600,1.14432,1.14505,1.14362,1.14422
1773421200,1.1442,1.14462,1.14337,1.14424
1773424800,1.14424,1.14429,1.14318,1.1436
1773428400,1.1436,1.14369,1.142,1.14224
1773432000,1.14223,1.14228,1.1411,1.14164
1773608400,1.1424,1.14308,1.14232,1.14305
1773612000,1.14284,1.14337,1.1419,1.14298
1773615600,1.14298,1.14358,1.14261,1.14355
1773619200,1.14356,1.14556,1.1435,1.14549
1773622800,1.1455,1.14566,1.14397,1.14494
1773626400,1.14494,1.14516,1.1445,1.14481
1773630000,1.14482,1.1454,1.14458,1.14506
1773633600,1.14505,1.14516,1.14416,1.14416
1773637200,1.14416,1.14434,1.14332,1.14346
1773640800,1.14344,1.14365,1.14242,1.14316
1773644400,1.14316,1.14348,1.14143,1.1426
1773648000,1.14259,1.14454,1.14259,1.14448
1773651600,1.1445,1.14527,1.1441,1.14501
1773655200,1.145,1.14779,1.14478,1.14753
1773658800,1.14754,1.14872,1.14709,1.14794
1773662400,1.14794,1.1488,1.14722,1.14739
1773666000,1.1474,1.15009,1.1474,1.15003
1773669600,1.15002,1.15022,1.14804,1.14888
1773673200,1.14888,1.15004,1.14804,1.1487
1773676800,1.14869,1.14993,1.14776,1.14935
1773680400,1.14936,1.15042,1.14906,1.14922
1773684000,1.14922,1.15238,1.14922,1.15186
1773687600,1.15188,1.1525,1.1506,1.1508
1773691200,1.15077,1.15105,1.15032,1.15056
1773694800,1.1506,1.15129,1.15056,1.15078
1773698400,1.1508,1.1508,1.1498,1.1499
1773702000,1.1499,1.15,1.14948,1.14984
1773705600,1.14985,1.14986,1.14892,1.14926
1773709200,1.14924,1.14957,1.14865,1.1493
1773712800,1.14931,1.14987,1.14912,1.14952
1773716400,1.14949,1.1503,1.14918,1.14919
1773720000,1.14918,1.15,1.14894,1.14972
1773723600,1.14972,1.14993,1.14782,1.14793
1773727200,1.14795,1.1482,1.1466,1.1482
1773730800,1.14818,1.15003,1.14798,1.1495
1773734400,1.14949,1.15182,1.14877,1.15105
1773738000,1.15107,1.15248,1.1508,1.15165
1773741600,1.15164,1.15164,1.1504,1.15062
1773745200,1.15063,1.15188,1.15046,1.15074
1773748800,1.15075,1.15246,1.15043,1.15242
1773752400,1.15244,1.15438,1.15244,1.15305
1773756000,1.15306,1.15386,1.15207,1.15333
1773759600,1.1533,1.1539,1.15206,1.1525
1773763200,1.1525,1.1533,1.15182,1.15281
1773766800,1.1528,1.15402,1.15265,1.15398
1773770400,1.15398,1.15472,1.15386,1.1539
1773774000,1.15392,1.15412,1.15339,1.15358
1773777600,1.15359,1.15424,1.15351,1.15401
1773781200,1.1538,1.15387,1.15359,1.1537
1773784800,1.15368,1.15446,1.15368,1.15398
1773788400,1.15399,1.15412,1.15374,1.15392
1773792000,1.15393,1.15441,1.1532,1.15326
1773795600,1.15327,1.15403,1.15322,1.1534
1773799200,1.15341,1.15382,1.15322,1.15326
1773802800,1.15326,1.15368,1.15322,1.15362
1773806400,1.15362,1.15426,1.15362,1.15417
1773810000,1.15417,1.1547,1.15402,1.15456
1773813600,1.15456,1.15494,1.15396,1.15423
1773817200,1.15424,1.15458,1.15234,1.15264
1773820800,1.15264,1.15343,1.15178,1.15325
1773824400,1.15324,1.15396,1.15252,1.15388
1773828000,1.15388,1.1544,1.15338,1.15399
1773831600,1.15398,1.15554,1.153,1.15467
1773835200,1.15468,1.15481,1.15056,1.15075
1773838800,1.15074,1.15156,1.14906,1.1515
1773842400,1.15149,1.15276,1.15042,1.15166
1773846000,1.15162,1.15296,1.15116,1.1513
1773849600,1.15129,1.15222,1.15069,1.15108
1773853200,1.15108,1.15175,1.15026,1.1517
1773856800,1.15172,1.15252,1.1477,1.14772
1773860400,1.14772,1.14827,1.14685,1.14695
1773864000,1.14692,1.14706,1.14499,1.14516
1773867600,1.14516,1.14728,1.14516,1.14679
1773871200,1.14674,1.14676,1.14512,1.14568
1773874800,1.14564,1.14659,1.14554,1.14634
1773878400,1.14632,1.14744,1.14622,1.14741
1773882000,1.14742,1.14837,1.14734,1.14762
1773885600,1.14763,1.14914,1.14718,1.1482
1773889200,1.14822,1.14834,1.14746,1.14746
1773892800,1.14744,1.1475,1.1467,1.1469
1773896400,1.14688,1.14712,1.14634,1.14662
1773900000,1.14661,1.14768,1.1461,1.14653
1773903600,1.14654,1.14753,1.14508,1.14526
1773907200,1.14526,1.14594,1.1443,1.1451
1773910800,1.14512,1.14882,1.1451,1.14804
1773914400,1.14804,1.14804,1.14666,1.1474
1773918000,1.14738,1.14814,1.14657,1.14797
1773921600,1.14796,1.14899,1.14628,1.14873
1773925200,1.14871,1.15274,1.14692,1.1518
1773928800,1.15181,1.15284,1.15005,1.15164
1773932400,1.15163,1.1539,1.14986,1.15142
1773936000,1.1514,1.1538,1.15119,1.15358
1773939600,1.15359,1.15676,1.15358,1.15602
1773943200,1.15602,1.15843,1.15509,1.15838
1773946800,1.15838,1.16164,1.15772,1.15848
1773950400,1.15848,1.15903,1.15806,1.15891
1773954000,1.15886,1.1589,1.15828,1.15834
1773957600,1.15832,1.15952,1.15778,1.15785
1773961200,1.15786,1.15818,1.15746,1.15766
1773964800,1.15766,1.15801,1.1571,1.15739
1773968400,1.15738,1.15771,1.15636,1.15651
1773972000,1.15653,1.1568,1.15618,1.15637
1773975600,1.15638,1.15638,1.15563,1.15568
1773979200,1.15568,1.15598,1.1555,1.15556
1773982800,1.15556,1.15612,1.15524,1.15526
1773986400,1.15526,1.15663,1.15526,1.15592
1773990000,1.15591,1.15754,1.15558,1.15733
1773993600,1.15734,1.15808,1.15676,1.15678
1773997200,1.15678,1.1573,1.15478,1.15488
1774000800,1.15486,1.15626,1.15351,1.156
1774004400,1.156,1.158,1.15574,1.15716
1774008000,1.15716,1.15798,1.15622,1.15644
1774011600,1.15646,1.1566,1.154,1.15412
1774015200,1.15412,1.1544,1.15246,1.15349
1774018800,1.1535,1.15578,1.15349,1.15421
1774022400,1.15422,1.15666,1.15414,1.15592
1774026000,1.15594,1.15706,1.15498,1.15579
1774029600,1.15582,1.15716,1.15476,1.15506
1774033200,1.15506,1.1562,1.1547,1.15584
1774036800,1.15582,1.15722,1.15574,1.15711
1774213200,1.15378,1.1547,1.15372,1.1542
1774216800,1.15422,1.15628,1.15412,1.15583
1774220400,1.15584,1.15648,1.15574,1.15621
1774224000,1.15622,1.15644,1.15386,1.15444
1774227600,1.15443,1.15617,1.15443,1.15544
1774231200,1.15546,1.15574,1.1543,1.15467
1774234800,1.15468,1.15504,1.15426,1.15472
1774238400,1.15474,1.15516,1.15458,1.15506
1774242000,1.15504,1.15525,1.15342,1.15342
1774245600,1.15342,1.15344,1.15205,1.15306
1774249200,1.15306,1.15404,1.15237,1.15272
1774252800,1.15274,1.15462,1.1526,1.15297
1774256400,1.15301,1.15344,1.14911,1.1495
1774260000,1.14948,1.15014,1.14846,1.14858
1774263600,1.14862,1.162,1.1486,1.15564
1774267200,1.15564,1.16144,1.15464,1.16127
1774270800,1.1613,1.16156,1.158,1.15998
1774274400,1.15997,1.16399,1.1593,1.16153
1774278000,1.16152,1.16312,1.1582,1.15862
1774281600,1.15859,1.16008,1.15764,1.15911
1774285200,1.15912,1.16098,1.15867,1.16018
1774288800,1.16018,1.16374,1.15918,1.1635
1774292400,1.16348,1.16354,1.16128,1.16133
1774296000,1.16132,1.16153,1.16096,1.16112
1774299600,1.16138,1.16154,1.16124,1.16148
1774303200,1.16148,1.16178,1.16082,1.16148
1774306800,1.16148,1.16159,1.1606,1.1608
1774310400,1.1608,1.16088,1.15812,1.15884
1774314000,1.15886,1.1596,1.15786,1.15846
1774317600,1.15845,1.15924,1.15828,1.15859
1774321200,1.1586,1.15894,1.15814,1.1583
1774324800,1.15832,1.15836,1.15758,1.15802
1774328400,1.15803,1.15893,1.15758,1.15838
1774332000,1.15837,1.15925,1.15792,1.15919
1774335600,1.15918,1.1618,1.15892,1.16086
1774339200,1.16086,1.16094,1.15816,1.15884
1774342800,1.15886,1.1597,1.15788,1.15948
1774346400,1.15948,1.15964,1.15833,1.15922
1774350000,1.1592,1.16008,1.15789,1.15893
1774353600,1.15894,1.15994,1.1581,1.15846
1774357200,1.15848,1.15907,1.15672,1.15776
1774360800,1.15775,1.1607,1.15773,1.15896
1774364400,1.15894,1.15974,1.15759,1.15778
1774368000,1.15778,1.15924,1.15741,1.15827
1774371600,1.15826,1.15843,1.1557,1.15762
1774375200,1.15762,1.15925,1.15678,1.15822
1774378800,1.15822,1.15928,1.15822,1.15856
1774382400,1.15854,1.16284,1.15829,1.16076
1774386000,1.16064,1.16134,1.16018,1.1612
1774389600,1.1611,1.16192,1.16045,1.16142
1774393200,1.16142,1.16182,1.16084,1.16138
1774396800,1.16138,1.16307,1.16126,1.16234
1774400400,1.16232,1.16245,1.16118,1.16121
1774404000,1.16122,1.16131,1.16012,1.16042
1774407600,1.16042,1.16058,1.16008,1.16039
1774411200,1.16038,1.16042,1.15975,1.15979
1774414800,1.15978,1.15982,1.1589,1.15922
1774418400,1.15922,1.15998,1.1587,1.15964
1774422000,1.15961,1.16053,1.15884,1.15976
1774425600,1.15977,1.16166,1.15906,1.16027
1774429200,1.16028,1.16093,1.15914,1.15992
1774432800,1.15993,1.16057,1.15958,1.16044
1774436400,1.16044,1.16114,1.15942,1.16055
1774440000,1.16056,1.16138,1.15864,1.15914
1774443600,1.15915,1.1599,1.15716,1.15729
1774447200,1.1573,1.15878,1.15664,1.15861
1774450800,1.1586,1.15894,1.1563,1.157
1774454400,1.15698,1.15766,1.15554,1.15676
1774458000,1.15674,1.15838,1.15648,1.15784
1774461600,1.15783,1.15812,1.1561,1.15666
1774465200,1.15665,1.15666,1.15592,1.15633
1774468800,1.15632,1.15636,1.1556,1.15592
1774472400,1.1559,1.15622,1.1559,1.15608
1774476000,1.1561,1.15626,1.1556,1.15604
1774479600,1.15605,1.15621,1.15589,1.15614
1774483200,1.15614,1.15648,1.1554,1.15583
1774486800,1.15581,1.1567,1.15581,1.15644
1774490400,1.15643,1.15658,1.15548,1.15589
1774494000,1.15586,1.15698,1.15579,1.15688
1774497600,1.15688,1.15724,1.15674,1.15694
1774501200,1.15696,1.15699,1.15578,1.15579
1774504800,1.15578,1.15671,1.15519,1.15666
1774508400,1.15668,1.15668,1.15506,1.15539
1774512000,1.15538,1.15611,1.15476,1.15598
1774515600,1.15597,1.1565,1.15526,1.15596
1774519200,1.15596,1.15652,1.15546,1.15573
1774522800,1.15572,1.15588,1.15234,1.15243
1774526400,1.15244,1.15355,1.15226,1.15351
1774530000,1.15352,1.15526,1.15351,1.15424
1774533600,1.15423,1.1555,1.15369,1.15476
1774537200,1.15476,1.15512,1.15314,1.15414
1774540800,1.15415,1.15432,1.15309,1.15357
1774544400,1.15356,1.15378,1.15255,1.15258
1774548000,1.15256,1.1534,1.15252,1.1534
1774551600,1.15342,1.15346,1.15216,1.15219
1774555200,1.1522,1.15591,1.15196,1.15294
1774558800,1.15322,1.1538,1.153,1.15342
1774562400,1.15342,1.15406,1.15329,1.15386
1774566000,1.15386,1.15399,1.1534,1.15344
1774569600,1.15343,1.15381,1.15244,1.15305
1774573200,1.15304,1.15409,1.15297,1.15404
1774576800,1.15406,1.15427,1.15362,1.15384
1774580400,1.15385,1.15403,1.15338,1.15392
1774584000,1.15392,1.15438,1.15371,1.15428
1774587600,1.15429,1.15463,1.15372,1.15412
1774591200,1.1541,1.15439,1.1534,1.15345
1774594800,1.15344,1.1535,1.15168,1.1519
1774598400,1.15187,1.15254,1.15158,1.15207
1774602000,1.15202,1.15262,1.15145,1.15193
1774605600,1.15192,1.1526,1.15102,1.15109
1774609200,1.1511,1.15141,1.15048,1.15077
1774612800,1.15076,1.15181,1.15018,1.15151
1774616400,1.15152,1.1533,1.15141,1.15242
1774620000,1.1524,1.15358,1.15232,1.15288
1774623600,1.15288,1.1548,1.1518,1.15194
1774627200,1.15194,1.15274,1.15148,1.15192
1774630800,1.1519,1.15292,1.15063,1.15126
1774634400,1.15124,1.152,1.1507,1.15136
1774638000,1.15135,1.1518,1.15099,1.15172
1774641600,1.15172,1.15208,1.15094,1.15114
1774818000,1.15029,1.15032,1.14996,1.15
1774821600,1.15004,1.15026,1.14881,1.14886
1774825200,1.14886,1.14947,1.14876,1.14918
1774828800,1.1492,1.15128,1.14896,1.15068
1774832400,1.15068,1.1511,1.15029,1.15051
1774836000,1.1505,1.15153,1.15014,1.15114
1774839600,1.15114,1.15188,1.15103,1.15158
1774843200,1.15158,1.15213,1.15136,1.15136
1774846800,1.15136,1.15182,1.15097,1.15158
1774850400,1.15157,1.15202,1.15116,1.15128
1774854000,1.15126,1.15128,1.1494,1.14979
1774857600,1.14978,1.14988,1.14907,1.14962
1774861200,1.14963,1.14984,1.1484,1.14945
1774864800,1.14946,1.14974,1.1488,1.14892
1774868400,1.14893,1.15004,1.1484,1.14849
1774872000,1.1485,1.1489,1.1473,1.14828
1774875600,1.14827,1.1488,1.14622,1.14642
1774879200,1.14644,1.14706,1.14548,1.1465
1774882800,1.14651,1.14659,1.14432,1.14538
1774886400,1.14536,1.14613,1.14475,1.14602
1774890000,1.14602,1.14654,1.14557,1.14577
1774893600,1.14578,1.14662,1.1457,1.14609
1774897200,1.1461,1.14624,1.14538,1.14598
1774900800,1.14597,1.1463,1.14572,1.14618
1774904400,1.14587,1.14678,1.14586,1.14634
1774908000,1.14634,1.14657,1.14594,1.14596
1774911600,1.14594,1.14594,1.14524,1.14566
1774915200,1.14567,1.14763,1.14471,1.14748
1774918800,1.14747,1.14908,1.14734,1.1476
1774922400,1.14762,1.14796,1.14732,1.14758
1774926000,1.14759,1.14763,1.14664,1.14698
1774929600,1.14697,1.14728,1.1469,1.14692
1774933200,1.14692,1.14714,1.14624,1.14646
1774936800,1.14646,1.14744,1.14608,1.1472
1774940400,1.14718,1.14743,1.1463,1.14724
1774944000,1.14724,1.14758,1.14641,1.14672
1774947600,1.14672,1.14736,1.14621,1.14681
1774951200,1.14682,1.147,1.14582,1.1459
1774954800,1.1459,1.14912,1.14576,1.14911
1774958400,1.14912,1.15099,1.1487,1.1503
1774962000,1.15031,1.15326,1.15006,1.15323
1774965600,1.15324,1.15407,1.15111,1.15202
1774969200,1.15202,1.15331,1.15118,1.15173
1774972800,1.15174,1.15598,1.1514,1.15404
1774976400,1.15404,1.15566,1.15389,1.154
1774980000,1.15401,1.1551,1.15384,1.15447
1774983600,1.15446,1.15599,1.15388,1.15592
1774987200,1.15591,1.15634,1.15524,1.15532
1774990800,1.1554,1.15572,1.15535,1.15566
1774994400,1.15564,1.15602,1.15528,1.15588
1774998000,1.15587,1.15746,1.15571,1.1574
1775001600,1.1574,1.1579,1.15696,1.15745
1775005200,1.15744,1.15756,1.15549,1.15618
1775008800,1.15618,1.15711,1.15608,1.15688
1775012400,1.15688,1.15688,1.1559,1.15608
1775016000,1.15606,1.15666,1.15596,1.15654
1775019600,1.15654,1.15764,1.15648,1.15678
1775023200,1.15678,1.15928,1.1562,1.15913
1775026800,1.15914,1.15988,1.15772,1.15821
1775030400,1.1582,1.16108,1.15774,1.15964
1775034000,1.15966,1.16028,1.15809,1.15952
1775037600,1.15955,1.16038,1.15933,1.15997
1775041200,1.15998,1.16101,1.1598,1.16074
1775044800,1.16075,1.16238,1.15938,1.16047
1775048400,1.16048,1.16238,1.15986,1.16119
1775052000,1.16107,1.1627,1.16047,1.16226
1775055600,1.16228,1.16272,1.16053,1.16138
1775059200,1.16136,1.16192,1.16048,1.1619
1775062800,1.16192,1.16234,1.15938,1.1594
1775066400,1.15939,1.15944,1.15769,1.1579
1775070000,1.15791,1.15872,1.15763,1.15838
1775073600,1.15838,1.1592,1.15837,1.15908
1775077200,1.15888,1.15918,1.15852,1.15906
1775080800,1.15905,1.15945,1.15898,1.15912
1775084400,1.15913,1.15946,1.15891,1.15898
1775088000,1.15896,1.1598,1.1587,1.15957
1775091600,1.15954,1.16058,1.15457,1.15526
1775095200,1.15526,1.15604,1.15442,1.15468
1775098800,1.1547,1.1549,1.15378,1.15399
1775102400,1.15401,1.15421,1.15322,1.1537
1775106000,1.15372,1.1539,1.1525,1.15254
1775109600,1.15256,1.15356,1.15152,1.15345
1775113200,1.15346,1.1538,1.15188,1.15324
1775116800,1.15325,1.15358,1.15244,1.15254
1775120400,1.15254,1.1532,1.15217,1.15264
1775124000,1.15264,1.15269,1.15112,1.15123
1775127600,1.15124,1.15195,1.15092,1.15176
1775131200,1.15176,1.15312,1.15171,1.15248
1775134800,1.15248,1.15326,1.15204,1.15313
1775138400,1.15314,1.15639,1.15266,1.15512
1775142000,1.15513,1.15587,1.15416,1.15451
1775145600,1.1545,1.15482,1.15392,1.15394
1775149200,1.15393,1.15492,1.15364,1.15378
1775152800,1.15378,1.154,1.15331,1.15362
1775156400,1.15362,1.15438,1.15334,1.15346
1775160000,1.15348,1.154,1.15322,1.154
1775163600,1.15385,1.1543,1.15385,1.1542
1775167200,1.1542,1.1544,1.15381,1.154
1775170800,1.15401,1.1543,1.15396,1.15416
1775174400,1.15416,1.15452,1.15382,1.15382
1775178000,1.15382,1.154,1.15338,1.1535
1775181600,1.15351,1.15384,1.15322,1.15362
1775185200,1.15362,1.15374,1.15342,1.15364
1775188800,1.15364,1.15364,1.15338,1.15338
1775192400,1.15338,1.15383,1.15294,1.1538
1775196000,1.15379,1.15408,1.15352,1.15398
1775199600,1.15397,1.15464,1.15395,1.15429
1775203200,1.15428,1.15454,1.15403,1.1543
1775206800,1.1543,1.15458,1.15408,1.15432
1775210400,1.15432,1.15492,1.1542,1.15449
1775214000,1.1545,1.15468,1.15409,1.15443
1775217600,1.15444,1.1546,1.15177,1.1531
1775221200,1.15308,1.15386,1.1528,1.1535
1775224800,1.15352,1.15366,1.15209,1.15212
1775228400,1.15213,1.15279,1.15201,1.15222
1775232000,1.15222,1.15225,1.1519,1.1519
1775235600,1.1519,1.15219,1.15186,1.15202
1775239200,1.15202,1.15213,1.15142,1.15146
1775242800,1.15145,1.15161,1.15142,1.15146
1775246400,1.15147,1.15348,1.15134,1.15222
1775422800,1.15238,1.1524,1.15202,1.15213
1775426400,1.15212,1.15218,1.15053,1.1515
1775430000,1.15149,1.15168,1.15086,1.15098
1775433600,1.15098,1.15184,1.15094,1.15118
1775437200,1.15118,1.15144,1.15064,1.1507
1775440800,1.15071,1.15288,1.1507,1.15206
1775444400,1.15207,1.15232,1.15173,1.1519
1775448000,1.15192,1.15251,1.15186,1.15244
1775451600,1.15244,1.15297,1.1523,1.15255
1775455200,1.15254,1.15378,1.1522,1.15333
1775458800,1.15332,1.15688,1.15253,1.15645
1775462400,1.15646,1.15688,1.15538,1.15553
1775466000,1.15556,1.15606,1.15475,1.15506
1775469600,1.15506,1.15544,1.15377,1.15481
1775473200,1.15482,1.15501,1.15403,1.15458
1775476800,1.15458,1.15546,1.15426,1.15534
1775480400,1.15536,1.15614,1.15494,1.15597
1775484000,1.156,1.15716,1.15426,1.15432
1775487600,1.15432,1.15446,1.15356,1.15444
1775491200,1.15443,1.15482,1.15424,1.1545
1775494800,1.15451,1.15488,1.15342,1.15416
1775498400,1.15416,1.15528,1.15396,1.15457
1775502000,1.15458,1.15469,1.15407,1.15429
1775505600,1.1543,1.15445,1.15408,1.15433
1775509200,1.15414,1.15448,1.15409,1.15432
1775512800,1.15432,1.1548,1.15423,1.15428
1775516400,1.15428,1.15436,1.1539,1.15409
1775520000,1.15408,1.15439,1.15366,1.15376
1775523600,1.15376,1.15403,1.15272,1.15302
1775527200,1.15302,1.1532,1.15242,1.15298
1775530800,1.15298,1.15349,1.15288,1.15346
1775534400,1.15346,1.15389,1.1533,1.15383
1775538000,1.15385,1.15398,1.15302,1.15354
1775541600,1.15355,1.15456,1.15328,1.15447
1775545200,1.15448,1.1546,1.15368,1.15428
1775548800,1.15425,1.15756,1.1542,1.15737
1775552400,1.15735,1.15756,1.15623,1.15629
1775556000,1.15628,1.15638,1.15458,1.15543
1775559600,1.15543,1.15621,1.15482,1.15602
1775563200,1.15602,1.15698,1.1554,1.15606
1775566800,1.15604,1.1565,1.1556,1.15638
1775570400,1.15637,1.15836,1.15584,1.1572
1775574000,1.1572,1.15786,1.1566,1.1571
1775577600,1.15713,1.15797,1.15698,1.15716
1775581200,1.15716,1.15796,1.15664,1.15776
1775584800,1.15777,1.15831,1.15716,1.15748
1775588400,1.15747,1.16018,1.15731,1.15952
1775592000,1.15952,1.16052,1.15925,1.15976
1775595600,1.15962,1.16033,1.15956,1.16
1775599200,1.16002,1.16698,1.15889,1.1668
1775602800,1.16682,1.16903,1.16614,1.16862
1775606400,1.16863,1.1697,1.16661,1.16718
1775610000,1.16718,1.16884,1.16712,1.16754
1775613600,1.16754,1.16824,1.16688,1.16737
1775617200,1.16739,1.1676,1.16662,1.16707
1775620800,1.16708,1.1681,1.16708,1.16763
1775624400,1.16764,1.17086,1.16721,1.16916
1775628000,1.16915,1.17085,1.16846,1.16962
1775631600,1.16965,1.17003,1.1679,1.16956
1775635200,1.16956,1.16993,1.16689,1.16812
1775638800,1.16814,1.16894,1.1678,1.16796
1775642400,1.16795,1.16925,1.16776,1.16903
1775646000,1.16902,1.17104,1.16854,1.17002
1775649600,1.17004,1.17182,1.16881,1.17141
1775653200,1.1714,1.17218,1.1687,1.16942
1775656800,1.16941,1.17034,1.16894,1.16944
1775660400,1.16946,1.16966,1.16842,1.16862
1775664000,1.16863,1.16887,1.1677,1.16818
1775667600,1.16817,1.16854,1.1669,1.1675
1775671200,1.1675,1.16802,1.165,1.16504
1775674800,1.16502,1.16706,1.16434,1.1668
1775678400,1.1668,1.16695,1.16606,1.16622
1775682000,1.16615,1.16672,1.16601,1.16662
1775685600,1.1666,1.16678,1.166,1.16622
1775689200,1.16623,1.16634,1.16576,1.16592
1775692800,1.16593,1.16611,1.1653,1.16572
1775696400,1.16572,1.16636,1.16504,1.16618
1775700000,1.16618,1.16674,1.16592,1.16653
1775703600,1.16654,1.1667,1.16606,1.16624
1775707200,1.16624,1.16712,1.16619,1.16664
1775710800,1.16665,1.16678,1.16592,1.1661
1775714400,1.1661,1.16644,1.16544,1.16643
1775718000,1.16645,1.16692,1.16554,1.1663
1775721600,1.1663,1.1675,1.16597,1.1672
1775725200,1.16721,1.16793,1.16686,1.16746
1775728800,1.16746,1.16796,1.16711,1.16711
1775732400,1.1671,1.16896,1.16696,1.16884
1775736000,1.16885,1.169,1.1679,1.1686
1775739600,1.16861,1.16953,1.16812,1.16818
1775743200,1.16818,1.16881,1.16742,1.16847
1775746800,1.16846,1.17072,1.16776,1.17056
1775750400,1.17054,1.17142,1.17024,1.17106
1775754000,1.17107,1.17234,1.17101,1.17142
1775757600,1.17142,1.17149,1.16975,1.16992
1775761200,1.16991,1.17086,1.1698,1.17006
1775764800,1.17008,1.17008,1.16954,1.1699
1775768400,1.17021,1.17022,1.16954,1.17015
1775772000,1.17015,1.17026,1.16926,1.16941
1775775600,1.16942,1.16963,1.16904,1.16917
1775779200,1.16918,1.16918,1.16854,1.16879
1775782800,1.1688,1.16948,1.16862,1.16922
1775786400,1.16925,1.16943,1.16867,1.1691
1775790000,1.16907,1.1697,1.16899,1.16958
1775793600,1.16956,1.16966,1.16912,1.1692
1775797200,1.16922,1.16928,1.16876,1.169
1775800800,1.169,1.16936,1.16832,1.16842
1775804400,1.16841,1.16896,1.1679,1.16797
1775808000,1.16795,1.16898,1.16774,1.16859
1775811600,1.16858,1.1711,1.16847,1.17103
1775815200,1.17104,1.1716,1.17058,1.1713
1775818800,1.17129,1.17189,1.17108,1.17141
1775822400,1.17142,1.17258,1.17095,1.17209
1775826000,1.17206,1.17348,1.17186,1.17278
1775829600,1.17276,1.17384,1.17202,1.17278
1775833200,1.17278,1.17396,1.17218,1.17224
1775836800,1.17224,1.17254,1.17138,1.17204
1775840400,1.17205,1.17262,1.1719,1.17234
1775844000,1.17234,1.17354,1.17189,1.17316
1775847600,1.17316,1.17326,1.17273,1.17274
1775851200,1.17274,1.17311,1.17208,1.1725
1776027600,1.16666,1.16818,1.16664,1.16736
1776031200,1.16735,1.16796,1.16658,1.16724
1776034800,1.16724,1.16756,1.1664,1.1675
1776038400,1.16752,1.16876,1.1671,1.16876
1776042000,1.16878,1.16898,1.16804,1.16862
1776045600,1.16863,1.16902,1.16853,1.16885
1776049200,1.16886,1.16894,1.1686,1.16882
1776052800,1.16883,1.16902,1.16858,1.16862
1776056400,1.16862,1.16891,1.16833,1.16878
1776060000,1.1688,1.1695,1.1678,1.16857
1776063600,1.16856,1.17002,1.16856,1.16971
1776067200,1.16968,1.16971,1.16834,1.1686
1776070800,1.16861,1.16928,1.16838,1.16862
1776074400,1.16864,1.16951,1.16826,1.16936
1776078000,1.16938,1.16998,1.1681,1.16818
1776081600,1.16818,1.16992,1.16806,1.16984
1776085200,1.16986,1.17124,1.16964,1.17054
1776088800,1.17054,1.17209,1.17004,1.17102
1776092400,1.17102,1.17126,1.17026,1.17096
1776096000,1.17098,1.17314,1.17071,1.1725
1776099600,1.1725,1.17379,1.17246,1.17335
1776103200,1.17337,1.1766,1.17336,1.17645
1776106800,1.17643,1.1765,1.1754,1.17602
1776110400,1.17602,1.17632,1.17567,1.17588
1776114000,1.17576,1.17598,1.17554,1.17579
1776117600,1.17581,1.17651,1.17576,1.17616
1776121200,1.17616,1.1767,1.1761,1.17669
1776124800,1.1767,1.17681,1.17612,1.17664
1776128400,1.17664,1.17678,1.17595,1.17602
1776132000,1.17602,1.17622,1.17563,1.17608
1776135600,1.17607,1.17684,1.1759,1.1767
1776139200,1.17668,1.177,1.17646,1.17669
1776142800,1.17668,1.17696,1.17595,1.17642
1776146400,1.17642,1.17784,1.17582,1.17781
1776150000,1.17782,1.17966,1.17774,1.178
1776153600,1.178,1.17846,1.17752,1.17827
1776157200,1.17828,1.17926,1.17819,1.17888
1776160800,1.17889,1.17988,1.17883,1.17966
1776164400,1.17966,1.18064,1.17954,1.17996
1776168000,1.17996,1.1806,1.17928,1.18046
1776171600,1.18046,1.18078,1.17936,1.17994
1776175200,1.17992,1.18112,1.17934,1.18088
1776178800,1.18086,1.18086,1.17875,1.17905
1776182400,1.17905,1.17971,1.17882,1.17942
1776186000,1.17942,1.17996,1.17918,1.17958
1776189600,1.1796,1.17969,1.17905,1.1793
1776193200,1.1793,1.17955,1.17906,1.17919
1776196800,1.1792,1.17962,1.17914,1.1796
1776200400,1.17966,1.17966,1.17904,1.17922
1776204000,1.1792,1.17996,1.17918,1.17953
1776207600,1.1795,1.1802,1.17945,1.17984
1776211200,1.17983,1.17987,1.17894,1.17941
1776214800,1.17938,1.17969,1.17898,1.17908
1776218400,1.17908,1.17908,1.1779,1.17835
1776222000,1.17836,1.17892,1.17804,1.17872
1776225600,1.1787,1.17896,1.17864,1.17886
1776229200,1.17886,1.17983,1.17884,1.1792
1776232800,1.1792,1.17993,1.17838,1.17843
1776236400,1.17842,1.17906,1.17828,1.17858
1776240000,1.17857,1.17954,1.17854,1.17894
1776243600,1.17895,1.17916,1.17754,1.17816
1776247200,1.17816,1.17866,1.1772,1.1777
1776250800,1.1777,1.17846,1.17732,1.1783
1776254400,1.1783,1.1793,1.17772,1.17882
1776258000,1.17881,1.17975,1.17842,1.1788
1776261600,1.17881,1.18003,1.17844,1.17967
1776265200,1.17966,1.1808,1.17946,1.17982
1776268800,1.1798,1.18028,1.17976,1.1801
1776272400,1.1801,1.1802,1.17927,1.17948
1776276000,1.17949,1.1802,1.17938,1.18004
1776279600,1.18002,1.18048,1.17986,1.17998
1776283200,1.17999,1.18012,1.17954,1.17994
1776286800,1.18002,1.18033,1.17978,1.17986
1776290400,1.17983,1.18034,1.17978,1.18026
1776294000,1.18028,1.1808,1.18026,1.18068
1776297600,1.18068,1.18086,1.18028,1.18074
1776301200,1.18072,1.18092,1.1797,1.18027
1776304800,1.18026,1.18176,1.1802,1.1817
1776308400,1.18172,1.18239,1.18122,1.1813
1776312000,1.18128,1.1813,1.18082,1.18094
1776315600,1.18094,1.18101,1.1803,1.18043
1776319200,1.18044,1.18069,1.17935,1.18034
1776322800,1.18034,1.18048,1.1791,1.17915
1776326400,1.17916,1.1794,1.17766,1.17864
1776330000,1.17863,1.17877,1.17769,1.17796
1776333600,1.17796,1.17804,1.17726,1.178
1776337200,1.178,1.17887,1.178,1.1784
1776340800,1.1784,1.17847,1.1776,1.17816
1776344400,1.17817,1.17836,1.17669,1.17724
1776348000,1.17726,1.17822,1.1769,1.17716
1776351600,1.17716,1.1782,1.177,1.1782
1776355200,1.17822,1.17872,1.17688,1.1775
1776358800,1.1775,1.17756,1.17682,1.17738
1776362400,1.17738,1.17811,1.17734,1.17798
1776366000,1.17798,1.17858,1.17798,1.17812
1776369600,1.17813,1.17834,1.17786,1.17826
1776373200,1.17793,1.17831,1.17793,1.1782
1776376800,1.1782,1.17872,1.17806,1.17854
1776380400,1.17852,1.17864,1.17808,1.17811
1776384000,1.1781,1.17833,1.17771,1.1779
1776387600,1.1779,1.17798,1.17746,1.1776
1776391200,1.17761,1.17778,1.17731,1.17772
1776394800,1.17772,1.17854,1.17754,1.17833
1776398400,1.17834,1.17844,1.17816,1.17827
1776402000,1.17826,1.17844,1.17799,1.17808
1776405600,1.17808,1.17831,1.17724,1.1775
1776409200,1.17752,1.17832,1.1775,1.17824
1776412800,1.17824,1.17957,1.17808,1.17939
1776416400,1.1794,1.17994,1.1791,1.17934
1776420000,1.17933,1.1796,1.17913,1.17946
1776423600,1.17945,1.17994,1.1792,1.17937
1776427200,1.17939,1.18374,1.17934,1.18354
1776430800,1.18355,1.18492,1.18242,1.18338
1776434400,1.18337,1.1836,1.18134,1.18137
1776438000,1.18138,1.18166,1.17998,1.18006
1776441600,1.18006,1.18048,1.17919,1.17988
1776445200,1.17986,1.17986,1.17849,1.17954
1776448800,1.17955,1.17977,1.17744,1.178
1776452400,1.17799,1.1784,1.17671,1.1769
1776456000,1.1769,1.17721,1.17606,1.17638
1776632400,1.17408,1.17434,1.17304,1.17322
1776636000,1.17322,1.17402,1.17286,1.174
1776639600,1.174,1.17456,1.17364,1.1739
1776643200,1.1739,1.17572,1.17371,1.17545
1776646800,1.17544,1.176,1.17506,1.17568
1776650400,1.17569,1.17617,1.17546,1.1757
1776654000,1.17568,1.17626,1.17548,1.17602
1776657600,1.17603,1.17622,1.17564,1.17592
1776661200,1.1759,1.17608,1.1747,1.17532
1776664800,1.1753,1.17657,1.17476,1.17652
1776668400,1.17651,1.1772,1.17536,1.17594
1776672000,1.17593,1.17649,1.17568,1.17612
1776675600,1.17612,1.17658,1.17552,1.17654
1776679200,1.17656,1.17716,1.17624,1.17706
1776682800,1.17707,1.17755,1.17654,1.1767
1776686400,1.1767,1.17684,1.1756,1.1765
1776690000,1.17651,1.17817,1.17613,1.17752
1776693600,1.17751,1.17782,1.17624,1.1772
1776697200,1.1772,1.17896,1.17684,1.17841
1776700800,1.17842,1.17881,1.17819,1.17858
1776704400,1.17859,1.17904,1.17815,1.17837
1776708000,1.17838,1.17898,1.17788,1.17802
1776711600,1.178,1.17888,1.17798,1.1786
1776715200,1.17862,1.17888,1.17836,1.17872
1776718800,1.17876,1.17887,1.17854,1.17876
1776722400,1.17872,1.17905,1.17856,1.17905
1776726000,1.17908,1.17911,1.17832,1.17842
1776729600,1.17843,1.17857,1.17808,1.17829
1776733200,1.1783,1.17862,1.17796,1.17804
1776736800,1.17805,1.17823,1.1777,1.17794
1776740400,1.17795,1.17796,1.17732,1.17756
1776744000,1.17756,1.17766,1.17742,1.17756
1776747600,1.17758,1.17823,1.17754,1.17784
1776751200,1.17783,1.17802,1.1772,1.17747
1776754800,1.17745,1.1777,1.17634,1.17642
1776758400,1.17642,1.1767,1.1757,1.17653
1776762000,1.1765,1.1765,1.17565,1.17594
1776765600,1.17594,1.17615,1.17566,1.17612
1776769200,1.17613,1.17684,1.17561,1.17671
1776772800,1.17672,1.17683,1.17542,1.17594
1776776400,1.17594,1.17717,1.1758,1.17657
1776780000,1.17656,1.1776,1.1752,1.17524
1776783600,1.17524,1.17598,1.17412,1.17514
1776787200,1.17516,1.17558,1.17404,1.17416
1776790800,1.17416,1.17638,1.172,1.17429
1776794400,1.17428,1.17472,1.17294,1.17407
1776798000,1.17409,1.17523,1.17188,1.17256
1776801600,1.17256,1.17535,1.17234,1.17438
1776805200,1.17476,1.17476,1.1735,1.17405
1776808800,1.17405,1.17439,1.17388,1.1739
1776812400,1.17389,1.17442,1.17375,1.1744
1776816000,1.17439,1.17514,1.17431,1.17439
1776819600,1.17438,1.1747,1.17386,1.17447
1776823200,1.17448,1.17484,1.17398,1.17406
1776826800,1.17406,1.17426,1.17377,1.17386
1776830400,1.17385,1.17424,1.17384,1.17396
1776834000,1.17396,1.17627,1.17391,1.17506
1776837600,1.17506,1.17552,1.17448,1.17494
1776841200,1.17492,1.17564,1.1746,1.17554
1776844800,1.17556,1.17592,1.17474,1.17538
1776848400,1.17535,1.17574,1.17466,1.17476
1776852000,1.17477,1.17532,1.17438,1.17518
1776855600,1.17516,1.17516,1.1732,1.17346
1776859200,1.17347,1.17378,1.17248,1.17277
1776862800,1.17276,1.17432,1.1724,1.17408
1776866400,1.1741,1.17432,1.17184,1.17186
1776870000,1.17186,1.1724,1.17124,1.17132
1776873600,1.17132,1.17158,1.171,1.17126
1776877200,1.17128,1.1717,1.17101,1.17104
1776880800,1.17104,1.1713,1.17076,1.17088
1776884400,1.17089,1.17112,1.1705,1.17056
1776888000,1.17058,1.17078,1.17032,1.17067
1776891600,1.17058,1.17092,1.17048,1.17084
1776895200,1.17086,1.17092,1.17052,1.17063
1776898800,1.17064,1.17072,1.17047,1.17057
1776902400,1.17058,1.17137,1.16924,1.17118
1776906000,1.17118,1.1713,1.17078,1.17092
1776909600,1.17092,1.17105,1.1696,1.16974
1776913200,1.16975,1.17018,1.16949,1.16956
1776916800,1.16956,1.17007,1.16952,1.17002
1776920400,1.17003,1.17072,1.16996,1.17072
1776924000,1.1707,1.17091,1.1702,1.17036
1776927600,1.17036,1.1712,1.16954,1.17026
1776931200,1.17026,1.17054,1.16966,1.17016
1776934800,1.17016,1.17024,1.16904,1.16937
1776938400,1.16935,1.16962,1.16797,1.16824
1776942000,1.16825,1.16978,1.1679,1.16908
1776945600,1.16907,1.16982,1.16862,1.1692
1776949200,1.16922,1.16968,1.16834,1.16912
1776952800,1.16914,1.17166,1.16874,1.17108
1776956400,1.17108,1.17155,1.17008,1.17034
1776960000,1.17036,1.17056,1.16984,1.17022
1776963600,1.17022,1.17028,1.16692,1.16929
1776967200,1.1693,1.17,1.1688,1.16892
1776970800,1.1689,1.16904,1.16803,1.16866
1776974400,1.16866,1.16868,1.16806,1.16827
1776978000,1.16836,1.169,1.168,1.16855
1776981600,1.16863,1.16869,1.16852,1.16862
1776985200,1.1686,1.16862,1.16821,1.16836
1776988800,1.16836,1.16886,1.16819,1.16854
1776992400,1.16854,1.16888,1.16822,1.16887
1776996000,1.16889,1.16894,1.16782,1.1679
1776999600,1.16791,1.16802,1.16729,1.1678
1777003200,1.1678,1.16817,1.16766,1.16792
1777006800,1.16792,1.16832,1.16766,1.16821
1777010400,1.16824,1.16838,1.16775,1.16786
1777014000,1.16785,1.16939,1.16762,1.16909
1777017600,1.16908,1.1696,1.16839,1.16898
1777021200,1.169,1.16908,1.16842,1.16865
1777024800,1.16864,1.17036,1.16856,1.17033
1777028400,1.17034,1.17186,1.17028,1.17146
1777032000,1.17148,1.17176,1.17028,1.17088
1777035600,1.1709,1.17127,1.16986,1.17068
1777039200,1.17068,1.17171,1.17002,1.17064
1777042800,1.17064,1.17198,1.17006,1.17175
1777046400,1.17176,1.17198,1.1713,1.17191
1777050000,1.17192,1.17213,1.17121,1.17136
1777053600,1.17136,1.17198,1.17112,1.17178
1777057200,1.1718,1.1721,1.17155,1.17188
1777060800,1.17186,1.17236,1.17167,1.17186
1777237200,1.16999,1.17104,1.16994,1.17082
1777240800,1.17086,1.17134,1.17043,1.17081
1777244400,1.17082,1.17096,1.17053,1.17056
1777248000,1.17056,1.17172,1.17056,1.17162
1777251600,1.17162,1.1727,1.17162,1.17244
1777255200,1.17246,1.17283,1.17196,1.17266
1777258800,1.17264,1.17327,1.17264,1.17294
1777262400,1.17292,1.17316,1.17252,1.17267
1777266000,1.17266,1.1728,1.17222,1.17224
1777269600,1.17225,1.17298,1.17168,1.17298
1777273200,1.17298,1.17454,1.17293,1.1744
1777276800,1.17437,1.17509,1.17392,1.17485
1777280400,1.17486,1.17509,1.1741,1.17422
1777284000,1.17422,1.17479,1.1739,1.1746
1777287600,1.17461,1.17471,1.17379,1.17412
1777291200,1.17412,1.1755,1.17408,1.17444
1777294800,1.17445,1.17542,1.17358,1.174
1777298400,1.174,1.17482,1.17332,1.17361
1777302000,1.17362,1.17369,1.17293,1.17308
1777305600,1.17308,1.17339,1.17252,1.1726
1777309200,1.1726,1.17301,1.17202,1.17231
1777312800,1.17232,1.17248,1.17189,1.17201
1777316400,1.172,1.1726,1.17192,1.17207
1777320000,1.17208,1.17232,1.17198,1.17208
1777323600,1.17218,1.17225,1.17199,1.1722
1777327200,1.1722,1.17232,1.17192,1.17223
1777330800,1.17224,1.17232,1.17214,1.17231
1777334400,1.17232,1.1727,1.17172,1.17188
1777338000,1.17186,1.17188,1.17124,1.17128
1777341600,1.17127,1.17136,1.1708,1.17084
1777345200,1.17085,1.1718,1.17082,1.17132
1777348800,1.17134,1.17164,1.17118,1.17126
1777352400,1.17126,1.17134,1.17053,1.17061
1777356000,1.1706,1.17081,1.16872,1.16876
1777359600,1.16876,1.1701,1.1686,1.16966
1777363200,1.16967,1.17078,1.16949,1.17023
1777366800,1.1702,1.17022,1.16864,1.16922
1777370400,1.16924,1.16958,1.16905,1.16934
1777374000,1.16931,1.16994,1.16822,1.16829
1777377600,1.1683,1.17,1.16775,1.16969
1777381200,1.1697,1.17038,1.16884,1.16975
1777384800,1.16974,1.17034,1.16906,1.17009
1777388400,1.1701,1.17158,1.17009,1.17137
1777392000,1.17138,1.1717,1.17054,1.17105
1777395600,1.17104,1.17177,1.17066,1.17136
1777399200,1.17138,1.17162,1.17112,1.17118
1777402800,1.17117,1.17152,1.1707,1.171
1777406400,1.17097,1.17153,1.17094,1.17127
1777410000,1.1713,1.17161,1.17129,1.17142
1777413600,1.17143,1.17184,1.17142,1.17158
1777417200,1.17158,1.17178,1.17154,1.17177
1777420800,1.17177,1.17208,1.17146,1.17156
1777424400,1.17158,1.17162,1.1707,1.17121
1777428000,1.17124,1.17168,1.17072,1.17076
1777431600,1.17076,1.17108,1.17051,1.1706
1777435200,1.1706,1.17078,1.17044,1.17056
1777438800,1.17057,1.17058,1.16982,1.17007
1777442400,1.17008,1.17042,1.16965,1.16999
1777446000,1.16991,1.17083,1.16982,1.17054
1777449600,1.17053,1.17058,1.16936,1.17002
1777453200,1.17003,1.17045,1.1696,1.16976
1777456800,1.16976,1.17094,1.16964,1.17092
1777460400,1.17094,1.17098,1.16998,1.17011
1777464000,1.17011,1.17082,1.16935,1.1699
1777467600,1.1699,1.17034,1.16826,1.16888
1777471200,1.16886,1.17032,1.16838,1.1701
1777474800,1.1701,1.17042,1.16874,1.16948
1777478400,1.16948,1.16988,1.16836,1.16847
1777482000,1.16846,1.1689,1.16798,1.16875
1777485600,1.1687,1.1691,1.16612,1.16722
1777489200,1.16721,1.16806,1.16672,1.16763
1777492800,1.16762,1.16776,1.16708,1.16757
1777496400,1.16789,1.16803,1.16741,1.1675
1777500000,1.16752,1.16788,1.16711,1.16778
1777503600,1.1678,1.16865,1.1676,1.16846
1777507200,1.16846,1.16896,1.16792,1.16793
1777510800,1.16792,1.16818,1.16733,1.16745
1777514400,1.16744,1.16766,1.16626,1.1667
1777518000,1.1667,1.16712,1.16648,1.1666
1777521600,1.16659,1.16662,1.16551,1.16601
1777525200,1.16602,1.16647,1.16589,1.16594
1777528800,1.16592,1.16706,1.1658,1.16703
1777532400,1.16702,1.1684,1.167,1.16796
1777536000,1.16797,1.16976,1.16742,1.168
1777539600,1.16802,1.16974,1.16732,1.16945
1777543200,1.16946,1.17154,1.1689,1.1715
1777546800,1.17149,1.17197,1.17032,1.1705
1777550400,1.17048,1.17058,1.16894,1.16926
1777554000,1.16926,1.17011,1.16819,1.16902
1777557600,1.16901,1.17334,1.16877,1.17278
1777561200,1.17278,1.17358,1.17229,1.17284
1777564800,1.17285,1.17356,1.1723,1.17256
1777568400,1.17255,1.17325,1.1722,1.1725
1777572000,1.17251,1.17402,1.17251,1.17364
1777575600,1.17362,1.17418,1.17324,1.17335
1777579200,1.17336,1.17365,1.17296,1.17308
1777582800,1.17306,1.17356,1.17304,1.17331
1777586400,1.17345,1.17363,1.17294,1.17314
1777590000,1.17314,1.17332,1.17283,1.17288
1777593600,1.17289,1.17299,1.17243,1.17276
1777597200,1.17277,1.17332,1.17252,1.17312
1777600800,1.17311,1.17342,1.17296,1.17338
1777604400,1.17338,1.17364,1.17306,1.17311
1777608000,1.17312,1.17322,1.1726,1.17268
1777611600,1.17268,1.17271,1.17218,1.17226
1777615200,1.17226,1.17452,1.17188,1.17355
1777618800,1.17354,1.1742,1.17315,1.17346
1777622400,1.17345,1.17482,1.17319,1.17436
1777626000,1.17436,1.17438,1.17308,1.17314
1777629600,1.17314,1.17459,1.1731,1.17448
1777633200,1.17448,1.17583,1.1744,1.17514
1777636800,1.17514,1.17688,1.17482,1.17576
1777640400,1.17575,1.17638,1.1744,1.17622
1777644000,1.1762,1.17852,1.17608,1.17674
1777647600,1.17675,1.17708,1.17532,1.1755
1777651200,1.1755,1.17572,1.17378,1.17382
1777654800,1.17382,1.17404,1.17293,1.17331
1777658400,1.17332,1.17342,1.17197,1.17274
1777662000,1.17274,1.17285,1.17178,1.17197
1777665600,1.17196,1.17228,1.17156,1.17212
1777842000,1.17478,1.17502,1.17389,1.17414
1777845600,1.17407,1.17422,1.17271,1.17333
1777849200,1.17332,1.17334,1.17252,1.1726
1777852800,1.17258,1.17288,1.17216,1.17271
1777856400,1.1727,1.17294,1.17202,1.17251
1777860000,1.17252,1.17288,1.17226,1.17276
1777863600,1.17274,1.1739,1.17246,1.17375
1777867200,1.17376,1.17384,1.17276,1.17292
1777870800,1.17292,1.17324,1.17258,1.17306
1777874400,1.17307,1.17372,1.17216,1.17288
1777878000,1.17288,1.17292,1.17153,1.17178
1777881600,1.17178,1.17231,1.17114,1.17192
1777885200,1.17194,1.1724,1.17159,1.17174
1777888800,1.17172,1.17174,1.16888,1.1705
1777892400,1.17052,1.17086,1.16929,1.16932
1777896000,1.16932,1.17124,1.16921,1.17092
1777899600,1.17092,1.17179,1.17021,1.17151
1777903200,1.17152,1.17164,1.17044,1.17072
1777906800,1.17072,1.17158,1.16942,1.16975
1777910400,1.16974,1.1701,1.1681,1.16823
1777914000,1.16824,1.16972,1.16816,1.16936
1777917600,1.16936,1.1698,1.16884,1.16974
1777921200,1.16973,1.17024,1.16936,1.16951
1777924800,1.1695,1.1695,1.16872,1.16918
1777928400,1.16912,1.16931,1.16897,1.16906
1777932000,1.1691,1.16924,1.1689,1.16901
1777935600,1.169,1.1693,1.16898,1.16917
1777939200,1.16918,1.1694,1.16851,1.16864
1777942800,1.16864,1.16882,1.16798,1.16868
1777946400,1.16869,1.16916,1.16862,1.16876
1777950000,1.16874,1.16882,1.16836,1.1684
1777953600,1.16839,1.16876,1.1677,1.16778
1777957200,1.16776,1.16844,1.16766,1.16832
1777960800,1.16831,1.16897,1.16796,1.1686
1777964400,1.16862,1.16966,1.16858,1.16892
1777968000,1.1689,1.16968,1.1685,1.16888
1777971600,1.16888,1.1693,1.16812,1.16903
1777975200,1.16902,1.16978,1.1687,1.16896
1777978800,1.16895,1.16948,1.16834,1.16892
1777982400,1.1689,1.1698,1.16853,1.16924
1777986000,1.16925,1.17048,1.16922,1.16976
1777989600,1.16979,1.17059,1.16916,1.17058
1777993200,1.17057,1.17136,1.17011,1.17065
1777996800,1.17065,1.17089,1.16981,1.16994
1778000400,1.16996,1.17042,1.16962,1.16988
1778004000,1.16987,1.1701,1.16972,1.17
1778007600,1.17001,1.17012,1.16942,1.16954
1778011200,1.16952,1.16971,1.16923,1.1693
1778014800,1.16924,1.16942,1.16924,1.16931
1778018400,1.1693,1.17095,1.16917,1.17058
1778022000,1.17058,1.17256,1.17052,1.17148
1778025600,1.17148,1.17216,1.17112,1.17204
1778029200,1.17201,1.17262,1.17177,1.17214
1778032800,1.17214,1.17248,1.17156,1.17174
1778036400,1.17173,1.17232,1.17164,1.17178
1778040000,1.17177,1.1743,1.17162,1.1737
1778043600,1.1737,1.17382,1.17301,1.1733
1778047200,1.17332,1.17358,1.17282,1.17334
1778050800,1.17336,1.17384,1.17244,1.17376
1778054400,1.17375,1.17708,1.17328,1.17625
1778058000,1.17623,1.17774,1.17562,1.17752
1778061600,1.1775,1.17967,1.17666,1.17892
1778065200,1.1789,1.17917,1.17683,1.177
1778068800,1.177,1.17702,1.17518,1.17537
1778072400,1.17536,1.17592,1.17464,1.17518
1778076000,1.17515,1.1763,1.1745,1.17552
1778079600,1.17551,1.17588,1.17487,1.17528
1778083200,1.17527,1.17534,1.17418,1.17444
1778086800,1.17444,1.17556,1.17429,1.17482
1778090400,1.17483,1.17516,1.17448,1.17494
1778094000,1.17493,1.17556,1.17475,1.17477
1778097600,1.17478,1.17506,1.17449,1.17484
1778101200,1.17463,1.17504,1.17454,1.17503
1778104800,1.17504,1.17516,1.17494,1.17507
1778108400,1.17507,1.17522,1.17465,1.1748
1778112000,1.17478,1.17542,1.17468,1.17486
1778115600,1.17487,1.17634,1.17466,1.17592
1778119200,1.1759,1.1761,1.17547,1.17566
1778122800,1.17565,1.17566,1.17488,1.17488
1778126400,1.17489,1.17536,1.17478,1.17508
1778130000,1.17509,1.17538,1.175,1.17519
1778133600,1.17518,1.17569,1.1745,1.17481
1778137200,1.1748,1.17686,1.1748,1.17668
1778140800,1.17669,1.17742,1.17631,1.17718
1778144400,1.17718,1.17784,1.17658,1.17704
1778148000,1.17704,1.17762,1.1765,1.17671
1778151600,1.17673,1.17704,1.17624,1.177
1778155200,1.177,1.1778,1.17672,1.1773
1778158800,1.17729,1.17772,1.17666,1.17686
1778162400,1.17685,1.17774,1.1764,1.17758
1778166000,1.17759,1.1778,1.17631,1.17637
1778169600,1.1764,1.1766,1.17565,1.17604
1778173200,1.17607,1.1761,1.17358,1.1749
1778176800,1.1749,1.17521,1.17398,1.17502
1778180400,1.17502,1.17544,1.17335,1.17337
1778184000,1.17337,1.17449,1.17224,1.17237
1778187600,1.17282,1.1731,1.17249,1.17272
1778191200,1.17274,1.1732,1.17232,1.17253
1778194800,1.17252,1.17317,1.17246,1.17307
1778198400,1.17308,1.17348,1.17266,1.1727
1778202000,1.17271,1.17337,1.17271,1.17326
1778205600,1.17326,1.17326,1.17246,1.17276
1778209200,1.17278,1.17338,1.1727,1.17284
1778212800,1.17285,1.1736,1.1727,1.17354
1778216400,1.17355,1.17388,1.1733,1.17372
1778220000,1.17373,1.17484,1.17372,1.17444
1778223600,1.17444,1.17481,1.17418,1.17431
1778227200,1.1743,1.17659,1.1742,1.1764
1778230800,1.1764,1.17736,1.17634,1.1769
1778234400,1.1769,1.17726,1.17614,1.1764
1778238000,1.17641,1.1769,1.1762,1.17652
1778241600,1.17655,1.17788,1.17576,1.17741
1778245200,1.1774,1.17872,1.17664,1.17789
1778248800,1.17791,1.17797,1.17673,1.17744
1778252400,1.17745,1.17786,1.1767,1.17728
1778256000,1.17728,1.17786,1.17708,1.17712
1778259600,1.17712,1.17763,1.17706,1.17724
1778263200,1.17723,1.17818,1.17708,1.17786
1778266800,1.17786,1.17832,1.1777,1.17802
1778270400,1.17803,1.17881,1.1779,1.17852
1778446800,1.17524,1.17711,1.17483,1.1763
1778450400,1.17606,1.17664,1.17578,1.1764
1778454000,1.1764,1.17701,1.17638,1.17674
1778457600,1.17674,1.17721,1.17657,1.177
1778461200,1.177,1.17712,1.17618,1.17628
1778464800,1.1763,1.17663,1.1759,1.17594
1778468400,1.17592,1.17593,1.17562,1.17567
1778472000,1.17566,1.17574,1.17502,1.17506
1778475600,1.17504,1.17548,1.17488,1.175
1778479200,1.175,1.17682,1.175,1.17676
1778482800,1.17676,1.17748,1.17647,1.1772
1778486400,1.17722,1.17823,1.17714,1.17714
1778490000,1.17714,1.17746,1.17674,1.17675
1778493600,1.17674,1.17742,1.17648,1.17691
1778497200,1.17692,1.17747,1.17635,1.17684
1778500800,1.17685,1.17747,1.17644,1.17745
1778504400,1.17747,1.17878,1.17744,1.17852
1778508000,1.17852,1.17878,1.1779,1.17794
1778511600,1.17793,1.17854,1.17768,1.178
1778515200,1.17801,1.17806,1.17724,1.17733
1778518800,1.17734,1.17786,1.1771,1.1778
1778522400,1.17781,1.17805,1.17745,1.1775
1778526000,1.1775,1.1778,1.17745,1.17775
1778529600,1.17774,1.1783,1.1774,1.17824
1778533200,1.17814,1.17848,1.17804,1.17846
1778536800,1.17848,1.17878,1.17843,1.17853
1778540400,1.17854,1.17855,1.17773,1.17785
1778544000,1.17784,1.17784,1.17663,1.17672
1778547600,1.17672,1.17691,1.17577,1.17616
1778551200,1.17616,1.17647,1.17595,1.17626
1778554800,1.17624,1.1763,1.17547,1.17564
1778558400,1.17564,1.17598,1.17556,1.17571
1778562000,1.17572,1.17682,1.17523,1.17624
1778565600,1.17626,1.17663,1.17497,1.17504
1778569200,1.17504,1.17534,1.17434,1.17478
1778572800,1.17479,1.17505,1.17394,1.17446
1778576400,1.17445,1.17516,1.17438,1.17476
1778580000,1.17474,1.17492,1.17405,1.17407
1778583600,1.17406,1.17484,1.17349,1.17438
1778587200,1.1744,1.17499,1.1736,1.17478
1778590800,1.17476,1.175,1.17271,1.173
1778594400,1.17301,1.17361,1.1728,1.1736
1778598000,1.1736,1.17366,1.17218,1.17327
1778601600,1.17328,1.17386,1.17278,1.17283
1778605200,1.17284,1.17338,1.17274,1.17334
1778608800,1.17334,1.1741,1.17289,1.17406
1778612400,1.17406,1.17468,1.17399,1.17403
1778616000,1.17404,1.1741,1.17378,1.17403
1778619600,1.17366,1.17408,1.17358,1.17382
1778623200,1.17388,1.17402,1.17376,1.17397
1778626800,1.17398,1.17414,1.17347,1.17351
1778630400,1.1735,1.17387,1.1733,1.17382
1778634000,1.17382,1.17418,1.1732,1.17388
1778637600,1.17388,1.17417,1.17363,1.17372
1778641200,1.17372,1.17378,1.17326,1.17346
1778644800,1.17346,1.17353,1.17322,1.17346
1778648400,1.17346,1.1737,1.17324,1.17341
1778652000,1.1734,1.17344,1.17181,1.172
1778655600,1.172,1.17234,1.1707,1.17072
1778659200,1.1707,1.17117,1.17004,1.17032
1778662800,1.17032,1.17068,1.16954,1.17062
1778666400,1.17062,1.17146,1.1702,1.17126
1778670000,1.17128,1.17172,1.17112,1.17121
1778673600,1.17121,1.17161,1.16973,1.17018
1778677200,1.17019,1.17124,1.17011,1.17102
1778680800,1.17102,1.17126,1.1703,1.17078
1778684400,1.17077,1.17164,1.17074,1.1711
1778688000,1.1711,1.1718,1.1708,1.17088
1778691600,1.17086,1.17109,1.17042,1.17042
1778695200,1.17044,1.17106,1.17042,1.17078
1778698800,1.17078,1.17132,1.17076,1.17097
1778702400,1.17097,1.1714,1.1709,1.17136
1778706000,1.17102,1.17172,1.17102,1.17155
1778709600,1.17158,1.17186,1.1715,1.17177
1778713200,1.17177,1.17184,1.17154,1.17159
1778716800,1.17159,1.17186,1.17142,1.17172
1778720400,1.1717,1.17178,1.17126,1.17138
1778724000,1.17138,1.17154,1.17116,1.17124
1778727600,1.17124,1.17152,1.17097,1.17124
1778731200,1.17124,1.17174,1.17116,1.17144
1778734800,1.17146,1.17162,1.17102,1.17102
1778738400,1.17102,1.17216,1.1707,1.17184
1778742000,1.17181,1.17185,1.1706,1.17076
1778745600,1.17076,1.1714,1.1705,1.17111
1778749200,1.17112,1.17134,1.17058,1.17074
1778752800,1.17074,1.17129,1.17048,1.17087
1778756400,1.17088,1.17089,1.16996,1.16997
1778760000,1.16996,1.17056,1.16964,1.16971
1778763600,1.16972,1.16998,1.16856,1.16898
1778767200,1.16896,1.17002,1.16787,1.16788
1778770800,1.16787,1.1681,1.16715,1.16775
1778774400,1.16774,1.16816,1.16708,1.16764
1778778000,1.16764,1.16808,1.16759,1.1678
1778781600,1.1678,1.16785,1.16739,1.16775
1778785200,1.16776,1.1679,1.16686,1.16709
1778788800,1.16712,1.16721,1.16657,1.16698
1778792400,1.16702,1.1674,1.1668,1.16699
1778796000,1.16703,1.16712,1.1669,1.16697
1778799600,1.16697,1.16698,1.16614,1.1662
1778803200,1.16621,1.16636,1.16523,1.16554
1778806800,1.16553,1.16566,1.1646,1.1647
1778810400,1.16469,1.16576,1.16458,1.16536
1778814000,1.16536,1.16551,1.165,1.16522
1778817600,1.16521,1.16528,1.16465,1.16474
1778821200,1.16475,1.1648,1.16326,1.16328
1778824800,1.16326,1.16436,1.16325,1.1635
1778828400,1.16348,1.1649,1.16319,1.16366
1778832000,1.16367,1.16383,1.16306,1.1633
1778835600,1.1633,1.16336,1.16172,1.1628
1778839200,1.16281,1.16555,1.16274,1.16494
1778842800,1.16492,1.16501,1.16294,1.16318
1778846400,1.16316,1.16322,1.1619,1.16264
1778850000,1.16264,1.16324,1.1619,1.16236
1778853600,1.16234,1.16379,1.16216,1.16294
1778857200,1.16296,1.16311,1.16206,1.16266
1778860800,1.16268,1.16314,1.16232,1.16299
1778864400,1.163,1.16356,1.16267,1.16268
1778868000,1.16269,1.16273,1.1617,1.1622
1778871600,1.16219,1.16232,1.16192,1.16214
1778875200,1.16214,1.16257,1.16194,1.16252
1779051600,1.16196,1.1625,1.16188,1.16248
1779055200,1.16248,1.16248,1.16205,1.1623
1779058800,1.1623,1.16236,1.1612,1.16138
1779062400,1.1614,1.16212,1.16082,1.16116
1779066000,1.16116,1.16188,1.16085,1.16174
1779069600,1.16175,1.16197,1.16132,1.16156
1779073200,1.16156,1.16226,1.16154,1.16218
1779076800,1.16218,1.16262,1.16192,1.16208
1779080400,1.16208,1.16234,1.16169,1.16232
1779084000,1.16231,1.16366,1.1622,1.16358
1779087600,1.16359,1.16403,1.16315,1.1632
1779091200,1.1632,1.16453,1.16291,1.16416
1779094800,1.16415,1.16428,1.16351,1.16351
1779098400,1.1635,1.16368,1.16265,1.1627
1779102000,1.1627,1.16498,1.16266,1.16418
1779105600,1.16419,1.16574,1.1641,1.16514
1779109200,1.16513,1.16562,1.1644,1.16512
1779112800,1.16512,1.16534,1.16414,1.1642
1779116400,1.1642,1.16531,1.16334,1.16484
1779120000,1.16485,1.16563,1.1644,1.16516
1779123600,1.16514,1.16535,1.16482,1.16482
1779127200,1.16482,1.16488,1.16288,1.16292
1779130800,1.16294,1.16564,1.16292,1.1651
1779134400,1.16511,1.16611,1.16511,1.16563
1779138000,1.16558,1.16608,1.16528,1.16597
1779141600,1.16594,1.16618,1.16578,1.16578
1779145200,1.16578,1.16586,1.16548,1.16548
1779148800,1.16548,1.1656,1.16438,1.16444
1779152400,1.16446,1.16528,1.16432,1.16464
1779156000,1.16463,1.16471,1.16409,1.16433
1779159600,1.16432,1.16458,1.16406,1.16412
1779163200,1.16414,1.16432,1.16354,1.16366
1779166800,1.16368,1.16432,1.16336,1.1642
1779170400,1.16421,1.16458,1.1636,1.16366
1779174000,1.16366,1.16376,1.16301,1.16349
1779177600,1.1635,1.1636,1.16223,1.16234
1779181200,1.16232,1.16232,1.1615,1.16194
1779184800,1.16194,1.16266,1.1611,1.16222
1779188400,1.16222,1.16226,1.16164,1.16166
1779192000,1.16166,1.1624,1.16152,1.16165
1779195600,1.16165,1.1618,1.16016,1.16137
1779199200,1.16137,1.16169,1.1595,1.15956
1779202800,1.15956,1.1603,1.15922,1.1602
1779206400,1.1602,1.16096,1.15958,1.16072
1779210000,1.1607,1.16122,1.16066,1.16106
1779213600,1.16107,1.16149,1.16027,1.16033
1779217200,1.16031,1.16081,1.16026,1.16064
1779220800,1.16065,1.16069,1.16035,1.16066
1779224400,1.16055,1.16091,1.16032,1.16083
1779228000,1.16082,1.16088,1.16062,1.16088
1779231600,1.16087,1.1613,1.16062,1.16067
1779235200,1.16068,1.16106,1.16009,1.16014
1779238800,1.16013,1.1603,1.15936,1.15972
1779242400,1.15973,1.1603,1.15944,1.15978
1779246000,1.15979,1.16054,1.15954,1.16023
1779249600,1.16022,1.16068,1.1597,1.15973
1779253200,1.15972,1.16016,1.15918,1.15954
1779256800,1.15954,1.1606,1.15932,1.15966
1779260400,1.15966,1.16016,1.1592,1.15932
1779264000,1.15932,1.15952,1.15834,1.15904
1779267600,1.15904,1.15946,1.15881,1.15882
1779271200,1.1588,1.16029,1.15874,1.16011
1779274800,1.1601,1.16056,1.15964,1.16009
1779278400,1.1601,1.16044,1.15938,1.15954
1779282000,1.15953,1.15971,1.15892,1.1591
1779285600,1.15912,1.16242,1.15828,1.16181
1779289200,1.16182,1.16452,1.1613,1.16192
1779292800,1.16191,1.16308,1.16188,1.16256
1779296400,1.16256,1.1627,1.16184,1.16192
1779300000,1.16186,1.16358,1.1616,1.16309
1779303600,1.16309,1.16352,1.16276,1.16279
1779307200,1.16278,1.16285,1.16233,1.16255
1779310800,1.16242,1.16276,1.16234,1.16259
1779314400,1.1626,1.16282,1.16244,1.16264
1779318000,1.16264,1.16276,1.16231,1.16248
1779321600,1.16249,1.1629,1.1622,1.16286
1779325200,1.16287,1.16353,1.16228,1.1626
1779328800,1.16261,1.16286,1.16156,1.16176
1779332400,1.16178,1.16227,1.16176,1.16192
1779336000,1.1619,1.16236,1.16184,1.16222
1779339600,1.16222,1.16236,1.1618,1.16218
1779343200,1.16218,1.16268,1.16158,1.16204
1779346800,1.16204,1.1621,1.15942,1.16076
1779350400,1.16074,1.16357,1.16062,1.16237
1779354000,1.16238,1.16334,1.16208,1.16274
1779357600,1.16274,1.16302,1.16001,1.16074
1779361200,1.16074,1.16161,1.1596,1.1599
1779364800,1.1599,1.16092,1.15934,1.15972
1779368400,1.15972,1.16012,1.15763,1.15947
1779372000,1.15948,1.15966,1.15842,1.15929
1779375600,1.1593,1.1594,1.15822,1.15884
1779379200,1.15885,1.15964,1.15847,1.15954
1779382800,1.15956,1.16302,1.15928,1.16249
1779386400,1.16248,1.16301,1.16071,1.16114
1779390000,1.16112,1.16244,1.16096,1.16213
1779393600,1.16214,1.16228,1.1616,1.16175
1779397200,1.16194,1.16232,1.16174,1.16188
1779400800,1.16188,1.16197,1.16152,1.16176
1779404400,1.16176,1.1619,1.16162,1.1618
1779408000,1.16179,1.1618,1.16124,1.16144
1779411600,1.16142,1.16158,1.16099,1.16099
1779415200,1.16098,1.16144,1.16096,1.16118
1779418800,1.16117,1.1613,1.16087,1.1612
1779422400,1.1612,1.16156,1.16114,1.16152
1779426000,1.16151,1.1617,1.16072,1.16094
1779429600,1.16093,1.16146,1.16054,1.16099
1779433200,1.16098,1.16098,1.16013,1.16084
1779436800,1.16084,1.16158,1.16034,1.16078
1779440400,1.16078,1.16081,1.15962,1.16043
1779444000,1.16044,1.16078,1.15952,1.15974
1779447600,1.15974,1.16022,1.15934,1.15966
1779451200,1.15966,1.16072,1.15945,1.16044
1779454800,1.16044,1.16185,1.15995,1.16038
1779458400,1.16036,1.16039,1.15883,1.15976
1779462000,1.15978,1.16055,1.15958,1.16029
1779465600,1.1603,1.16112,1.15996,1.16112
1779469200,1.16114,1.16192,1.16086,1.16134
1779472800,1.16132,1.16156,1.16094,1.16119
1779476400,1.16118,1.1614,1.16053,1.16059
1779480000,1.1606,1.16067,1.15982,1.16023
1779656400,1.16394,1.16426,1.16306,1.16334
1779660000,1.16331,1.16448,1.1632,1.1643
1779663600,1.16431,1.16463,1.16414,1.1642
1779667200,1.16418,1.1649,1.16354,1.16366
1779670800,1.16367,1.16471,1.16356,1.1639
1779674400,1.16392,1.16426,1.16368,1.16377
1779678000,1.16379,1.16398,1.1636,1.16374
1779681600,1.16374,1.16438,1.16357,1.1642
1779685200,1.16421,1.16452,1.16381,1.16392
1779688800,1.16392,1.16447,1.16374,1.16409
1779692400,1.1641,1.1642,1.16296,1.16374
1779696000,1.16375,1.16444,1.1633,1.16437
1779699600,1.16436,1.16454,1.16404,1.16416
1779703200,1.16416,1.16444,1.16414,1.16429
1779706800,1.1643,1.16508,1.16404,1.1644
1779710400,1.1644,1.16528,1.16427,1.16482
1779714000,1.16482,1.16498,1.16388,1.16388
1779717600,1.1639,1.16464,1.16384,1.1642
1779721200,1.1642,1.16488,1.16396,1.16422
1779724800,1.16422,1.16427,1.16368,1.16412
1779728400,1.16412,1.16441,1.16404,1.16434
1779732000,1.16434,1.1644,1.16416,1.16436
1779735600,1.16434,1.16437,1.16418,1.16422
1779739200,1.16422,1.16437,1.16416,1.16433
1779742800,1.16404,1.16443,1.16366,1.16396
1779746400,1.16398,1.16426,1.1639,1.1641
1779750000,1.16409,1.16434,1.16358,1.16359
1779753600,1.1636,1.16399,1.1634,1.16387
1779757200,1.16388,1.16398,1.16304,1.16339
1779760800,1.16338,1.16352,1.16312,1.1634
1779764400,1.1634,1.16374,1.16338,1.1636
1779768000,1.16358,1.1636,1.16294,1.16298
1779771600,1.16297,1.16308,1.16274,1.1628
1779775200,1.16281,1.16376,1.16273,1.16352
1779778800,1.16354,1.16404,1.1624,1.16371
1779782400,1.16372,1.16422,1.16344,1.16365
1779786000,1.16366,1.16441,1.16325,1.16428
1779789600,1.16428,1.16452,1.16377,1.16415
1779793200,1.16416,1.16449,1.16333,1.16348
1779796800,1.16346,1.16366,1.16312,1.1632
1779800400,1.16318,1.16331,1.16172,1.16258
1779804000,1.16258,1.16299,1.16214,1.16251
1779807600,1.1625,1.16258,1.16164,1.16194
1779811200,1.16196,1.16296,1.16196,1.1624
1779814800,1.1624,1.16278,1.16214,1.1624
1779818400,1.1624,1.1631,1.16234,1.16296
1779822000,1.16292,1.16326,1.16274,1.1632
1779825600,1.1632,1.1633,1.16304,1.16317
1779829200,1.16286,1.16324,1.16276,1.16308
1779832800,1.1631,1.16338,1.1631,1.16335
1779836400,1.16334,1.16399,1.16334,1.16366
1779840000,1.16365,1.16406,1.1636,1.16381
1779843600,1.1638,1.16394,1.16327,1.1634
1779847200,1.1634,1.16386,1.1634,1.16384
1779850800,1.16385,1.16426,1.16369,1.16388
1779854400,1.16388,1.16424,1.16384,1.16413
1779858000,1.16412,1.16446,1.16388,1.16395
1779861600,1.16396,1.16494,1.16374,1.16456
1779865200,1.16458,1.1649,1.16402,1.16405
1779868800,1.16406,1.16472,1.16384,1.1645
1779872400,1.16448,1.16486,1.16426,1.16446
1779876000,1.16446,1.16448,1.16361,1.16392
1779879600,1.16394,1.16419,1.1633,1.16376
1779883200,1.16377,1.16615,1.16346,1.1644
1779886800,1.16439,1.16482,1.16377,1.16414
1779890400,1.16414,1.16523,1.16249,1.16256
1779894000,1.16255,1.16364,1.16225,1.16302
1779897600,1.16305,1.16328,1.16242,1.16324
1779901200,1.16324,1.1633,1.16222,1.16272
1779904800,1.16272,1.16304,1.16226,1.16294
1779908400,1.16294,1.1632,1.16268,1.16288
1779912000,1.16286,1.16305,1.16256,1.16258
1779915600,1.1628,1.16312,1.16266,1.16291
1779919200,1.16286,1.16305,1.1626,1.16262
1779922800,1.1626,1.16288,1.16162,1.16176
1779926400,1.16176,1.16235,1.16166,1.16206
1779930000,1.16206,1.16212,1.16094,1.161
1779933600,1.161,1.16152,1.16096,1.16126
1779937200,1.16126,1.16138,1.15872,1.15872
1779940800,1.15872,1.15928,1.15864,1.15918
1779944400,1.15918,1.16021,1.15891,1.15994
1779948000,1.15993,1.16122,1.15987,1.16102
1779951600,1.16104,1.16178,1.161,1.16118
1779955200,1.16118,1.16169,1.16066,1.16156
1779958800,1.16157,1.16192,1.1613,1.16132
1779962400,1.1613,1.16156,1.16037,1.16037
1779966000,1.16036,1.16228,1.16034,1.1617
1779969600,1.16168,1.16384,1.16157,1.16366
1779973200,1.16367,1.16432,1.16291,1.16306
1779976800,1.16304,1.1658,1.1627,1.16478
1779980400,1.16478,1.1657,1.16477,1.16481
1779984000,1.1648,1.16614,1.16454,1.16569
1779987600,1.1657,1.16574,1.16508,1.16534
1779991200,1.16532,1.16554,1.16466,1.1648
1779994800,1.16477,1.16516,1.16464,1.16477
1779998400,1.16476,1.16498,1.1645,1.16497
1780002000,1.16522,1.16536,1.16512,1.1652
1780005600,1.16519,1.16522,1.165,1.16504
1780009200,1.16504,1.16532,1.16504,1.16526
1780012800,1.16525,1.16556,1.16475,1.16488
1780016400,1.16489,1.16566,1.16434,1.16446
1780020000,1.16446,1.16492,1.16436,1.1645
1780023600,1.1645,1.1645,1.1636,1.16373
1780027200,1.16372,1.16394,1.16343,1.16391
1780030800,1.16392,1.16436,1.16382,1.16421
1780034400,1.16422,1.16544,1.16422,1.16535
1780038000,1.16534,1.16534,1.16378,1.16422
1780041600,1.16418,1.16418,1.1625,1.16283
1780045200,1.16282,1.16428,1.16266,1.16415
1780048800,1.16416,1.16452,1.1638,1.16431
1780052400,1.1643,1.16483,1.16399,1.16477
1780056000,1.16478,1.16491,1.16416,1.1649
1780059600,1.16492,1.16532,1.1645,1.16474
1780063200,1.16473,1.16746,1.16406,1.16687
1780066800,1.16686,1.16859,1.16673,1.16781
1780070400,1.1678,1.16792,1.16666,1.16723
1780074000,1.16722,1.16734,1.16622,1.16624
1780077600,1.16624,1.16686,1.16605,1.16642
1780081200,1.16641,1.16695,1.16638,1.16646
1780084800,1.16648,1.1665,1.16587,1.16621
1780261200,1.16543,1.16618,1.16543,1.166
1780264800,1.16602,1.16611,1.16517,1.16544
1780268400,1.16544,1.16558,1.16484,1.16486
1780272000,1.16486,1.16538,1.1645,1.16477
1780275600,1.16478,1.16482,1.1642,1.16449
1780279200,1.16448,1.16472,1.16437,1.16466
1780282800,1.16468,1.16491,1.16416,1.16439
1780286400,1.16438,1.16486,1.16435,1.16482
1780290000,1.16482,1.16534,1.16479,1.16514
1780293600,1.16514,1.16648,1.16502,1.16647
1780297200,1.16644,1.16648,1.16518,1.16566
1780300800,1.16568,1.16602,1.16535,1.16578
1780304400,1.16577,1.16606,1.16483,1.16508
1780308000,1.1651,1.16511,1.1646,1.16476
1780311600,1.16474,1.16482,1.16416,1.16463
1780315200,1.16464,1.16506,1.16452,1.16474
1780318800,1.16474,1.16482,1.16101,1.16101
1780322400,1.16096,1.16184,1.16068,1.16175
1780326000,1.16178,1.16288,1.16153,1.1623
1780329600,1.16232,1.16306,1.16164,1.16298
1780333200,1.163,1.1638,1.16252,1.16348
1780336800,1.16347,1.16353,1.16308,1.16308
1780340400,1.16308,1.16338,1.16267,1.16318
1780344000,1.16318,1.16339,1.16306,1.16321
1780347600,1.163,1.1637,1.16299,1.16341
1780351200,1.16342,1.16352,1.16326,1.16339
1780354800,1.16342,1.16361,1.16328,1.16354
1780358400,1.16354,1.16355,1.16294,1.16315
1780362000,1.16316,1.1637,1.16284,1.16307
1780365600,1.16308,1.16346,1.16302,1.16308
1780369200,1.16309,1.16352,1.16309,1.16342
1780372800,1.16342,1.16388,1.16342,1.16379
1780376400,1.1638,1.16398,1.16362,1.16371
1780380000,1.16372,1.16522,1.16372,1.16506
1780383600,1.16504,1.16508,1.1645,1.16486
1780387200,1.16486,1.16526,1.16422,1.16436
1780390800,1.16437,1.1645,1.16402,1.16433
1780394400,1.16434,1.16461,1.16384,1.16437
1780398000,1.16438,1.16528,1.16437,1.16496
1780401600,1.16497,1.16558,1.16474,1.16505
1780405200,1.16505,1.16524,1.16396,1.16434
1780408800,1.16434,1.165,1.16361,1.16436
1780412400,1.16436,1.16452,1.16356,1.16406
1780416000,1.16407,1.16412,1.16268,1.16284
1780419600,1.16283,1.16298,1.16202,1.16216
1780423200,1.16216,1.163,1.16135,1.16285
1780426800,1.16286,1.16332,1.16286,1.16323
1780430400,1.16324,1.16349,1.163,1.1631
1780434000,1.16299,1.16332,1.16292,1.163
1780437600,1.16299,1.16302,1.16264,1.16267
1780441200,1.16268,1.16275,1.16198,1.16213
1780444800,1.16212,1.16308,1.16204,1.16289
1780448400,1.1629,1.16336,1.16264,1.16296
1780452000,1.16296,1.1632,1.1625,1.1628
1780455600,1.16281,1.16295,1.16264,1.16277
1780459200,1.16276,1.16282,1.16244,1.16256
1780462800,1.16256,1.16271,1.16187,1.16188
1780466400,1.16188,1.16224,1.16124,1.16164
1780470000,1.16164,1.16244,1.16129,1.16162
1780473600,1.16162,1.16168,1.16051,1.16082
1780477200,1.16082,1.1616,1.1608,1.16136
1780480800,1.16136,1.1623,1.16128,1.16161
1780484400,1.16162,1.16226,1.16154,1.16179
1780488000,1.1618,1.16187,1.15968,1.16005
1780491600,1.16006,1.16064,1.15974,1.1603
1780495200,1.1603,1.16124,1.15949,1.16124
1780498800,1.16124,1.1613,1.16026,1.16048
1780502400,1.1605,1.1605,1.15952,1.16002
1780506000,1.16004,1.16036,1.15969,1.15984
1780509600,1.15985,1.16,1.15954,1.15984
1780513200,1.15982,1.16011,1.15972,1.15981
1780516800,1.15982,1.16006,1.1597,1.15986
1780520400,1.15998,1.16013,1.15976,1.15989
1780524000,1.15993,1.16124,1.15946,1.1606
1780527600,1.16061,1.16108,1.16016,1.1609
1780531200,1.1609,1.16126,1.16055,1.16068
1780534800,1.16068,1.16102,1.16039,1.16096
1780538400,1.16098,1.16113,1.16064,1.16101
1780542000,1.161,1.16101,1.16026,1.1606
1780545600,1.16061,1.16132,1.1604,1.16098
1780549200,1.16098,1.16106,1.16052,1.16098
1780552800,1.16098,1.1615,1.16072,1.16108
1780556400,1.16106,1.16128,1.15986,1.1604
1780560000,1.1604,1.16142,1.16037,1.16133
1780563600,1.16132,1.16284,1.16132,1.16258
1780567200,1.16258,1.16342,1.16253,1.16305
1780570800,1.16306,1.16455,1.16304,1.16418
1780574400,1.16418,1.16452,1.16345,1.1637
1780578000,1.1637,1.164,1.1634,1.16361
1780581600,1.1636,1.164,1.16292,1.16306
1780585200,1.16305,1.16316,1.16224,1.16284
1780588800,1.16283,1.16298,1.16232,1.16234
1780592400,1.16233,1.1624,1.16195,1.16208
1780596000,1.16208,1.16226,1.16134,1.1615
1780599600,1.1615,1.16162,1.16106,1.16124
1780603200,1.16125,1.16137,1.16082,1.1611
1780606800,1.16154,1.16162,1.16116,1.1614
1780610400,1.16144,1.16145,1.1611,1.16122
1780614000,1.16122,1.16138,1.1612,1.16124
1780617600,1.16124,1.16142,1.1611,1.16128
1780621200,1.16128,1.1615,1.161,1.16137
1780624800,1.1614,1.16166,1.16125,1.1614
1780628400,1.16141,1.16156,1.16136,1.16148
1780632000,1.1615,1.1617,1.16138,1.16162
1780635600,1.16162,1.16194,1.1615,1.16156
1780639200,1.16155,1.16229,1.1613,1.16224
1780642800,1.16222,1.16372,1.16216,1.1632
1780646400,1.1632,1.164,1.1632,1.16368
1780650000,1.16366,1.16445,1.16346,1.16387
1780653600,1.16386,1.16443,1.16385,1.16404
1780657200,1.16403,1.1642,1.16345,1.16416
1780660800,1.16416,1.16428,1.15863,1.15866
1780664400,1.15868,1.15998,1.15718,1.1572
1780668000,1.1572,1.15806,1.15496,1.1559
1780671600,1.1559,1.15601,1.15316,1.15325
1780675200,1.15326,1.15331,1.15226,1.15322
1780678800,1.15324,1.15332,1.15192,1.15243
1780682400,1.15244,1.15291,1.15195,1.1523
1780686000,1.1523,1.15274,1.15184,1.15253
1780689600,1.15254,1.15263,1.1518,1.15226
1780866000,1.15115,1.15157,1.15096,1.15115
1780869600,1.15104,1.15188,1.15088,1.15134
1780873200,1.15132,1.15228,1.15132,1.1522
1780876800,1.15219,1.15337,1.1521,1.15335
1780880400,1.15336,1.15348,1.15118,1.15265
1780884000,1.15266,1.15316,1.15206,1.15286
1780887600,1.15286,1.15325,1.15261,1.15324
1780891200,1.15324,1.1534,1.15301,1.15314
1780894800,1.15316,1.15398,1.15178,1.15192
1780898400,1.15192,1.15249,1.15135,1.15153
1780902000,1.15152,1.15269,1.15144,1.15166
1780905600,1.15165,1.15235,1.15079,1.15084
1780909200,1.15084,1.15146,1.14997,1.15126
1780912800,1.15126,1.15325,1.151,1.15245
1780916400,1.15246,1.15438,1.15234,1.15366
1780920000,1.15364,1.15437,1.15351,1.15422
1780923600,1.15424,1.15548,1.15414,1.15416
1780927200,1.15414,1.15444,1.15318,1.15428
1780930800,1.1543,1.15478,1.15365,1.15442
1780934400,1.15442,1.15462,1.15389,1.15389
1780938000,1.1539,1.15415,1.15356,1.1538
1780941600,1.15381,1.15421,1.15278,1.15284
1780945200,1.15284,1.15344,1.1528,1.15309
1780948800,1.15308,1.15338,1.15304,1.15324
1780952400,1.1537,1.1539,1.15342,1.15372
1780956000,1.15375,1.15375,1.15326,1.15338
1780959600,1.15338,1.15342,1.1528,1.15282
1780963200,1.15281,1.15317,1.1527,1.15314
1780966800,1.15315,1.15398,1.15305,1.15397
1780970400,1.15398,1.15405,1.15368,1.15376
1780974000,1.15376,1.154,1.15348,1.1538
1780977600,1.1538,1.15484,1.1537,1.15456
1780981200,1.15456,1.15476,1.15396,1.15448
1780984800,1.1545,1.15536,1.15434,1.1544
1780988400,1.15441,1.1547,1.15374,1.15394
1780992000,1.15393,1.15526,1.15365,1.15508
1780995600,1.15509,1.15638,1.15504,1.15615
1780999200,1.15614,1.15696,1.15602,1.15655
1781002800,1.15654,1.15742,1.15654,1.15726
1781006400,1.15728,1.15749,1.15692,1.15736
1781010000,1.15738,1.15781,1.15636,1.15664
1781013600,1.15664,1.15734,1.15582,1.15624
1781017200,1.15624,1.15674,1.15458,1.15552
1781020800,1.15552,1.15576,1.15286,1.1541
1781024400,1.15408,1.15532,1.154,1.15482
1781028000,1.15482,1.15532,1.15464,1.15498
1781031600,1.15498,1.15502,1.15396,1.15416
1781035200,1.15415,1.15457,1.15407,1.1544
1781038800,1.15454,1.15456,1.1536,1.15394
1781042400,1.15387,1.15405,1.15362,1.15366
1781046000,1.15366,1.15392,1.15332,1.15351
1781049600,1.15353,1.15436,1.15334,1.15424
1781053200,1.15426,1.1543,1.15354,1.15378
1781056800,1.1538,1.1545,1.15369,1.15426
1781060400,1.15426,1.15522,1.15424,1.15504
1781064000,1.15504,1.15507,1.15445,1.15464
1781067600,1.15464,1.15556,1.15454,1.15544
1781071200,1.15546,1.15582,1.15484,1.15488
1781074800,1.15488,1.15588,1.15467,1.15538
1781078400,1.1554,1.15542,1.15481,1.15536
1781082000,1.15538,1.15597,1.15507,1.15579
1781085600,1.1558,1.15594,1.15504,1.1552
1781089200,1.15524,1.15526,1.15357,1.15366
1781092800,1.15368,1.15649,1.1536,1.15486
1781096400,1.15485,1.15731,1.15475,1.15626
1781100000,1.15626,1.15672,1.15501,1.15522
1781103600,1.15524,1.15569,1.15344,1.15494
1781107200,1.15494,1.15595,1.15486,1.15539
1781110800,1.1554,1.15567,1.15447,1.15525
1781114400,1.15526,1.15577,1.15482,1.15483
1781118000,1.15484,1.15488,1.15412,1.15414
1781121600,1.15414,1.15415,1.1535,1.15357
1781125200,1.15366,1.15407,1.15354,1.15358
1781128800,1.15358,1.15368,1.15284,1.15298
1781132400,1.15298,1.15378,1.15257,1.15354
1781136000,1.15355,1.1543,1.15355,1.15425
1781139600,1.15426,1.15561,1.15416,1.15541
1781143200,1.15541,1.15543,1.15462,1.1548
1781146800,1.1548,1.15492,1.15444,1.15453
1781150400,1.15454,1.15504,1.15426,1.15484
1781154000,1.15484,1.15514,1.15455,1.15474
1781157600,1.15474,1.15474,1.15404,1.15418
1781161200,1.15418,1.15556,1.15413,1.1545
1781164800,1.15448,1.15455,1.15307,1.15323
1781168400,1.15322,1.15373,1.153,1.15339
1781172000,1.15338,1.15345,1.15232,1.15312
1781175600,1.15314,1.15418,1.15314,1.15382
1781179200,1.15384,1.15435,1.15164,1.15398
1781182800,1.15399,1.15406,1.15176,1.15296
1781186400,1.15296,1.15306,1.15148,1.15194
1781190000,1.15194,1.15244,1.1514,1.15145
1781193600,1.15146,1.1516,1.15074,1.1509
1781197200,1.15088,1.15664,1.1503,1.15511
1781200800,1.15512,1.15666,1.15413,1.1558
1781204400,1.1558,1.15899,1.1558,1.15789
1781208000,1.1579,1.15836,1.15763,1.15792
1781211600,1.15786,1.15806,1.15765,1.15774
1781215200,1.15772,1.15851,1.15732,1.1585
1781218800,1.1585,1.15866,1.15744,1.15756
1781222400,1.15755,1.15766,1.15662,1.15696
1781226000,1.15697,1.15701,1.15616,1.15634
1781229600,1.15633,1.15705,1.15628,1.15668
1781233200,1.15668,1.15753,1.15651,1.15722
1781236800,1.15722,1.15752,1.15687,1.15716
1781240400,1.15716,1.15739,1.15574,1.15576
1781244000,1.15576,1.15743,1.15576,1.15731
1781247600,1.15732,1.15737,1.15572,1.15666
1781251200,1.15666,1.15858,1.15654,1.15768
1781254800,1.15769,1.15897,1.15735,1.15841
1781258400,1.1584,1.15856,1.1569,1.15739
1781262000,1.1574,1.15794,1.15707,1.15714
1781265600,1.15715,1.15724,1.15601,1.15635
1781269200,1.15636,1.1579,1.15618,1.15696
1781272800,1.15696,1.15791,1.15662,1.15734
1781276400,1.15734,1.15835,1.15715,1.1573
1781280000,1.15728,1.15778,1.15696,1.15746
1781283600,1.15747,1.15776,1.15718,1.15746
1781287200,1.15746,1.15786,1.15724,1.15748
1781290800,1.15746,1.15778,1.15686,1.15714
1781294400,1.15714,1.15718,1.15658,1.15669
1781470800,1.15752,1.16068,1.15726,1.1606
1781474400,1.16062,1.16176,1.16019,1.16087
1781478000,1.16088,1.16094,1.16022,1.1603
1781481600,1.16029,1.16118,1.1598,1.15988
1781485200,1.15988,1.16017,1.15942,1.15982
1781488800,1.15982,1.16014,1.15944,1.15996
1781492400,1.15995,1.16052,1.15984,1.16043
1781496000,1.16042,1.16134,1.16033,1.16127
1781499600,1.16128,1.16221,1.16127,1.16169
1781503200,1.16168,1.1618,1.16008,1.16064
1781506800,1.16066,1.16106,1.16015,1.16062
1781510400,1.16061,1.16103,1.15972,1.16016
1781514000,1.16016,1.16108,1.16007,1.1607
1781517600,1.16071,1.16144,1.16034,1.16106
1781521200,1.16105,1.16142,1.16056,1.1609
1781524800,1.1609,1.16197,1.16044,1.16154
1781528400,1.16154,1.16205,1.16122,1.1617
1781532000,1.16169,1.16186,1.16056,1.16078
1781535600,1.16076,1.16076,1.15967,1.15986
1781539200,1.15985,1.16052,1.15975,1.16036
1781542800,1.16035,1.16041,1.1598,1.15994
1781546400,1.15994,1.16031,1.1594,1.15948
1781550000,1.15948,1.15962,1.15845,1.15852
1781553600,1.15852,1.15902,1.15836,1.15894
1781557200,1.15939,1.15958,1.15882,1.15904
1781560800,1.15902,1.15911,1.15856,1.15886
1781564400,1.15886,1.15937,1.15885,1.15913
1781568000,1.15912,1.15936,1.1588,1.15931
1781571600,1.1593,1.15952,1.1587,1.15878
1781575200,1.15878,1.15894,1.15828,1.15878
1781578800,1.15878,1.15886,1.15842,1.15864
1781582400,1.15864,1.1587,1.15758,1.1579
1781586000,1.1579,1.15809,1.15753,1.15753
1781589600,1.15752,1.15876,1.15748,1.15874
1781593200,1.15874,1.15956,1.15852,1.15956
1781596800,1.15958,1.16065,1.15933,1.16058
1781600400,1.16058,1.16093,1.15999,1.1601
1781604000,1.1601,1.16131,1.16005,1.16119
1781607600,1.16118,1.16118,1.15972,1.1599
1781611200,1.1599,1.16019,1.15914,1.15996
1781614800,1.15995,1.16036,1.15912,1.15927
1781618400,1.15928,1.16084,1.1588,1.16069
1781622000,1.16071,1.16188,1.15998,1.16141
1781625600,1.16142,1.16198,1.16116,1.16133
1781629200,1.16132,1.16138,1.16108,1.16114
1781632800,1.16114,1.16142,1.16065,1.16106
1781636400,1.16106,1.16138,1.16058,1.16082
1781640000,1.16081,1.16098,1.16066,1.16085
1781643600,1.16098,1.16134,1.16085,1.16091
1781647200,1.1609,1.16133,1.1609,1.16125
1781650800,1.16124,1.16151,1.16091,1.16098
1781654400,1.16098,1.16168,1.16088,1.16148
1781658000,1.16146,1.16161,1.16103,1.16124
1781661600,1.16123,1.1615,1.16093,1.16093
1781665200,1.16094,1.16122,1.16084,1.16104
1781668800,1.16105,1.16136,1.161,1.16124
1781672400,1.16124,1.16149,1.16106,1.16122
1781676000,1.16123,1.16146,1.16038,1.1608
1781679600,1.16079,1.16148,1.16044,1.16084
1781683200,1.16084,1.16084,1.15982,1.1602
1781686800,1.1602,1.1606,1.16008,1.1604
1781690400,1.1604,1.16046,1.15955,1.15972
1781694000,1.1597,1.15972,1.15854,1.15916
1781697600,1.15917,1.16028,1.15907,1.16022
1781701200,1.16022,1.16028,1.15956,1.1597
1781704800,1.1597,1.15984,1.1581,1.15894
1781708400,1.15892,1.1594,1.15872,1.15926
1781712000,1.15928,1.15934,1.15888,1.15917
1781715600,1.15917,1.15963,1.1588,1.15961
1781719200,1.15959,1.15963,1.15356,1.15389
1781722800,1.15388,1.1542,1.14779,1.14943
1781726400,1.14941,1.15056,1.1487,1.1502
1781730000,1.15013,1.15042,1.15006,1.15038
1781733600,1.15039,1.15058,1.15003,1.15046
1781737200,1.15046,1.15085,1.15038,1.1507
1781740800,1.15069,1.15208,1.15068,1.15155
1781744400,1.15154,1.15224,1.15154,1.15166
1781748000,1.15166,1.15209,1.15131,1.15179
1781751600,1.15179,1.15244,1.15178,1.15235
1781755200,1.15234,1.15264,1.15206,1.15232
1781758800,1.15232,1.15248,1.15103,1.15106
1781762400,1.15106,1.15283,1.15104,1.15195
1781766000,1.15194,1.1523,1.15066,1.15129
1781769600,1.15132,1.1514,1.14821,1.14826
1781773200,1.14826,1.1486,1.14747,1.14768
1781776800,1.14768,1.14773,1.14596,1.14607
1781780400,1.14608,1.1467,1.14544,1.14575
1781784000,1.14573,1.14818,1.14532,1.14694
1781787600,1.14694,1.14842,1.14631,1.14722
1781791200,1.14722,1.14875,1.14678,1.14863
1781794800,1.14864,1.14876,1.14691,1.14694
1781798400,1.14693,1.14722,1.14614,1.14653
1781802000,1.14654,1.14736,1.14624,1.14626
1781805600,1.14628,1.14658,1.1459,1.14596
1781809200,1.14597,1.1463,1.14513,1.14579
1781812800,1.1458,1.14632,1.14558,1.14579
1781816400,1.1463,1.1464,1.14592,1.14623
1781820000,1.14628,1.14636,1.1459,1.14634
1781823600,1.14635,1.14636,1.14572,1.14583
1781827200,1.14586,1.14658,1.14584,1.1462
1781830800,1.1462,1.14634,1.14528,1.14533
1781834400,1.14532,1.1458,1.14517,1.14546
1781838000,1.14546,1.14548,1.14418,1.14424
1781841600,1.14426,1.14436,1.14274,1.14288
1781845200,1.14288,1.14338,1.1418,1.14308
1781848800,1.14309,1.14424,1.1429,1.14422
1781852400,1.1442,1.14492,1.14419,1.14464
1781856000,1.14466,1.14659,1.14464,1.14644
1781859600,1.14644,1.14648,1.14585,1.14596
1781863200,1.14593,1.14634,1.14526,1.14624
1781866800,1.14625,1.1468,1.14592,1.14612
1781870400,1.14614,1.1475,1.14614,1.14711
1781874000,1.14712,1.14726,1.14568,1.1463
1781877600,1.1463,1.14702,1.1458,1.14685
1781881200,1.14684,1.14762,1.14626,1.14648
1781884800,1.14648,1.14694,1.14619,1.1469
1781888400,1.1469,1.14772,1.14678,1.1475
1781892000,1.1475,1.14807,1.1474,1.14768
1781895600,1.14768,1.14788,1.14752,1.14758
1781899200,1.14758,1.14772,1.14658,1.14712
1782075600,1.14638,1.14697,1.14581,1.14622
1782079200,1.1462,1.14678,1.14574,1.14624
1782082800,1.14623,1.14666,1.1458,1.14626
1782086400,1.14627,1.14667,1.14578,1.14666
1782090000,1.14665,1.14737,1.14636,1.14636
1782093600,1.14637,1.14678,1.14602,1.14656
1782097200,1.14656,1.1467,1.14543,1.14564
1782100800,1.14564,1.1457,1.1453,1.1456
1782104400,1.14561,1.14629,1.14542,1.14543
1782108000,1.14542,1.14634,1.14524,1.14601
1782111600,1.14602,1.14626,1.14442,1.14459
1782115200,1.1446,1.14532,1.14416,1.1451
1782118800,1.1451,1.14632,1.14504,1.14581
1782122400,1.1458,1.14636,1.14546,1.14564
1782126000,1.14564,1.14603,1.14475,1.14486
1782129600,1.14486,1.1462,1.14478,1.1455
1782133200,1.14549,1.14552,1.14284,1.14286
1782136800,1.14286,1.14506,1.14258,1.14448
1782140400,1.14449,1.14502,1.14304,1.14318
1782144000,1.14321,1.14323,1.14254,1.1431
1782147600,1.1431,1.14335,1.14272,1.14291
1782151200,1.1429,1.14316,1.14224,1.14244
1782154800,1.14247,1.14256,1.1419,1.1425
1782158400,1.1425,1.14294,1.14246,1.14284
1782162000,1.14272,1.14302,1.14252,1.14284
1782165600,1.14285,1.14289,1.14254,1.14274
1782169200,1.14274,1.14292,1.14256,1.14268
1782172800,1.14266,1.14278,1.14225,1.1427
1782176400,1.14271,1.14284,1.14225,1.14268
1782180000,1.14269,1.1432,1.14256,1.14259
1782183600,1.14258,1.143,1.14186,1.14297
1782187200,1.14298,1.14302,1.14196,1.14211
1782190800,1.1421,1.14258,1.1419,1.1423
1782194400,1.1423,1.14302,1.14194,1.1423
1782198000,1.14231,1.14391,1.14098,1.14118
1782201600,1.1412,1.14175,1.14046,1.14082
1782205200,1.14083,1.14114,1.1406,1.14111
1782208800,1.1411,1.14128,1.13956,1.14006
1782212400,1.14007,1.14028,1.13844,1.13856
1782216000,1.13856,1.13946,1.13826,1.13888
1782219600,1.13891,1.14002,1.13851,1.13897
1782223200,1.13898,1.13913,1.13759,1.13821
1782226800,1.1382,1.13856,1.13757,1.1383
1782230400,1.13832,1.13838,1.13785,1.13796
1782234000,1.13795,1.13818,1.13766,1.13796
1782237600,1.13797,1.13807,1.13762,1.13787
1782241200,1.13788,1.1383,1.13786,1.1379
1782244800,1.1379,1.13818,1.1378,1.13818
1782248400,1.13837,1.13845,1.13833,1.13837
1782252000,1.13838,1.13839,1.13788,1.13815
1782255600,1.13816,1.13836,1.13789,1.1379
1782259200,1.1379,1.13824,1.13733,1.13763
1782262800,1.13764,1.1377,1.1371,1.13766
1782266400,1.13764,1.13768,1.13668,1.13675
1782270000,1.13676,1.13688,1.13614,1.13674
1782273600,1.13673,1.13676,1.13613,1.1363
1782277200,1.1363,1.13684,1.13628,1.13682
1782280800,1.13681,1.13753,1.13576,1.13594
1782284400,1.13592,1.1361,1.13514,1.13516
1782288000,1.13514,1.13559,1.13378,1.13528
1782291600,1.13526,1.13537,1.13446,1.1346
1782295200,1.1346,1.13465,1.13384,1.13398
1782298800,1.134,1.1349,1.1337,1.13404
1782302400,1.13403,1.1346,1.13252,1.1329
1782306000,1.13291,1.1348,1.13246,1.13442
1782309600,1.13441,1.13524,1.1336,1.13418
1782313200,1.13418,1.13618,1.134,1.13481
1782316800,1.13484,1.1368,1.13468,1.13596
1782320400,1.13597,1.13612,1.1349,1.13496
1782324000,1.135,1.13609,1.13498,1.13551
1782327600,1.13552,1.13586,1.1351,1.13533
1782331200,1.13534,1.13604,1.13523,1.13586
1782334800,1.13618,1.13637,1.13551,1.13586
1782338400,1.13583,1.13595,1.13548,1.1355
1782342000,1.1355,1.13564,1.13529,1.1354
1782345600,1.1354,1.13552,1.13477,1.13534
1782349200,1.13536,1.13675,1.13532,1.1358
1782352800,1.13582,1.13656,1.13566,1.13636
1782356400,1.13635,1.13712,1.13629,1.13701
1782360000,1.13702,1.1371,1.13662,1.13672
1782363600,1.1367,1.13682,1.13599,1.13613
1782367200,1.13611,1.13651,1.13524,1.13529
1782370800,1.13528,1.13605,1.13448,1.13594
1782374400,1.13596,1.13726,1.1359,1.13676
1782378000,1.13676,1.13741,1.13617,1.13618
1782381600,1.13618,1.1362,1.1343,1.13458
1782385200,1.13459,1.1346,1.13335,1.13377
1782388800,1.13378,1.13648,1.13364,1.13536
1782392400,1.13536,1.137,1.13492,1.13638
1782396000,1.13637,1.13837,1.1363,1.1375
1782399600,1.13749,1.13882,1.13736,1.13844
1782403200,1.13843,1.13866,1.13733,1.13741
1782406800,1.1374,1.13778,1.13715,1.13742
1782410400,1.13744,1.13806,1.13699,1.1373
1782414000,1.1373,1.13797,1.13686,1.13727
1782417600,1.13726,1.13746,1.137,1.13702
1782421200,1.13719,1.13742,1.13676,1.13732
1782424800,1.1373,1.13736,1.13673,1.13698
1782428400,1.13699,1.13708,1.13604,1.13616
1782432000,1.13616,1.1367,1.1361,1.13648
1782435600,1.13648,1.1369,1.13566,1.13598
1782439200,1.13597,1.13628,1.13542,1.13592
1782442800,1.13592,1.13718,1.13585,1.13717
1782446400,1.13718,1.13772,1.13686,1.13771
1782450000,1.1377,1.13824,1.13752,1.13782
1782453600,1.13782,1.13825,1.13716,1.13752
1782457200,1.1375,1.13887,1.13732,1.13867
1782460800,1.13866,1.14076,1.13831,1.14014
1782464400,1.14014,1.14122,1.13954,1.14069
1782468000,1.1407,1.14083,1.14002,1.14048
1782471600,1.14049,1.14064,1.13938,1.13983
1782475200,1.13984,1.1434,1.13976,1.14272
1782478800,1.14274,1.14298,1.14118,1.14252
1782482400,1.14253,1.14285,1.13936,1.13942
1782486000,1.13944,1.1408,1.13922,1.14029
1782489600,1.14032,1.14034,1.1383,1.13898
1782493200,1.13899,1.13932,1.13848,1.13864
1782496800,1.13866,1.13912,1.13853,1.13858
1782500400,1.13856,1.13894,1.1381,1.1387
1782504000,1.13871,1.1392,1.13814,1.1385
1782680400,1.13897,1.13918,1.13818,1.13838
1782684000,1.13842,1.13869,1.13812,1.13854
1782687600,1.13854,1.1387,1.13823,1.13854
1782691200,1.13852,1.13894,1.13833,1.13876
1782694800,1.13877,1.1391,1.13846,1.13852
1782698400,1.13852,1.13936,1.13848,1.13878
1782702000,1.13878,1.13902,1.13832,1.13832
1782705600,1.13831,1.13853,1.13809,1.13827
1782709200,1.13826,1.13952,1.13826,1.13946
1782712800,1.13945,1.1415,1.13928,1.14124
1782716400,1.14122,1.14132,1.14002,1.14026
1782720000,1.14028,1.14074,1.13926,1.1396
1782723600,1.13962,1.1404,1.13945,1.14034
1782727200,1.14032,1.14056,1.13996,1.14047
1782730800,1.14046,1.14117,1.1399,1.1409
1782734400,1.1409,1.1409,1.14006,1.14027
1782738000,1.14026,1.14123,1.14007,1.141
1782741600,1.14101,1.14232,1.14046,1.14219
1782745200,1.1422,1.14252,1.14164,1.14238
1782748800,1.14239,1.14306,1.14233,1.14258
1782752400,1.1426,1.14282,1.14214,1.14268
1782756000,1.14268,1.14292,1.1425,1.14256
1782759600,1.14253,1.1427,1.14221,1.14258
1782763200,1.14258,1.14275,1.1422,1.14242
1782766800,1.14244,1.14271,1.14234,1.1426
1782770400,1.14261,1.14264,1.14226,1.14251
1782774000,1.14252,1.14254,1.14192,1.14192
1782777600,1.14192,1.14206,1.14124,1.14164
1782781200,1.14165,1.14173,1.1402,1.14043
1782784800,1.14042,1.14064,1.14018,1.14036
1782788400,1.14036,1.14053,1.1397,1.13986
1782792000,1.13984,1.13992,1.1389,1.13891
1782795600,1.1389,1.13928,1.13827,1.1385
1782799200,1.13849,1.14038,1.13836,1.14031
1782802800,1.1403,1.14095,1.13972,1.13987
1782806400,1.13984,1.13996,1.13836,1.13936
1782810000,1.13936,1.13986,1.13892,1.13972
1782813600,1.13973,1.14024,1.13927,1.1402
1782817200,1.1402,1.14028,1.13864,1.13932
1782820800,1.13932,1.1403,1.13886,1.13963
1782824400,1.13962,1.14071,1.13944,1.13972
1782828000,1.13972,1.14349,1.13912,1.1433
1782831600,1.1433,1.14367,1.1415,1.14171
1782835200,1.1417,1.14182,1.14122,1.14142
1782838800,1.14142,1.14223,1.14142,1.14215
1782842400,1.14214,1.14271,1.14192,1.14205
1782846000,1.14206,1.14266,1.14154,1.14266
1782849600,1.14264,1.14274,1.14204,1.14218
1782853200,1.14219,1.14233,1.14188,1.14224
1782856800,1.14224,1.14228,1.14186,1.142
1782860400,1.14202,1.14204,1.14124,1.1413
1782864000,1.1413,1.14142,1.14086,1.14096
1782867600,1.14096,1.14096,1.14027,1.14044
1782871200,1.14044,1.14081,1.14028,1.14056
1782874800,1.14054,1.14082,1.14018,1.14042
1782878400,1.14042,1.14108,1.14026,1.14086
1782882000,1.14087,1.14106,1.1403,1.14059
1782885600,1.14058,1.14095,1.14003,1.14031
1782889200,1.1403,1.14042,1.13931,1.14022
1782892800,1.1402,1.14039,1.13941,1.13965
1782896400,1.13966,1.13997,1.13852,1.13879
1782900000,1.1388,1.14004,1.13862,1.13982
1782903600,1.1398,1.1399,1.1385,1.13855
1782907200,1.13856,1.13879,1.1369,1.13712
1782910800,1.13712,1.14119,1.13618,1.13956
1782914400,1.13958,1.14055,1.13848,1.13954
1782918000,1.13956,1.13962,1.13789,1.13838
1782921600,1.1384,1.1394,1.13799,1.13824
1782925200,1.13824,1.1386,1.1379,1.13812
1782928800,1.13812,1.13829,1.13754,1.13799
1782932400,1.13798,1.13817,1.13776,1.13788
1782936000,1.13788,1.13794,1.1374,1.13782
1782939600,1.1378,1.13796,1.13774,1.13788
1782943200,1.1379,1.13796,1.13774,1.13788
1782946800,1.13788,1.13788,1.13772,1.13776
1782950400,1.13774,1.13833,1.1375,1.13767
1782954000,1.13766,1.13859,1.13764,1.13817
1782957600,1.13818,1.13885,1.13811,1.13822
1782961200,1.13822,1.13834,1.13782,1.13824
1782964800,1.13823,1.13884,1.13823,1.13869
1782968400,1.13872,1.13886,1.13816,1.13858
1782972000,1.13858,1.14045,1.13856,1.13947
1782975600,1.13948,1.14094,1.13906,1.14078
1782979200,1.14079,1.1421,1.1407,1.14202
1782982800,1.14202,1.14212,1.1409,1.14098
1782986400,1.14098,1.14114,1.14032,1.14105
1782990000,1.14107,1.14147,1.14006,1.14038
1782993600,1.14037,1.1473,1.13954,1.14514
1782997200,1.14513,1.14554,1.14386,1.14508
1783000800,1.1451,1.14584,1.14337,1.1444
1783004400,1.1444,1.14498,1.14398,1.14475
1783008000,1.14474,1.14482,1.14354,1.14378
1783011600,1.14376,1.14376,1.14289,1.14307
1783015200,1.14308,1.1437,1.14295,1.14331
1783018800,1.1433,1.1434,1.14262,1.14308
1783022400,1.14306,1.14356,1.14295,1.14337
1783026000,1.1433,1.14357,1.14314,1.1434
1783029600,1.14338,1.14356,1.14279,1.1429
1783033200,1.14292,1.14306,1.14218,1.14226
1783036800,1.14226,1.14309,1.14207,1.14307
1783040400,1.14308,1.14448,1.14302,1.1437
1783044000,1.1437,1.14448,1.1436,1.14399
1783047600,1.14398,1.14416,1.14369,1.1441
1783051200,1.14412,1.14462,1.14392,1.14462
1783054800,1.14462,1.1455,1.14457,1.14488
1783058400,1.14488,1.14622,1.14483,1.14542
1783062000,1.14542,1.14581,1.14476,1.14546
1783065600,1.14548,1.14576,1.14504,1.14528
1783069200,1.14527,1.14528,1.14404,1.14409
1783072800,1.14408,1.14502,1.14406,1.14468
1783076400,1.14468,1.14572,1.14462,1.14504
1783080000,1.14506,1.14528,1.14464,1.1447
1783083600,1.1447,1.1448,1.1438,1.14404
1783087200,1.14404,1.1448,1.14388,1.14416
1783090800,1.14416,1.14444,1.14349,1.14371
1783094400,1.14369,1.14396,1.14354,1.14376
1783098000,1.14378,1.14422,1.14376,1.14404
1783101600,1.14404,1.14414,1.1438,1.14389
1783105200,1.1439,1.14406,1.14356,1.14365
1783108800,1.14364,1.14378,1.14333,1.14376
1783285200,1.14385,1.14385,1.14358,1.14382
1783288800,1.14383,1.14387,1.14349,1.14366
1783292400,1.14367,1.14382,1.14332,1.14368
1783296000,1.14366,1.14412,1.14328,1.14384
1783299600,1.14384,1.14388,1.14284,1.14286
1783303200,1.14286,1.14352,1.14276,1.1434
1783306800,1.14338,1.14359,1.14281,1.14318
1783310400,1.14318,1.14342,1.14316,1.14328
1783314000,1.14329,1.14333,1.1423,1.14236
1783317600,1.14236,1.1429,1.14198,1.14231
1783321200,1.1423,1.14282,1.14166,1.14266
1783324800,1.14266,1.14272,1.14154,1.14206
1783328400,1.14206,1.14214,1.14111,1.14132
1783332000,1.14132,1.14213,1.14098,1.14196
1783335600,1.14196,1.14204,1.1412,1.14152
1783339200,1.14154,1.142,1.14108,1.14132
1783342800,1.14133,1.14227,1.14085,1.14128
1783346400,1.14128,1.14202,1.14108,1.14171
1783350000,1.14172,1.14262,1.14155,1.14253
1783353600,1.14254,1.1432,1.1425,1.14306
1783357200,1.14306,1.14394,1.14301,1.14362
1783360800,1.14364,1.1445,1.14351,1.1443
1783364400,1.14428,1.1443,1.14379,1.14411
1783368000,1.1441,1.1442,1.14396,1.14408
1783371600,1.1442,1.1446,1.14417,1.14454
1783375200,1.14454,1.1446,1.14425,1.14452
1783378800,1.14452,1.14481,1.14412,1.14415
1783382400,1.14414,1.14424,1.14381,1.14386
1783386000,1.14386,1.14474,1.14372,1.1444
1783389600,1.14441,1.14462,1.14396,1.14396
1783393200,1.14396,1.1443,1.14362,1.14368
1783396800,1.1437,1.14392,1.14354,1.14356
1783400400,1.14354,1.14374,1.14282,1.14318
1783404000,1.14318,1.14323,1.14254,1.143
1783407600,1.14299,1.14322,1.14248,1.14252
1783411200,1.14251,1.14359,1.1425,1.14279
1783414800,1.14278,1.14302,1.14248,1.14252
1783418400,1.1425,1.14342,1.14236,1.14338
1783422000,1.14339,1.14392,1.14254,1.14324
1783425600,1.14326,1.14422,1.14309,1.14366
1783429200,1.14366,1.14419,1.14305,1.14364
1783432800,1.14365,1.1438,1.14236,1.1433
1783436400,1.1433,1.1435,1.14222,1.14229
1783440000,1.1423,1.14258,1.1418,1.14236
1783443600,1.14236,1.14294,1.14222,1.14283
1783447200,1.14282,1.14298,1.14174,1.14184
1783450800,1.14185,1.14194,1.1408,1.14166
1783454400,1.14166,1.14174,1.14104,1.14114
1783458000,1.14136,1.14154,1.14024,1.14064
1783461600,1.14068,1.14089,1.14031,1.1407
1783465200,1.1407,1.14082,1.14001,1.14016
1783468800,1.14016,1.14116,1.14002,1.1408
1783472400,1.14081,1.14095,1.13985,1.14055
1783476000,1.14058,1.14126,1.14048,1.14112
1783479600,1.14113,1.14165,1.14113,1.14144
1783483200,1.14145,1.14159,1.1411,1.14144
1783486800,1.14144,1.14208,1.14124,1.14195
1783490400,1.14194,1.14241,1.14174,1.14225
1783494000,1.14226,1.14316,1.1417,1.14257
1783497600,1.14255,1.14276,1.14005,1.14103
1783501200,1.14102,1.14116,1.13962,1.14042
1783504800,1.14044,1.14146,1.14012,1.14085
1783508400,1.14084,1.14096,1.13931,1.13982
1783512000,1.13982,1.1407,1.13958,1.13962
1783515600,1.1396,1.14138,1.13959,1.141
1783519200,1.14098,1.14134,1.14033,1.14075
1783522800,1.14076,1.14119,1.13912,1.13952
1783526400,1.13952,1.14148,1.13949,1.14142
1783530000,1.14142,1.1427,1.14142,1.1419
1783533600,1.14188,1.1429,1.14164,1.14254
1783537200,1.14254,1.14304,1.14226,1.14277
1783540800,1.14274,1.14278,1.14152,1.14162
1783544400,1.14186,1.14206,1.14158,1.14176
1783548000,1.14179,1.14193,1.14163,1.14192
1783551600,1.14192,1.14224,1.14173,1.14214
1783555200,1.14213,1.14302,1.14212,1.14257
1783558800,1.14258,1.14274,1.142,1.14258
1783562400,1.1426,1.14284,1.14232,1.14245
1783566000,1.14244,1.14304,1.14228,1.14269
1783569600,1.14268,1.14274,1.14232,1.14268
1783573200,1.14268,1.1434,1.14264,1.14308
1783576800,1.14308,1.14494,1.14308,1.1442
1783580400,1.1442,1.14422,1.14326,1.14356
1783584000,1.14355,1.14382,1.14256,1.14267
1783587600,1.14266,1.14315,1.14237,1.14309
1783591200,1.14308,1.14318,1.14212,1.14234
1783594800,1.14235,1.143,1.1422,1.14295
1783598400,1.14296,1.14359,1.14227,1.1425
1783602000,1.14248,1.14392,1.1424,1.14392
1783605600,1.14392,1.14461,1.14314,1.14329
1783609200,1.1433,1.14406,1.14292,1.14389
1783612800,1.1439,1.14414,1.14352,1.14369
1783616400,1.14368,1.14408,1.14342,1.14376
1783620000,1.14376,1.1438,1.14314,1.14336
1783623600,1.14335,1.14344,1.14256,1.14278
1783627200,1.14276,1.14304,1.14274,1.14302
1783630800,1.14329,1.14329,1.14292,1.143
1783634400,1.14302,1.14338,1.14292,1.14334
1783638000,1.14336,1.14341,1.14316,1.1433
1783641600,1.14331,1.14421,1.14304,1.14402
1783645200,1.144,1.14499,1.14382,1.14474
1783648800,1.14474,1.14608,1.1447,1.14582
1783652400,1.14582,1.14594,1.14474,1.14494
1783656000,1.14494,1.14494,1.14396,1.14428
1783659600,1.14429,1.14445,1.14357,1.14398
1783663200,1.14395,1.14475,1.14391,1.14422
1783666800,1.14423,1.14424,1.14366,1.14373
1783670400,1.14374,1.14422,1.14304,1.14306
1783674000,1.14306,1.14344,1.14266,1.14273
1783677600,1.14274,1.14354,1.14268,1.14334
1783681200,1.14334,1.14354,1.14266,1.1431
1783684800,1.14312,1.1442,1.14233,1.14292
1783688400,1.14292,1.14297,1.14196,1.14208
1783692000,1.14209,1.14285,1.14118,1.14224
1783695600,1.14223,1.1439,1.14214,1.14378
1783699200,1.14377,1.14413,1.14296,1.14296
1783702800,1.14296,1.14312,1.14166,1.14178
1783706400,1.14178,1.14182,1.14117,1.14165
1783710000,1.14164,1.1417,1.14139,1.14158
1783713600,1.14158,1.14183,1.14116,1.1415
1783890000,1.14018,1.14067,1.14018,1.14044
1783893600,1.14046,1.14047,1.13884,1.13947
1783897200,1.13946,1.14043,1.13932,1.14043
1783900800,1.14044,1.14054,1.13947,1.13955
1783904400,1.13956,1.13976,1.13844,1.13974
1783908000,1.13976,1.13998,1.13934,1.13943
1783911600,1.13942,1.1399,1.13908,1.1399
1783915200,1.1399,1.14051,1.13969,1.14038
1783918800,1.14039,1.14092,1.13969,1.13986
1783922400,1.13986,1.14076,1.13958,1.1401
1783926000,1.1401,1.14262,1.14009,1.14247
1783929600,1.14248,1.14458,1.14242,1.1436
1783933200,1.1436,1.14374,1.14274,1.14315
1783936800,1.14316,1.14356,1.1426,1.14356
1783940400,1.14358,1.14372,1.14252,1.14276
1783944000,1.14275,1.14309,1.14204,1.14309
1783947600,1.1431,1.14334,1.14144,1.14145
1783951200,1.14146,1.14162,1.13982,1.14062
1783954800,1.14062,1.14066,1.13964,1.14016
1783958400,1.14015,1.14027,1.13828,1.13888
1783962000,1.13888,1.13908,1.13854,1.13862
1783965600,1.13863,1.13888,1.13848,1.13874
1783969200,1.13875,1.13879,1.13818,1.13835
1783972800,1.13836,1.13845,1.13775,1.13804
1783976400,1.13843,1.13876,1.13822,1.13853
1783980000,1.13846,1.13866,1.13809,1.1381
1783983600,1.13809,1.1384,1.13802,1.13834
1783987200,1.13836,1.13896,1.13782,1.13848
1783990800,1.13846,1.13906,1.13846,1.13889
1783994400,1.1389,1.13942,1.1389,1.13906
1783998000,1.13907,1.13967,1.13884,1.13936
1784001600,1.13938,1.13946,1.13876,1.13908
1784005200,1.13908,1.13959,1.13906,1.13918
1784008800,1.13918,1.13938,1.13846,1.13862
1784012400,1.13862,1.13976,1.13842,1.13959
1784016000,1.1396,1.1406,1.13933,1.13996
1784019600,1.13996,1.14037,1.1395,1.1401
1784023200,1.1401,1.14016,1.1391,1.13918
1784026800,1.13918,1.14094,1.13898,1.14066
1784030400,1.14066,1.14628,1.1404,1.1446
1784034000,1.1446,1.14552,1.14415,1.14515
1784037600,1.14514,1.1459,1.144,1.14452
1784041200,1.14452,1.14539,1.14258,1.14272
1784044800,1.14274,1.14344,1.14241,1.1432
1784048400,1.1432,1.14333,1.14192,1.14234
1784052000,1.14234,1.14264,1.14162,1.14235
1784055600,1.14236,1.14262,1.14203,1.14203
1784059200,1.14202,1.14225,1.14185,1.14209
1784062800,1.14222,1.1424,1.14194,1.14194
1784066400,1.14191,1.14237,1.14175,1.14207
1784070000,1.14206,1.1425,1.14202,1.14246
1784073600,1.14244,1.14343,1.1424,1.14331
1784077200,1.1433,1.14374,1.14324,1.14356
1784080800,1.14355,1.14422,1.14333,1.14403
1784084400,1.14404,1.14424,1.14333,1.1438
1784088000,1.14382,1.14409,1.14365,1.14371
1784091600,1.1437,1.14432,1.14353,1.14405
1784095200,1.14404,1.14438,1.14281,1.14288
1784098800,1.14288,1.1432,1.14199,1.14234
1784102400,1.14235,1.14276,1.1421,1.14244
1784106000,1.14244,1.1426,1.14166,1.1417
1784109600,1.14169,1.14184,1.14108,1.14159
1784113200,1.14158,1.14196,1.14101,1.14118
1784116800,1.1412,1.14302,1.1406,1.14284
1784120400,1.14286,1.14356,1.14237,1.14302
1784124000,1.14303,1.14416,1.14302,1.1437
1784127600,1.14373,1.14415,1.14317,1.14353
1784131200,1.14352,1.14422,1.14304,1.14422
1784134800,1.14422,1.14748,1.1442,1.14734
1784138400,1.14734,1.14824,1.1466,1.14667
1784142000,1.14664,1.14747,1.14615,1.14641
1784145600,1.1464,1.14646,1.14608,1.14636
1784149200,1.14642,1.14666,1.14634,1.14637
1784152800,1.14638,1.14683,1.14636,1.1467
1784156400,1.14671,1.14709,1.14666,1.14698
1784160000,1.14698,1.14746,1.14673,1.14739
1784163600,1.14738,1.1474,1.1465,1.14658
1784167200,1.14658,1.1466,1.14602,1.14647
1784170800,1.14648,1.14689,1.14634,1.14666
1784174400,1.14667,1.14672,1.14631,1.14663
1784178000,1.14664,1.14689,1.14622,1.14634
1784181600,1.14636,1.1471,1.14633,1.14686
1784185200,1.14686,1.14764,1.14668,1.14692
1784188800,1.14694,1.1472,1.14626,1.1466
1784192400,1.1466,1.14683,1.14606,1.14663
1784196000,1.14664,1.14684,1.14593,1.14598
1784199600,1.14598,1.1469,1.14567,1.14686
1784203200,1.14686,1.14706,1.1447,1.14476
1784206800,1.14477,1.14592,1.14444,1.14498
1784210400,1.14497,1.14539,1.144,1.1443
1784214000,1.14428,1.14497,1.14366,1.1447
1784217600,1.1447,1.14472,1.14342,1.14348
1784221200,1.14348,1.14384,1.1431,1.14365
1784224800,1.14366,1.14392,1.1435,1.14385
1784228400,1.14382,1.14417,1.14344,1.14404
1784232000,1.14404,1.14444,1.14386,1.14431
1784235600,1.14412,1.14442,1.14411,1.14438
1784239200,1.1444,1.14451,1.14424,1.14433
1784242800,1.14434,1.14464,1.14426,1.14452
1784246400,1.14451,1.14469,1.14412,1.14468
1784250000,1.14468,1.14482,1.14374,1.14392
1784253600,1.14392,1.14414,1.14366,1.14368
1784257200,1.1437,1.144,1.14358,1.14394
1784260800,1.14395,1.14395,1.14346,1.14362
1784264400,1.1436,1.14436,1.14356,1.14398
1784268000,1.14397,1.1452,1.14397,1.14498
1784271600,1.14498,1.14522,1.14443,1.14448
1784275200,1.14448,1.14478,1.14358,1.14412
1784278800,1.14411,1.14425,1.14364,1.14404
1784282400,1.14404,1.14404,1.14262,1.14268
1784286000,1.14266,1.14362,1.14246,1.14302
1784289600,1.14302,1.14354,1.14248,1.14292
1784293200,1.14291,1.1437,1.14244,1.14361
1784296800,1.14362,1.14442,1.14331,1.14397
1784300400,1.14397,1.14444,1.14372,1.144
1784304000,1.14401,1.14417,1.14343,1.14382
1784307600,1.14383,1.14386,1.14334,1.14344
1784311200,1.14344,1.14374,1.14338,1.14354
1784314800,1.14353,1.14415,1.14338,1.1441
1784318400,1.14409,1.14424,1.14363,1.14382
1784494800,1.14268,1.14316,1.14266,1.14296
1784498400,1.14296,1.14314,1.14248,1.14265
1784502000,1.14266,1.14276,1.14239,1.14275
1784505600,1.14276,1.14336,1.14265,1.14335
1784509200,1.14336,1.14365,1.14312,1.1436
1784512800,1.14361,1.1443,1.14346,1.1441
1784516400,1.1441,1.14426,1.14396,1.1442
1784520000,1.1442,1.14451,1.14413,1.14444
1784523600,1.14444,1.14449,1.14401,1.14402
1784527200,1.14401,1.14422,1.14341,1.14352
1784530800,1.14353,1.14496,1.14343,1.14442
1784534400,1.14442,1.14456,1.14374,1.1439
1784538000,1.1439,1.14398,1.14274,1.14301
1784541600,1.143,1.14362,1.14285,1.14312
1784545200,1.14312,1.14406,1.14281,1.14294
1784548800,1.14294,1.14302,1.1417,1.14238
1784552400,1.1424,1.14247,1.14146,1.14152
1784556000,1.14152,1.14176,1.14025,1.14064
1784559600,1.14066,1.14125,1.14048,1.14114
1784563200,1.14112,1.14172,1.14074,1.14116
1784566800,1.14116,1.14154,1.14113,1.1414
1784570400,1.1414,1.14188,1.14132,1.14154
1784574000,1.14154,1.14182,1.14134,1.14156
1784577600,1.14157,1.1417,1.14128,1.14138
1784581200,1.14148,1.1417,1.14105,1.1411
1784584800,1.14108,1.14138,1.14102,1.14132
1784588400,1.14132,1.14162,1.14125,1.14158
1784592000,1.14158,1.14184,1.14115,1.14132
1784595600,1.14133,1.14166,1.14122,1.14146
1784599200,1.14146,1.14162,1.14105,1.14112
1784602800,1.14112,1.14154,1.1409,1.14124
1784606400,1.14123,1.1418,1.14123,1.14179
1784610000,1.1418,1.14218,1.14158,1.14177
1784613600,1.14176,1.1424,1.14173,1.14212
1784617200,1.14213,1.14276,1.14206,1.14229
1784620800,1.1423,1.14262,1.14182,1.14212
1784624400,1.14211,1.14287,1.14202,1.14224
1784628000,1.14223,1.14286,1.14201,1.14202
1784631600,1.14202,1.1423,1.14165,1.14192
1784635200,1.1419,1.14206,1.14132,1.14172
1784638800,1.14174,1.1418,1.14056,1.14114
1784642400,1.14114,1.14196,1.14026,1.14058
1784646000,1.14056,1.14116,1.14028,1.14074
1784649600,1.14074,1.1411,1.1407,1.14081
1784653200,1.14082,1.14106,1.14064,1.14068
1784656800,1.14069,1.1407,1.13986,1.1403
1784660400,1.14032,1.1404,1.14005,1.14016
1784664000,1.14016,1.14032,1.13974,1.1398
1784667600,1.13988,1.14024,1.13982,1.14006
1784671200,1.1401,1.14014,1.13991,1.13994
1784674800,1.13993,1.14024,1.13982,1.14023
1784678400,1.14022,1.14072,1.14011,1.1404
1784682000,1.1404,1.14068,1.13988,1.14029
1784685600,1.1403,1.141,1.14012,1.14057
1784689200,1.14058,1.1408,1.14044,1.14074
1784692800,1.14076,1.14086,1.14049,1.14084
1784696400,1.14084,1.14097,1.14054,1.14097
1784700000,1.14096,1.14138,1.14072,1.14121
1784703600,1.14122,1.14184,1.14034,1.14094
1784707200,1.14096,1.14125,1.1404,1.14101
1784710800,1.14099,1.14134,1.14042,1.14048
1784714400,1.14048,1.14076,1.14004,1.14038
1784718000,1.14036,1.14074,1.14024,1.1407
1784721600,1.14072,1.14136,1.14038,1.14078
1784725200,1.14078,1.14217,1.14074,1.14135
1784728800,1.14136,1.14184,1.14079,1.14092
1784732400,1.14093,1.14141,1.14076,1.14138
1784736000,1.14136,1.14141,1.14062,1.14093
1784739600,1.14092,1.14128,1.14082,1.14102
1784743200,1.14103,1.14113,1.1408,1.1411
1784746800,1.1411,1.14123,1.14092,1.14112
1784750400,1.14113,1.14128,1.14106,1.1412
1784754000,1.14104,1.14106,1.1407,1.1409
1784757600,1.1409,1.14096,1.1406,1.14081
1784761200,1.14082,1.14117,1.14082,1.14114
1784764800,1.14114,1.14176,1.14104,1.14172
1784768400,1.14174,1.14204,1.1416,1.14164
1784772000,1.14164,1.14282,1.14162,1.14276
1784775600,1.14276,1.14306,1.14234,1.1429
1784779200,1.1429,1.14358,1.14284,1.14326
1784782800,1.14326,1.1435,1.14286,1.14299
1784786400,1.14298,1.1433,1.14237,1.14254
1784790000,1.14256,1.14275,1.14196,1.14244
1784793600,1.14246,1.14252,1.1407,1.14106
1784797200,1.14105,1.14152,1.14098,1.14132
1784800800,1.1413,1.14134,1.14032,1.14046
1784804400,1.14044,1.14068,1.13832,1.13947
1784808000,1.13946,1.13962,1.13756,1.1385
1784811600,1.13851,1.13863,1.1368,1.13724
1784815200,1.13726,1.13761,1.13638,1.13715
1784818800,1.13717,1.13762,1.1366,1.13728
1784822400,1.13732,1.13804,1.13726,1.138
1784826000,1.13801,1.1381,1.13712,1.13714
1784829600,1.13714,1.13764,1.13712,1.13762
1784833200,1.13763,1.138,1.1374,1.13774
1784836800,1.13775,1.13799,1.13766,1.13775
1784840400,1.13754,1.13802,1.13754,1.13766
1784844000,1.13767,1.138,1.13767,1.13796
1784847600,1.13796,1.13798,1.13758,1.13764
1784851200,1.13762,1.13843,1.13752,1.13843
1784854800,1.13844,1.13873,1.13818,1.1384
1784858400,1.1384,1.13876,1.13808,1.13808
1784862000,1.13808,1.13826,1.13779,1.13824
1784865600,1.13825,1.1384,1.13768,1.13792
1784869200,1.13792,1.13834,1.13765,1.13778
1784872800,1.13778,1.13869,1.13774,1.13868
1784876400,1.1387,1.14012,1.13864,1.139
1784880000,1.13901,1.13906,1.13814,1.13834
1784883600,1.13834,1.13892,1.13824,1.13892
1784887200,1.13893,1.1393,1.13812,1.1383
1784890800,1.1383,1.13881,1.13712,1.13748
1784894400,1.13748,1.13784,1.13674,1.13698
1784898000,1.13698,1.13768,1.1365,1.13766
1784901600,1.13767,1.1381,1.13704,1.13782
1784905200,1.13784,1.13908,1.1377,1.13846
1784908800,1.13844,1.13864,1.13778,1.13778
1784912400,1.13777,1.13778,1.13676,1.13696
1784916000,1.13696,1.13712,1.13674,1.137
1784919600,1.13702,1.13722,1.13681,1.137
1784923200,1.13702,1.13742,1.13676,1.13706
1785099600,1.13958,1.13976,1.13906,1.1391
1785103200,1.13898,1.14003,1.13881,1.13892
1785106800,1.13893,1.13953,1.13884,1.13946
1785110400,1.13948,1.1413,1.13946,1.14016
1785114000,1.14016,1.14143,1.14016,1.14142
1785117600,1.14144,1.14144,1.14056,1.14056
1785121200,1.14056,1.14071,1.14012,1.14036
1785124800,1.14036,1.14052,1.14021,1.14037
1785128400,1.14036,1.14076,1.14026,1.14062
1785132000,1.14061,1.14184,1.14055,1.14081
1785135600,1.14082,1.141,1.1396,1.13964
1785139200,1.13962,1.14032,1.13948,1.14023
1785142800,1.14022,1.14033,1.13946,1.13964
1785146400,1.13964,1.14014,1.13936,1.13954
1785150000,1.13954,1.1396,1.13852,1.13865
1785153600,1.13866,1.13903,1.13764,1.13834
1785157200,1.13834,1.13866,1.13725,1.13743
1785160800,1.13742,1.13768,1.1369,1.13724
1785164400,1.13723,1.13782,1.13683,1.13752
1785168000,1.1375,1.13852,1.13736,1.13798
1785171600,1.13798,1.13798,1.13688,1.13723
1785175200,1.13724,1.13738,1.13675,1.13685
1785178800,1.13686,1.13734,1.13674,1.137
1785182400,1.137,1.13722,1.1367,1.13683
1785186000,1.13686,1.1374,1.13684,1.13732
1785189600,1.13734,1.13734,1.1369,1.13694
1785193200,1.13694,1.13706,1.13678,1.13692
1785196800,1.13693,1.13746,1.13668,1.13742
1785200400,1.13744,1.13773,1.13706,1.13732
1785204000,1.13731,1.13788,1.13713,1.13772
1785207600,1.13773,1.13802,1.13738,1.13746
1785211200,1.13746,1.13746,1.1368,1.13687
1785214800,1.13687,1.13688,1.13618,1.13659
1785218400,1.13658,1.1373,1.1365,1.13687
1785222000,1.13686,1.13736,1.13633,1.13649
1785225600,1.13648,1.13727,1.13647,1.13726
1785229200,1.13725,1.13731,1.13559,1.13564
1785232800,1.13562,1.13631,1.13532,1.13607
1785236400,1.13607,1.13679,1.13568,1.13653
1785240000,1.13653,1.13685,1.13608,1.13658
1785243600,1.13659,1.13741,1.13658,1.13726
1785247200,1.13724,1.13865,1.13712,1.13858
1785250800,1.13858,1.14021,1.1384,1.14004
1785254400,1.14006,1.14053,1.13958,1.13958
1785258000,1.13958,1.1398,1.13883,1.13892
1785261600,1.13893,1.13916,1.13862,1.13868
1785265200,1.1387,1.1392,1.13862,1.13873
1785268800,1.13872,1.13892,1.13855,1.13864
1785272400,1.13904,1.1393,1.13902,1.13904
1785276000,1.13904,1.13912,1.13841,1.13854
1785279600,1.13852,1.13864,1.13822,1.1386
1785283200,1.1386,1.13915,1.13828,1.13909
1785286800,1.1391,1.13926,1.13854,1.13915
1785290400,1.13914,1.1396,1.13903,1.13948
1785294000,1.13948,1.14008,1.13945,1.1397
1785297600,1.1397,1.14036,1.13963,1.14011
1785301200,1.14013,1.1403,1.13976,1.13983
1785304800,1.13982,1.14008,1.139,1.13921
1785308400,1.1392,1.1401,1.13903,1.13979
1785312000,1.13978,1.14005,1.13932,1.13964
1785315600,1.13964,1.1397,1.13918,1.13919
1785319200,1.13917,1.1393,1.13834,1.13854
1785322800,1.13855,1.13884,1.13803,1.1382
1785326400,1.1382,1.1383,1.13746,1.13784
1785330000,1.13784,1.13924,1.13766,1.13918
1785333600,1.13919,1.1397,1.13808,1.13808
1785337200,1.13806,1.13856,1.13779,1.13828
1785340800,1.1383,1.1386,1.13768,1.13852
1785344400,1.1385,1.14,1.13845,1.13962
1785348000,1.1396,1.14523,1.13892,1.1452
1785351600,1.14519,1.14668,1.14398,1.14479
1785355200,1.1448,1.14709,1.14469,1.14668
1785358800,1.14599,1.14648,1.14552,1.14626
1785362400,1.14621,1.14716,1.14614,1.14714
1785366000,1.14714,1.14751,1.14644,1.14669
1785369600,1.14668,1.14681,1.14558,1.1458
1785373200,1.1458,1.14612,1.14524,1.14532
1785376800,1.14533,1.14552,1.14513,1.14528
1785380400,1.14529,1.14542,1.14479,1.14496
1785384000,1.14498,1.1454,1.14491,1.1451
1785387600,1.1451,1.14568,1.1449,1.145
1785391200,1.14502,1.14514,1.14432,1.1447
1785394800,1.14472,1.14512,1.14344,1.14376
1785398400,1.14376,1.14556,1.1437,1.14482
1785402000,1.14482,1.14676,1.14482,1.14648
1785405600,1.14648,1.14843,1.14614,1.14728
1785409200,1.14728,1.14782,1.14651,1.1476
1785412800,1.1476,1.14835,1.14694,1.14725
1785416400,1.14726,1.1524,1.14696,1.15238
1785420000,1.15239,1.1537,1.15025,1.1503
1785423600,1.15031,1.15248,1.14987,1.15212
1785427200,1.15212,1.15306,1.15212,1.15285
1785430800,1.15288,1.15309,1.15138,1.15297
1785434400,1.15298,1.15356,1.15275,1.15355
1785438000,1.15352,1.15358,1.15281,1.15312
1785441600,1.15314,1.15328,1.15264,1.1528
1785445200,1.15261,1.15274,1.15246,1.15258
1785448800,1.15253,1.15312,1.15252,1.15286
1785452400,1.15287,1.15308,1.15224,1.1523
1785456000,1.15232,1.15266,1.15153,1.1518
1785459600,1.15182,1.15214,1.151,1.151
1785463200,1.15102,1.15164,1.15101,1.1512
1785466800,1.15121,1.15136,1.15063,1.15135
1785470400,1.15133,1.15142,1.15044,1.15082
1785474000,1.15082,1.15096,1.15047,1.15062
1785477600,1.15063,1.15223,1.15054,1.1517
1785481200,1.1517,1.15248,1.15116,1.15144
1785484800,1.15144,1.15262,1.15044,1.15212
1785488400,1.15214,1.1525,1.15032,1.15054
1785492000,1.15054,1.15082,1.1501,1.15019
1785495600,1.15019,1.15021,1.14848,1.14852
1785499200,1.14854,1.14909,1.14814,1.14882
1785502800,1.14882,1.15037,1.14551,1.14666
1785506400,1.14666,1.15064,1.14624,1.15046
1785510000,1.15047,1.15187,1.14972,1.15182
1785513600,1.15182,1.15192,1.15124,1.15172
1785517200,1.15172,1.15376,1.1517,1.15334
1785520800,1.15334,1.15363,1.15244,1.15308
1785524400,1.15308,1.15362,1.1527,1.15313
1785528000,1.15314,1.15476,1.1524,1.15306
1785704400,1.15485,1.15509,1.15454,1.1549
1785708000,1.1549,1.1559,1.1547,1.15485
1785711600,1.15484,1.15512,1.1542,1.15438
1785715200,1.15438,1.1556,1.1535,1.15424
1785718800,1.15426,1.1546,1.153,1.15322
1785722400,1.15323,1.15354,1.15284,1.1531
1785726000,1.1531,1.15311,1.1527,1.153
1785729600,1.15298,1.1536,1.1529,1.15342
1785733200,1.15342,1.15376,1.15316,1.15372
1785736800,1.15372,1.15388,1.15236,1.1527
1785740400,1.15268,1.15322,1.15206,1.15261
1785744000,1.15262,1.15278,1.1521,1.15228
1785747600,1.15226,1.15303,1.152,1.15222
1785751200,1.15222,1.15247,1.15169,1.15222
1785754800,1.15221,1.15326,1.15208,1.15325
1785758400,1.15324,1.15352,1.15228,1.15281
1785762000,1.15282,1.15351,1.15218,1.15274
1785765600,1.15274,1.15274,1.15102,1.1514
1785769200,1.15141,1.15142,1.15004,1.15096
1785772800,1.15098,1.15105,1.15044,1.15068
1785776400,1.15069,1.1507,1.15014,1.1502
1785780000,1.1502,1.15148,1.15016,1.15136
1785783600,1.15136,1.15148,1.15094,1.15103
1785787200,1.15102,1.15108,1.15064,1.15084
1785790800,1.15118,1.15126,1.15073,1.15114
1785794400,1.15112,1.15112,1.15068,1.15089
1785798000,1.15088,1.15104,1.15065,1.1507
1785801600,1.1507,1.1515,1.15048,1.15055
1785805200,1.15054,1.15146,1.15022,1.15124
1785808800,1.15124,1.15139,1.15078,1.15081
1785812400,1.1508,1.15142,1.15075,1.1508
1785816000,1.15081,1.1511,1.15058,1.15104
1785819600,1.15102,1.15105,1.15038,1.15072
1785823200,1.15073,1.15106,1.15038,1.15074
1785826800,1.15074,1.15172,1.15064,1.15108
1785830400,1.15109,1.15144,1.15062,1.15079
1785834000,1.15078,1.15112,1.15032,1.1508
1785837600,1.1508,1.15189,1.15077,1.15139
1785841200,1.1514,1.15234,1.15114,1.15162
1785844800,1.15162,1.15234,1.15134,1.15149
1785848400,1.15148,1.15261,1.15093,1.15245
1785852000,1.15244,1.15309,1.15189,1.15232
1785855600,1.15232,1.15266,1.15134,1.15262
1785859200,1.15264,1.15266,1.15166,1.15187
1785862800,1.15188,1.15264,1.15186,1.15242
1785866400,1.1524,1.15338,1.15228,1.15329
1785870000,1.1533,1.15334,1.15296,1.15308
1785873600,1.15308,1.15341,1.15306,1.15324
1785877200,1.15286,1.15321,1.15285,1.15297
1785880800,1.15298,1.15329,1.15293,1.15329
1785884400,1.15328,1.15333,1.15299,1.15321
1785888000,1.15322,1.15356,1.15297,1.15314
1785891600,1.15315,1.15317,1.15268,1.15271
1785895200,1.15272,1.15406,1.15268,1.15348
1785898800,1.15348,1.15404,1.15347,1.15372
1785902400,1.15373,1.15403,1.15346,1.15362
1785906000,1.15362,1.15382,1.15318,1.15356
1785909600,1.15358,1.15459,1.15324,1.15449
1785913200,1.15448,1.15468,1.1534,1.1538
1785916800,1.1538,1.15448,1.15312,1.15356
1785920400,1.15357,1.15427,1.15336,1.15398
1785924000,1.15398,1.1541,1.15352,1.15396
1785927600,1.15397,1.15552,1.15397,1.15528
1785931200,1.15527,1.15572,1.15448,1.15456
1785934800,1.15456,1.1554,1.15402,1.15441
1785938400,1.15438,1.1557,1.15422,1.15534
1785942000,1.15535,1.15566,1.15428,1.1546
1785945600,1.1546,1.15493,1.15428,1.1546
1785949200,1.1546,1.15573,1.15428,1.15564
1785952800,1.15563,1.15594,1.15532,1.15536
1785956400,1.15537,1.15549,1.15476,1.15509
1785960000,1.15508,1.15541,1.15492,1.15534
1785963600,1.15548,1.15568,1.15526,1.15529
1785967200,1.15528,1.15552,1.15512,1.15548
1785970800,1.15549,1.15578,1.15542,1.15571
1785974400,1.15572,1.15597,1.15547,1.15564
1785978000,1.15564,1.15576,1.15536,1.1555
1785981600,1.1555,1.1558,1.15526,1.15536
1785985200,1.15537,1.15539,1.15469,1.15488
1785988800,1.15488,1.15496,1.1547,1.15491
1785992400,1.15492,1.15505,1.15446,1.15494
1785996000,1.15493,1.15516,1.15431,1.15448
1785999600,1.15449,1.15466,1.15412,1.15442
1786003200,1.15444,1.15452,1.1539,1.15433
1786006800,1.15432,1.1544,1.15365,1.15385
1786010400,1.15386,1.15428,1.15365,1.1541
1786014000,1.15411,1.15469,1.15377,1.15452
1786017600,1.15452,1.15456,1.15368,1.15386
1786021200,1.15388,1.1545,1.15356,1.1543
1786024800,1.1543,1.15442,1.15305,1.15352
1786028400,1.15352,1.15358,1.1519,1.15207
1786032000,1.15208,1.15228,1.15147,1.15206
1786035600,1.15207,1.15229,1.15176,1.15228
1786039200,1.15228,1.15248,1.15216,1.15237
1786042800,1.15238,1.15258,1.15172,1.15233
1786046400,1.15232,1.15246,1.15188,1.15242
1786050000,1.15245,1.15246,1.15197,1.1521
1786053600,1.15204,1.15233,1.15204,1.15217
1786057200,1.15218,1.15244,1.15218,1.15241
1786060800,1.15239,1.15241,1.1518,1.15191
1786064400,1.1519,1.15256,1.15184,1.15216
1786068000,1.15216,1.15236,1.15207,1.15216
1786071600,1.15216,1.15234,1.15197,1.15234
1786075200,1.15233,1.15244,1.15216,1.15236
1786078800,1.15236,1.15254,1.15208,1.15224
1786082400,1.15225,1.1525,1.1521,1.15222
1786086000,1.15222,1.15244,1.15177,1.15225
1786089600,1.15226,1.15253,1.15181,1.15236
1786093200,1.15235,1.15312,1.1523,1.1529
1786096800,1.1529,1.15292,1.15256,1.1527
1786100400,1.1527,1.15334,1.15266,1.15331
1786104000,1.15332,1.15808,1.15264,1.15727
1786107600,1.15726,1.15754,1.15566,1.15577
1786111200,1.15576,1.15643,1.15505,1.15532
1786114800,1.15532,1.15638,1.15502,1.15586
1786118400,1.15586,1.15674,1.15574,1.1559
1786122000,1.15589,1.15634,1.15575,1.15612
1786125600,1.15613,1.15662,1.1559,1.15652
1786129200,1.15652,1.15702,1.15609,1.15616
1786132800,1.15616,1.15618,1.15558,1.1558
1786309200,1.15664,1.15665,1.15604,1.1561
1786312800,1.1561,1.15622,1.15548,1.15557
1786316400,1.15556,1.15583,1.15542,1.15554
1786320000,1.15555,1.1559,1.1554,1.15582
1786323600,1.15582,1.15592,1.15519,1.1554
1786327200,1.1554,1.1555,1.1551,1.15516
1786330800,1.15516,1.15529,1.15488,1.15491
1786334400,1.15492,1.15526,1.1548,1.15515
1786338000,1.15514,1.15564,1.155,1.15548
1786341600,1.15547,1.15577,1.15524,1.1555
1786345200,1.15551,1.15657,1.1552,1.15609
1786348800,1.1561,1.15658,1.15595,1.15609
1786352400,1.1561,1.15638,1.15566,1.15568
1786356000,1.15568,1.1558,1.15544,1.15554
1786359600,1.15554,1.15564,1.1549,1.15524
1786363200,1.15522,1.15552,1.1545,1.1547
1786366800,1.15472,1.15537,1.15438,1.1545
1786370400,1.15451,1.15558,1.15444,1.1552
1786374000,1.15518,1.15536,1.15464,1.15516
1786377600,1.15518,1.15542,1.1545,1.1547
1786381200,1.15471,1.15476,1.1541,1.15428
1786384800,1.15429,1.15449,1.154,1.15422
1786388400,1.15422,1.15432,1.15402,1.15415
1786392000,1.15416,1.15432,1.15414,1.15425
1786395600,1.15429,1.15436,1.1542,1.15426
1786399200,1.15428,1.15446,1.15423,1.15438
1786402800,1.15438,1.15468,1.15423,1.15462
1786406400,1.15462,1.15498,1.15454,1.15462
1786410000,1.15461,1.15498,1.15431,1.15462
1786413600,1.15463,1.15464,1.15386,1.15398
1786417200,1.15398,1.1545,1.15396,1.1543
1786420800,1.1543,1.15452,1.15394,1.15428
1786424400,1.15428,1.1543,1.15386,1.1541
1786428000,1.15412,1.15434,1.1533,1.15369
1786431600,1.1537,1.15402,1.15318,1.15321
1786435200,1.1532,1.15386,1.15314,1.15362
1786438800,1.15362,1.15374,1.1533,1.15372
1786442400,1.1537,1.15385,1.15334,1.15366
1786446000,1.15366,1.15436,1.15346,1.15365
1786449600,1.15365,1.15442,1.15339,1.15415
1786453200,1.15414,1.15484,1.15391,1.15442
1786456800,1.15441,1.15442,1.15378,1.15426
1786460400,1.15427,1.15447,1.15366,1.1543
1786464000,1.15431,1.15438,1.15391,1.15394
1786467600,1.15396,1.15402,1.15344,1.1538
1786471200,1.1538,1.15422,1.15355,1.15404
1786474800,1.15406,1.1543,1.154,1.15428
1786478400,1.15427,1.15438,1.15394,1.1543
1786482000,1.1541,1.1542,1.15396,1.15406
1786485600,1.15405,1.15436,1.15405,1.15434
1786489200,1.15435,1.15438,1.15412,1.15436
1786492800,1.15437,1.15448,1.15396,1.15408
1786496400,1.15408,1.15408,1.15366,1.15384
1786500000,1.15384,1.15402,1.15352,1.15384
1786503600,1.15384,1.15386,1.1535,1.15354
1786507200,1.15354,1.15366,1.1533,1.15359
1786510800,1.1536,1.1536,1.15322,1.15338
1786514400,1.15338,1.15374,1.15334,1.15372
1786518000,1.15372,1.15395,1.15358,1.15374
1786521600,1.15376,1.15401,1.15346,1.15372
1786525200,1.15374,1.155,1.15348,1.15362
1786528800,1.1536,1.15391,1.15325,1.1535
1786532400,1.1535,1.15455,1.1534,1.15436
1786536000,1.15436,1.15634,1.15328,1.15594
1786539600,1.15596,1.15628,1.1546,1.15522
1786543200,1.15524,1.15544,1.1539,1.15431
1786546800,1.1543,1.1544,1.15352,1.15394
1786550400,1.15394,1.15402,1.15246,1.15282
1786554000,1.15281,1.15307,1.15214,1.15216
1786557600,1.15216,1.15272,1.15199,1.15211
1786561200,1.15212,1.15248,1.15199,1.15224
1786564800,1.15226,1.15264,1.15214,1.1525
1786568400,1.15274,1.15285,1.1522,1.15236
1786572000,1.15232,1.15268,1.15232,1.15267
1786575600,1.15268,1.1528,1.15263,1.15278
1786579200,1.15281,1.15314,1.15266,1.15289
1786582800,1.1529,1.1531,1.15236,1.15248
1786586400,1.15248,1.15256,1.15198,1.15219
1786590000,1.15218,1.15244,1.15202,1.15226
1786593600,1.15226,1.1527,1.152,1.1526
1786597200,1.1526,1.15272,1.15232,1.1525
1786600800,1.15252,1.15262,1.15118,1.15181
1786604400,1.15182,1.15278,1.1517,1.15258
1786608000,1.15258,1.15286,1.15228,1.15241
1786611600,1.15242,1.15348,1.15232,1.15344
1786615200,1.15344,1.15386,1.15338,1.15359
1786618800,1.15358,1.15386,1.15326,1.15342
1786622400,1.15342,1.15444,1.15256,1.15439
1786626000,1.15441,1.15453,1.15306,1.15344
1786629600,1.15344,1.15454,1.15313,1.1544
1786633200,1.1544,1.15456,1.15302,1.15306
1786636800,1.15306,1.15328,1.15244,1.15296
1786640400,1.15296,1.15316,1.15258,1.15279
1786644000,1.15278,1.15324,1.15264,1.1529
1786647600,1.15291,1.15314,1.15276,1.15288
1786651200,1.15288,1.153,1.15263,1.15293
1786654800,1.15286,1.15316,1.15265,1.15283
1786658400,1.15284,1.15318,1.15284,1.15316
1786662000,1.15316,1.15346,1.15316,1.15338
1786665600,1.15336,1.15393,1.15334,1.15384
1786669200,1.15382,1.15383,1.1532,1.1534
1786672800,1.15342,1.15374,1.15336,1.15344
1786676400,1.15344,1.15394,1.15339,1.15371
1786680000,1.1537,1.15404,1.15367,1.15388
1786683600,1.15388,1.1543,1.15384,1.15418
1786687200,1.15421,1.15445,1.15388,1.15444
1786690800,1.15444,1.15514,1.15431,1.15508
1786694400,1.15509,1.15576,1.15504,1.15556
1786698000,1.15555,1.1557,1.15511,1.15546
1786701600,1.15547,1.15562,1.15521,1.15556
1786705200,1.15558,1.1572,1.15556,1.15654
1786708800,1.15655,1.1579,1.15626,1.1566
1786712400,1.15661,1.15848,1.15622,1.15804
1786716000,1.15802,1.15854,1.1577,1.15808
1786719600,1.15807,1.15852,1.1577,1.15802
1786723200,1.15802,1.15819,1.15702,1.15712
1786726800,1.15712,1.15715,1.1563,1.15648
1786730400,1.15649,1.1567,1.15631,1.15656
1786734000,1.15658,1.15691,1.15644,1.15684
1786737600,1.15686,1.15706,1.15672,1.15704
1786914000,1.1564,1.15664,1.1564,1.15656
1786917600,1.15656,1.15752,1.15656,1.15746
1786921200,1.15747,1.15758,1.15726,1.15737
1786924800,1.15738,1.1581,1.15738,1.15801
1786928400,1.15802,1.15836,1.15782,1.15834
1786932000,1.15835,1.15845,1.15791,1.15798
1786935600,1.15796,1.15837,1.15786,1.15836
1786939200,1.15836,1.1588,1.15828,1.15848
1786942800,1.15848,1.15894,1.15828,1.15873
1786946400,1.15874,1.15969,1.15836,1.15958
1786950000,1.15958,1.1612,1.15929,1.16065
1786953600,1.16064,1.16142,1.15954,1.15989
1786957200,1.15989,1.16024,1.1596,1.15968
1786960800,1.15968,1.15984,1.15896,1.15905
1786964400,1.15904,1.15954,1.15876,1.15924
1786968000,1.15923,1.15977,1.15872,1.15975
1786971600,1.15976,1.15998,1.15877,1.15946
1786975200,1.15947,1.15992,1.1586,1.15868
1786978800,1.15867,1.15902,1.15818,1.159
1786982400,1.159,1.15918,1.15852,1.15884
1786986000,1.15884,1.15897,1.15762,1.15772
1786989600,1.15772,1.15784,1.15711,1.15725
1786993200,1.15724,1.15806,1.15722,1.15788
1786996800,1.15787,1.15799,1.15774,1.15796
1787000400,1.15822,1.15829,1.1578,1.15786
1787004000,1.15784,1.15804,1.15779,1.15787
1787007600,1.15786,1.15837,1.15782,1.15828
1787011200,1.15828,1.1585,1.15778,1.15826
1787014800,1.15824,1.15858,1.15788,1.15796
1787018400,1.15796,1.15804,1.15752,1.15802
1787022000,1.15802,1.15804,1.15716,1.15732
1787025600,1.15732,1.15747,1.157,1.15715
1787029200,1.15716,1.15743,1.15694,1.1573
1787032800,1.15732,1.15748,1.15666,1.1572
1787036400,1.1572,1.15776,1.15694,1.15738
1787040000,1.15739,1.15778,1.15692,1.15762
1787043600,1.15762,1.15799,1.15726,1.15792
1787047200,1.15792,1.15793,1.1574,1.15761
1787050800,1.15762,1.15769,1.15726,1.15767
1787054400,1.15766,1.15794,1.15717,1.1574
1787058000,1.15742,1.1585,1.15706,1.15806
1787061600,1.15806,1.15884,1.15803,1.1581
1787065200,1.1581,1.15862,1.15766,1.15792
1787068800,1.15792,1.15856,1.15785,1.15797
1787072400,1.15796,1.15804,1.15743,1.15766
1787076000,1.15764,1.15788,1.15742,1.15756
1787079600,1.15757,1.15808,1.15739,1.15748
1787083200,1.15746,1.15765,1.15718,1.15752
1787086800,1.15763,1.15784,1.15744,1.15756
1787090400,1.15752,1.15768,1.15743,1.15764
1787094000,1.15763,1.15784,1.15734,1.1576
1787097600,1.15762,1.15818,1.15734,1.15741
1787101200,1.15742,1.15779,1.15702,1.15772
1787104800,1.15772,1.15872,1.15766,1.15824
1787108400,1.15824,1.15848,1.15812,1.15813
1787112000,1.15814,1.15868,1.15805,1.15858
1787115600,1.15858,1.15895,1.15846,1.15886
1787119200,1.15886,1.15988,1.15878,1.15946
1787122800,1.15947,1.15978,1.15917,1.15966
1787126400,1.15966,1.16052,1.15956,1.1598
1787130000,1.15982,1.16082,1.15964,1.16065
1787133600,1.16064,1.16118,1.16052,1.16066
1787137200,1.16066,1.16086,1.15994,1.1603
1787140800,1.16029,1.16436,1.16024,1.16356
1787144400,1.16356,1.16597,1.16356,1.16563
1787148000,1.16562,1.16772,1.16538,1.16633
1787151600,1.16634,1.16682,1.16566,1.16638
1787155200,1.1664,1.16721,1.16636,1.16684
1787158800,1.16685,1.16722,1.16585,1.16592
1787162400,1.1659,1.16752,1.16586,1.16736
1787166000,1.16736,1.16792,1.167,1.16772
1787169600,1.16773,1.1679,1.1675,1.16774
1787173200,1.1677,1.16786,1.16752,1.16764
1787176800,1.16762,1.16808,1.16751,1.16752
1787180400,1.16752,1.16776,1.16728,1.16743
1787184000,1.16744,1.168,1.16722,1.16743
1787187600,1.16744,1.16828,1.167,1.16765
1787191200,1.16766,1.1684,1.16728,1.1675
1787194800,1.16751,1.16802,1.16744,1.16796
1787198400,1.16795,1.16804,1.16718,1.16729
1787202000,1.1673,1.16774,1.16702,1.16762
1787205600,1.16762,1.16884,1.16733,1.1688
1787209200,1.16879,1.16936,1.16783,1.16926
1787212800,1.16925,1.16999,1.16888,1.16987
1787216400,1.16988,1.17097,1.16956,1.1707
1787220000,1.17069,1.17105,1.16942,1.1697
1787223600,1.1697,1.16984,1.16827,1.16846
1787227200,1.16849,1.16902,1.16778,1.16887
1787230800,1.16888,1.16948,1.1675,1.16754
1787234400,1.16752,1.16852,1.16708,1.1683
1787238000,1.1683,1.16938,1.16722,1.1679
1787241600,1.16792,1.168,1.16694,1.16733
1787245200,1.16732,1.1675,1.167,1.16745
1787248800,1.16746,1.16764,1.16708,1.1676
1787252400,1.1676,1.16785,1.16734,1.1678
1787256000,1.1678,1.16798,1.1676,1.16785
1787259600,1.16783,1.16788,1.16771,1.16776
1787263200,1.16778,1.16843,1.16778,1.16834
1787266800,1.16836,1.1688,1.16835,1.16876
1787270400,1.16876,1.16898,1.1683,1.16833
1787274000,1.16832,1.1693,1.1683,1.16904
1787277600,1.16904,1.1701,1.16881,1.1696
1787281200,1.1696,1.16984,1.16917,1.16942
1787284800,1.16942,1.16954,1.1691,1.16932
1787288400,1.16931,1.16994,1.16902,1.1698
1787292000,1.16981,1.16984,1.16903,1.1698
1787295600,1.1698,1.17004,1.16867,1.1691
1787299200,1.16909,1.17064,1.16892,1.17052
1787302800,1.17052,1.17116,1.17001,1.17002
1787306400,1.17003,1.17108,1.16992,1.1702
1787310000,1.17021,1.17099,1.16963,1.17007
1787313600,1.17008,1.17032,1.16851,1.16906
1787317200,1.16906,1.16912,1.16788,1.16834
1787320800,1.16834,1.16834,1.16688,1.1673
1787324400,1.16732,1.16839,1.16708,1.16832
1787328000,1.16832,1.16877,1.16796,1.16818
1787331600,1.16817,1.1683,1.16772,1.16804
1787335200,1.16804,1.16841,1.16802,1.16828
1787338800,1.16829,1.16833,1.16778,1.16788
1787342400,1.1679,1.16792,1.16742,1.16766
1787518800,1.16766,1.16784,1.16763,1.16772
1787522400,1.16774,1.16798,1.1673,1.16758
1787526000,1.16757,1.16826,1.16747,1.16824
1787529600,1.16822,1.16872,1.1682,1.16853
1787533200,1.16852,1.16864,1.16767,1.16818
1787536800,1.16818,1.16848,1.16795,1.1682
1787540400,1.16818,1.16822,1.1678,1.16799
1787544000,1.16798,1.16828,1.16754,1.16828
1787547600,1.16829,1.16832,1.16761,1.16806
1787551200,1.16805,1.16809,1.1674,1.16776
1787554800,1.16776,1.16806,1.16646,1.16673
1787558400,1.16674,1.16684,1.16606,1.16632
1787562000,1.16633,1.1667,1.16604,1.16644
1787565600,1.16644,1.1667,1.1662,1.16644
1787569200,1.16642,1.16737,1.1663,1.16668
1787572800,1.16668,1.1674,1.1662,1.16694
1787576400,1.16695,1.16748,1.16638,1.16652
1787580000,1.16652,1.16721,1.1663,1.16656
1787583600,1.16656,1.16725,1.16638,1.16646
1787587200,1.16647,1.16698,1.16629,1.16648
1787590800,1.16649,1.16667,1.16553,1.16594
1787594400,1.16594,1.16654,1.16573,1.16639
1787598000,1.16638,1.16638,1.16594,1.16614
1787601600,1.16613,1.16643,1.16604,1.1664
1787605200,1.16626,1.16654,1.16618,1.16638
1787608800,1.16638,1.16654,1.16636,1.16646
1787612400,1.16646,1.16686,1.16642,1.1668
1787616000,1.16679,1.1671,1.16672,1.16687
1787619600,1.16688,1.16688,1.16618,1.16631
1787623200,1.1663,1.16648,1.16589,1.16606
1787626800,1.16606,1.16624,1.16586,1.16604
1787630400,1.16603,1.16605,1.16548,1.16558
1787634000,1.16558,1.16568,1.16531,1.16536
1787637600,1.16536,1.16592,1.16511,1.16528
1787641200,1.16527,1.16631,1.16526,1.16587
1787644800,1.16588,1.16678,1.16576,1.16676
1787648400,1.16674,1.16738,1.16661,1.16681
1787652000,1.1668,1.16684,1.16592,1.16624
1787655600,1.16624,1.16648,1.16584,1.16597
1787659200,1.16596,1.16665,1.16596,1.16664
1787662800,1.16664,1.16756,1.16643,1.1674
1787666400,1.16739,1.16748,1.16665,1.16696
1787670000,1.16696,1.16754,1.16672,1.1673
1787673600,1.1673,1.1674,1.1668,1.16716
1787677200,1.16714,1.16747,1.16692,1.16741
1787680800,1.16742,1.16752,1.16718,1.16743
1787684400,1.16742,1.16792,1.16687,1.16764
1787688000,1.16764,1.16798,1.16742,1.16745
1787691600,1.16755,1.16772,1.16723,1.16724
1787695200,1.16723,1.16772,1.16723,1.16767
1787698800,1.16766,1.16769,1.16726,1.16744
1787702400,1.16744,1.16758,1.16712,1.16726
1787706000,1.16725,1.16742,1.16689,1.16702
1787709600,1.16701,1.16729,1.16668,1.16676
1787713200,1.16676,1.16685,1.16639,1.16647
1787716800,1.16648,1.1665,1.16606,1.1662
1787720400,1.16621,1.1667,1.16606,1.16644
1787724000,1.16644,1.16676,1.16598,1.1667
1787727600,1.1667,1.16732,1.1667,1.1671
1787731200,1.16708,1.1677,1.16696,1.16712
1787734800,1.16712,1.16712,1.16636,1.16661
1787738400,1.1666,1.16663,1.16611,1.16619
1787742000,1.1662,1.16694,1.16603,1.1669
1787745600,1.16691,1.16753,1.16556,1.1656
1787749200,1.16558,1.1659,1.16516,1.16527
1787752800,1.16528,1.16534,1.16422,1.16452
1787756400,1.1645,1.16544,1.16449,1.16504
1787760000,1.16504,1.16544,1.16488,1.16497
1787763600,1.16496,1.16545,1.16487,1.16528
1787767200,1.16528,1.16545,1.16502,1.16514
1787770800,1.16514,1.16538,1.16502,1.16534
1787774400,1.16535,1.1655,1.16516,1.16534
1787778000,1.16522,1.16544,1.16501,1.1654
1787781600,1.16537,1.16556,1.16535,1.16542
1787785200,1.1654,1.16564,1.16538,1.16556
1787788800,1.16558,1.16583,1.1654,1.16565
1787792400,1.16566,1.16591,1.16554,1.1658
1787796000,1.1658,1.16595,1.16544,1.16557
1787799600,1.16558,1.16564,1.16534,1.16542
1787803200,1.16543,1.1656,1.16541,1.16556
1787806800,1.16556,1.16577,1.1652,1.16544
1787810400,1.16544,1.16558,1.1652,1.16535
1787814000,1.16534,1.16563,1.16518,1.16549
1787817600,1.16548,1.1658,1.16477,1.16482
1787821200,1.16482,1.16485,1.16404,1.16408
1787824800,1.16408,1.16482,1.16385,1.16397
1787828400,1.16398,1.16442,1.16366,1.1641
1787832000,1.1641,1.16458,1.16397,1.1641
1787835600,1.1641,1.166,1.164,1.1654
1787839200,1.1654,1.1658,1.16446,1.16448
1787842800,1.16447,1.16543,1.16444,1.16533
1787846400,1.16534,1.16545,1.16493,1.16522
1787850000,1.16524,1.1654,1.1647,1.1649
1787853600,1.16492,1.16501,1.1646,1.16489
1787857200,1.1649,1.16506,1.16474,1.16494
1787860800,1.16494,1.16525,1.16492,1.16521
1787864400,1.16514,1.16542,1.16504,1.1653
1787868000,1.16529,1.16546,1.1652,1.16534
1787871600,1.16534,1.16548,1.16522,1.16536
1787875200,1.16536,1.16544,1.16506,1.16532
1787878800,1.16531,1.16554,1.16494,1.16496
1787882400,1.16498,1.16508,1.16463,1.16506
1787886000,1.16508,1.16515,1.16456,1.16463
1787889600,1.16464,1.16466,1.16449,1.16456
1787893200,1.16455,1.16459,1.16426,1.16444
1787896800,1.16444,1.16492,1.1643,1.16484
1787900400,1.16484,1.16488,1.16417,1.16465
1787904000,1.16464,1.16488,1.16418,1.16446
1787907600,1.16444,1.16452,1.16396,1.164
1787911200,1.16399,1.16492,1.16394,1.16492
1787914800,1.16491,1.16496,1.16446,1.16452
1787918400,1.16452,1.16505,1.16394,1.16491
1787922000,1.1649,1.165,1.16372,1.16376
1787925600,1.1638,1.16596,1.15942,1.16174
1787929200,1.16175,1.16207,1.15964,1.15977
1787932800,1.15976,1.15983,1.15848,1.1587
1787936400,1.15868,1.15892,1.15778,1.15808
1787940000,1.15808,1.15846,1.15778,1.15805
1787943600,1.15804,1.15878,1.15798,1.1586
1787947200,1.15858,1.15867,1.15796,1.15821
1788123600,1.15818,1.15824,1.15782,1.15787
1788127200,1.15796,1.1585,1.15788,1.15842
1788130800,1.15843,1.15894,1.15836,1.15888
1788134400,1.1589,1.15938,1.15856,1.15923
1788138000,1.15924,1.15946,1.15872,1.15907
1788141600,1.15908,1.15929,1.15882,1.15925
1788145200,1.15924,1.15938,1.15893,1.15914
1788148800,1.15914,1.15928,1.15886,1.15909
1788152400,1.15911,1.15914,1.15874,1.15904
1788156000,1.15905,1.15914,1.15846,1.15888
1788159600,1.1589,1.16032,1.15848,1.16027
1788163200,1.16018,1.1606,1.15931,1.15942
1788166800,1.15942,1.16011,1.15942,1.15993
1788170400,1.15992,1.16022,1.15967,1.15972
1788174000,1.15973,1.16029,1.15957,1.15963
1788177600,1.15963,1.16,1.15917,1.15953
1788181200,1.15954,1.16012,1.15938,1.15996
1788184800,1.15998,1.16182,1.15953,1.1614
1788188400,1.1614,1.16207,1.16124,1.16165
1788192000,1.16164,1.16178,1.16138,1.16166
1788195600,1.16165,1.16179,1.16146,1.16154
1788199200,1.16154,1.16176,1.16146,1.16156
1788202800,1.16156,1.16184,1.16146,1.16164
1788206400,1.16166,1.1618,1.16144,1.16172
1788210000,1.16178,1.1619,1.1617,1.1618
1788213600,1.16188,1.16194,1.16142,1.16149
1788217200,1.1615,1.16184,1.16125,1.16183
1788220800,1.16182,1.16246,1.16158,1.16182
1788224400,1.16182,1.16188,1.16073,1.161
1788228000,1.161,1.16108,1.16062,1.161
1788231600,1.16098,1.161,1.16056,1.16056
1788235200,1.16057,1.1607,1.1603,1.16058
1788238800,1.16058,1.161,1.16057,1.16084
1788242400,1.16083,1.16088,1.16003,1.1605
1788246000,1.1605,1.1607,1.15918,1.15953
1788249600,1.15952,1.15975,1.1588,1.1594
1788253200,1.15941,1.16012,1.15927,1.15932
1788256800,1.15933,1.15957,1.159,1.15922
1788260400,1.15921,1.15962,1.15901,1.15928
1788264000,1.15926,1.15945,1.15882,1.15931
1788267600,1.15931,1.16022,1.15892,1.16004
1788271200,1.16012,1.16083,1.15946,1.15963
1788274800,1.15964,1.15987,1.15892,1.15922
1788278400,1.15922,1.15933,1.15848,1.15856
1788282000,1.15857,1.15956,1.1585,1.15876
1788285600,1.15876,1.15909,1.15854,1.15904
1788289200,1.15903,1.1593,1.1588,1.15898
1788292800,1.15899,1.1593,1.15873,1.15923
1788296400,1.15904,1.15921,1.15894,1.15918
1788300000,1.15917,1.15962,1.15917,1.15926
1788303600,1.15926,1.15933,1.15905,1.15906
1788307200,1.15906,1.15919,1.15833,1.15833
1788310800,1.15832,1.15844,1.1577,1.15791
1788314400,1.15792,1.1583,1.15762,1.15818
1788318000,1.15818,1.15827,1.1578,1.158
1788321600,1.15799,1.158,1.1574,1.1576
1788325200,1.15761,1.1582,1.15737,1.158
1788328800,1.15802,1.1585,1.15674,1.15678
1788332400,1.15679,1.1579,1.15665,1.15779
1788336000,1.15778,1.15822,1.15726,1.15734
1788339600,1.15732,1.15779,1.15707,1.15716
1788343200,1.15717,1.15728,1.1567,1.15725
1788346800,1.15726,1.15793,1.1571,1.15772
1788350400,1.15774,1.15857,1.15758,1.15784
1788354000,1.15784,1.16094,1.15779,1.16044
1788357600,1.16044,1.16044,1.15887,1.15934
1788361200,1.15936,1.1597,1.1589,1.15921
1788364800,1.1592,1.1594,1.15874,1.15874
1788368400,1.15874,1.15899,1.15834,1.15866
1788372000,1.15867,1.15898,1.15844,1.15858
1788375600,1.15858,1.15877,1.15826,1.15874
1788379200,1.15874,1.159,1.15872,1.15885
1788382800,1.15874,1.15884,1.1587,1.15872
1788386400,1.15876,1.15898,1.15858,1.1587
1788390000,1.1587,1.15874,1.15844,1.15852
1788393600,1.1585,1.1591,1.15835,1.15895
1788397200,1.15896,1.15936,1.15851,1.15862
1788400800,1.15861,1.1595,1.15852,1.15912
1788404400,1.15912,1.1598,1.1591,1.15967
1788408000,1.15969,1.16004,1.15946,1.15956
1788411600,1.15955,1.16006,1.15936,1.16002
1788415200,1.16002,1.16083,1.15963,1.16046
1788418800,1.16046,1.16148,1.16018,1.1604
1788422400,1.16041,1.16115,1.15998,1.16091
1788426000,1.16092,1.16125,1.16014,1.16058
1788429600,1.16059,1.16071,1.15979,1.1604
1788433200,1.1604,1.16146,1.16019,1.16126
1788436800,1.16128,1.16302,1.16084,1.16258
1788440400,1.16259,1.16288,1.16174,1.16274
1788444000,1.16274,1.16276,1.16133,1.16183
1788447600,1.16186,1.16276,1.16174,1.1623
1788451200,1.16229,1.16414,1.16213,1.16368
1788454800,1.16368,1.16386,1.16328,1.16328
1788458400,1.16328,1.16366,1.16318,1.16348
1788462000,1.16347,1.16352,1.16253,1.16287
1788465600,1.16288,1.16301,1.1625,1.16256
1788469200,1.16262,1.1629,1.16252,1.16256
1788472800,1.1626,1.16278,1.16229,1.16231
1788476400,1.1623,1.16285,1.16228,1.1628
1788480000,1.16281,1.16314,1.16252,1.1628
1788483600,1.1628,1.16315,1.1627,1.163
1788487200,1.16301,1.16332,1.1626,1.16276
1788490800,1.16274,1.16286,1.16224,1.16229
1788494400,1.1623,1.16278,1.16228,1.16265
1788498000,1.16267,1.16288,1.16248,1.1628
1788501600,1.16279,1.16304,1.1627,1.16276
1788505200,1.16276,1.16299,1.16211,1.16228
1788508800,1.16226,1.16256,1.16188,1.16252
1788512400,1.16252,1.16252,1.16162,1.16172
1788516000,1.16171,1.16232,1.16168,1.16208
1788519600,1.16208,1.1624,1.16195,1.16206
1788523200,1.16206,1.16271,1.15848,1.16017
1788526800,1.16018,1.16232,1.15964,1.16102
1788530400,1.16102,1.16217,1.16087,1.16154
1788534000,1.16155,1.16233,1.16125,1.16178
1788537600,1.16176,1.16248,1.16176,1.16207
1788541200,1.16205,1.16207,1.16121,1.16126
1788544800,1.16126,1.16135,1.16086,1.16107
1788548400,1.16106,1.16159,1.16102,1.16147
1788552000,1.16146,1.16154,1.16118,1.16138
1788728400,1.16134,1.16134,1.1608,1.16093
1788732000,1.1609,1.16138,1.1609,1.1613
1788735600,1.1613,1.16161,1.16129,1.16132
1788739200,1.16133,1.16203,1.16126,1.16184
1788742800,1.16186,1.16188,1.1613,1.16135
1788746400,1.16136,1.16138,1.16074,1.16092
1788750000,1.16093,1.16121,1.16085,1.16117
1788753600,1.16116,1.1612,1.16084,1.16114
1788757200,1.16114,1.16145,1.1609,1.16144
1788760800,1.16146,1.16195,1.16104,1.16146
1788764400,1.16146,1.16239,1.16114,1.16236
1788768000,1.16236,1.16359,1.1621,1.16212
1788771600,1.16212,1.16261,1.16196,1.16204
1788775200,1.16203,1.16269,1.16198,1.16244
1788778800,1.16246,1.16256,1.1622,1.1623
1788782400,1.16232,1.16284,1.16209,1.1625
1788786000,1.1625,1.16296,1.1624,1.1629
1788789600,1.16291,1.1633,1.16272,1.16312
1788793200,1.16313,1.1632,1.16265,1.16278
1788796800,1.16277,1.16298,1.1626,1.16286
1788800400,1.16286,1.16286,1.16244,1.16256
1788804000,1.16256,1.16258,1.16228,1.16235
1788807600,1.16236,1.16236,1.16212,1.16222
1788811200,1.16222,1.16231,1.16215,1.16231
1788814800,1.16229,1.16235,1.16218,1.16234
1788818400,1.16238,1.16263,1.16238,1.16256
1788822000,1.16256,1.16302,1.16254,1.16278
1788825600,1.16282,1.16312,1.1624,1.16266
1788829200,1.16267,1.16335,1.16258,1.16335
1788832800,1.16334,1.16348,1.16236,1.1624
1788836400,1.16239,1.16274,1.16229,1.16244
1788840000,1.16247,1.16258,1.16224,1.1625
1788843600,1.1625,1.1631,1.16234,1.16307
1788847200,1.16308,1.16359,1.16208,1.16209
1788850800,1.16208,1.16234,1.161,1.16128
1788854400,1.16128,1.16164,1.16086,1.16106
1788858000,1.16106,1.16164,1.16091,1.16142
1788861600,1.16142,1.16165,1.1609,1.16126
1788865200,1.16128,1.16192,1.1608,1.16134
1788868800,1.16135,1.16204,1.16107,1.16204
1788872400,1.16204,1.16276,1.16189,1.16222
1788876000,1.16222,1.16312,1.1619,1.1631
1788879600,1.16312,1.1634,1.16264,1.16264
1788883200,1.16264,1.16266,1.16208,1.16235
1788886800,1.16236,1.16274,1.16235,1.16261
1788890400,1.16261,1.16306,1.1622,1.16289
1788894000,1.1629,1.16304,1.16224,1.16232
1788897600,1.16232,1.16254,1.16218,1.1623
1788901200,1.16238,1.16273,1.16236,1.16262
1788904800,1.16268,1.16274,1.16247,1.16258
1788908400,1.16256,1.1629,1.16251,1.16278
1788912000,1.16278,1.16324,1.16278,1.16324
1788915600,1.16324,1.16324,1.16276,1.16312
1788919200,1.16312,1.16318,1.1628,1.1631
1788922800,1.1631,1.16322,1.1629,1.16302
1788926400,1.16301,1.16334,1.16298,1.16329
1788930000,1.16328,1.1637,1.16321,1.16344
1788933600,1.16345,1.16451,1.16345,1.16384
1788937200,1.16384,1.16494,1.16374,1.16428
1788940800,1.16428,1.16432,1.16326,1.16329
1788944400,1.16328,1.16348,1.16224,1.16237
1788948000,1.16236,1.16336,1.16219,1.16304
1788951600,1.16304,1.16488,1.16302,1.16457
1788955200,1.16458,1.16544,1.16427,1.16465
1788958800,1.16464,1.16499,1.16448,1.16475
1788962400,1.16474,1.1653,1.16445,1.1648
1788966000,1.16481,1.16516,1.16202,1.16272
1788969600,1.16272,1.16397,1.1627,1.1636
1788973200,1.1636,1.16412,1.16352,1.16382
1788976800,1.16382,1.16396,1.16282,1.16294
1788980400,1.16294,1.16316,1.16258,1.16312
1788984000,1.16312,1.16338,1.16278,1.16332
1788987600,1.16318,1.16368,1.16304,1.16355
1788991200,1.16353,1.16384,1.16337,1.16376
1788994800,1.16375,1.1638,1.16329,1.1634
1788998400,1.16338,1.16346,1.16294,1.16312
1789002000,1.16311,1.16402,1.16308,1.16398
1789005600,1.16398,1.1641,1.16342,1.164
1789009200,1.164,1.16403,1.16362,1.16388
1789012800,1.16388,1.16404,1.16364,1.16368
1789016400,1.16369,1.16408,1.16368,1.16404
1789020000,1.16404,1.16404,1.16364,1.16399
1789023600,1.16398,1.16419,1.16357,1.16399
1789027200,1.16398,1.164,1.16343,1.1638
1789030800,1.16379,1.16404,1.16312,1.16347
1789034400,1.16346,1.16382,1.16234,1.16278
1789038000,1.16277,1.16288,1.16152,1.16171
1789041600,1.16172,1.16281,1.15923,1.16046
1789045200,1.16047,1.1619,1.15976,1.16113
1789048800,1.16114,1.16295,1.16114,1.16294
1789052400,1.16294,1.16315,1.16241,1.1628
1789056000,1.16281,1.16288,1.16186,1.16194
1789059600,1.16196,1.16231,1.16166,1.16196
1789063200,1.16194,1.16196,1.16128,1.16139
1789066800,1.16138,1.16138,1.1609,1.16102
1789070400,1.16102,1.16108,1.16054,1.161
1789074000,1.16141,1.16141,1.16081,1.16098
1789077600,1.161,1.16114,1.16068,1.16104
1789081200,1.16104,1.16113,1.16082,1.16111
1789084800,1.16112,1.16154,1.16109,1.16154
1789088400,1.16152,1.16176,1.1611,1.16125
1789092000,1.16124,1.16127,1.16055,1.16074
1789095600,1.16074,1.16079,1.15997,1.16018
1789099200,1.16017,1.16081,1.16006,1.16046
1789102800,1.16046,1.16138,1.16044,1.16099
1789106400,1.16102,1.16139,1.16088,1.16099
1789110000,1.161,1.16111,1.16015,1.16056
1789113600,1.16056,1.16082,1.15981,1.15992
1789117200,1.1599,1.16025,1.15952,1.15962
1789120800,1.15961,1.15993,1.15901,1.15922
1789124400,1.15922,1.15956,1.15907,1.15915
1789128000,1.15914,1.16038,1.15692,1.16032
1789131600,1.16031,1.16136,1.15984,1.16124
1789135200,1.16124,1.16152,1.16058,1.16141
1789138800,1.16142,1.16154,1.16002,1.16034
1789142400,1.16034,1.16074,1.15985,1.15997
1789146000,1.15998,1.16008,1.15962,1.15982
1789149600,1.15982,1.15997,1.15918,1.15957
1789153200,1.15958,1.15977,1.15934,1.1596
1789156800,1.1596,1.16005,1.15918,1.15993
1789333200,1.1597,1.15977,1.15931,1.15943
1789336800,1.15946,1.15979,1.15894,1.15909
1789340400,1.1591,1.15941,1.15896,1.15933
1789344000,1.15932,1.15958,1.1585,1.15878
1789347600,1.15878,1.15887,1.15834,1.1586
1789351200,1.1586,1.15885,1.15812,1.15817
1789354800,1.15818,1.15819,1.1569,1.15705
1789358400,1.15704,1.15708,1.15623,1.15656
1789362000,1.15654,1.15706,1.15636,1.157
1789365600,1.157,1.15704,1.15508,1.15526
1789369200,1.15526,1.15578,1.15428,1.15446
1789372800,1.15445,1.15449,1.15343,1.1538
1789376400,1.1538,1.15458,1.15353,1.15418
1789380000,1.15418,1.15419,1.1537,1.15404
1789383600,1.15404,1.15499,1.15402,1.15479
1789387200,1.15478,1.15522,1.15296,1.15324
1789390800,1.15324,1.15374,1.15231,1.15254
1789394400,1.15253,1.15428,1.15237,1.15371
1789398000,1.15372,1.15502,1.15358,1.15482
1789401600,1.15481,1.15636,1.1548,1.15602
1789405200,1.15602,1.15616,1.15544,1.15562
1789408800,1.15562,1.15593,1.15549,1.1557
1789412400,1.1557,1.15576,1.15469,1.15474
1789416000,1.15473,1.15507,1.15446,1.15504
1789419600,1.15508,1.15537,1.15492,1.15508
1789423200,1.1551,1.15519,1.15487,1.15517
1789426800,1.15516,1.1552,1.15468,1.15478
1789430400,1.15479,1.15483,1.15432,1.15436
1789434000,1.15436,1.1544,1.15372,1.15382
1789437600,1.15383,1.1541,1.15355,1.15406
1789441200,1.15405,1.1541,1.15372,1.15374
1789444800,1.15374,1.15384,1.15346,1.15369
1789448400,1.1537,1.15382,1.15336,1.15352
1789452000,1.15352,1.15362,1.15271,1.1534
1789455600,1.1534,1.1541,1.15322,1.15406
1789459200,1.15406,1.15407,1.15323,1.15331
1789462800,1.15332,1.15388,1.15324,1.15375
1789466400,1.15376,1.154,1.15345,1.1535
1789470000,1.1535,1.1543,1.15342,1.15396
1789473600,1.15394,1.15496,1.15383,1.15465
1789477200,1.15464,1.15515,1.15393,1.15494
1789480800,1.15494,1.15519,1.15404,1.15431
1789484400,1.1543,1.15464,1.1539,1.15417
1789488000,1.1542,1.15432,1.15392,1.1543
1789491600,1.1543,1.15437,1.15367,1.15374
1789495200,1.15376,1.15436,1.15363,1.15428
1789498800,1.15428,1.15433,1.15401,1.15409
1789502400,1.15408,1.15417,1.15386,1.15414
1789506000,1.15374,1.15424,1.15368,1.15413
1789509600,1.1541,1.15454,1.1539,1.1539
1789513200,1.1539,1.15392,1.15344,1.15368
1789516800,1.15367,1.15392,1.15338,1.15354
1789520400,1.15354,1.15363,1.15319,1.15326
1789524000,1.15326,1.15425,1.15324,1.15422
1789527600,1.15423,1.15438,1.154,1.15414
1789531200,1.15415,1.1546,1.15414,1.15446
1789534800,1.15447,1.15518,1.15434,1.15497
1789538400,1.15498,1.1551,1.15442,1.15474
1789542000,1.15473,1.15566,1.15466,1.1548
1789545600,1.15478,1.15498,1.15382,1.15397
1789549200,1.15396,1.15441,1.15378,1.1539
1789552800,1.1539,1.15402,1.15344,1.15376
1789556400,1.15376,1.15406,1.1531,1.15348
1789560000,1.15348,1.15387,1.15275,1.15356
1789563600,1.15355,1.15388,1.15316,1.15322
1789567200,1.15324,1.15414,1.1531,1.1539
1789570800,1.1539,1.15428,1.15348,1.15376
1789574400,1.15376,1.15385,1.15342,1.15346
1789578000,1.15346,1.154,1.15304,1.15394
1789581600,1.154,1.15476,1.147,1.14706
1789585200,1.14705,1.14825,1.14626,1.1472
1789588800,1.1472,1.14736,1.1461,1.14638
1789592400,1.1467,1.14672,1.14562,1.14635
1789596000,1.14633,1.14686,1.14618,1.14666
1789599600,1.14666,1.14712,1.14656,1.14685
1789603200,1.14686,1.14732,1.14592,1.14593
1789606800,1.14592,1.1465,1.14575,1.14586
1789610400,1.14587,1.1463,1.14561,1.1458
1789614000,1.14582,1.14615,1.14574,1.14602
1789617600,1.146,1.14668,1.14594,1.14664
1789621200,1.14664,1.14682,1.14633,1.14667
1789624800,1.14665,1.14837,1.14656,1.14798
1789628400,1.14798,1.14815,1.14702,1.14734
1789632000,1.14734,1.14737,1.14674,1.14728
1789635600,1.14729,1.14782,1.14718,1.14726
1789639200,1.14725,1.14806,1.14724,1.14784
1789642800,1.14786,1.1479,1.14682,1.14735
1789646400,1.14735,1.14959,1.1472,1.14914
1789650000,1.14912,1.14931,1.1485,1.14887
1789653600,1.14888,1.14978,1.14853,1.14862
1789657200,1.14863,1.14878,1.14756,1.14783
1789660800,1.14784,1.14798,1.1474,1.14761
1789664400,1.14762,1.14776,1.1474,1.14773
1789668000,1.14772,1.1478,1.14735,1.1475
1789671600,1.14749,1.1481,1.14748,1.1479
1789675200,1.14792,1.14797,1.14736,1.14759
1789678800,1.14792,1.14795,1.14758,1.14778
1789682400,1.14776,1.14786,1.14756,1.14778
1789686000,1.14779,1.14788,1.14752,1.14756
1789689600,1.14754,1.14806,1.14744,1.14795
1789693200,1.14796,1.14826,1.1477,1.14823
1789696800,1.14824,1.14826,1.14766,1.14798
1789700400,1.14796,1.14889,1.1479,1.14889
1789704000,1.14888,1.14919,1.14866,1.14868
1789707600,1.14868,1.14876,1.14785,1.14788
1789711200,1.14788,1.14848,1.14782,1.14837
1789714800,1.14836,1.14875,1.14782,1.14856
1789718400,1.14858,1.14908,1.14779,1.14826
1789722000,1.14826,1.1487,1.1481,1.14836
1789725600,1.14834,1.14854,1.1471,1.14738
1789729200,1.14737,1.1477,1.14573,1.14606
1789732800,1.14605,1.14698,1.1455,1.14684
1789736400,1.14683,1.14694,1.14581,1.14587
1789740000,1.14588,1.14654,1.14584,1.14618
1789743600,1.14618,1.14692,1.14584,1.14638
1789747200,1.14638,1.14752,1.14622,1.14738
1789750800,1.14738,1.14854,1.14738,1.14808
1789754400,1.14808,1.1484,1.14803,1.14834
1789758000,1.14835,1.14904,1.14826,1.14866
1789761600,1.14864,1.14892,1.14848,1.14863
1789938000,1.14838,1.14854,1.14783,1.14796
1789941600,1.14794,1.14853,1.14788,1.14802
1789945200,1.14804,1.14806,1.14778,1.14784
1789948800,1.14783,1.14855,1.14768,1.14808
1789952400,1.14807,1.14858,1.14806,1.14832
1789956000,1.14832,1.14832,1.14766,1.1477
1789959600,1.1477,1.14781,1.14746,1.14752
1789963200,1.14751,1.14778,1.14736,1.14749
1789966800,1.14748,1.14773,1.14719,1.14732
1789970400,1.14734,1.1479,1.14712,1.14749
1789974000,1.1475,1.14785,1.1471,1.14763
1789977600,1.14764,1.14864,1.14747,1.14801
1789981200,1.14802,1.1481,1.14767,1.148
1789984800,1.14799,1.14842,1.14793,1.14805
1789988400,1.14806,1.14908,1.14798,1.14899
1789992000,1.149,1.14958,1.14836,1.1486
1789995600,1.14859,1.14868,1.14717,1.14724
1789999200,1.14725,1.14759,1.14666,1.14725
1790002800,1.14724,1.14738,1.14668,1.14681
1790006400,1.1468,1.14727,1.14666,1.14694
1790010000,1.14694,1.14706,1.14662,1.14664
1790013600,1.14663,1.14681,1.14622,1.1465
1790017200,1.1465,1.14694,1.14644,1.14644
1790020800,1.14644,1.14659,1.14638,1.1464
1790024400,1.14686,1.14688,1.1464,1.14669
1790028000,1.14673,1.14682,1.14629,1.14646
1790031600,1.14647,1.1465,1.14628,1.14636
1790035200,1.14636,1.14713,1.14636,1.14706
1790038800,1.14705,1.14709,1.1463,1.14632
1790042400,1.14632,1.14714,1.14632,1.14698
1790046000,1.14699,1.14756,1.14691,1.14734
1790049600,1.14734,1.14782,1.1472,1.1478
1790053200,1.14779,1.14783,1.14704,1.14712
1790056800,1.14712,1.14714,1.14593,1.14648
1790060400,1.1465,1.1465,1.14467,1.14468
1790064000,1.14465,1.14654,1.14339,1.14574
1790067600,1.14574,1.14696,1.14476,1.14672
1790071200,1.14672,1.1471,1.14604,1.14663
1790074800,1.14662,1.1467,1.14592,1.14622
1790078400,1.14622,1.14668,1.14549,1.14562
1790082000,1.14562,1.14604,1.14518,1.14536
1790085600,1.14536,1.14552,1.14398,1.14429
1790089200,1.14428,1.14442,1.14308,1.14316
1790092800,1.14315,1.14389,1.14294,1.14372
1790096400,1.1437,1.14422,1.14308,1.14393
1790100000,1.14394,1.14437,1.14376,1.14422
1790103600,1.14422,1.14552,1.14416,1.14479
1790107200,1.14478,1.14512,1.14473,1.14486
1790110800,1.14493,1.14507,1.14467,1.14499
1790114400,1.14497,1.14506,1.1446,1.14467
1790118000,1.14466,1.14488,1.14458,1.1448
1790121600,1.14479,1.14492,1.14449,1.14465
1790125200,1.14464,1.14465,1.14375,1.14392
1790128800,1.14392,1.14392,1.14328,1.14336
1790132400,1.14337,1.14342,1.1427,1.1427
1790136000,1.14271,1.14301,1.14256,1.14268
1790139600,1.14267,1.14292,1.14234,1.1426
1790143200,1.14258,1.14285,1.14224,1.14238
1790146800,1.14239,1.1427,1.14164,1.14181
1790150400,1.14179,1.14196,1.14122,1.14134
