t,o,h,l,c
1764727200,205.885,206.078,205.88,206.008
1764730800,206.005,206.034,205.892,205.919
1764734400,205.92,206.025,205.914,205.97
1764738000,205.971,206.112,205.945,206.092
1764741600,206.093,206.095,205.914,206.07
1764745200,206.074,206.211,206.018,206.176
1764748800,206.178,206.481,206.102,206.416
1764752400,206.414,206.696,206.302,206.646
1764756000,206.647,206.748,206.51,206.594
1764759600,206.595,206.678,206.445,206.652
1764763200,206.648,206.732,206.592,206.688
1764766800,206.69,206.894,206.656,206.796
1764770400,206.798,206.938,206.458,206.856
1764774000,206.865,207.084,206.788,206.924
1764777600,206.925,207.032,206.732,206.872
1764781200,206.872,207.087,206.817,206.982
1764784800,206.984,207.144,206.92,207.062
1764788400,207.062,207.15,207.032,207.141
1764792000,207.142,207.258,207.107,207.211
1764795600,207.21,207.35,207.206,207.27
1764799200,207.326,207.326,207.19,207.234
1764802800,207.222,207.262,206.981,207.046
1764806400,207.046,207.108,206.884,206.928
1764810000,206.928,207.256,206.9,207.124
1764813600,207.122,207.288,207.111,207.274
1764817200,207.274,207.33,207.145,207.172
1764820800,207.172,207.271,207.096,207.262
1764824400,207.265,207.362,206.997,207.046
1764828000,207.044,207.294,207.012,207.134
1764831600,207.133,207.218,206.954,207.043
1764835200,207.046,207.062,206.561,206.805
1764838800,206.808,206.866,206.58,206.621
1764842400,206.618,206.742,206.474,206.504
1764846000,206.503,206.59,206.348,206.46
1764849600,206.46,206.546,206.372,206.468
1764853200,206.47,206.642,206.414,206.544
1764856800,206.546,206.946,206.502,206.922
1764860400,206.923,207.022,206.716,206.793
1764864000,206.79,206.874,206.622,206.842
1764867600,206.841,206.852,206.696,206.739
1764871200,206.736,206.849,206.671,206.808
1764874800,206.808,206.848,206.694,206.798
1764878400,206.796,206.804,206.698,206.738
1764882000,206.738,206.78,206.683,206.746
1764885600,206.673,206.698,206.576,206.612
1764889200,206.616,206.741,206.616,206.67
1764892800,206.67,206.81,206.55,206.578
1764896400,206.578,206.751,206.526,206.688
1764900000,206.686,206.776,206.676,206.722
1764903600,206.724,206.796,206.685,206.737
1764907200,206.738,206.769,206.447,206.612
1764910800,206.614,206.614,206.238,206.316
1764914400,206.312,206.446,206.218,206.34
1764918000,206.34,206.502,206.194,206.478
1764921600,206.482,206.794,206.396,206.735
1764925200,206.734,206.864,206.7,206.75
1764928800,206.75,206.97,206.733,206.923
1764932400,206.922,206.982,206.824,206.968
1764936000,206.97,207.132,206.949,207.132
1764939600,207.137,207.252,207.061,207.202
1764943200,207.204,207.294,207.076,207.2
1764946800,207.212,207.298,207.111,207.154
1764950400,207.146,207.168,206.878,206.901
1764954000,206.9,207.02,206.845,207.012
1764957600,207.012,207.13,206.996,207.055
1764961200,207.052,207.106,206.994,207.065
1764964800,207.066,207.09,206.967,207.065
1764968400,207.064,207.17,207.026,207.094
1765144800,206.863,206.956,206.794,206.95
1765148400,206.916,207.048,206.861,206.968
1765152000,206.969,206.984,206.752,206.762
1765155600,206.764,206.855,206.608,206.614
1765159200,206.612,206.8,206.598,206.798
1765162800,206.796,206.876,206.762,206.864
1765166400,206.864,206.926,206.834,206.878
1765170000,206.878,207.105,206.878,206.994
1765173600,206.996,207.104,206.886,206.931
1765177200,206.936,207.018,206.877,207.002
1765180800,207.017,207.136,206.955,207.098
1765184400,207.097,207.19,207.008,207.047
1765188000,207.046,207.196,207.046,207.126
1765191600,207.124,207.231,207.064,207.204
1765195200,207.206,207.316,207.144,207.214
1765198800,207.212,207.327,207.178,207.291
1765202400,207.296,207.668,207.234,207.659
1765206000,207.66,207.693,207.442,207.48
1765209600,207.482,207.726,207.418,207.634
1765213200,207.64,207.652,207.428,207.526
1765216800,207.524,207.596,207.492,207.529
1765220400,207.53,207.786,207.519,207.78
1765224000,207.779,207.798,207.724,207.78
1765227600,207.784,207.81,207.704,207.72
1765231200,207.652,207.762,207.612,207.662
1765234800,207.67,207.8,207.651,207.698
1765238400,207.698,207.844,207.596,207.834
1765242000,207.834,207.85,207.666,207.724
1765245600,207.728,207.788,207.659,207.748
1765249200,207.75,207.788,207.676,207.688
1765252800,207.688,207.902,207.677,207.863
1765256400,207.864,208.074,207.85,208.014
1765260000,208.012,208.096,207.928,207.967
1765263600,207.969,208.231,207.95,208.176
1765267200,208.176,208.715,208.176,208.618
1765270800,208.62,208.62,208.213,208.322
1765274400,208.324,208.436,208.056,208.174
1765278000,208.172,208.222,208.028,208.184
1765281600,208.183,208.271,208.126,208.262
1765285200,208.263,208.39,208.154,208.166
1765288800,208.166,208.337,208.149,208.291
1765292400,208.302,208.628,208.252,208.583
1765296000,208.582,208.946,208.574,208.902
1765299600,208.901,208.936,208.63,208.666
1765303200,208.666,208.72,208.563,208.693
1765306800,208.692,208.725,208.59,208.62
1765310400,208.62,208.708,208.62,208.68
1765314000,208.685,208.786,208.625,208.644
1765317600,208.562,208.716,208.538,208.606
1765321200,208.604,208.705,208.582,208.601
1765324800,208.602,208.726,208.478,208.499
1765328400,208.496,208.51,208.372,208.407
1765332000,208.406,208.456,208.308,208.351
1765335600,208.35,208.4,208.24,208.312
1765339200,208.31,208.446,208.31,208.396
1765342800,208.396,208.558,208.352,208.534
1765346400,208.536,208.644,208.526,208.592
1765350000,208.594,208.782,208.566,208.734
1765353600,208.736,208.746,208.594,208.67
1765357200,208.67,208.874,208.628,208.78
1765360800,208.779,208.786,208.608,208.716
1765364400,208.716,208.753,208.508,208.59
1765368000,208.589,208.692,208.558,208.657
1765371600,208.655,208.716,208.482,208.689
1765375200,208.692,208.764,208.529,208.617
1765378800,208.618,208.62,208.345,208.446
1765382400,208.445,208.598,208.338,208.528
1765386000,208.526,208.62,208.478,208.602
1765389600,208.602,208.672,208.535,208.604
1765393200,208.586,208.887,208.408,208.842
1765396800,208.838,208.874,208.552,208.714
1765400400,208.716,208.904,208.704,208.783
1765404000,208.664,208.787,208.644,208.764
1765407600,208.774,208.816,208.379,208.534
1765411200,208.533,208.558,208.318,208.43
1765414800,208.431,208.481,208.257,208.385
1765418400,208.385,208.406,208.029,208.279
1765422000,208.28,208.3,208.078,208.118
1765425600,208.119,208.361,208.032,208.354
1765429200,208.358,208.556,208.346,208.528
1765432800,208.53,208.64,208.473,208.516
1765436400,208.518,208.65,208.48,208.622
1765440000,208.622,208.634,208.336,208.372
1765443600,208.372,208.461,208.216,208.428
1765447200,208.43,208.602,208.336,208.521
1765450800,208.525,208.589,208.394,208.514
1765454400,208.514,208.52,208.233,208.314
1765458000,208.316,208.372,208.106,208.206
1765461600,208.204,208.232,207.934,207.952
1765465200,207.95,208.476,207.912,208.464
1765468800,208.462,208.476,208.29,208.301
1765472400,208.3,208.466,208.214,208.348
1765476000,208.346,208.49,208.322,208.398
1765479600,208.394,208.476,208.29,208.346
1765483200,208.348,208.388,208.28,208.388
1765486800,208.398,208.44,208.236,208.25
1765490400,208.339,208.372,208.284,208.312
1765494000,208.3,208.373,208.195,208.274
1765497600,208.262,208.577,208.226,208.53
1765501200,208.529,208.599,208.384,208.476
1765504800,208.477,208.562,208.462,208.466
1765508400,208.467,208.55,208.426,208.516
1765512000,208.515,208.596,208.509,208.524
1765515600,208.522,208.627,208.518,208.625
1765519200,208.628,208.728,208.508,208.508
1765522800,208.496,208.496,208.231,208.344
1765526400,208.334,208.542,208.261,208.49
1765530000,208.49,208.664,208.393,208.624
1765533600,208.625,208.686,208.492,208.553
1765537200,208.552,208.618,208.486,208.539
1765540800,208.539,208.713,208.386,208.676
1765544400,208.676,208.747,208.512,208.626
1765548000,208.628,208.671,208.429,208.49
1765551600,208.488,208.54,208.157,208.182
1765555200,208.183,208.21,207.887,207.99
1765558800,207.987,208.366,207.981,208.328
1765562400,208.328,208.406,208.151,208.154
1765566000,208.147,208.388,208.134,208.378
1765569600,208.378,208.432,208.28,208.356
1765573200,208.356,208.405,208.26,208.378
1765749600,208.526,208.589,208.277,208.364
1765753200,208.364,208.39,208.229,208.357
1765756800,208.358,208.448,208.284,208.367
1765760400,208.368,208.369,208.098,208.104
1765764000,208.116,208.145,207.744,207.788
1765767600,207.788,207.798,207.567,207.6
1765771200,207.599,207.6,207.322,207.392
1765774800,207.392,207.392,207.16,207.19
1765778400,207.19,207.366,207.095,207.288
1765782000,207.305,207.502,207.292,207.492
1765785600,207.494,207.538,207.326,207.45
1765789200,207.452,207.498,207.341,207.466
1765792800,207.468,207.574,207.422,207.505
1765796400,207.504,207.578,207.301,207.345
1765800000,207.342,207.662,207.325,207.65
1765803600,207.656,207.741,207.529,207.717
1765807200,207.726,207.746,207.477,207.532
1765810800,207.538,207.83,207.366,207.827
1765814400,207.83,207.89,207.697,207.78
1765818000,207.778,207.804,207.564,207.616
1765821600,207.616,207.7,207.565,207.654
1765825200,207.652,207.686,207.546,207.608
1765828800,207.608,207.652,207.576,207.637
1765832400,207.634,207.664,207.55,207.645
1765836000,207.562,207.646,207.521,207.62
1765839600,207.609,207.638,207.38,207.424
1765843200,207.424,207.432,207.082,207.246
1765846800,207.248,207.325,206.993,207.024
1765850400,207.024,207.117,206.904,206.934
1765854000,206.933,207.07,206.849,207.022
1765857600,207.016,207.056,206.908,206.956
1765861200,206.956,206.962,206.777,206.904
1765864800,206.907,207.017,206.858,206.978
1765868400,206.983,207.208,206.976,207.166
1765872000,207.166,207.442,207.149,207.418
1765875600,207.418,207.742,207.37,207.645
1765879200,207.638,207.942,207.524,207.884
1765882800,207.885,207.944,207.748,207.936
1765886400,207.934,207.965,207.67,207.745
1765890000,207.737,207.964,207.622,207.719
1765893600,207.72,208.008,207.63,207.832
1765897200,207.832,207.869,207.196,207.644
1765900800,207.642,207.936,207.641,207.856
1765904400,207.858,207.965,207.629,207.642
1765908000,207.64,207.752,207.541,207.748
1765911600,207.75,207.754,207.524,207.654
1765915200,207.654,207.884,207.594,207.816
1765918800,207.818,207.848,207.634,207.656
1765922400,207.672,207.799,207.644,207.702
1765926000,207.688,207.83,207.662,207.791
1765929600,207.79,207.888,207.442,207.464
1765933200,207.465,207.673,207.414,207.646
1765936800,207.646,207.87,207.646,207.851
1765940400,207.85,207.866,207.668,207.704
1765944000,207.705,207.842,207.664,207.802
1765947600,207.802,207.81,207.548,207.647
1765951200,207.65,207.998,207.634,207.84
1765954800,207.836,207.848,207.096,207.173
1765958400,207.18,207.263,207.056,207.26
1765962000,207.255,207.358,207.206,207.258
1765965600,207.262,207.32,207.147,207.312
1765969200,207.312,207.35,207.238,207.302
1765972800,207.302,207.516,207.271,207.497
1765976400,207.497,207.67,207.458,207.608
1765980000,207.606,207.816,207.584,207.774
1765983600,207.774,208.264,207.69,208.234
1765987200,208.232,208.39,208.151,208.343
1765990800,208.343,208.378,208.181,208.216
1765994400,208.215,208.299,208.163,208.193
1765998000,208.192,208.266,208.14,208.205
1766001600,208.204,208.41,208.173,208.306
1766005200,208.306,208.351,208.22,208.235
1766008800,208.195,208.241,208.136,208.19
1766012400,208.174,208.194,207.924,207.946
1766016000,207.947,208.02,207.866,207.974
1766019600,207.974,208.205,207.924,208.181
1766023200,208.182,208.267,208.118,208.265
1766026800,208.266,208.278,208.114,208.177
1766030400,208.178,208.216,208.102,208.2
1766034000,208.198,208.424,208.185,208.316
1766037600,208.316,208.424,208.262,208.406
1766041200,208.402,208.558,208.288,208.411
1766044800,208.412,208.454,208.134,208.211
1766048400,208.21,208.216,207.976,208.152
1766052000,208.148,208.176,208.086,208.108
1766055600,208.11,208.153,207.983,208.034
1766059200,208.032,208.758,207.922,208.73
1766062800,208.733,208.998,208.632,208.928
1766066400,208.928,209.016,208.348,208.602
1766070000,208.601,208.62,208.308,208.322
1766073600,208.322,208.444,208.142,208.198
1766077200,208.2,208.308,208.104,208.268
1766080800,208.267,208.38,208.164,208.258
1766084400,208.262,208.326,208.142,208.181
1766088000,208.18,208.283,208.174,208.182
1766091600,208.182,208.254,208.154,208.17
1766095200,208.106,208.215,208.046,208.165
1766098800,208.165,208.31,208.122,208.224
1766102400,208.226,208.498,208.214,208.47
1766106000,208.471,208.504,208.34,208.427
1766109600,208.426,208.521,208.356,208.496
1766113200,208.496,208.862,208.214,208.529
1766116800,208.528,208.71,208.366,208.7
1766120400,208.702,208.726,208.492,208.656
1766124000,208.658,209.186,208.534,208.79
1766127600,208.79,209.496,208.712,209.483
1766131200,209.482,209.931,209.468,209.884
1766134800,209.89,210.39,209.776,210.362
1766138400,210.364,210.6,210.282,210.51
1766142000,210.512,210.52,210.288,210.373
1766145600,210.378,210.426,210.206,210.288
1766149200,210.285,210.397,210.17,210.378
1766152800,210.378,210.516,210.036,210.484
1766156400,210.476,210.577,210.255,210.414
1766160000,210.416,210.65,210.352,210.6
1766163600,210.601,210.8,210.57,210.61
1766167200,210.609,210.873,210.596,210.862
1766170800,210.864,210.974,210.802,210.947
1766174400,210.937,210.968,210.862,210.9
1766178000,210.902,211.07,210.876,210.976
1766354400,211.394,211.394,210.68,210.69
1766358000,210.686,211.006,210.686,210.884
1766361600,210.882,211.032,210.796,210.961
1766365200,210.959,211.024,210.638,210.71
1766368800,210.709,210.846,210.63,210.834
1766372400,210.833,210.932,210.682,210.724
1766376000,210.726,210.814,210.712,210.785
1766379600,210.788,210.888,210.75,210.824
1766383200,210.825,210.871,210.69,210.754
1766386800,210.757,211.374,210.733,211.262
1766390400,211.261,211.432,211.116,211.432
1766394000,211.43,211.466,211.198,211.376
1766397600,211.378,211.534,211.348,211.466
1766401200,211.464,211.562,211.385,211.546
1766404800,211.548,211.594,211.359,211.446
1766408400,211.447,211.447,210.842,211.227
1766412000,211.224,211.262,211.051,211.196
1766415600,211.198,211.308,211.116,211.196
1766419200,211.196,211.296,211.032,211.171
1766422800,211.172,211.329,211.142,211.288
1766426400,211.288,211.344,211.212,211.283
1766430000,211.284,211.35,211.146,211.166
1766433600,211.168,211.302,211.168,211.272
1766437200,211.272,211.426,211.26,211.414
1766440800,211.278,211.44,211.278,211.376
1766444400,211.365,211.391,211.152,211.284
1766448000,211.283,211.31,210.924,210.935
1766451600,210.933,210.975,210.791,210.811
1766455200,210.81,210.889,210.672,210.748
1766458800,210.749,210.772,210.63,210.633
1766462400,210.632,210.632,210.339,210.354
1766466000,210.356,210.498,210.296,210.39
1766469600,210.389,210.528,210.342,210.404
1766473200,210.404,210.696,210.375,210.676
1766476800,210.674,210.818,210.592,210.641
1766480400,210.644,210.666,210.306,210.59
1766484000,210.59,210.688,210.44,210.686
1766487600,210.689,210.718,210.522,210.566
1766491200,210.566,210.661,210.502,210.618
1766494800,210.618,211.033,210.566,210.922
1766498400,210.922,211.158,210.81,210.852
1766502000,210.854,210.888,210.58,210.814
1766505600,210.816,210.819,210.712,210.764
1766509200,210.766,210.77,210.517,210.529
1766512800,210.528,210.724,210.528,210.694
1766516400,210.694,210.788,210.676,210.766
1766520000,210.762,210.956,210.74,210.94
1766523600,210.944,211.246,210.938,211.158
1766527200,211.132,211.329,210.923,211.046
1766530800,211.042,211.114,210.882,210.97
1766534400,210.97,211.04,210.736,210.75
1766538000,210.75,210.938,210.478,210.521
1766541600,210.508,210.612,210.444,210.608
1766545200,210.608,210.782,210.584,210.761
1766548800,210.762,210.808,210.505,210.526
1766552400,210.526,210.621,210.414,210.555
1766556000,210.553,210.587,210.408,210.496
1766559600,210.49,210.597,210.428,210.462
1766563200,210.462,210.619,210.406,210.54
1766566800,210.544,210.714,210.45,210.649
1766570400,210.648,210.76,210.59,210.706
1766574000,210.707,210.711,210.598,210.656
1766577600,210.657,210.657,210.543,210.646
1766581200,210.648,210.699,210.581,210.618
1766584800,210.618,210.709,210.06,210.14
1766588400,210.132,210.502,210.059,210.392
1766592000,210.392,210.492,210.296,210.34
1766595600,210.336,210.574,210.336,210.448
1766599200,210.448,210.569,210.41,210.51
1766602800,210.508,210.518,210.332,210.418
1766606400,210.419,210.512,210.387,210.48
1766610000,210.481,210.643,210.445,210.632
1766700000,210.839,210.857,210.638,210.692
1766703600,210.688,210.909,210.349,210.875
1766707200,210.878,211.418,210.872,211.312
1766710800,211.316,211.364,211.149,211.182
1766714400,211.182,211.252,211.082,211.168
1766718000,211.169,211.178,210.752,210.763
1766721600,210.76,210.923,210.684,210.828
1766725200,210.831,210.846,210.698,210.794
1766728800,210.794,210.912,210.631,210.814
1766732400,210.815,210.916,210.652,210.838
1766736000,210.842,211.026,210.764,210.986
1766739600,210.99,211.078,210.932,210.998
1766743200,210.996,211.056,210.926,210.964
1766746800,210.96,211.058,210.951,211.058
1766750400,211.06,211.127,211.042,211.113
1766754000,211.111,211.391,211.034,211.305
1766757600,211.304,211.509,211.231,211.459
1766761200,211.46,211.496,211.262,211.29
1766764800,211.288,211.288,211.154,211.264
1766768400,211.267,211.348,211.17,211.292
1766772000,211.292,211.33,211.17,211.274
1766775600,211.272,211.314,211.234,211.286
1766779200,211.285,211.38,211.245,211.32
1766782800,211.326,211.427,211.266,211.352
1766959200,211.316,211.346,211.134,211.234
1766962800,211.2,211.271,211.076,211.212
1766966400,211.212,211.214,210.711,211.102
1766970000,211.102,211.21,211.005,211.17
1766973600,211.171,211.356,211.154,211.304
1766977200,211.302,211.302,211.168,211.224
1766980800,211.224,211.267,210.964,211.024
1766984400,211.024,211.027,210.822,210.878
1766988000,210.886,210.897,210.748,210.808
1766991600,210.811,210.816,210.466,210.481
1766995200,210.482,210.882,210.438,210.751
1766998800,210.753,210.927,210.679,210.894
1767002400,210.892,211.106,210.862,211.012
1767006000,211.012,211.185,210.912,210.976
1767009600,210.974,210.995,210.61,210.776
1767013200,210.774,210.854,210.692,210.815
1767016800,210.814,210.868,210.584,210.816
1767020400,210.818,210.888,210.478,210.524
1767024000,210.52,210.686,210.459,210.647
1767027600,210.64,210.678,210.557,210.626
1767031200,210.626,210.794,210.62,210.76
1767034800,210.759,210.848,210.722,210.754
1767038400,210.755,210.776,210.708,210.77
1767042000,210.767,210.91,210.76,210.866
1767045600,210.807,210.875,210.654,210.685
1767049200,210.713,210.893,210.662,210.73
1767052800,210.731,211.07,210.644,210.988
1767056400,210.986,211.07,210.932,211.046
1767060000,211.042,211.098,210.971,211.054
1767063600,211.055,211.096,211.008,211.046
1767067200,211.048,211.094,210.828,210.872
1767070800,210.875,210.994,210.793,210.89
1767074400,210.893,210.962,210.824,210.904
1767078000,210.897,210.897,210.572,210.662
1767081600,210.663,210.778,210.545,210.714
1767085200,210.714,210.795,210.625,210.722
1767088800,210.724,210.761,210.644,210.729
1767092400,210.73,210.763,210.507,210.526
1767096000,210.525,210.686,210.433,210.486
1767099600,210.485,210.776,210.47,210.676
1767103200,210.675,210.725,210.5,210.599
1767106800,210.598,210.774,210.46,210.632
1767110400,210.63,210.688,210.462,210.589
1767114000,210.586,210.728,210.556,210.586
1767117600,210.586,210.698,210.556,210.642
1767121200,210.638,210.756,210.628,210.734
1767124800,210.73,210.742,210.632,210.662
1767128400,210.666,210.699,210.633,210.673
1767132000,210.61,210.634,210.558,210.606
1767135600,210.596,210.684,210.52,210.618
1767139200,210.606,210.647,210.496,210.564
1767142800,210.57,210.62,210.519,210.58
1767146400,210.586,210.692,210.577,210.649
1767150000,210.65,210.712,210.622,210.708
1767153600,210.707,210.8,210.702,210.779
1767157200,210.778,210.836,210.743,210.789
1767160800,210.788,210.807,210.722,210.766
1767164400,210.762,210.788,210.688,210.692
1767168000,210.694,210.834,210.262,210.305
1767171600,210.304,210.574,210.266,210.476
1767175200,210.482,210.548,210.384,210.524
1767178800,210.526,210.802,210.522,210.726
1767182400,210.726,210.938,210.582,210.897
1767186000,210.898,211.1,210.866,210.98
1767189600,210.984,211.09,210.794,210.816
1767193200,210.812,210.891,210.354,210.832
1767196800,210.828,211.032,210.712,210.854
1767200400,210.855,210.973,210.716,210.966
1767204000,210.969,211.092,210.96,211.07
1767207600,211.07,211.092,210.832,210.986
1767211200,210.986,211.184,210.97,211.146
1767214800,211.145,211.228,211.096,211.113
1767304800,211.048,211.207,210.981,211.141
1767308400,211.128,211.358,211.118,211.17
1767312000,211.171,211.227,211.041,211.078
1767315600,211.076,211.279,211.029,211.263
1767319200,211.266,211.346,211.205,211.337
1767322800,211.338,211.378,211.303,211.364
1767326400,211.364,211.44,211.355,211.381
1767330000,211.378,211.44,211.326,211.384
1767333600,211.382,211.448,211.277,211.386
1767337200,211.382,211.426,211.076,211.204
1767340800,211.204,211.399,211.039,211.062
1767344400,211.062,211.162,210.982,211.134
1767348000,211.135,211.166,210.884,210.958
1767351600,210.958,210.98,210.758,210.912
1767355200,210.911,211.066,210.884,211.021
1767358800,211.014,211.206,210.922,211.163
1767362400,211.159,211.232,211.036,211.2
1767366000,211.202,211.443,211.038,211.349
1767369600,211.346,211.412,211.214,211.235
1767373200,211.234,211.262,211.038,211.06
1767376800,211.058,211.149,211.005,211.046
1767380400,211.047,211.124,211.009,211.05
1767384000,211.05,211.115,211.03,211.106
1767387600,211.106,211.184,211.087,211.104
1767564000,210.899,211.06,210.802,210.932
1767567600,210.983,211.026,210.798,210.976
1767571200,210.976,211.34,210.921,211.256
1767574800,211.255,211.285,211.012,211.034
1767578400,211.034,211.118,210.921,211.071
1767582000,211.072,211.176,210.868,210.946
1767585600,210.947,211.174,210.946,211.16
1767589200,211.161,211.173,211.005,211.068
1767592800,211.071,211.135,210.925,210.987
1767596400,210.982,210.986,210.718,210.732
1767600000,210.732,210.775,210.526,210.563
1767603600,210.564,210.966,210.517,210.951
1767607200,210.95,210.998,210.775,210.84
1767610800,210.837,210.949,210.714,210.808
1767614400,210.812,210.934,210.718,210.786
1767618000,210.788,211.018,210.712,210.975
1767621600,210.974,211.228,210.884,211.17
1767625200,211.159,211.511,211.071,211.426
1767628800,211.426,211.494,211.33,211.432
1767632400,211.43,211.592,211.412,211.559
1767636000,211.562,211.592,211.434,211.469
1767639600,211.466,211.604,211.348,211.588
1767643200,211.59,211.746,211.546,211.736
1767646800,211.731,211.848,211.71,211.814
1767650400,211.764,211.975,211.694,211.959
1767654000,211.958,211.988,211.854,211.938
1767657600,211.938,212.159,211.848,211.881
1767661200,211.879,212.09,211.868,211.931
1767664800,211.929,211.968,211.816,211.902
1767668400,211.904,212.043,211.864,212.008
1767672000,212.008,212.052,211.87,211.993
1767675600,211.992,211.998,211.858,211.95
1767679200,211.952,212.084,211.936,211.968
1767682800,211.968,212.018,211.784,211.844
1767686400,211.844,211.983,211.779,211.88
1767690000,211.88,211.897,211.672,211.674
1767693600,211.673,211.78,211.534,211.72
1767697200,211.719,211.768,211.489,211.534
1767700800,211.531,211.541,211.376,211.46
1767704400,211.46,211.508,211.31,211.472
1767708000,211.472,211.639,211.419,211.546
1767711600,211.546,211.634,211.382,211.499
1767715200,211.496,211.556,211.422,211.474
1767718800,211.474,211.729,211.46,211.696
1767722400,211.695,211.744,211.568,211.572
1767726000,211.57,211.582,211.43,211.463
1767729600,211.462,211.492,211.396,211.459
1767733200,211.458,211.567,211.446,211.522
1767736800,211.508,211.539,211.374,211.462
1767740400,211.474,211.568,211.458,211.491
1767744000,211.49,211.681,211.395,211.499
1767747600,211.5,211.734,211.414,211.664
1767751200,211.662,211.758,211.627,211.63
1767754800,211.628,211.662,211.532,211.582
1767758400,211.582,211.585,211.388,211.411
1767762000,211.411,211.418,211.204,211.257
1767765600,211.258,211.361,211.132,211.274
1767769200,211.274,211.318,211.06,211.137
1767772800,211.135,211.321,211.026,211.254
1767776400,211.258,211.308,211.072,211.14
1767780000,211.135,211.308,211.128,211.282
1767783600,211.281,211.428,211.27,211.301
1767787200,211.302,211.304,211.118,211.161
1767790800,211.16,211.176,210.977,211.082
1767794400,211.084,211.256,210.98,211.214
1767798000,211.216,211.402,211.082,211.22
1767801600,211.217,211.283,211.078,211.146
1767805200,211.142,211.147,210.94,211.018
1767808800,211.018,211.088,210.962,211.062
1767812400,211.06,211.082,210.97,211.046
1767816000,211.036,211.103,211.032,211.066
1767819600,211.068,211.087,210.95,210.958
1767823200,210.978,211.007,210.86,210.907
1767826800,210.903,210.955,210.83,210.896
1767830400,210.899,211.03,210.868,211.015
1767834000,211.014,211.162,210.935,211.138
1767837600,211.139,211.149,211.044,211.05
1767841200,211.049,211.056,210.873,210.998
1767844800,210.998,211.01,210.868,210.914
1767848400,210.916,210.918,210.786,210.853
1767852000,210.852,210.854,210.576,210.758
1767855600,210.753,210.816,210.386,210.388
1767859200,210.386,210.632,210.312,210.592
1767862800,210.593,210.654,210.534,210.64
1767866400,210.64,210.746,210.614,210.692
1767870000,210.685,210.832,210.68,210.756
1767873600,210.755,210.813,210.594,210.612
1767877200,210.612,210.71,210.516,210.702
1767880800,210.703,210.956,210.654,210.902
1767884400,210.896,211.05,210.794,210.842
1767888000,210.844,210.894,210.719,210.722
1767891600,210.72,210.731,210.57,210.692
1767895200,210.69,210.714,210.572,210.596
1767898800,210.597,210.83,210.553,210.82
1767902400,210.818,210.94,210.803,210.892
1767906000,210.894,210.954,210.825,210.86
1767909600,210.747,210.846,210.657,210.746
1767913200,210.741,210.856,210.741,210.767
1767916800,210.77,210.975,210.765,210.899
1767920400,210.9,211.054,210.882,211.036
1767924000,211.038,211.196,211.021,211.135
1767927600,211.136,211.282,211.116,211.276
1767931200,211.281,211.308,211.212,211.226
1767934800,211.226,211.384,211.226,211.362
1767938400,211.362,211.406,211.292,211.356
1767942000,211.358,211.511,211.253,211.486
1767945600,211.492,211.609,211.378,211.484
1767949200,211.486,211.548,211.406,211.495
1767952800,211.496,211.538,211.318,211.39
1767956400,211.389,211.422,211.296,211.362
1767960000,211.363,211.56,211.312,211.558
1767963600,211.557,211.74,211.36,211.6
1767967200,211.594,212.004,211.495,211.826
1767970800,211.828,212.038,211.724,211.828
1767974400,211.83,212.068,211.806,211.991
1767978000,211.992,211.992,211.738,211.84
1767981600,211.84,211.856,211.664,211.698
1767985200,211.7,211.716,211.636,211.674
1767988800,211.674,211.734,211.638,211.676
1767992400,211.675,211.726,211.594,211.666
1768168800,211.82,211.88,211.72,211.729
1768172400,211.733,211.873,211.618,211.808
1768176000,211.806,211.904,211.676,211.7
1768179600,211.7,211.868,211.652,211.817
1768183200,211.815,212.177,211.798,212.15
1768186800,212.144,212.252,212.082,212.207
1768190400,212.207,212.303,212.172,212.244
1768194000,212.241,212.374,212.192,212.264
1768197600,212.264,212.384,212.21,212.352
1768201200,212.342,212.396,212.096,212.214
1768204800,212.213,212.328,212.131,212.326
1768208400,212.328,212.482,212.276,212.428
1768212000,212.428,212.646,212.384,212.642
1768215600,212.643,212.684,212.435,212.52
1768219200,212.522,212.684,212.506,212.562
1768222800,212.562,212.798,212.539,212.798
1768226400,212.8,212.842,212.666,212.8
1768230000,212.803,212.894,212.688,212.877
1768233600,212.878,213.018,212.82,212.943
1768237200,212.94,213.004,212.753,212.854
1768240800,212.854,212.858,212.74,212.836
1768244400,212.834,212.966,212.811,212.947
1768248000,212.946,213.008,212.93,212.976
1768251600,212.976,213.016,212.94,212.96
1768255200,212.936,212.936,212.81,212.879
1768258800,212.884,212.991,212.678,212.736
1768262400,212.735,213.185,212.724,213.143
1768266000,213.145,213.498,213.138,213.484
1768269600,213.496,213.813,213.356,213.774
1768273200,213.774,213.946,213.757,213.928
1768276800,213.928,214.069,213.738,213.862
1768280400,213.862,213.987,213.838,213.92
1768284000,213.921,214.085,213.864,213.896
1768287600,213.894,214.073,213.852,214.053
1768291200,214.052,214.298,213.968,214.188
1768294800,214.192,214.293,214.126,214.202
1768298400,214.204,214.273,213.932,213.936
1768302000,213.938,214.11,213.904,214.024
1768305600,214.026,214.053,213.864,213.888
1768309200,213.887,214.112,213.708,214.098
1768312800,214.096,214.148,213.812,213.874
1768316400,213.882,213.974,213.54,213.63
1768320000,213.631,213.832,213.586,213.698
1768323600,213.698,213.77,213.502,213.632
1768327200,213.631,213.763,213.498,213.75
1768330800,213.75,213.804,213.662,213.77
1768334400,213.772,213.789,213.692,213.707
1768338000,213.712,213.724,213.642,213.651
1768341600,213.664,213.696,213.587,213.644
1768345200,213.602,213.762,213.594,213.742
1768348800,213.74,213.794,213.584,213.75
1768352400,213.752,214.013,213.75,213.875
1768356000,213.876,213.998,213.848,213.908
1768359600,213.912,214.01,213.83,213.996
1768363200,214,214.041,213.956,213.97
1768366800,213.97,214.116,213.948,214.077
1768370400,214.079,214.099,213.906,214.001
1768374000,214.004,214.071,213.856,213.924
1768377600,213.914,213.95,213.563,213.759
1768381200,213.754,213.766,213.462,213.648
1768384800,213.646,213.659,213.327,213.492
1768388400,213.492,213.593,213.288,213.461
1768392000,213.462,213.465,212.844,213.295
1768395600,213.294,213.382,213.158,213.232
1768399200,213.234,213.336,212.867,212.902
1768402800,212.899,213.126,212.729,212.776
1768406400,212.773,212.872,212.568,212.596
1768410000,212.596,212.7,212.556,212.631
1768413600,212.632,212.774,212.588,212.774
1768417200,212.774,212.894,212.708,212.883
1768420800,212.886,213.07,212.848,213.032
1768424400,213.028,213.098,212.97,213.063
1768428000,212.978,213.036,212.686,212.726
1768431600,212.723,212.947,212.714,212.926
1768435200,212.926,213.042,212.8,212.856
1768438800,212.856,212.88,212.576,212.758
1768442400,212.765,212.962,212.676,212.945
1768446000,212.946,213.029,212.832,212.848
1768449600,212.849,212.978,212.794,212.896
1768453200,212.898,212.92,212.696,212.731
1768456800,212.73,212.993,212.717,212.986
1768460400,212.988,213.2,212.842,213.05
1768464000,213.042,213.313,212.953,213.262
1768467600,213.265,213.294,212.803,212.84
1768471200,212.84,212.846,212.602,212.666
1768474800,212.664,212.79,212.662,212.768
1768478400,212.769,212.806,212.54,212.578
1768482000,212.577,212.6,212.322,212.404
1768485600,212.406,212.476,212.21,212.259
1768489200,212.258,212.312,212,212.22
1768492800,212.214,212.253,212.124,212.155
1768496400,212.154,212.255,212.1,212.204
1768500000,212.205,212.282,212.203,212.252
1768503600,212.251,212.26,212.17,212.204
1768507200,212.204,212.206,212.12,212.198
1768510800,212.196,212.312,212.176,212.254
1768514400,212.236,212.292,212.204,212.236
1768518000,212.245,212.312,212.194,212.212
1768521600,212.218,212.262,212.124,212.232
1768525200,212.229,212.26,212.053,212.2
1768528800,212.204,212.236,211.488,211.882
1768532400,211.881,211.89,211.666,211.723
1768536000,211.719,211.938,211.712,211.924
1768539600,211.924,211.964,211.834,211.957
1768543200,211.958,212.003,211.844,211.93
1768546800,211.932,211.959,211.697,211.796
1768550400,211.799,211.926,211.65,211.893
1768554000,211.894,211.978,211.779,211.935
1768557600,211.937,212.075,211.894,211.978
1768561200,211.98,212.016,211.93,211.972
1768564800,211.97,212.072,211.858,211.929
1768568400,211.93,211.948,211.638,211.8
1768572000,211.798,211.904,211.519,211.572
1768575600,211.568,211.668,211.388,211.459
1768579200,211.458,211.638,211.402,211.461
1768582800,211.464,211.638,211.462,211.574
1768586400,211.567,211.714,211.552,211.644
1768590000,211.644,211.716,211.568,211.598
1768593600,211.599,211.611,211.502,211.522
1768597200,211.52,211.592,211.456,211.52
1768773600,210.886,210.926,210.716,210.838
1768777200,210.824,211.266,210.719,211.156
1768780800,211.159,211.332,211.012,211.032
1768784400,211.034,211.24,210.896,211.17
1768788000,211.169,211.394,211.167,211.327
1768791600,211.334,211.441,211.282,211.378
1768795200,211.379,211.462,211.332,211.412
1768798800,211.411,211.616,211.35,211.506
1768802400,211.512,211.586,211.448,211.456
1768806000,211.456,211.67,211.43,211.65
1768809600,211.651,211.908,211.614,211.9
1768813200,211.9,212.068,211.58,211.72
1768816800,211.722,211.83,211.663,211.719
1768820400,211.721,211.961,211.68,211.914
1768824000,211.916,211.916,211.776,211.844
1768827600,211.844,211.896,211.791,211.838
1768831200,211.836,211.946,211.752,211.912
1768834800,211.91,212.205,211.89,212.146
1768838400,212.146,212.398,212.11,212.264
1768842000,212.248,212.306,212.211,212.26
1768845600,212.258,212.296,212.228,212.24
1768849200,212.243,212.322,212.239,212.241
1768852800,212.24,212.343,212.24,212.337
1768856400,212.339,212.353,212.254,212.29
1768860000,212.252,212.337,212.216,212.266
1768863600,212.282,212.349,212.212,212.243
1768867200,212.243,212.351,211.908,211.932
1768870800,211.934,212.282,211.851,212.029
1768874400,212.028,212.211,211.992,212.144
1768878000,212.142,212.272,212.046,212.24
1768881600,212.238,212.444,212.204,212.406
1768885200,212.405,212.558,212.399,212.51
1768888800,212.513,212.894,212.493,212.837
1768892400,212.832,213.498,212.754,213.406
1768896000,213.404,213.446,212.708,212.71
1768899600,212.711,212.742,212.382,212.544
1768903200,212.543,212.917,212.52,212.735
1768906800,212.735,212.776,212.332,212.387
1768910400,212.384,212.4,212.148,212.259
1768914000,212.262,212.443,212.192,212.336
1768917600,212.337,212.692,212.102,212.688
1768921200,212.69,212.854,212.51,212.521
1768924800,212.526,212.714,212.484,212.671
1768928400,212.672,212.756,212.531,212.553
1768932000,212.556,212.646,212.423,212.472
1768935600,212.476,212.564,212.438,212.546
1768939200,212.548,212.586,212.478,212.533
1768942800,212.538,212.61,212.522,212.594
1768946400,212.64,212.715,212.568,212.632
1768950000,212.616,212.654,212.442,212.568
1768953600,212.575,212.652,212.49,212.543
1768957200,212.542,212.594,212.402,212.49
1768960800,212.493,212.63,212.303,212.303
1768964400,212.304,212.48,212.3,212.479
1768968000,212.48,212.485,212.272,212.37
1768971600,212.368,212.61,212.356,212.594
1768975200,212.592,212.63,212.456,212.492
1768978800,212.493,212.556,212.224,212.295
1768982400,212.298,212.332,212.142,212.162
1768986000,212.161,212.2,211.878,211.893
1768989600,211.89,212.032,211.806,211.872
1768993200,211.873,211.966,211.75,211.764
1768996800,211.762,211.881,211.593,211.836
1769000400,211.832,212.25,211.741,212.231
1769004000,212.23,212.752,212.084,212.686
1769007600,212.685,212.768,212.372,212.44
1769011200,212.445,212.631,212.336,212.386
1769014800,212.389,212.469,212.222,212.356
1769018400,212.357,212.414,212.258,212.354
1769022000,212.353,212.657,212.292,212.642
1769025600,212.64,212.662,212.533,212.615
1769029200,212.617,212.664,212.573,212.627
1769032800,212.639,212.678,212.512,212.648
1769036400,212.646,212.664,212.521,212.625
1769040000,212.625,212.67,212.384,212.512
1769043600,212.512,212.698,212.486,212.668
1769047200,212.668,212.784,212.612,212.75
1769050800,212.748,213.004,212.732,212.984
1769054400,212.985,213.217,212.976,213.09
1769058000,213.098,213.154,213,213.138
1769061600,213.14,213.268,213.088,213.174
1769065200,213.176,213.436,213.17,213.262
1769068800,213.262,213.332,212.918,213.043
1769072400,213.041,213.376,213.022,213.353
1769076000,213.354,213.433,213.289,213.331
1769079600,213.327,213.412,212.681,212.854
1769083200,212.853,213.244,212.788,213.224
1769086800,213.222,213.28,212.848,213.022
1769090400,213.024,213.347,212.986,213.284
1769094000,213.286,213.635,213.251,213.479
1769097600,213.482,213.668,213.456,213.628
1769101200,213.62,213.628,213.42,213.6
1769104800,213.598,213.771,213.579,213.704
1769108400,213.704,213.782,213.629,213.708
1769112000,213.704,213.854,213.67,213.852
1769115600,213.847,213.968,213.83,213.926
1769119200,213.778,213.916,213.707,213.911
1769122800,213.932,214.011,213.842,213.95
1769126400,213.952,214.031,213.864,213.95
1769130000,213.95,214.161,213.943,214.13
1769133600,214.13,214.162,213.89,213.998
1769137200,214,214.178,213.883,214.007
1769140800,214.006,214.074,213.946,213.991
1769144400,213.992,214.126,213.921,214.121
1769148000,214.12,214.354,213.958,214.226
1769151600,214.23,214.856,212.515,213.713
1769155200,213.713,213.738,213.36,213.506
1769158800,213.507,213.874,213.21,213.789
1769162400,213.786,214.11,213.722,213.992
1769166000,213.992,214.176,213.742,213.772
1769169600,213.772,214.112,213.754,213.962
1769173200,213.962,214.086,213.921,214.058
1769176800,214.056,214.262,214.003,214.218
1769180400,214.221,214.567,214.194,214.474
1769184000,214.472,214.628,213.956,214.108
1769187600,214.12,214.152,212.668,212.786
1769191200,212.786,212.934,212.298,212.472
1769194800,212.472,212.625,212.084,212.381
1769198400,212.384,212.522,212.302,212.484
1769202000,212.488,212.592,212.306,212.508
1769378400,211.664,212.122,210.99,211.486
1769382000,211.472,212.074,211.35,212.012
1769385600,212.02,212.084,211.24,211.628
1769389200,211.628,211.656,210.887,210.961
1769392800,210.962,211.02,210.487,210.498
1769396400,210.498,210.84,210.438,210.654
1769400000,210.646,210.678,210.207,210.412
1769403600,210.412,210.626,210.322,210.616
1769407200,210.617,210.911,210.517,210.647
1769410800,210.657,210.779,210.111,210.5
1769414400,210.503,210.698,209.637,210.293
1769418000,210.3,210.605,209.878,210.099
1769421600,210.102,210.36,209.86,209.927
1769425200,209.926,210.246,209.614,210.106
1769428800,210.096,210.508,210.096,210.44
1769432400,210.44,210.585,210.346,210.468
1769436000,210.464,210.587,210.39,210.492
1769439600,210.494,210.846,210.408,210.846
1769443200,210.847,211.074,210.722,210.775
1769446800,210.776,211.02,210.752,210.762
1769450400,210.758,211.08,210.722,211.032
1769454000,211.026,211.082,210.754,210.77
1769457600,210.771,210.878,210.563,210.802
1769461200,210.801,211.008,210.8,210.962
1769464800,210.878,210.992,210.82,210.904
1769468400,210.896,211.174,210.791,211.13
1769472000,211.125,211.204,210.782,210.966
1769475600,210.964,211.156,210.928,211.145
1769479200,211.144,211.278,211.074,211.276
1769482800,211.274,211.42,211.195,211.292
1769486400,211.292,211.461,211.27,211.404
1769490000,211.404,211.45,211.259,211.338
1769493600,211.336,211.598,211.33,211.432
1769497200,211.431,211.764,211.366,211.59
1769500800,211.584,211.676,211.468,211.562
1769504400,211.558,211.586,209.801,210.614
1769508000,210.622,211.01,210.392,210.68
1769511600,210.674,210.824,210.48,210.775
1769515200,210.776,210.828,210.488,210.651
1769518800,210.64,210.759,210.258,210.493
1769522400,210.49,211.154,210.372,210.998
1769526000,210.998,211.069,210.663,210.736
1769529600,210.735,211.004,210.598,210.894
1769533200,210.898,210.95,210.27,210.631
1769536800,210.63,210.646,210.403,210.47
1769540400,210.469,210.606,210.469,210.49
1769544000,210.49,210.953,210.06,210.844
1769547600,210.841,210.959,210.644,210.779
1769551200,210.793,211.097,210.519,210.866
1769554800,210.875,210.991,210.716,210.854
1769558400,210.854,211.048,210.613,210.906
1769562000,210.907,211.229,210.862,211.132
1769565600,211.132,211.178,210.956,210.978
1769569200,210.973,211.002,210.682,210.754
1769572800,210.755,210.87,210.526,210.564
1769576400,210.563,210.756,210.412,210.709
1769580000,210.716,210.85,210.697,210.756
1769583600,210.744,210.771,210.556,210.676
1769587200,210.671,210.696,210.382,210.44
1769590800,210.438,210.563,210.316,210.551
1769594400,210.553,210.566,210.24,210.438
1769598000,210.436,210.444,210.118,210.134
1769601600,210.137,210.456,210.066,210.451
1769605200,210.449,210.544,210.233,210.478
1769608800,210.478,210.794,210.466,210.694
1769612400,210.695,211.692,210.688,211.62
1769616000,211.62,211.9,211.587,211.734
1769619600,211.736,211.844,211.6,211.71
1769623200,211.71,211.965,211.701,211.94
1769626800,211.928,212.034,211.658,211.72
1769630400,211.712,211.8,211.58,211.652
1769634000,211.654,211.902,211.588,211.822
1769637600,211.786,211.846,211.692,211.763
1769641200,211.776,211.846,211.601,211.673
1769644800,211.671,211.728,211.338,211.588
1769648400,211.586,211.716,211.411,211.548
1769652000,211.546,211.632,211.334,211.49
1769655600,211.489,211.606,211.44,211.542
1769659200,211.543,211.842,211.532,211.712
1769662800,211.71,211.85,211.668,211.747
1769666400,211.749,211.844,211.608,211.789
1769670000,211.784,212.132,211.755,212.058
1769673600,212.058,212.167,211.839,211.904
1769677200,211.904,211.944,211.589,211.63
1769680800,211.628,211.723,211.426,211.484
1769684400,211.482,211.8,211.46,211.692
1769688000,211.692,211.712,211.546,211.659
1769691600,211.661,211.823,211.628,211.696
1769695200,211.696,211.92,211.548,211.652
1769698800,211.658,211.696,210.05,210.322
1769702400,210.324,210.938,210.294,210.876
1769706000,210.874,211.136,210.874,210.978
1769709600,210.979,211.282,210.952,211.134
1769713200,211.134,211.282,211.099,211.142
1769716800,211.145,211.388,211.145,211.375
1769720400,211.372,211.518,211.346,211.465
1769724000,211.408,211.423,211.226,211.306
1769727600,211.291,211.52,211.142,211.46
1769731200,211.469,211.644,211.423,211.49
1769734800,211.492,211.688,211.403,211.586
1769738400,211.587,211.804,211.308,211.673
1769742000,211.676,211.797,211.531,211.74
1769745600,211.739,211.914,211.608,211.69
1769749200,211.694,211.902,211.621,211.732
1769752800,211.731,211.757,211.512,211.636
1769756400,211.627,211.898,211.587,211.786
1769760000,211.786,211.962,211.606,211.902
1769763600,211.904,212.001,211.609,211.89
1769767200,211.885,212.053,211.786,211.955
1769770800,211.954,212.124,211.846,212.004
1769774400,212.005,212.115,211.94,211.989
1769778000,211.99,212.176,211.861,212.173
1769781600,212.172,212.465,212.04,212.228
1769785200,212.226,212.472,211.59,211.592
1769788800,211.59,211.882,211.54,211.861
1769792400,211.858,211.896,211.612,211.728
1769796000,211.731,211.776,211.502,211.704
1769799600,211.704,211.85,211.64,211.684
1769803200,211.686,211.816,211.63,211.765
1769806800,211.768,211.878,211.71,211.868
1769983200,212.184,212.84,212.021,212.521
1769986800,212.592,212.679,212.204,212.294
1769990400,212.276,212.686,212.058,212.674
1769994000,212.682,212.684,212.267,212.304
1769997600,212.304,212.372,212.065,212.274
1770001200,212.274,212.322,212.027,212.074
1770004800,212.072,212.078,211.79,211.858
1770008400,211.858,211.954,211.596,211.772
1770012000,211.774,211.886,211.296,211.42
1770015600,211.422,211.974,211.399,211.908
1770019200,211.907,212.272,211.826,212.194
1770022800,212.195,212.248,211.98,212.183
1770026400,212.18,212.347,212.038,212.056
1770030000,212.057,212.226,211.995,212.02
1770033600,212.02,212.189,212.002,212.087
1770037200,212.085,212.108,211.909,211.912
1770040800,211.912,212.402,211.794,212.284
1770044400,212.315,212.496,212.111,212.146
1770048000,212.147,212.411,212.043,212.314
1770051600,212.318,212.457,212.286,212.428
1770055200,212.428,212.658,212.412,212.484
1770058800,212.484,212.655,212.478,212.577
1770062400,212.578,212.635,212.524,212.622
1770066000,212.623,212.698,212.552,212.675
1770069600,212.694,212.728,212.578,212.595
1770073200,212.572,212.66,212.496,212.578
1770076800,212.578,212.807,212.552,212.688
1770080400,212.69,212.866,212.628,212.78
1770084000,212.78,212.78,212.553,212.666
1770087600,212.666,212.788,212.568,212.768
1770091200,212.767,212.854,212.658,212.729
1770094800,212.728,212.836,212.678,212.782
1770098400,212.782,212.986,212.728,212.822
1770102000,212.803,212.99,212.735,212.86
1770105600,212.855,212.923,212.758,212.864
1770109200,212.864,213.14,212.748,213.033
1770112800,213.034,213.074,212.922,212.924
1770116400,212.924,213.052,212.86,212.886
1770120000,212.89,213.322,212.882,213.267
1770123600,213.272,213.332,213.072,213.098
1770127200,213.101,213.27,212.992,213.05
1770130800,213.052,213.445,212.995,213.378
1770134400,213.376,213.467,213.267,213.316
1770138000,213.315,213.337,213.147,213.272
1770141600,213.275,213.329,212.89,212.896
1770145200,212.89,213.258,212.862,213.228
1770148800,213.226,213.36,213.188,213.292
1770152400,213.291,213.438,213.26,213.394
1770156000,213.378,213.475,213.312,213.32
1770159600,213.316,213.476,213.284,213.409
1770163200,213.41,213.673,213.37,213.663
1770166800,213.662,214.069,213.656,214.014
1770170400,214.015,214.126,214.005,214.09
1770174000,214.09,214.258,214.079,214.226
1770177600,214.224,214.36,214.19,214.352
1770181200,214.352,214.458,214.3,214.37
1770184800,214.37,214.532,214.339,214.414
1770188400,214.414,214.599,214.394,214.55
1770192000,214.55,214.858,214.486,214.82
1770195600,214.822,214.832,214.549,214.75
1770199200,214.746,214.989,214.664,214.98
1770202800,214.981,215.004,214.818,214.988
1770206400,214.987,215.008,214.872,214.893
1770210000,214.894,214.957,214.57,214.586
1770213600,214.588,214.642,214.144,214.154
1770217200,214.224,214.329,213.998,214.055
1770220800,214.057,214.084,213.68,213.906
1770224400,213.902,214.046,213.75,213.802
1770228000,213.8,214.075,213.73,214.012
1770231600,214.014,214.267,213.911,214.266
1770235200,214.266,214.326,214.178,214.218
1770238800,214.216,214.3,214.166,214.174
1770242400,214.214,214.241,214.001,214.123
1770246000,214.089,214.164,214.017,214.118
1770249600,214.108,214.241,213.926,214.044
1770253200,214.043,214.222,214.043,214.09
1770256800,214.089,214.128,213.692,213.698
1770260400,213.698,213.764,213.48,213.636
1770264000,213.637,213.763,213.635,213.673
1770267600,213.671,213.808,213.629,213.806
1770271200,213.808,213.9,213.53,213.819
1770274800,213.818,214.184,213.806,213.979
1770278400,213.977,214.204,213.584,213.584
1770282000,213.588,213.63,213.204,213.432
1770285600,213.422,213.734,213.351,213.658
1770289200,213.657,213.964,213.584,213.933
1770292800,213.937,213.938,212.936,213.164
1770296400,213.161,213.21,212.6,212.74
1770300000,212.738,212.914,212.34,212.371
1770303600,212.387,212.611,211.788,212.17
1770307200,212.166,212.692,212.022,212.617
1770310800,212.616,212.714,212.412,212.492
1770314400,212.493,212.576,212.342,212.416
1770318000,212.418,212.594,212.39,212.584
1770321600,212.58,212.704,212.517,212.62
1770325200,212.618,212.672,212.43,212.492
1770328800,212.455,212.62,212.419,212.544
1770332400,212.556,212.582,211.933,212.016
1770336000,212.015,212.094,211.61,211.951
1770339600,211.95,212.16,211.766,212.12
1770343200,212.121,212.452,212.112,212.31
1770346800,212.312,212.376,212.23,212.326
1770350400,212.324,212.436,212.29,212.407
1770354000,212.406,212.724,212.358,212.722
1770357600,212.72,213.018,212.706,212.787
1770361200,212.792,212.888,212.536,212.849
1770364800,212.848,213.008,212.694,213.005
1770368400,213.006,213.295,213.005,213.23
1770372000,213.23,213.303,213.002,213.101
1770375600,213.1,213.486,213.093,213.337
1770379200,213.334,213.613,213.324,213.457
1770382800,213.456,213.549,213.123,213.255
1770386400,213.254,213.51,213.174,213.482
1770390000,213.481,213.686,213.474,213.527
1770393600,213.527,213.885,213.51,213.728
1770397200,213.726,213.916,213.706,213.878
1770400800,213.882,213.948,213.828,213.86
1770404400,213.861,213.988,213.856,213.914
1770408000,213.915,213.993,213.858,213.954
1770411600,213.954,214.061,213.94,214.033
1770588000,214.214,214.238,213.334,214.146
1770591600,214.142,214.44,213.788,214.017
1770595200,214.02,214.042,213.358,213.544
1770598800,213.539,213.569,212.605,213.04
1770602400,213.043,213.514,213.024,213.361
1770606000,213.364,213.497,213.292,213.334
1770609600,213.334,213.402,213.092,213.174
1770613200,213.176,213.292,213.069,213.216
1770616800,213.215,213.215,212.827,213.124
1770620400,213.118,213.124,212.56,213.042
1770624000,213.041,213.209,212.912,212.992
1770627600,212.993,213.138,212.824,213.048
1770631200,213.048,213.32,212.986,213.232
1770634800,213.23,213.456,213.069,213.382
1770638400,213.383,213.717,213.272,213.624
1770642000,213.628,213.639,212.832,212.863
1770645600,212.862,212.876,212.13,212.313
1770649200,212.312,213.26,212.296,213.17
1770652800,213.174,213.392,213.174,213.312
1770656400,213.312,213.382,213.178,213.234
1770660000,213.23,213.465,213.173,213.434
1770663600,213.436,213.45,213.2,213.283
1770667200,213.284,213.502,213.277,213.472
1770670800,213.471,213.59,213.41,213.521
1770674400,213.397,213.819,213.259,213.447
1770678000,213.443,213.674,213.443,213.622
1770681600,213.625,213.732,213.378,213.401
1770685200,213.399,213.444,213.083,213.114
1770688800,213.116,213.268,212.704,212.755
1770692400,212.756,212.781,212.412,212.574
1770696000,212.572,212.578,212.312,212.426
1770699600,212.434,212.452,212.171,212.434
1770703200,212.428,212.526,212.33,212.478
1770706800,212.476,212.744,212.338,212.69
1770710400,212.692,212.792,212.52,212.654
1770714000,212.652,212.694,212.18,212.246
1770717600,212.248,212.265,211.897,212.001
1770721200,212.002,212.182,211.948,212.154
1770724800,212.149,212.512,212.06,212.372
1770728400,212.371,212.456,211.65,211.731
1770732000,211.732,211.774,210.948,211.166
1770735600,211.164,211.174,210.624,210.871
1770739200,210.866,210.89,210.548,210.813
1770742800,210.816,210.844,210.625,210.786
1770746400,210.786,210.86,210.746,210.8
1770750000,210.8,210.885,210.685,210.75
1770753600,210.75,210.77,210.526,210.578
1770757200,210.58,210.658,210.494,210.62
1770760800,210.661,210.778,210.544,210.64
1770764400,210.635,210.674,210.554,210.632
1770768000,210.63,210.652,210.092,210.116
1770771600,210.116,210.186,209.949,210.097
1770775200,210.094,210.109,209.808,209.81
1770778800,209.811,209.982,209.791,209.846
1770782400,209.847,209.882,209.406,209.424
1770786000,209.423,209.51,209.14,209.206
1770789600,209.207,209.369,208.989,209.355
1770793200,209.356,209.56,209.27,209.365
1770796800,209.366,209.744,209.298,209.698
1770800400,209.704,210.016,209.682,209.829
1770804000,209.83,210.188,209.73,210.136
1770807600,210.142,210.239,210.077,210.154
1770811200,210.158,210.238,210.064,210.128
1770814800,210.128,210.519,208.676,209.858
1770818400,209.856,210.121,209.388,209.548
1770822000,209.553,209.614,209.198,209.44
1770825600,209.438,209.488,208.786,208.793
1770829200,208.788,208.888,208.453,208.732
1770832800,208.735,208.75,208.183,208.288
1770836400,208.29,208.516,208.281,208.509
1770840000,208.508,208.801,208.498,208.707
1770843600,208.709,208.918,208.709,208.872
1770847200,208.7,208.896,208.657,208.69
1770850800,208.688,208.822,208.6,208.798
1770854400,208.798,209.011,208.593,208.714
1770858000,208.714,208.796,208.352,208.498
1770861600,208.498,208.535,207.962,207.996
1770865200,207.994,208.02,207.637,207.968
1770868800,207.97,208.266,207.786,208.265
1770872400,208.264,208.628,208.237,208.56
1770876000,208.56,208.966,208.386,208.762
1770879600,208.738,208.796,208.39,208.63
1770883200,208.624,208.661,208.394,208.54
1770886800,208.545,208.842,208.488,208.716
1770890400,208.717,208.83,208.598,208.83
1770894000,208.828,209.314,208.78,209.258
1770897600,209.264,209.544,209.2,209.438
1770901200,209.443,209.557,209.146,209.21
1770904800,209.212,209.284,208.94,209.103
1770908400,209.105,209.133,208.348,208.428
1770912000,208.425,208.503,207.567,208.102
1770915600,208.096,208.278,207.875,208.177
1770919200,208.178,208.304,207.912,208.238
1770922800,208.24,208.396,208.182,208.313
1770926400,208.315,208.343,207.984,207.984
1770930000,207.982,208.148,207.982,208.066
1770933600,208.072,208.237,207.972,208.036
1770937200,208.036,208.182,207.928,208.08
1770940800,208.079,208.315,208,208.096
1770944400,208.094,208.786,208.084,208.705
1770948000,208.698,208.764,208.47,208.604
1770951600,208.604,208.617,208.164,208.248
1770955200,208.244,208.611,208.114,208.608
1770958800,208.607,208.656,208.349,208.539
1770962400,208.542,208.662,208.314,208.656
1770966000,208.648,208.975,208.574,208.844
1770969600,208.844,209.336,208.814,209.229
1770973200,209.236,209.326,209.1,209.119
1770976800,209.121,209.243,208.964,208.966
1770980400,208.966,208.966,208.496,208.621
1770984000,208.619,208.688,208.5,208.53
1770987600,208.529,208.77,208.468,208.682
1770991200,208.684,208.791,208.052,208.544
1770994800,208.547,208.98,208.267,208.454
1770998400,208.454,208.553,208.262,208.44
1771002000,208.438,208.665,208.267,208.558
1771005600,208.562,208.695,208.514,208.652
1771009200,208.652,208.706,208.404,208.443
1771012800,208.454,208.626,208.341,208.616
1771016400,208.62,208.622,208.37,208.533
1771192800,208.413,208.454,208.264,208.339
1771196400,208.325,208.584,208.309,208.53
1771200000,208.53,208.876,208.495,208.848
1771203600,208.85,208.902,208.694,208.776
1771207200,208.774,208.874,208.718,208.741
1771210800,208.74,208.834,208.706,208.814
1771214400,208.815,209.017,208.72,209.011
1771218000,209.01,209.012,208.88,208.949
1771221600,208.952,209.016,208.889,208.928
1771225200,208.926,209.3,208.902,209.226
1771228800,209.224,209.456,209.144,209.344
1771232400,209.344,209.644,209.306,209.548
1771236000,209.544,209.688,209.508,209.578
1771239600,209.577,209.609,209.248,209.267
1771243200,209.264,209.344,209.192,209.242
1771246800,209.241,209.257,208.972,209.05
1771250400,209.046,209.139,208.978,209.118
1771254000,209.118,209.221,209.014,209.216
1771257600,209.216,209.276,209.114,209.188
1771261200,209.188,209.274,209.142,209.142
1771264800,209.142,209.25,209.132,209.218
1771268400,209.217,209.266,209.194,209.238
1771272000,209.236,209.237,209.182,209.237
1771275600,209.235,209.26,209.16,209.26
1771279200,209.208,209.298,209.182,209.282
1771282800,209.283,209.498,209.182,209.26
1771286400,209.258,209.304,208.63,208.638
1771290000,208.634,208.91,208.508,208.536
1771293600,208.534,208.676,208.415,208.48
1771297200,208.477,208.521,208.264,208.519
1771300800,208.521,208.529,208.244,208.38
1771304400,208.385,208.412,208.048,208.133
1771308000,208.13,208.243,208.068,208.206
1771311600,208.202,208.202,207.354,207.626
1771315200,207.625,207.916,207.49,207.491
1771318800,207.49,207.918,207.486,207.816
1771322400,207.816,208.22,207.782,207.999
1771326000,207.998,208.041,207.693,207.724
1771329600,207.719,207.818,207.38,207.383
1771333200,207.378,207.556,207.238,207.308
1771336800,207.301,207.683,207.272,207.481
1771340400,207.482,207.88,207.418,207.673
1771344000,207.676,207.926,207.674,207.902
1771347600,207.902,207.941,207.769,207.904
1771351200,207.903,207.985,207.759,207.938
1771354800,207.938,208.013,207.811,207.836
1771358400,207.834,207.894,207.776,207.892
1771362000,207.894,207.988,207.816,207.988
1771365600,207.904,207.936,207.83,207.926
1771369200,207.934,208.007,207.685,207.692
1771372800,207.691,207.928,207.628,207.816
1771376400,207.812,208.052,207.772,208.048
1771380000,208.05,208.318,208.019,208.088
1771383600,208.09,208.2,208.041,208.183
1771387200,208.183,208.201,208.098,208.188
1771390800,208.188,208.242,208.068,208.076
1771394400,208.076,208.141,207.986,208.094
1771398000,208.086,208.456,208.034,208.402
1771401600,208.403,208.575,208.29,208.536
1771405200,208.536,208.73,208.531,208.683
1771408800,208.682,208.84,208.647,208.666
1771412400,208.666,208.678,208.538,208.639
1771416000,208.64,208.802,208.495,208.603
1771419600,208.605,208.732,208.501,208.63
1771423200,208.63,209.118,208.558,208.982
1771426800,208.983,209.221,208.83,208.991
1771430400,208.992,209.204,208.956,209.034
1771434000,209.034,209.096,208.901,208.96
1771437600,208.962,209.12,208.96,209.114
1771441200,209.132,209.132,208.577,208.878
1771444800,208.88,209.015,208.868,209
1771448400,209,209.048,208.885,208.904
1771452000,208.854,208.964,208.816,208.932
1771455600,208.936,208.936,208.75,208.75
1771459200,208.754,208.894,208.644,208.732
1771462800,208.73,209.158,208.73,209.13
1771466400,209.131,209.218,208.856,209.172
1771470000,209.172,209.462,209.112,209.298
1771473600,209.299,209.449,209.152,209.16
1771477200,209.16,209.474,209.152,209.464
1771480800,209.466,209.484,209.238,209.346
1771484400,209.354,209.542,209.324,209.378
1771488000,209.379,209.472,208.974,209.092
1771491600,209.093,209.325,208.884,209.064
1771495200,209.062,209.099,208.618,208.68
1771498800,208.68,208.702,208.206,208.224
1771502400,208.222,208.436,208.09,208.416
1771506000,208.416,208.656,208.284,208.628
1771509600,208.628,208.73,208.47,208.692
1771513200,208.695,208.896,208.54,208.54
1771516800,208.542,208.561,208.279,208.353
1771520400,208.352,208.562,208.279,208.541
1771524000,208.545,208.586,208.453,208.462
1771527600,208.462,208.646,208.452,208.612
1771531200,208.614,208.742,208.582,208.731
1771534800,208.733,208.852,208.66,208.686
1771538400,208.698,208.744,208.529,208.733
1771542000,208.718,208.954,208.668,208.898
1771545600,208.898,208.918,208.557,208.754
1771549200,208.762,208.896,208.594,208.622
1771552800,208.62,208.652,208.388,208.604
1771556400,208.603,208.68,208.495,208.55
1771560000,208.552,208.633,208.512,208.592
1771563600,208.592,208.829,208.554,208.802
1771567200,208.799,208.872,208.63,208.654
1771570800,208.654,209.098,208.557,209.082
1771574400,209.084,209.291,208.858,209.259
1771578000,209.26,209.503,209.234,209.272
1771581600,209.276,209.376,209.082,209.112
1771585200,209.114,209.192,208.964,209.098
1771588800,209.099,209.306,209.052,209.173
1771592400,209.178,209.616,209.146,209.604
1771596000,209.594,209.642,209.361,209.411
1771599600,209.413,209.7,209.024,209.066
1771603200,209.063,209.23,208.974,209.212
1771606800,209.216,209.28,209.064,209.086
1771610400,209.084,209.227,208.97,209.204
1771614000,209.202,209.272,209.093,209.204
1771617600,209.204,209.224,209.055,209.178
1771621200,209.176,209.194,209,209.022
1771797600,209.017,209.196,208.882,209.058
1771801200,209.058,209.068,208.762,208.864
1771804800,208.868,208.875,208.394,208.4
1771808400,208.399,208.536,208.222,208.49
1771812000,208.489,208.666,208.368,208.551
1771815600,208.556,208.676,208.507,208.522
1771819200,208.522,208.777,208.454,208.744
1771822800,208.744,208.826,208.7,208.807
1771826400,208.804,209,208.708,208.99
1771830000,208.989,209.146,208.913,208.954
1771833600,208.95,209.152,208.925,209.115
1771837200,209.113,209.207,209,209.128
1771840800,209.126,209.23,209.086,209.091
1771844400,209.09,209.166,208.933,209.006
1771848000,209.016,209.054,208.808,208.913
1771851600,208.912,208.956,208.686,208.842
1771855200,208.84,209.114,208.78,208.962
1771858800,208.96,208.99,208.32,208.398
1771862400,208.397,208.546,208.243,208.416
1771866000,208.416,208.426,208.143,208.366
1771869600,208.366,208.742,208.36,208.534
1771873200,208.536,208.632,208.508,208.57
1771876800,208.568,208.742,208.568,208.735
1771880400,208.73,208.862,208.638,208.686
1771884000,208.688,208.696,208.562,208.606
1771887600,208.592,208.762,208.546,208.73
1771891200,208.732,208.992,208.702,208.986
1771894800,208.986,209.15,208.92,209.071
1771898400,209.074,209.244,208.945,209.11
1771902000,209.11,209.25,209.082,209.23
1771905600,209.226,209.37,209.186,209.314
1771909200,209.316,209.4,209.262,209.301
1771912800,209.302,209.334,209.024,209.03
1771916400,209.031,210.469,208.983,210.396
1771920000,210.399,210.738,210.234,210.298
1771923600,210.294,210.46,210.162,210.402
1771927200,210.402,210.483,210.252,210.356
1771930800,210.351,210.36,209.993,210.228
1771934400,210.224,210.378,210.128,210.266
1771938000,210.266,210.47,210.154,210.46
1771941600,210.459,210.591,210.32,210.556
1771945200,210.552,210.848,210.444,210.709
1771948800,210.712,210.772,210.528,210.61
1771952400,210.609,210.634,210.42,210.56
1771956000,210.558,210.56,210.409,210.418
1771959600,210.424,210.457,210.328,210.332
1771963200,210.332,210.421,210.286,210.403
1771966800,210.404,210.446,210.288,210.303
1771970400,210.29,210.432,210.207,210.292
1771974000,210.288,210.43,210.222,210.41
1771977600,210.411,210.514,210.205,210.21
1771981200,210.21,210.406,210.172,210.344
1771984800,210.344,210.412,210.082,210.168
1771988400,210.169,210.802,210.013,210.564
1771992000,210.565,210.847,210.492,210.507
1771995600,210.508,210.618,210.373,210.398
1771999200,210.394,210.686,210.322,210.614
1772002800,210.636,210.936,210.538,210.909
1772006400,210.911,211.28,210.86,211.28
1772010000,211.278,211.708,211.256,211.638
1772013600,211.634,211.856,211.608,211.818
1772017200,211.82,211.831,211.513,211.756
1772020800,211.756,211.926,211.592,211.88
1772024400,211.88,212.03,211.644,211.664
1772028000,211.666,211.821,211.478,211.762
1772031600,211.76,211.76,211.479,211.628
1772035200,211.629,211.874,211.612,211.8
1772038800,211.803,212.03,211.794,211.915
1772042400,211.914,212.046,211.846,211.96
1772046000,211.961,212.123,211.913,211.991
1772049600,211.99,212.056,211.904,212.048
1772053200,212.048,212.084,212.007,212.028
1772056800,211.959,212.06,211.76,211.888
1772060400,211.888,211.94,211.668,211.73
1772064000,211.728,211.792,211.538,211.58
1772067600,211.578,211.707,211.462,211.519
1772071200,211.524,211.554,211.385,211.515
1772074800,211.518,211.524,211.334,211.394
1772078400,211.388,211.569,211.346,211.376
1772082000,211.378,211.476,211.168,211.473
1772085600,211.466,211.565,211.413,211.447
1772089200,211.46,211.629,211.33,211.397
1772092800,211.392,211.396,210.877,210.972
1772096400,210.976,211.174,210.835,211.123
1772100000,211.126,211.195,211.05,211.101
1772103600,211.102,211.286,211.084,211.162
1772107200,211.162,211.512,211.132,211.46
1772110800,211.46,211.572,211.288,211.392
1772114400,211.392,211.558,211.124,211.214
1772118000,211.214,211.374,210.633,210.882
1772121600,210.882,211.094,210.789,210.824
1772125200,210.826,210.91,210.306,210.364
1772128800,210.364,210.581,210.269,210.581
1772132400,210.582,210.69,210.544,210.582
1772136000,210.581,210.652,210.536,210.652
1772139600,210.652,210.676,210.414,210.522
1772143200,210.542,210.563,210.387,210.454
1772146800,210.448,210.45,210.229,210.279
1772150400,210.279,210.385,209.986,210.23
1772154000,210.232,210.308,210.06,210.216
1772157600,210.22,210.28,210.046,210.064
1772161200,210.063,210.24,210.061,210.169
1772164800,210.168,210.258,209.948,209.988
1772168400,209.986,210.224,209.942,210.214
1772172000,210.216,210.236,209.932,209.968
1772175600,209.97,210.578,209.964,210.526
1772179200,210.525,210.806,210.47,210.726
1772182800,210.714,210.837,210.449,210.46
1772186400,210.461,210.494,210.156,210.193
1772190000,210.194,210.202,209.952,209.96
1772193600,209.954,210.156,209.934,209.998
1772197200,210.002,210.232,209.806,209.97
1772200800,209.974,210.195,209.957,210.066
1772204400,210.063,210.164,209.819,209.819
1772208000,209.818,210.11,209.8,209.973
1772211600,209.974,210.076,209.93,210.056
1772215200,210.055,210.214,210.036,210.196
1772218800,210.194,210.332,210.11,210.33
1772222400,210.33,210.496,210.309,210.488
1772226000,210.489,210.548,210.27,210.474
1772402400,209.462,209.698,209.366,209.486
1772406000,209.487,210.074,209.474,209.979
1772409600,209.974,210.168,209.796,210.08
1772413200,210.08,210.468,210.076,210.122
1772416800,210.122,210.258,210.046,210.123
1772420400,210.122,210.274,210.086,210.214
1772424000,210.214,210.409,210.154,210.348
1772427600,210.348,210.54,210.312,210.395
1772431200,210.398,210.421,209.842,209.946
1772434800,209.944,210.062,209.512,209.764
1772438400,209.764,209.944,209.356,209.57
1772442000,209.572,209.974,209.5,209.963
1772445600,209.965,210.414,209.904,210.368
1772449200,210.37,210.632,210.278,210.524
1772452800,210.52,210.888,210.509,210.822
1772456400,210.823,211.064,210.732,210.806
1772460000,210.796,211.368,210.666,211.224
1772463600,211.241,211.388,210.763,210.919
1772467200,210.92,210.92,210.512,210.886
1772470800,210.888,211.16,210.818,211.11
1772474400,211.111,211.118,210.91,210.976
1772478000,210.974,211.113,210.939,211.03
1772481600,211.032,211.036,210.764,210.878
1772485200,210.882,211.06,210.824,210.946
1772488800,211.048,211.051,210.838,210.97
1772492400,210.97,211.002,210.778,210.871
1772496000,210.874,211.217,210.75,211.216
1772499600,211.215,211.366,210.911,210.92
1772503200,210.918,210.955,210.698,210.794
1772506800,210.797,210.874,210.671,210.75
1772510400,210.752,210.779,210.647,210.658
1772514000,210.666,210.762,210.308,210.338
1772517600,210.337,210.388,210.014,210.075
1772521200,210.078,210.086,209.771,209.924
1772524800,209.935,210.046,209.532,209.56
1772528400,209.558,209.758,209.452,209.676
1772532000,209.674,209.922,209.642,209.696
1772535600,209.695,209.915,209.43,209.608
1772539200,209.61,210.119,209.56,210.019
1772542800,210.018,210.098,209.764,209.897
1772546400,209.897,210.18,209.508,209.52
1772550000,209.519,210.064,209.226,209.962
1772553600,209.958,210.218,209.913,210.174
1772557200,210.174,210.388,209.946,210.286
1772560800,210.288,210.536,210.259,210.526
1772564400,210.526,210.626,210.392,210.574
1772568000,210.575,210.683,210.481,210.668
1772571600,210.666,210.748,210.611,210.625
1772575200,210.423,210.536,210.343,210.41
1772578800,210.416,210.698,210.411,210.643
1772582400,210.65,210.686,209.975,210.002
1772586000,210.004,210.198,209.8,209.996
1772589600,209.995,210.178,209.944,210.082
1772593200,210.082,210.122,209.872,209.97
1772596800,209.962,209.98,209.497,209.508
1772600400,209.508,209.921,209.5,209.848
1772604000,209.864,210.042,209.736,209.91
1772607600,209.921,210.457,209.81,210.364
1772611200,210.36,210.388,209.96,209.964
1772614800,209.96,210.336,209.858,210.034
1772618400,210.032,210.456,210.006,210.427
1772622000,210.428,210.57,210.15,210.332
1772625600,210.334,210.347,209.978,210.048
1772629200,210.052,210.31,210.014,210.192
1772632800,210.192,210.491,210.082,210.124
1772636400,210.125,210.399,209.966,209.985
1772640000,209.988,210.058,209.726,209.791
1772643600,209.792,209.822,209.491,209.738
1772647200,209.741,209.844,209.687,209.822
1772650800,209.821,209.997,209.76,209.99
1772654400,209.989,210.165,209.938,210.13
1772658000,210.13,210.156,209.962,210.012
1772661600,209.962,210.111,209.942,209.954
1772665200,209.954,210.011,209.87,209.873
1772668800,209.874,209.875,209.519,209.554
1772672400,209.553,209.715,209.364,209.551
1772676000,209.548,209.762,209.464,209.752
1772679600,209.748,209.778,209.342,209.447
1772683200,209.444,209.563,209.385,209.534
1772686800,209.538,209.62,209.28,209.291
1772690400,209.292,209.407,209.189,209.378
1772694000,209.379,209.818,209.379,209.812
1772697600,209.812,209.826,209.364,209.592
1772701200,209.592,209.927,209.548,209.885
1772704800,209.885,210.014,209.714,209.991
1772708400,209.992,210.266,209.964,210.202
1772712000,210.203,210.466,210.166,210.458
1772715600,210.455,210.572,210.346,210.546
1772719200,210.538,210.626,210.176,210.263
1772722800,210.266,210.282,209.896,209.996
1772726400,209.99,210.031,209.788,209.883
1772730000,209.891,210.318,209.852,210.202
1772733600,210.198,210.476,210.125,210.28
1772737200,210.278,210.32,210.186,210.208
1772740800,210.208,210.47,210.204,210.445
1772744400,210.446,210.488,210.362,210.466
1772748000,210.431,210.448,210.2,210.378
1772751600,210.377,210.507,210.289,210.449
1772755200,210.447,210.524,210.267,210.372
1772758800,210.374,210.574,210.354,210.48
1772762400,210.488,210.604,210.476,210.514
1772766000,210.512,210.602,210.474,210.593
1772769600,210.594,210.738,210.58,210.692
1772773200,210.694,210.906,210.685,210.822
1772776800,210.824,210.996,210.748,210.86
1772780400,210.86,210.904,210.59,210.62
1772784000,210.62,210.79,210.526,210.707
1772787600,210.706,210.718,210.268,210.338
1772791200,210.339,210.64,210.308,210.626
1772794800,210.625,210.657,210.366,210.376
1772798400,210.377,210.717,210.318,210.565
1772802000,210.566,210.944,210.504,210.581
1772805600,210.58,210.812,210.289,210.344
1772809200,210.344,210.906,210.322,210.528
1772812800,210.527,211.244,210.526,211.204
1772816400,211.205,211.363,211.146,211.25
1772820000,211.25,211.406,211.126,211.266
1772823600,211.264,211.368,211.241,211.342
1772827200,211.351,211.494,211.312,211.462
1772830800,211.456,211.68,211.348,211.637
1773003600,210.885,211.148,210.873,210.931
1773007200,210.93,211.144,210.771,210.85
1773010800,210.85,210.89,210.606,210.762
1773014400,210.764,211.054,210.662,211.01
1773018000,211.018,211.024,210.744,210.843
1773021600,210.843,211.207,210.843,211.156
1773025200,211.158,211.308,211.093,211.211
1773028800,211.212,211.392,211.039,211.068
1773032400,211.066,211.374,210.998,211.177
1773036000,211.178,211.356,211.072,211.156
1773039600,211.167,211.497,211.093,211.462
1773043200,211.464,211.492,211.038,211.283
1773046800,211.284,211.516,211.136,211.342
1773050400,211.34,211.486,211.234,211.464
1773054000,211.467,211.581,211.406,211.519
1773057600,211.517,211.788,211.461,211.736
1773061200,211.738,211.84,211.598,211.732
1773064800,211.734,211.946,211.496,211.882
1773068400,211.882,212.052,211.62,211.722
1773072000,211.72,211.967,211.716,211.764
1773075600,211.763,211.99,211.738,211.94
1773079200,211.942,212.082,211.94,212.017
1773082800,212.019,212.188,211.849,211.993
1773086400,211.996,212.106,211.788,211.945
1773090000,211.96,212.068,211.828,211.938
1773093600,211.996,212.071,211.932,211.979
1773097200,211.98,212.038,211.894,211.936
1773100800,211.936,212.028,211.706,211.732
1773104400,211.728,211.832,211.594,211.71
1773108000,211.71,211.824,211.674,211.817
1773111600,211.816,211.932,211.773,211.832
1773115200,211.832,211.88,211.745,211.816
1773118800,211.816,211.904,211.688,211.812
1773122400,211.812,212.02,211.74,211.91
1773126000,211.926,212.096,211.83,212.002
1773129600,211.995,212.267,211.968,212.253
1773133200,212.258,212.306,212.099,212.176
1773136800,212.176,212.298,212.143,212.207
1773140400,212.212,212.344,212.144,212.152
1773144000,212.151,212.278,212.072,212.128
1773147600,212.125,212.404,212.068,212.267
1773151200,212.268,212.39,212.176,212.368
1773154800,212.366,212.418,212.098,212.1
1773158400,212.1,212.214,212.017,212.14
1773162000,212.14,212.232,212.087,212.172
1773165600,212.171,212.234,211.988,211.998
1773169200,212,212.185,211.981,212.062
1773172800,212.064,212.106,211.997,212.078
1773176400,212.086,212.183,212.05,212.126
1773180000,212.108,212.168,212.041,212.156
1773183600,212.156,212.217,212.102,212.176
1773187200,212.176,212.529,212.134,212.47
1773190800,212.472,212.857,212.469,212.818
1773194400,212.818,212.892,212.764,212.851
1773198000,212.852,212.87,212.744,212.81
1773201600,212.81,212.895,212.714,212.724
1773205200,212.724,212.794,212.642,212.718
1773208800,212.72,212.72,212.369,212.492
1773212400,212.487,212.656,212.399,212.58
1773216000,212.581,212.694,212.437,212.686
1773219600,212.682,212.718,212.398,212.61
1773223200,212.61,212.886,212.565,212.834
1773226800,212.83,212.979,212.728,212.836
1773230400,212.835,212.918,212.456,212.526
1773234000,212.528,212.762,212.48,212.661
1773237600,212.658,213.077,212.634,213.016
1773241200,213.017,213.058,212.752,212.8
1773244800,212.801,213.043,212.764,213.001
1773248400,213,213.198,212.974,213.02
1773252000,213.02,213.224,213,213.209
1773255600,213.207,213.308,213.166,213.282
1773259200,213.282,213.286,213.168,213.209
1773262800,213.137,213.178,213.028,213.09
1773266400,213.126,213.162,212.87,212.882
1773270000,212.883,213.015,212.818,212.899
1773273600,212.897,213.034,212.746,212.758
1773277200,212.758,212.812,212.652,212.686
1773280800,212.688,212.782,212.618,212.673
1773284400,212.674,212.684,212.57,212.649
1773288000,212.641,212.706,212.622,212.636
1773291600,212.636,212.718,212.566,212.713
1773295200,212.714,212.752,212.58,212.632
1773298800,212.632,212.775,212.557,212.671
1773302400,212.678,212.686,212.494,212.572
1773306000,212.574,212.688,212.524,212.63
1773309600,212.629,212.638,212.468,212.566
1773313200,212.566,212.689,212.538,212.612
1773316800,212.614,212.658,212.442,212.573
1773320400,212.574,212.75,212.53,212.562
1773324000,212.562,212.706,212.514,212.622
1773327600,212.618,212.652,212.414,212.52
1773331200,212.52,212.702,212.447,212.515
1773334800,212.516,212.788,212.514,212.784
1773338400,212.784,212.874,212.67,212.687
1773342000,212.686,212.77,212.642,212.728
1773345600,212.73,212.762,212.624,212.64
1773349200,212.544,212.792,212.49,212.68
1773352800,212.718,212.78,212.555,212.63
1773356400,212.629,212.717,212.562,212.618
1773360000,212.62,212.702,212.434,212.601
1773363600,212.602,212.728,212.594,212.725
1773367200,212.726,212.822,212.634,212.679
1773370800,212.678,212.718,212.601,212.685
1773374400,212.688,212.882,212.576,212.648
1773378000,212.647,212.65,212.414,212.558
1773381600,212.563,212.568,212.227,212.296
1773385200,212.296,212.302,211.654,211.735
1773388800,211.732,211.732,211.288,211.29
1773392400,211.292,211.62,211.262,211.51
1773396000,211.51,211.624,211.316,211.374
1773399600,211.372,211.468,211.138,211.138
1773403200,211.136,211.528,211.1,211.46
1773406800,211.462,211.538,211.254,211.298
1773410400,211.294,211.444,211.137,211.254
1773414000,211.252,211.367,211.15,211.213
1773417600,211.211,211.394,211.188,211.394
1773421200,211.394,211.517,211.346,211.375
1773424800,211.376,211.482,211.32,211.413
1773428400,211.414,211.414,211.186,211.21
1773432000,211.21,211.254,211.077,211.224
1773608400,211.317,211.384,210.994,211.287
1773612000,211.294,211.379,211.151,211.202
1773615600,211.204,211.401,211.128,211.37
1773619200,211.362,211.426,211.18,211.288
1773622800,211.288,211.404,211.24,211.382
1773626400,211.39,211.568,211.361,211.518
1773630000,211.52,211.581,211.48,211.523
1773633600,211.52,211.594,211.434,211.44
1773637200,211.442,211.488,211.138,211.138
1773640800,211.14,211.211,210.95,211.07
1773644400,211.072,211.082,210.812,210.959
1773648000,210.958,211.182,210.91,211.175
1773651600,211.174,211.222,211.024,211.062
1773655200,211.058,211.355,211.046,211.33
1773658800,211.331,211.37,211.238,211.32
1773662400,211.319,211.373,211.211,211.296
1773666000,211.294,211.58,211.28,211.514
1773669600,211.512,211.674,211.392,211.622
1773673200,211.622,211.938,211.622,211.896
1773676800,211.898,211.95,211.724,211.878
1773680400,211.878,212.007,211.856,211.866
1773684000,211.867,211.994,211.859,211.936
1773687600,211.934,212.12,211.933,212.093
1773691200,212.096,212.108,211.834,211.836
1773694800,211.85,211.93,211.779,211.888
1773698400,211.884,211.902,211.784,211.84
1773702000,211.838,211.934,211.812,211.852
1773705600,211.852,211.952,211.808,211.934
1773709200,211.938,212.128,211.893,212.08
1773712800,212.074,212.146,212.04,212.052
1773716400,212.053,212.12,211.95,211.976
1773720000,211.972,212.03,211.91,211.966
1773723600,211.967,212.042,211.834,211.852
1773727200,211.856,211.885,211.638,211.788
1773730800,211.791,212.008,211.74,211.868
1773734400,211.868,212.087,211.658,212.076
1773738000,212.072,212.238,212.053,212.21
1773741600,212.206,212.276,211.986,212.019
1773745200,212.02,212.119,211.827,211.882
1773748800,211.884,212.087,211.845,212.034
1773752400,212.034,212.178,211.974,212.048
1773756000,212.048,212.256,212.025,212.154
1773759600,212.153,212.274,212.094,212.196
1773763200,212.194,212.224,212.025,212.151
1773766800,212.15,212.38,212.15,212.366
1773770400,212.367,212.44,212.334,212.424
1773774000,212.428,212.492,212.365,212.387
1773777600,212.385,212.425,212.348,212.36
1773781200,212.418,212.478,212.25,212.43
1773784800,212.404,212.42,212.304,212.38
1773788400,212.378,212.397,212.23,212.269
1773792000,212.27,212.498,212.14,212.386
1773795600,212.388,212.45,212.296,212.339
1773799200,212.336,212.35,212.152,212.198
1773802800,212.198,212.33,212.186,212.316
1773806400,212.314,212.339,212.175,212.234
1773810000,212.233,212.272,212.108,212.216
1773813600,212.216,212.228,212.044,212.158
1773817200,212.164,212.287,211.957,212.027
1773820800,212.03,212.253,212.005,212.208
1773824400,212.205,212.352,212.194,212.312
1773828000,212.315,212.432,212.258,212.372
1773831600,212.371,212.496,212.318,212.39
1773835200,212.392,212.452,212.221,212.298
1773838800,212.302,212.54,212.282,212.54
1773842400,212.542,212.64,212.197,212.448
1773846000,212.45,212.574,212.338,212.472
1773849600,212.469,212.664,212.444,212.659
1773853200,212.661,212.732,212.55,212.684
1773856800,212.682,212.688,212.269,212.274
1773860400,212.278,212.332,212.128,212.206
1773864000,212.206,212.239,211.904,211.95
1773867600,211.97,212.091,211.865,211.954
1773871200,211.948,212,211.808,211.858
1773874800,211.86,211.997,211.844,211.986
1773878400,211.992,212.276,211.972,212.274
1773882000,212.274,212.354,212.077,212.09
1773885600,212.09,212.252,211.998,212.152
1773889200,212.153,212.222,212.012,212.024
1773892800,212.022,212.022,211.836,211.905
1773896400,211.902,211.983,211.82,211.844
1773900000,211.852,212.006,211.771,211.852
1773903600,211.846,211.882,211.162,211.205
1773907200,211.203,211.309,210.852,210.974
1773910800,210.976,211.53,210.974,211.436
1773914400,211.436,211.466,211.25,211.305
1773918000,211.306,211.454,211.156,211.446
1773921600,211.428,211.708,211.279,211.337
1773925200,211.328,211.432,210.803,211.238
1773928800,211.241,211.654,211.104,211.654
1773932400,211.654,211.91,211.24,211.328
1773936000,211.329,211.472,211.176,211.298
1773939600,211.3,211.618,211.291,211.528
1773943200,211.528,211.654,211.48,211.614
1773946800,211.614,212.16,211.614,211.732
1773950400,211.733,211.89,211.678,211.816
1773954000,211.825,212.01,211.71,211.896
1773957600,211.896,212.008,211.864,211.969
1773961200,211.968,212.078,211.946,212.016
1773964800,212.024,212.078,211.811,211.916
1773968400,211.916,212.15,211.822,212.118
1773972000,212.12,212.366,212.12,212.318
1773975600,212.319,212.342,212.223,212.307
1773979200,212.306,212.346,212.272,212.275
1773982800,212.277,212.355,212.262,212.3
1773986400,212.301,212.397,212.282,212.326
1773990000,212.33,212.695,212.284,212.546
1773993600,212.544,212.778,212.54,212.655
1773997200,212.654,212.7,212.51,212.554
1774000800,212.554,212.58,212.275,212.353
1774004400,212.349,212.486,212.238,212.409
1774008000,212.41,212.626,212.296,212.36
1774011600,212.36,212.44,212.19,212.314
1774015200,212.315,212.347,211.764,211.772
1774018800,211.774,212.238,211.758,211.84
1774022400,211.838,212.244,211.83,212.198
1774026000,212.2,212.423,212.189,212.356
1774029600,212.359,212.608,212.347,212.358
1774033200,212.36,212.52,212.228,212.413
1774036800,212.412,212.536,212.391,212.434
1774213200,212.152,212.236,211.851,211.993
1774216800,212.019,212.308,211.985,212.246
1774220400,212.244,212.296,212.11,212.218
1774224000,212.22,212.455,212.025,212.455
1774227600,212.456,212.75,212.418,212.635
1774231200,212.64,212.704,212.426,212.486
1774234800,212.486,212.586,212.264,212.316
1774238400,212.317,212.421,212.257,212.382
1774242000,212.384,212.43,212.227,212.254
1774245600,212.256,212.278,211.926,211.94
1774249200,211.94,212.234,211.861,212.09
1774252800,212.089,212.608,212.077,212.194
1774256400,212.201,212.274,211.668,211.706
1774260000,211.706,211.829,211.586,211.706
1774263600,211.707,213.034,211.632,212.286
1774267200,212.284,212.884,212.188,212.871
1774270800,212.874,212.91,212.438,212.578
1774274400,212.577,213.31,212.436,212.986
1774278000,212.985,213.102,212.414,212.42
1774281600,212.418,212.792,212.382,212.654
1774285200,212.658,212.787,212.558,212.699
1774288800,212.699,212.748,212.504,212.679
1774292400,212.678,212.808,212.632,212.78
1774296000,212.776,212.838,212.666,212.716
1774299600,212.853,212.878,212.637,212.756
1774303200,212.73,212.75,212.63,212.688
1774306800,212.687,212.792,212.614,212.776
1774310400,212.774,212.816,212.362,212.508
1774314000,212.508,212.533,212.289,212.42
1774317600,212.42,212.66,212.392,212.63
1774321200,212.632,212.718,212.536,212.679
1774324800,212.68,212.7,212.527,212.642
1774328400,212.64,212.656,212.472,212.544
1774332000,212.545,212.774,212.537,212.72
1774335600,212.718,212.989,212.718,212.87
1774339200,212.874,212.874,212.259,212.448
1774342800,212.444,212.632,212.382,212.61
1774346400,212.613,212.76,212.588,212.74
1774350000,212.744,212.848,212.562,212.704
1774353600,212.714,212.812,212.57,212.696
1774357200,212.695,212.702,212.41,212.441
1774360800,212.447,212.884,212.414,212.686
1774364400,212.682,212.73,212.492,212.63
1774368000,212.63,212.736,212.566,212.688
1774371600,212.687,212.81,212.492,212.808
1774375200,212.808,212.839,212.646,212.763
1774378800,212.762,212.82,212.694,212.768
1774382400,212.774,212.936,212.656,212.848
1774386000,212.786,212.892,212.582,212.864
1774389600,212.855,212.944,212.78,212.932
1774393200,212.928,212.993,212.887,212.912
1774396800,212.912,213.202,212.874,213.045
1774400400,213.048,213.122,212.908,212.918
1774404000,212.918,212.959,212.808,212.844
1774407600,212.844,212.88,212.76,212.779
1774411200,212.779,212.939,212.744,212.772
1774414800,212.772,212.83,212.643,212.661
1774418400,212.664,212.892,212.644,212.788
1774422000,212.787,213.132,212.757,213.1
1774425600,213.098,213.214,212.853,212.884
1774429200,212.883,212.976,212.776,212.858
1774432800,212.858,213.122,212.858,213.078
1774436400,213.077,213.176,213.058,213.102
1774440000,213.103,213.216,212.918,212.998
1774443600,212.996,213.052,212.766,212.811
1774447200,212.814,212.958,212.654,212.89
1774450800,212.89,213.006,212.674,212.88
1774454400,212.88,213.084,212.76,213.058
1774458000,213.058,213.202,213.017,213.158
1774461600,213.156,213.182,213.01,213.084
1774465200,213.085,213.165,213.06,213.144
1774468800,213.142,213.162,213.046,213.138
1774472400,213.162,213.186,213.006,213.054
1774476000,213.048,213.089,212.998,212.999
1774479600,213,213.05,212.95,213
1774483200,213.001,213.086,212.915,213.039
1774486800,213.038,213.119,212.998,213.102
1774490400,213.103,213.117,212.932,212.988
1774494000,212.988,213.127,212.934,213.109
1774497600,213.108,213.12,213.03,213.094
1774501200,213.094,213.106,212.96,213
1774504800,213,213.103,212.9,212.921
1774508400,212.922,213.009,212.74,212.93
1774512000,212.93,212.942,212.704,212.938
1774515600,212.937,213.019,212.818,212.988
1774519200,212.986,213.091,212.931,212.983
1774522800,212.982,213.03,212.762,212.766
1774526400,212.769,212.865,212.717,212.804
1774530000,212.807,213.164,212.803,213.056
1774533600,213.054,213.314,213.02,213.186
1774537200,213.185,213.272,212.98,213.152
1774540800,213.153,213.188,212.932,212.948
1774544400,212.946,213.098,212.784,212.784
1774548000,212.784,212.928,212.765,212.914
1774551600,212.916,212.943,212.776,212.784
1774555200,212.786,213.092,212.736,212.991
1774558800,212.93,213.115,212.855,212.945
1774562400,212.948,213.007,212.916,212.952
1774566000,212.948,213,212.902,212.994
1774569600,212.992,213,212.598,212.754
1774573200,212.754,212.903,212.692,212.795
1774576800,212.802,212.91,212.796,212.844
1774580400,212.844,212.95,212.768,212.94
1774584000,212.94,212.995,212.852,212.984
1774587600,212.986,213.027,212.906,212.94
1774591200,212.943,213.054,212.909,213.033
1774594800,213.03,213.101,212.94,212.942
1774598400,212.946,212.982,212.725,212.81
1774602000,212.796,212.878,212.628,212.735
1774605600,212.733,212.814,212.68,212.724
1774609200,212.724,212.732,212.336,212.342
1774612800,212.341,212.373,212.232,212.346
1774616400,212.346,212.698,212.303,212.623
1774620000,212.625,212.936,212.61,212.85
1774623600,212.848,212.978,212.572,212.878
1774627200,212.88,213.008,212.576,212.626
1774630800,212.625,212.8,212.596,212.73
1774634400,212.731,212.802,212.651,212.66
1774638000,212.658,212.666,212.537,212.55
1774641600,212.549,212.718,212.524,212.606
1774818000,212.44,212.709,212.411,212.649
1774821600,212.574,212.709,212.307,212.353
1774825200,212.35,212.424,212.096,212.121
1774828800,212.122,212.144,211.878,211.88
1774832400,211.88,211.998,211.844,211.908
1774836000,211.911,211.952,211.762,211.926
1774839600,211.926,212.078,211.874,212.069
1774843200,212.068,212.068,211.914,212.02
1774846800,212.02,212.085,211.961,212.012
1774850400,212.008,212.116,211.929,212.006
1774854000,212.004,212.004,211.456,211.64
1774857600,211.635,211.658,211.284,211.346
1774861200,211.348,211.388,211.176,211.242
1774864800,211.241,211.332,211.088,211.146
1774868400,211.142,211.301,211.057,211.068
1774872000,211.065,211.079,210.798,210.82
1774875600,210.818,210.89,210.264,210.322
1774879200,210.321,210.645,210.248,210.553
1774882800,210.558,210.584,210.288,210.358
1774886400,210.358,210.382,210.207,210.314
1774890000,210.314,210.468,210.294,210.406
1774893600,210.404,210.54,210.336,210.47
1774897200,210.469,210.571,210.376,210.56
1774900800,210.56,210.624,210.464,210.606
1774904400,210.568,210.668,210.44,210.633
1774908000,210.642,210.65,210.566,210.614
1774911600,210.611,210.626,210.47,210.552
1774915200,210.548,211.064,210.428,211.053
1774918800,211.056,211.224,210.957,211.032
1774922400,211.036,211.044,210.796,210.826
1774926000,210.824,210.9,210.777,210.837
1774929600,210.836,210.862,210.654,210.656
1774933200,210.652,210.838,210.414,210.73
1774936800,210.724,210.938,210.633,210.93
1774940400,210.929,210.962,210.712,210.814
1774944000,210.812,210.966,210.726,210.834
1774947600,210.83,211.03,210.724,210.966
1774951200,210.966,211.01,210.834,210.844
1774954800,210.841,211.012,210.728,210.99
1774958400,210.989,211.208,210.949,210.956
1774962000,210.956,211.043,210.791,210.974
1774965600,210.979,211.057,209.632,209.822
1774969200,209.823,210.1,209.688,209.74
1774972800,209.738,210.212,209.71,210.072
1774976400,210.072,210.426,210.055,210.302
1774980000,210.3,210.418,210.137,210.166
1774983600,210.176,210.276,210.018,210.063
1774987200,210.064,210.101,209.913,209.97
1774990800,209.998,210.106,209.848,209.929
1774994400,209.924,210.02,209.882,209.958
1774998000,209.958,210,209.828,209.957
1775001600,209.957,210.346,209.897,210.272
1775005200,210.272,210.338,209.968,209.993
1775008800,209.992,210.118,209.982,210.085
1775012400,210.084,210.176,209.878,210.164
1775016000,210.167,210.324,210.152,210.207
1775019600,210.209,210.488,210.2,210.284
1775023200,210.284,210.525,210.216,210.311
1775026800,210.308,210.573,210.17,210.562
1775030400,210.568,210.778,210.503,210.668
1775034000,210.672,210.942,210.584,210.909
1775037600,210.906,211.16,210.776,210.792
1775041200,210.793,211.01,210.75,210.878
1775044800,210.878,210.96,210.699,210.87
1775048400,210.872,211.207,210.774,211.197
1775052000,211.2,211.306,210.91,211.255
1775055600,211.255,211.408,211.11,211.378
1775059200,211.376,211.433,211.232,211.426
1775062800,211.423,211.444,211.208,211.292
1775066400,211.29,211.307,211.05,211.209
1775070000,211.21,211.35,211.156,211.262
1775073600,211.262,211.311,211.159,211.243
1775077200,211.274,211.327,211.048,211.156
1775080800,211.148,211.224,210.99,211.01
1775084400,211.012,211.104,210.986,211.096
1775088000,211.097,211.268,210.989,211.188
1775091600,211.188,211.286,210.881,211.104
1775095200,211.104,211.178,210.962,211.138
1775098800,211.137,211.16,210.851,210.896
1775102400,210.897,210.938,210.85,210.874
1775106000,210.875,210.91,210.636,210.678
1775109600,210.67,210.75,210.348,210.736
1775113200,210.742,211.074,210.692,210.878
1775116800,210.878,210.95,210.674,210.768
1775120400,210.768,210.8,210.615,210.629
1775124000,210.626,210.632,210.476,210.534
1775127600,210.534,210.815,210.527,210.796
1775131200,210.798,210.966,210.767,210.91
1775134800,210.909,210.923,210.695,210.787
1775138400,210.784,211.026,210.588,211.017
1775142000,211.018,211.048,210.762,210.914
1775145600,210.915,211.049,210.778,211.02
1775149200,211.02,211.214,210.986,211.026
1775152800,211.028,211.159,211.026,211.058
1775156400,211.052,211.126,210.99,211.09
1775160000,211.094,211.096,210.993,211.094
1775163600,211.038,211.073,210.944,211.001
1775167200,211.012,211.046,210.958,210.988
1775170800,210.988,211.027,210.966,210.99
1775174400,210.99,211.207,210.93,211.205
1775178000,211.204,211.216,211.091,211.146
1775181600,211.146,211.198,211.108,211.188
1775185200,211.187,211.226,211.09,211.1
1775188800,211.104,211.14,211.012,211.114
1775192400,211.114,211.265,211.05,211.258
1775196000,211.258,211.282,211.182,211.246
1775199600,211.246,211.309,211.21,211.255
1775203200,211.256,211.306,211.18,211.272
1775206800,211.27,211.286,211.186,211.207
1775210400,211.208,211.226,211.137,211.186
1775214000,211.18,211.23,211.138,211.172
1775217600,211.175,211.188,210.681,210.888
1775221200,210.887,210.973,210.71,210.822
1775224800,210.824,210.831,210.692,210.706
1775228400,210.7,210.9,210.626,210.735
1775232000,210.733,210.741,210.635,210.661
1775235600,210.664,210.712,210.649,210.662
1775239200,210.662,210.686,210.546,210.596
1775242800,210.594,210.649,210.577,210.631
1775246400,210.636,210.853,210.437,210.797
1775422800,210.603,210.792,210.406,210.593
1775426400,210.616,210.728,210.415,210.636
1775430000,210.636,210.76,210.557,210.684
1775433600,210.686,210.844,210.678,210.824
1775437200,210.814,210.815,210.608,210.684
1775440800,210.685,210.895,210.656,210.796
1775444400,210.798,210.85,210.707,210.817
1775448000,210.818,210.845,210.762,210.838
1775451600,210.838,210.952,210.828,210.894
1775455200,210.892,211.072,210.828,210.992
1775458800,210.99,211.4,210.91,211.236
1775462400,211.236,211.322,211.156,211.176
1775466000,211.181,211.292,211.158,211.178
1775469600,211.182,211.298,211.171,211.2
1775473200,211.198,211.296,211.137,211.21
1775476800,211.214,211.253,211.11,211.145
1775480400,211.144,211.466,211.13,211.438
1775484000,211.442,211.548,211.296,211.429
1775487600,211.431,211.452,211.247,211.356
1775491200,211.358,211.411,211.298,211.331
1775494800,211.332,211.404,211.211,211.326
1775498400,211.328,211.412,211.274,211.386
1775502000,211.387,211.418,211.316,211.348
1775505600,211.35,211.4,211.332,211.38
1775509200,211.4,211.455,211.293,211.384
1775512800,211.396,211.396,211.268,211.308
1775516400,211.308,211.35,211.278,211.338
1775520000,211.34,211.504,211.32,211.476
1775523600,211.476,211.523,211.336,211.362
1775527200,211.362,211.384,211.238,211.314
1775530800,211.314,211.406,211.303,211.384
1775534400,211.383,211.422,211.324,211.38
1775538000,211.38,211.438,211.252,211.392
1775541600,211.394,211.692,211.336,211.66
1775545200,211.658,211.682,211.418,211.562
1775548800,211.563,211.884,211.526,211.856
1775552400,211.856,211.862,211.739,211.77
1775556000,211.768,211.796,211.474,211.606
1775559600,211.606,211.72,211.568,211.714
1775563200,211.718,211.87,211.658,211.722
1775566800,211.721,211.848,211.573,211.724
1775570400,211.724,211.996,211.68,211.894
1775574000,211.892,211.954,211.7,211.7
1775577600,211.7,211.887,211.684,211.884
1775581200,211.886,211.954,211.86,211.919
1775584800,211.918,211.942,211.87,211.932
1775588400,211.933,212.13,211.906,212.048
1775592000,212.048,212.31,212.028,212.19
1775595600,212.142,212.308,212.092,212.258
1775599200,212.241,212.589,212.172,212.526
1775602800,212.53,212.8,212.396,212.704
1775606400,212.702,212.714,212.242,212.46
1775610000,212.462,212.66,212.325,212.342
1775613600,212.339,212.46,212.204,212.318
1775617200,212.315,212.34,212.146,212.298
1775620800,212.295,212.542,212.274,212.448
1775624400,212.454,212.768,212.421,212.626
1775628000,212.632,212.666,212.312,212.469
1775631600,212.468,212.538,212.322,212.396
1775635200,212.394,212.678,212.278,212.664
1775638800,212.664,212.806,212.548,212.772
1775642400,212.774,212.986,212.762,212.956
1775646000,212.952,213.158,212.94,213.108
1775649600,213.106,213.14,212.89,212.902
1775653200,212.9,213.002,212.726,212.848
1775656800,212.847,212.996,212.676,212.866
1775660400,212.866,212.934,212.702,212.854
1775664000,212.853,212.864,212.637,212.676
1775667600,212.672,212.705,212.557,212.65
1775671200,212.652,212.682,212.454,212.492
1775674800,212.494,212.61,212.435,212.551
1775678400,212.55,212.584,212.382,212.408
1775682000,212.398,212.614,212.398,212.509
1775685600,212.466,212.488,212.386,212.459
1775689200,212.458,212.558,212.442,212.481
1775692800,212.482,212.745,212.43,212.732
1775696400,212.732,212.743,212.619,212.695
1775700000,212.696,212.774,212.616,212.616
1775703600,212.616,212.686,212.568,212.654
1775707200,212.656,212.764,212.608,212.695
1775710800,212.697,212.756,212.668,212.711
1775714400,212.715,212.761,212.642,212.694
1775718000,212.696,212.918,212.67,212.914
1775721600,212.914,213.161,212.818,213.122
1775725200,213.123,213.231,213.077,213.099
1775728800,213.098,213.233,213.082,213.132
1775732400,213.128,213.398,213.102,213.382
1775736000,213.38,213.406,213.288,213.32
1775739600,213.318,213.52,213.248,213.508
1775743200,213.508,213.621,213.435,213.548
1775746800,213.548,213.792,213.49,213.557
1775750400,213.551,213.558,213.386,213.454
1775754000,213.453,213.61,213.451,213.562
1775757600,213.564,213.616,213.47,213.599
1775761200,213.601,213.852,213.585,213.758
1775764800,213.759,213.79,213.575,213.636
1775768400,213.534,213.648,213.534,213.558
1775772000,213.558,213.649,213.558,213.617
1775775600,213.614,213.712,213.588,213.654
1775779200,213.654,213.758,213.635,213.706
1775782800,213.706,213.746,213.563,213.563
1775786400,213.564,213.686,213.552,213.664
1775790000,213.666,213.692,213.628,213.644
1775793600,213.646,213.714,213.638,213.656
1775797200,213.654,213.714,213.622,213.712
1775800800,213.718,213.784,213.673,213.711
1775804400,213.71,213.852,213.692,213.712
1775808000,213.716,213.83,213.695,213.818
1775811600,213.824,214.078,213.744,213.998
1775815200,213.998,214.084,213.91,213.92
1775818800,213.918,214.031,213.902,214.008
1775822400,214.008,214.214,213.992,214.198
1775826000,214.199,214.418,214.176,214.284
1775829600,214.286,214.466,214.144,214.206
1775833200,214.206,214.397,214.108,214.294
1775836800,214.294,214.404,214.254,214.318
1775840400,214.319,214.436,214.308,214.38
1775844000,214.381,214.554,214.351,214.546
1775847600,214.542,214.582,214.509,214.558
1775851200,214.554,214.586,214.344,214.386
1776027600,213.744,214.039,213.67,213.997
1776031200,213.984,214.123,213.901,214.061
1776034800,214.058,214.086,213.77,213.878
1776038400,213.881,214.176,213.818,214.046
1776042000,214.045,214.141,214.004,214.032
1776045600,214.034,214.124,213.982,214.084
1776049200,214.084,214.114,214.034,214.046
1776052800,214.046,214.168,214.024,214.114
1776056400,214.114,214.14,214.027,214.07
1776060000,214.07,214.192,214.009,214.157
1776063600,214.158,214.434,214.14,214.382
1776067200,214.383,214.47,214.316,214.461
1776070800,214.462,214.544,214.426,214.512
1776074400,214.514,214.556,214.394,214.544
1776078000,214.544,214.7,214.44,214.494
1776081600,214.496,214.663,214.448,214.636
1776085200,214.635,214.887,214.618,214.64
1776088800,214.64,214.873,214.568,214.794
1776092400,214.796,214.99,214.742,214.984
1776096000,214.981,215.04,214.91,214.946
1776099600,214.946,215.054,214.885,215.026
1776103200,215.026,215.238,214.932,215.218
1776106800,215.212,215.267,215.11,215.251
1776110400,215.25,215.379,215.25,215.34
1776114000,215.313,215.318,215.146,215.19
1776117600,215.19,215.37,215.188,215.325
1776121200,215.326,215.334,215.159,215.204
1776124800,215.205,215.264,215.06,215.114
1776128400,215.113,215.164,214.913,215.029
1776132000,215.03,215.082,214.939,214.985
1776135600,214.983,215.045,214.923,215.045
1776139200,215.048,215.081,214.954,214.998
1776142800,215,215.127,214.926,215.102
1776146400,215.102,215.328,215.099,215.229
1776150000,215.228,215.292,215.162,215.253
1776153600,215.25,215.381,215.205,215.344
1776157200,215.346,215.484,215.102,215.296
1776160800,215.295,215.412,215.188,215.362
1776164400,215.362,215.546,215.354,215.492
1776168000,215.496,215.7,215.46,215.647
1776171600,215.645,215.788,215.534,215.776
1776175200,215.776,215.786,215.469,215.692
1776178800,215.694,215.718,215.444,215.514
1776182400,215.512,215.528,215.442,215.502
1776186000,215.502,215.546,215.388,215.413
1776189600,215.414,215.448,215.342,215.407
1776193200,215.408,215.536,215.396,215.471
1776196800,215.472,215.532,215.418,215.44
1776200400,215.464,215.494,215.368,215.477
1776204000,215.464,215.518,215.39,215.517
1776207600,215.518,215.647,215.516,215.574
1776211200,215.575,215.602,215.476,215.562
1776214800,215.565,215.741,215.565,215.634
1776218400,215.635,215.724,215.572,215.656
1776222000,215.656,215.72,215.61,215.675
1776225600,215.674,215.723,215.646,215.704
1776229200,215.706,215.791,215.592,215.64
1776232800,215.642,215.69,215.522,215.634
1776236400,215.633,215.703,215.476,215.51
1776240000,215.512,215.514,215.192,215.374
1776243600,215.375,215.43,215.252,215.419
1776247200,215.418,215.493,215.302,215.376
1776250800,215.378,215.574,215.32,215.556
1776254400,215.555,215.686,215.538,215.672
1776258000,215.67,215.756,215.578,215.601
1776261600,215.602,215.832,215.569,215.726
1776265200,215.726,215.805,215.668,215.75
1776268800,215.748,215.835,215.483,215.662
1776272400,215.657,215.909,215.647,215.902
1776276000,215.904,215.911,215.808,215.862
1776279600,215.858,215.878,215.726,215.74
1776283200,215.74,215.745,215.553,215.592
1776286800,215.675,215.692,215.48,215.599
1776290400,215.565,215.574,215.496,215.556
1776294000,215.556,215.593,215.484,215.566
1776297600,215.565,215.58,215.417,215.462
1776301200,215.46,215.471,215.372,215.416
1776304800,215.416,215.577,215.355,215.364
1776308400,215.363,215.507,215.122,215.502
1776312000,215.502,215.563,215.458,215.481
1776315600,215.481,215.577,215.368,215.576
1776319200,215.582,215.738,215.503,215.58
1776322800,215.586,215.64,215.385,215.406
1776326400,215.406,215.568,215.394,215.433
1776330000,215.434,215.472,215.258,215.323
1776333600,215.322,215.4,215.25,215.381
1776337200,215.378,215.424,215.298,215.341
1776340800,215.34,215.564,215.262,215.55
1776344400,215.55,215.649,215.408,215.61
1776348000,215.61,215.628,215.166,215.354
1776351600,215.356,215.457,215.292,215.36
1776355200,215.362,215.418,215.311,215.354
1776358800,215.354,215.466,215.342,215.397
1776362400,215.398,215.467,215.349,215.444
1776366000,215.444,215.465,215.282,215.358
1776369600,215.356,215.367,215.264,215.276
1776373200,215.33,215.384,215.209,215.288
1776376800,215.29,215.358,215.198,215.316
1776380400,215.314,215.368,215.291,215.337
1776384000,215.34,215.484,215.261,215.43
1776387600,215.436,215.502,215.336,215.4
1776391200,215.4,215.508,215.4,215.466
1776394800,215.466,215.598,215.438,215.584
1776398400,215.585,215.664,215.54,215.644
1776402000,215.645,215.696,215.573,215.609
1776405600,215.608,215.608,215.254,215.284
1776409200,215.283,215.506,215.246,215.43
1776412800,215.432,215.443,215.253,215.335
1776416400,215.336,215.46,215.15,215.21
1776420000,215.207,215.318,215.192,215.247
1776423600,215.248,215.456,215.202,215.358
1776427200,215.36,215.39,215.149,215.182
1776430800,215.17,215.206,214.644,214.724
1776434400,214.724,214.746,214.006,214.199
1776438000,214.203,214.44,214.108,214.303
1776441600,214.298,214.36,214.105,214.211
1776445200,214.21,214.386,214.204,214.344
1776448800,214.344,214.478,214.32,214.452
1776452400,214.451,214.496,214.339,214.368
1776456000,214.368,214.482,214.346,214.414
1776632400,214.226,214.302,214.178,214.262
1776636000,214.262,214.484,214.197,214.468
1776639600,214.468,214.624,214.422,214.586
1776643200,214.586,214.728,214.426,214.584
1776646800,214.584,214.604,214.42,214.431
1776650400,214.43,214.548,214.429,214.522
1776654000,214.522,214.602,214.474,214.591
1776657600,214.592,214.659,214.54,214.598
1776661200,214.592,214.624,214.431,214.452
1776664800,214.446,214.62,214.326,214.576
1776668400,214.572,214.762,214.502,214.65
1776672000,214.654,214.698,214.544,214.592
1776675600,214.592,214.87,214.515,214.837
1776679200,214.836,214.861,214.708,214.808
1776682800,214.809,214.878,214.729,214.742
1776686400,214.742,214.772,214.652,214.747
1776690000,214.75,214.814,214.544,214.683
1776693600,214.684,214.762,214.586,214.644
1776697200,214.644,214.862,214.601,214.845
1776700800,214.842,214.922,214.752,214.792
1776704400,214.792,214.882,214.784,214.881
1776708000,214.881,215.062,214.836,215.038
1776711600,215.036,215.074,214.94,214.954
1776715200,214.954,215.104,214.916,214.944
1776718800,214.929,214.966,214.843,214.844
1776722400,214.822,214.972,214.806,214.962
1776726000,214.961,214.986,214.921,214.943
1776729600,214.944,215.039,214.918,214.974
1776733200,214.976,215.036,214.95,214.978
1776736800,214.977,215.029,214.892,214.93
1776740400,214.93,214.936,214.866,214.916
1776744000,214.918,214.928,214.822,214.836
1776747600,214.838,214.918,214.784,214.802
1776751200,214.803,215,214.714,214.72
1776754800,214.718,214.906,214.712,214.799
1776758400,214.798,215.007,214.606,214.944
1776762000,214.948,215.014,214.877,214.967
1776765600,214.968,215.099,214.954,215.086
1776769200,215.084,215.234,215.002,215.012
1776772800,215.01,215.219,214.992,215.134
1776776400,215.135,215.186,215.062,215.178
1776780000,215.18,215.413,215.13,215.308
1776783600,215.31,215.422,215.212,215.356
1776787200,215.356,215.406,215.23,215.248
1776790800,215.248,215.319,215.078,215.176
1776794400,215.175,215.227,215.034,215.21
1776798000,215.21,215.248,215.072,215.186
1776801600,215.188,215.348,215.138,215.348
1776805200,215.258,215.332,215.146,215.224
1776808800,215.256,215.278,215.195,215.252
1776812400,215.255,215.368,215.24,215.31
1776816000,215.313,215.368,215.168,215.202
1776819600,215.201,215.23,215.12,215.174
1776823200,215.173,215.253,215.166,215.229
1776826800,215.228,215.363,215.212,215.296
1776830400,215.296,215.319,215.206,215.23
1776834000,215.23,215.364,215.217,215.358
1776837600,215.35,215.36,215.099,215.104
1776841200,215.108,215.415,215.093,215.379
1776844800,215.379,215.607,215.358,215.592
1776848400,215.592,215.662,215.421,215.439
1776852000,215.44,215.442,215.276,215.303
1776855600,215.301,215.305,214.99,215.034
1776859200,215.034,215.076,214.926,215.048
1776862800,215.048,215.264,215.007,215.182
1776866400,215.184,215.262,215.13,215.172
1776870000,215.172,215.396,215.11,215.38
1776873600,215.38,215.428,215.266,215.409
1776877200,215.409,215.541,215.404,215.431
1776880800,215.434,215.46,215.374,215.39
1776884400,215.392,215.462,215.354,215.447
1776888000,215.448,215.471,215.313,215.35
1776891600,215.382,215.416,215.262,215.361
1776895200,215.322,215.349,215.272,215.324
1776898800,215.327,215.342,215.272,215.31
1776902400,215.316,215.365,215.157,215.236
1776906000,215.238,215.28,215.151,215.162
1776909600,215.164,215.294,215.144,215.17
1776913200,215.17,215.182,215.072,215.159
1776916800,215.159,215.272,215.126,215.238
1776920400,215.239,215.29,215.224,215.27
1776924000,215.271,215.472,215.188,215.406
1776927600,215.414,215.513,215.236,215.29
1776931200,215.29,215.692,215.264,215.663
1776934800,215.66,215.736,215.49,215.647
1776938400,215.649,215.7,215.361,215.372
1776942000,215.372,215.582,215.356,215.494
1776945600,215.49,215.494,215.134,215.135
1776949200,215.134,215.466,215.092,215.395
1776952800,215.394,215.545,215.312,215.354
1776956400,215.354,215.356,215.12,215.146
1776960000,215.144,215.16,215.046,215.138
1776963600,215.14,215.163,214.953,215.054
1776967200,215.053,215.092,215.026,215.08
1776970800,215.082,215.106,215.044,215.077
1776974400,215.078,215.14,215.032,215.132
1776978000,215.054,215.15,214.964,215.055
1776981600,215.065,215.108,215.014,215.09
1776985200,215.09,215.178,215.057,215.129
1776988800,215.132,215.214,215.09,215.206
1776992400,215.208,215.24,215.159,215.234
1776996000,215.236,215.26,215.042,215.063
1776999600,215.06,215.112,215.038,215.084
1777003200,215.082,215.112,215.012,215.106
1777006800,215.107,215.164,215.078,215.15
1777010400,215.152,215.195,214.957,215.008
1777014000,215.007,215.224,214.949,215.188
1777017600,215.188,215.336,215.12,215.248
1777021200,215.249,215.409,215.224,215.382
1777024800,215.383,215.49,215.324,215.409
1777028400,215.408,215.435,215.102,215.15
1777032000,215.152,215.428,215.09,215.416
1777035600,215.418,215.428,215.248,215.412
1777039200,215.41,215.455,215.25,215.346
1777042800,215.346,215.464,215.268,215.376
1777046400,215.376,215.5,215.324,215.464
1777050000,215.464,215.554,215.424,215.522
1777053600,215.524,215.687,215.515,215.679
1777057200,215.678,215.746,215.654,215.736
1777060800,215.736,215.777,215.596,215.596
1777237200,215.534,215.622,215.457,215.592
1777240800,215.562,215.732,215.535,215.628
1777244400,215.628,215.701,215.598,215.652
1777248000,215.654,215.668,215.541,215.646
1777251600,215.646,215.708,215.574,215.638
1777255200,215.64,215.692,215.601,215.672
1777258800,215.67,215.75,215.652,215.67
1777262400,215.668,215.668,215.574,215.624
1777266000,215.624,215.762,215.586,215.74
1777269600,215.742,215.758,215.564,215.578
1777273200,215.576,215.71,215.523,215.674
1777276800,215.676,215.75,215.596,215.712
1777280400,215.714,215.8,215.646,215.76
1777284000,215.761,215.86,215.736,215.813
1777287600,215.816,215.847,215.716,215.84
1777291200,215.839,216.058,215.73,215.73
1777294800,215.74,215.812,215.542,215.715
1777298400,215.717,215.896,215.688,215.822
1777302000,215.822,215.878,215.758,215.871
1777305600,215.87,215.974,215.832,215.86
1777309200,215.86,215.872,215.754,215.792
1777312800,215.791,215.824,215.712,215.772
1777316400,215.772,215.788,215.718,215.728
1777320000,215.73,215.766,215.71,215.754
1777323600,215.888,215.91,215.738,215.816
1777327200,215.82,215.82,215.733,215.784
1777330800,215.785,215.84,215.715,215.746
1777334400,215.748,215.83,215.682,215.802
1777338000,215.798,215.821,215.702,215.77
1777341600,215.784,215.789,215.666,215.702
1777345200,215.704,215.758,215.175,215.266
1777348800,215.266,215.268,215.14,215.248
1777352400,215.248,215.286,215.138,215.204
1777356000,215.202,215.248,214.952,215.202
1777359600,215.2,215.582,215.114,215.524
1777363200,215.525,215.684,215.373,215.38
1777366800,215.38,215.42,215.194,215.276
1777370400,215.279,215.372,215.224,215.258
1777374000,215.258,215.38,215.108,215.171
1777377600,215.167,215.301,215.05,215.159
1777381200,215.16,215.371,215.118,215.274
1777384800,215.274,215.589,215.216,215.586
1777388400,215.592,215.634,215.524,215.566
1777392000,215.564,215.652,215.492,215.64
1777395600,215.638,215.696,215.595,215.666
1777399200,215.667,215.771,215.655,215.765
1777402800,215.764,215.813,215.714,215.805
1777406400,215.805,215.836,215.76,215.774
1777410000,215.674,215.838,215.607,215.697
1777413600,215.7,215.81,215.688,215.768
1777417200,215.769,215.815,215.746,215.788
1777420800,215.783,215.843,215.74,215.786
1777424400,215.784,215.842,215.723,215.754
1777428000,215.764,215.816,215.662,215.687
1777431600,215.686,215.742,215.668,215.676
1777435200,215.674,215.756,215.668,215.721
1777438800,215.72,215.755,215.623,215.684
1777442400,215.685,215.712,215.49,215.548
1777446000,215.543,215.657,215.512,215.642
1777449600,215.619,215.735,215.539,215.7
1777453200,215.698,215.858,215.649,215.836
1777456800,215.838,215.909,215.784,215.86
1777460400,215.86,215.97,215.796,215.876
1777464000,215.879,216.012,215.855,215.978
1777467600,215.974,216.086,215.802,215.9
1777471200,215.904,216.193,215.802,216.166
1777474800,216.167,216.284,216.068,216.148
1777478400,216.146,216.266,216.098,216.117
1777482000,216.118,216.235,216.062,216.093
1777485600,216.102,216.183,215.897,216.033
1777489200,216.032,216.19,215.993,216.14
1777492800,216.14,216.26,216.084,216.218
1777496400,216.188,216.242,216.028,216.178
1777500000,216.157,216.194,216.088,216.128
1777503600,216.124,216.141,216.02,216.087
1777507200,216.092,216.204,215.985,216.146
1777510800,216.143,216.152,216.002,216.016
1777514400,216.02,216.11,215.996,216.06
1777518000,216.06,216.19,216.058,216.182
1777521600,216.182,216.194,216.012,216.099
1777525200,216.1,216.237,216.091,216.237
1777528800,216.236,216.472,216.159,216.401
1777532400,216.402,216.602,215.596,215.969
1777536000,215.969,216.084,215.029,215.206
1777539600,215.19,215.283,214.89,215.158
1777543200,215.158,215.164,212.32,212.645
1777546800,212.644,212.846,210.46,211.38
1777550400,211.381,212.162,211.221,211.916
1777554000,211.912,212.164,211.13,212.098
1777557600,212.098,212.98,211.937,212.813
1777561200,212.812,213.074,212.68,212.726
1777564800,212.726,212.813,212.538,212.6
1777568400,212.601,212.758,212.497,212.53
1777572000,212.531,212.803,212.498,212.75
1777575600,212.75,213.033,212.745,212.996
1777579200,212.993,213.102,212.962,213.054
1777582800,212.976,213.104,212.974,213.036
1777586400,213.04,213.22,213.04,213.121
1777590000,213.122,213.616,213.109,213.544
1777593600,213.542,213.963,213.522,213.692
1777597200,213.694,213.939,213.608,213.894
1777600800,213.887,214.006,213.808,213.938
1777604400,213.939,214.047,213.655,213.814
1777608000,213.815,213.864,213.691,213.813
1777611600,213.813,213.852,213.688,213.732
1777615200,213.734,213.778,211.81,212.283
1777618800,212.282,213.176,212.17,213.087
1777622400,213.087,213.155,212.695,212.935
1777626000,212.936,213.128,212.812,212.842
1777629600,212.839,213.08,212.834,213.066
1777633200,213.068,213.27,213.066,213.262
1777636800,213.269,213.486,213.2,213.437
1777640400,213.436,213.536,213.022,213.423
1777644000,213.427,213.661,213.34,213.394
1777647600,213.398,213.634,213.398,213.498
1777651200,213.5,213.546,213.372,213.427
1777654800,213.428,213.435,213.285,213.332
1777658400,213.332,213.393,213.124,213.266
1777662000,213.265,213.31,213.187,213.188
1777665600,213.186,213.266,213.052,213.248
1777842000,213.194,213.268,213.126,213.242
1777845600,213.202,213.208,213.034,213.132
1777849200,213.132,213.15,213.014,213.093
1777852800,213.094,213.214,213.081,213.19
1777856400,213.19,213.366,212.78,213.33
1777860000,213.332,213.571,213.32,213.461
1777863600,213.462,213.623,211.788,212.403
1777867200,212.406,213.038,212.326,212.968
1777870800,212.97,213.123,212.744,213.107
1777874400,213.102,213.248,213.022,213.12
1777878000,213.118,213.14,212.746,212.856
1777881600,212.855,212.898,212.78,212.84
1777885200,212.842,212.938,212.794,212.831
1777888800,212.832,212.914,212.559,212.821
1777892400,212.823,212.849,212.714,212.836
1777896000,212.836,213.072,212.798,213.041
1777899600,213.04,213.046,212.853,212.926
1777903200,212.924,213.116,212.868,212.916
1777906800,212.916,212.938,212.656,212.738
1777910400,212.739,212.798,212.538,212.615
1777914000,212.614,212.844,212.613,212.782
1777917600,212.779,212.818,211.92,212.18
1777921200,212.192,212.708,212.192,212.666
1777924800,212.665,212.794,212.648,212.79
1777928400,212.786,212.8,212.604,212.668
1777932000,212.686,212.778,212.65,212.707
1777935600,212.705,212.738,212.669,212.731
1777939200,212.732,212.78,212.618,212.629
1777942800,212.628,212.7,212.588,212.644
1777946400,212.645,212.729,212.622,212.658
1777950000,212.655,212.696,212.63,212.647
1777953600,212.648,212.749,212.584,212.588
1777957200,212.582,212.664,212.56,212.63
1777960800,212.626,212.83,212.56,212.748
1777964400,212.756,212.894,212.738,212.87
1777968000,212.87,213.095,212.86,212.992
1777971600,212.991,213.726,212.828,213.308
1777975200,213.305,213.534,213.276,213.506
1777978800,213.508,213.635,213.438,213.604
1777982400,213.606,213.72,213.454,213.686
1777986000,213.685,213.892,213.666,213.836
1777989600,213.822,213.993,213.784,213.884
1777993200,213.886,214.076,213.824,214.036
1777996800,214.038,214.06,213.892,213.901
1778000400,213.902,213.962,213.852,213.902
1778004000,213.901,213.984,213.878,213.905
1778007600,213.908,213.927,213.786,213.82
1778011200,213.82,213.834,213.752,213.762
1778014800,213.83,213.918,213.751,213.83
1778018400,213.822,213.892,213.7,213.834
1778022000,213.836,214.027,213.78,213.944
1778025600,213.948,213.974,213.872,213.935
1778029200,213.936,214.073,213.924,214.06
1778032800,214.06,214.153,214.035,214.131
1778036400,214.136,214.234,214,214.023
1778040000,214.022,214.075,210.765,211.904
1778043600,211.902,212.478,211.676,212.383
1778047200,212.382,212.536,212.35,212.52
1778050800,212.513,212.728,211.738,211.904
1778054400,211.898,212.63,211.855,212.542
1778058000,212.541,212.66,212.436,212.47
1778061600,212.47,212.58,212.26,212.41
1778065200,212.407,212.78,212.334,212.645
1778068800,212.648,212.778,212.57,212.722
1778072400,212.727,212.75,212.366,212.444
1778076000,212.446,212.649,212.392,212.61
1778079600,212.608,212.768,212.549,212.688
1778083200,212.686,212.732,212.43,212.488
1778086800,212.492,212.722,212.474,212.704
1778090400,212.704,212.714,212.571,212.621
1778094000,212.621,212.663,212.568,212.628
1778097600,212.628,212.658,212.49,212.558
1778101200,212.558,212.572,212.362,212.388
1778104800,212.362,212.568,212.362,212.544
1778108400,212.544,212.743,212.476,212.738
1778112000,212.739,212.748,212.434,212.482
1778115600,212.482,212.547,212.296,212.533
1778119200,212.532,212.694,212.483,212.683
1778122800,212.68,212.68,212.562,212.621
1778126400,212.616,212.656,212.553,212.616
1778130000,212.614,212.66,212.56,212.595
1778133600,212.588,212.628,212.434,212.558
1778137200,212.556,212.85,212.404,212.848
1778140800,212.849,212.963,212.712,212.954
1778144400,212.954,213.057,212.934,212.969
1778148000,212.966,213.124,212.944,213.017
1778151600,213.017,213.065,212.83,212.992
1778155200,212.99,213.056,212.888,212.916
1778158800,212.918,213.094,212.89,212.924
1778162400,212.924,213.041,212.864,212.977
1778166000,212.978,213.092,212.932,212.946
1778169600,212.95,213.03,212.866,212.936
1778173200,212.94,212.974,212.739,212.81
1778176800,212.808,212.95,212.721,212.866
1778180400,212.869,212.894,212.754,212.764
1778184000,212.764,212.84,212.626,212.648
1778187600,212.667,212.754,212.442,212.592
1778191200,212.599,212.682,212.52,212.55
1778194800,212.55,212.638,212.541,212.62
1778198400,212.623,212.75,212.572,212.71
1778202000,212.711,212.76,212.662,212.74
1778205600,212.739,212.823,212.676,212.686
1778209200,212.685,212.702,212.564,212.591
1778212800,212.59,212.861,212.545,212.77
1778216400,212.772,212.922,212.762,212.896
1778220000,212.897,213.074,212.858,213.073
1778223600,213.072,213.08,212.954,213.009
1778227200,213.004,213.335,212.984,213.33
1778230800,213.33,213.395,213.291,213.32
1778234400,213.324,213.402,213.23,213.258
1778238000,213.264,213.388,213.226,213.386
1778241600,213.386,213.398,213.192,213.252
1778245200,213.258,213.294,213.116,213.272
1778248800,213.268,213.443,213.193,213.412
1778252400,213.414,213.472,213.3,213.414
1778256000,213.412,213.488,213.345,213.382
1778259600,213.378,213.438,213.328,213.411
1778263200,213.408,213.498,213.392,213.452
1778266800,213.452,213.607,213.451,213.595
1778270400,213.596,213.709,213.548,213.608
1778446800,212.299,212.804,212.299,212.686
1778450400,212.68,213.232,212.674,213.222
1778454000,213.221,213.299,213.184,213.251
1778457600,213.252,213.495,213.236,213.423
1778461200,213.424,213.544,213.388,213.543
1778464800,213.542,213.656,213.51,213.571
1778468400,213.568,213.612,213.54,213.572
1778472000,213.574,213.581,213.364,213.398
1778475600,213.402,213.468,213.39,213.456
1778479200,213.456,213.562,213.331,213.502
1778482800,213.506,213.708,213.506,213.686
1778486400,213.684,213.808,213.618,213.764
1778490000,213.767,213.837,213.678,213.705
1778493600,213.703,213.717,213.478,213.538
1778497200,213.54,213.868,213.526,213.794
1778500800,213.796,213.87,213.696,213.856
1778504400,213.858,214.036,213.851,213.942
1778508000,213.943,214.138,213.876,214.136
1778511600,214.14,214.382,214.123,214.367
1778515200,214.366,214.425,214.298,214.384
1778518800,214.385,214.424,214.323,214.346
1778522400,214.345,214.36,214.228,214.254
1778526000,214.262,214.294,214.126,214.136
1778529600,214.137,214.152,213.95,213.992
1778533200,213.942,214.028,213.828,213.836
1778536800,213.846,213.937,213.826,213.908
1778540400,213.908,213.965,213.88,213.918
1778544000,213.918,214.022,213.88,213.999
1778547600,214,214.103,213.96,214.052
1778551200,214.054,214.204,214.044,214.182
1778554800,214.182,214.189,214.06,214.089
1778558400,214.09,214.156,214.046,214.077
1778562000,214.078,214.144,212.82,213.534
1778565600,213.538,213.639,213.264,213.36
1778569200,213.363,213.423,212.856,212.92
1778572800,212.923,213.313,212.748,213.26
1778576400,213.26,213.484,213.186,213.33
1778580000,213.328,213.493,213.216,213.232
1778583600,213.232,213.358,213.108,213.242
1778587200,213.244,213.365,213.01,213.286
1778590800,213.286,213.333,212.964,212.998
1778594400,212.994,213.349,212.989,213.176
1778598000,213.176,213.362,212.947,213.334
1778601600,213.331,213.404,213.195,213.252
1778605200,213.252,213.34,213.174,213.256
1778608800,213.256,213.303,213.14,213.258
1778612400,213.26,213.442,213.25,213.438
1778616000,213.421,213.442,213.372,213.426
1778619600,213.35,213.446,213.322,213.36
1778623200,213.358,213.422,213.341,213.393
1778626800,213.394,213.44,213.351,213.416
1778630400,213.418,213.526,213.358,213.488
1778634000,213.488,213.522,213.321,213.478
1778637600,213.478,213.526,213.418,213.444
1778641200,213.444,213.471,213.345,213.468
1778644800,213.468,213.492,213.416,213.462
1778648400,213.462,213.692,213.454,213.643
1778652000,213.65,213.702,213.356,213.44
1778655600,213.44,213.514,213.31,213.404
1778659200,213.404,213.55,213.337,213.428
1778662800,213.428,213.454,213.247,213.37
1778666400,213.37,213.391,212.973,213.166
1778670000,213.167,213.228,213.012,213.047
1778673600,213.044,213.164,212.886,212.938
1778677200,212.942,213.27,212.94,213.22
1778680800,213.219,213.378,213.183,213.33
1778684400,213.327,213.477,213.298,213.382
1778688000,213.382,213.452,213.298,213.348
1778691600,213.343,213.4,213.315,213.392
1778695200,213.392,213.453,213.361,213.448
1778698800,213.448,213.512,213.433,213.488
1778702400,213.486,213.568,213.454,213.524
1778706000,213.495,213.512,213.265,213.476
1778709600,213.432,213.54,213.426,213.48
1778713200,213.479,213.535,213.421,213.534
1778716800,213.53,213.584,213.494,213.574
1778720400,213.572,213.632,213.522,213.539
1778724000,213.538,213.622,213.532,213.568
1778727600,213.568,213.71,213.564,213.686
1778731200,213.688,213.688,213.14,213.569
1778734800,213.572,213.598,213.406,213.433
1778738400,213.429,213.599,213.415,213.524
1778742000,213.524,213.537,213.27,213.277
1778745600,213.278,213.48,213.264,213.48
1778749200,213.476,213.503,213.339,213.365
1778752800,213.366,213.474,213.342,213.402
1778756400,213.404,213.482,213.188,213.269
1778760000,213.268,213.49,213.216,213.385
1778763600,213.384,213.423,212.486,213.18
1778767200,213.184,213.363,213.098,213.26
1778770800,213.257,213.301,213.051,213.072
1778774400,213.067,213.084,212.493,212.628
1778778000,212.63,212.664,212.14,212.148
1778781600,212.147,212.149,211.884,212.058
1778785200,212.059,212.228,212.054,212.198
1778788800,212.198,212.285,212.156,212.253
1778792400,212.202,212.284,212.148,212.244
1778796000,212.246,212.274,212.186,212.214
1778799600,212.215,212.232,212.058,212.092
1778803200,212.094,212.105,211.908,212.039
1778806800,212.04,212.05,211.779,211.909
1778810400,211.908,212.05,211.865,212.032
1778814000,212.033,212.05,211.96,211.998
1778817600,211.994,211.998,211.812,211.837
1778821200,211.836,211.841,211.599,211.629
1778824800,211.629,211.904,211.484,211.524
1778828400,211.526,211.813,211.508,211.756
1778832000,211.764,211.778,211.436,211.614
1778835600,211.616,211.632,211.296,211.586
1778839200,211.59,212.067,211.59,211.938
1778842800,211.938,212.061,211.834,211.851
1778846400,211.853,211.853,211.532,211.751
1778850000,211.752,211.894,211.667,211.706
1778853600,211.708,211.954,211.632,211.632
1778857200,211.63,211.71,211.334,211.556
1778860800,211.562,211.626,211.378,211.568
1778864400,211.564,211.626,211.469,211.558
1778868000,211.558,211.59,211.404,211.424
1778871600,211.424,211.498,211.402,211.466
1778875200,211.467,211.589,211.402,211.553
1779051600,211.442,211.576,211.344,211.451
1779055200,211.413,211.628,211.358,211.46
1779058800,211.461,211.558,211.42,211.432
1779062400,211.43,211.563,211.384,211.524
1779066000,211.526,211.581,211.395,211.569
1779069600,211.568,211.59,211.462,211.493
1779073200,211.492,211.746,211.486,211.731
1779076800,211.731,211.818,211.504,211.699
1779080400,211.7,211.794,211.672,211.77
1779084000,211.767,212.24,211.74,212.216
1779087600,212.214,212.25,212.056,212.205
1779091200,212.204,212.562,212.156,212.469
1779094800,212.466,212.493,212.302,212.373
1779098400,212.374,212.454,212.119,212.13
1779102000,212.128,212.468,212.125,212.468
1779105600,212.469,212.72,212.454,212.572
1779109200,212.572,212.644,212.424,212.584
1779112800,212.582,212.866,212.57,212.752
1779116400,212.752,213.236,212.668,213.126
1779120000,213.124,213.553,213.094,213.44
1779123600,213.438,213.5,213.304,213.306
1779127200,213.308,213.327,213.176,213.199
1779130800,213.2,213.418,213.174,213.386
1779134400,213.385,213.453,213.31,213.404
1779138000,213.354,213.37,213.186,213.243
1779141600,213.228,213.392,213.214,213.382
1779145200,213.382,213.412,213.342,213.39
1779148800,213.39,213.482,213.342,213.386
1779152400,213.385,213.398,213.228,213.31
1779156000,213.306,213.311,213.198,213.272
1779159600,213.272,213.289,213.214,213.218
1779163200,213.218,213.24,213.134,213.156
1779166800,213.158,213.367,213.047,213.346
1779170400,213.344,213.35,213.091,213.154
1779174000,213.158,213.232,213.036,213.153
1779177600,213.152,213.178,213.001,213.135
1779181200,213.133,213.322,213.073,213.31
1779184800,213.313,213.419,213.192,213.301
1779188400,213.302,213.363,213.25,213.294
1779192000,213.292,213.514,212.856,213.27
1779195600,213.262,213.304,212.966,213.166
1779199200,213.166,213.199,212.91,213.037
1779202800,213.038,213.252,212.958,213.198
1779206400,213.2,213.209,212.653,212.813
1779210000,212.812,213.03,212.812,213.016
1779213600,213.014,213.182,213.014,213.081
1779217200,213.089,213.182,213.082,213.144
1779220800,213.145,213.217,213.077,213.088
1779224400,213.183,213.218,213.032,213.19
1779228000,213.176,213.176,213.098,213.119
1779231600,213.118,213.135,213.056,213.056
1779235200,213.052,213.144,212.872,212.888
1779238800,212.888,212.95,212.788,212.904
1779242400,212.904,212.941,212.76,212.813
1779246000,212.813,212.946,212.769,212.888
1779249600,212.89,212.962,212.839,212.886
1779253200,212.888,212.964,212.832,212.888
1779256800,212.898,213.01,212.637,212.82
1779260400,212.82,212.99,212.758,212.922
1779264000,212.926,213.008,212.786,212.834
1779267600,212.834,212.96,212.829,212.876
1779271200,212.876,213.031,212.84,213.008
1779274800,213.01,213.175,212.998,213.106
1779278400,213.108,213.176,213.027,213.046
1779282000,213.045,213.22,213.008,213.091
1779285600,213.09,213.461,213.008,213.408
1779289200,213.412,213.588,213.28,213.51
1779292800,213.508,213.601,213.468,213.506
1779296400,213.505,213.622,213.494,213.512
1779300000,213.512,213.584,213.488,213.527
1779303600,213.52,213.592,213.463,213.469
1779307200,213.47,213.561,213.454,213.523
1779310800,213.556,213.572,213.428,213.512
1779314400,213.497,213.512,213.412,213.445
1779318000,213.446,213.49,213.43,213.46
1779321600,213.46,213.522,213.391,213.474
1779325200,213.473,213.572,213.42,213.456
1779328800,213.458,213.486,213.293,213.433
1779332400,213.434,213.491,213.41,213.447
1779336000,213.445,213.573,213.435,213.562
1779339600,213.562,213.614,213.516,213.598
1779343200,213.592,213.704,213.59,213.694
1779346800,213.698,213.772,213.376,213.568
1779350400,213.574,213.829,213.508,213.598
1779354000,213.601,213.728,213.568,213.698
1779357600,213.696,213.784,213.46,213.621
1779361200,213.62,213.77,213.566,213.616
1779364800,213.614,213.666,213.469,213.496
1779368400,213.493,213.593,213.324,213.429
1779372000,213.428,213.5,213.32,213.462
1779375600,213.462,213.503,213.289,213.373
1779379200,213.37,213.402,213.312,213.384
1779382800,213.384,213.649,213.368,213.596
1779386400,213.596,213.712,213.498,213.581
1779390000,213.582,213.639,213.498,213.53
1779393600,213.531,213.614,213.494,213.512
1779397200,213.406,213.618,213.366,213.512
1779400800,213.509,213.576,213.499,213.57
1779404400,213.57,213.612,213.536,213.597
1779408000,213.596,213.636,213.509,213.575
1779411600,213.575,213.628,213.546,213.584
1779415200,213.582,213.599,213.489,213.522
1779418800,213.522,213.532,213.47,213.514
1779422400,213.514,213.634,213.496,213.623
1779426000,213.623,213.666,213.53,213.586
1779429600,213.586,213.597,213.472,213.578
1779433200,213.575,213.632,213.444,213.62
1779436800,213.623,213.739,213.548,213.583
1779440400,213.58,213.649,213.502,213.614
1779444000,213.617,213.683,213.544,213.58
1779447600,213.58,213.621,213.527,213.568
1779451200,213.565,213.74,213.496,213.73
1779454800,213.731,214.049,213.714,213.767
1779458400,213.767,213.797,213.556,213.725
1779462000,213.724,213.993,213.666,213.9
1779465600,213.899,214.012,213.878,213.984
1779469200,213.984,214.014,213.932,214
1779472800,214.003,214.013,213.954,213.988
1779476400,213.984,213.984,213.855,213.909
1779480000,213.909,213.937,213.786,213.825
1779656400,213.753,213.848,213.635,213.808
1779660000,213.81,214.242,213.81,214.241
1779663600,214.24,214.31,214.223,214.297
1779667200,214.296,214.303,214.161,214.182
1779670800,214.179,214.224,214.107,214.168
1779674400,214.168,214.188,214.07,214.084
1779678000,214.086,214.134,214.052,214.1
1779681600,214.101,214.23,214.09,214.197
1779685200,214.195,214.294,214.194,214.272
1779688800,214.272,214.33,214.192,214.301
1779692400,214.3,214.38,214.226,214.37
1779696000,214.371,214.444,214.291,214.436
1779699600,214.436,214.486,214.414,214.438
1779703200,214.44,214.47,214.394,214.438
1779706800,214.44,214.61,214.387,214.541
1779710400,214.54,214.614,214.52,214.532
1779714000,214.53,214.59,214.444,214.444
1779717600,214.444,214.572,214.422,214.554
1779721200,214.556,214.602,214.51,214.545
1779724800,214.548,214.597,214.514,214.575
1779728400,214.574,214.623,214.567,214.604
1779732000,214.604,214.635,214.591,214.634
1779735600,214.632,214.684,214.61,214.662
1779739200,214.664,214.684,214.647,214.674
1779742800,214.56,214.624,214.481,214.566
1779746400,214.588,214.652,214.575,214.603
1779750000,214.602,214.638,214.508,214.53
1779753600,214.531,214.546,214.426,214.52
1779757200,214.518,214.551,214.344,214.398
1779760800,214.398,214.428,214.35,214.376
1779764400,214.376,214.413,214.346,214.392
1779768000,214.39,214.396,214.322,214.355
1779771600,214.356,214.366,214.272,214.29
1779775200,214.294,214.48,214.268,214.426
1779778800,214.43,214.527,214.325,214.518
1779782400,214.517,214.646,214.492,214.538
1779786000,214.538,214.641,214.481,214.611
1779789600,214.612,214.666,214.528,214.613
1779793200,214.612,214.684,214.412,214.423
1779796800,214.422,214.548,214.39,214.432
1779800400,214.433,214.498,214.368,214.449
1779804000,214.45,214.512,214.274,214.286
1779807600,214.286,214.318,214.079,214.118
1779811200,214.122,214.231,214.087,214.132
1779814800,214.135,214.228,214.11,214.208
1779818400,214.208,214.226,214.158,214.221
1779822000,214.222,214.274,214.185,214.263
1779825600,214.261,214.326,214.192,214.226
1779829200,214.208,214.332,214.202,214.219
1779832800,214.214,214.262,214.204,214.217
1779836400,214.215,214.299,214.208,214.274
1779840000,214.274,214.356,214.198,214.318
1779843600,214.318,214.324,214.164,214.216
1779847200,214.215,214.268,214.192,214.202
1779850800,214.2,214.256,214.18,214.21
1779854400,214.208,214.268,214.2,214.252
1779858000,214.252,214.362,214.24,214.32
1779861600,214.318,214.377,214.255,214.37
1779865200,214.371,214.421,214.192,214.224
1779868800,214.228,214.408,214.198,214.329
1779872400,214.33,214.368,214.236,214.262
1779876000,214.257,214.274,214.147,214.227
1779879600,214.231,214.256,214.137,214.194
1779883200,214.198,214.378,214.134,214.262
1779886800,214.26,214.39,214.246,214.321
1779890400,214.32,214.484,214.01,214.046
1779894000,214.048,214.164,214.024,214.162
1779897600,214.158,214.232,214.084,214.222
1779901200,214.223,214.248,214.077,214.188
1779904800,214.188,214.24,214.14,214.216
1779908400,214.215,214.286,214.204,214.272
1779912000,214.272,214.286,214.182,214.202
1779915600,214.084,214.16,214.082,214.154
1779919200,214.142,214.216,214.138,214.18
1779922800,214.18,214.206,214.062,214.082
1779926400,214.082,214.124,213.984,214.022
1779930000,214.026,214.032,213.814,213.827
1779933600,213.83,213.884,213.816,213.836
1779937200,213.837,213.849,213.39,213.39
1779940800,213.39,213.505,213.332,213.478
1779944400,213.478,213.724,213.424,213.69
1779948000,213.688,213.829,213.664,213.784
1779951600,213.782,213.89,213.729,213.744
1779955200,213.746,213.781,213.624,213.702
1779958800,213.702,213.749,213.534,213.556
1779962400,213.556,213.56,213.426,213.512
1779966000,213.514,213.834,213.507,213.786
1779969600,213.785,213.894,213.712,213.89
1779973200,213.892,214.02,213.809,213.871
1779976800,213.878,214.136,213.824,213.888
1779980400,213.89,214.05,213.88,214.024
1779984000,214.024,214.131,213.96,214.02
1779987600,214.021,214.073,213.983,214.058
1779991200,214.057,214.074,214.007,214.056
1779994800,214.051,214.072,213.99,214.02
1779998400,214.021,214.103,214.012,214.091
1780002000,214.072,214.122,213.994,214.086
1780005600,214.076,214.129,214.053,214.08
1780009200,214.08,214.134,214.06,214.129
1780012800,214.13,214.186,214.096,214.102
1780016400,214.1,214.222,214.084,214.124
1780020000,214.128,214.152,214.074,214.091
1780023600,214.092,214.102,214.024,214.061
1780027200,214.063,214.116,214.046,214.077
1780030800,214.08,214.134,214.041,214.098
1780034400,214.092,214.168,213.984,214.014
1780038000,214.01,214.034,213.76,213.828
1780041600,213.828,213.83,213.596,213.642
1780045200,213.644,213.746,213.598,213.742
1780048800,213.74,213.74,213.594,213.733
1780052400,213.73,213.872,213.678,213.864
1780056000,213.866,213.963,213.789,213.956
1780059600,213.956,214.174,213.908,214.084
1780063200,214.085,214.594,214.002,214.547
1780066800,214.546,214.637,214.45,214.563
1780070400,214.564,214.57,214.36,214.397
1780074000,214.4,214.444,214.3,214.332
1780077600,214.331,214.419,214.324,214.383
1780081200,214.384,214.542,214.364,214.488
1780084800,214.49,214.498,214.25,214.321
1780261200,214.467,214.587,214.4,214.43
1780264800,214.43,214.455,214.318,214.37
1780268400,214.37,214.434,214.348,214.362
1780272000,214.364,214.506,214.338,214.495
1780275600,214.496,214.579,214.478,214.568
1780279200,214.574,214.61,214.536,214.576
1780282800,214.576,214.616,214.488,214.498
1780286400,214.498,214.606,214.492,214.59
1780290000,214.59,214.748,214.584,214.686
1780293600,214.685,214.884,214.644,214.794
1780297200,214.79,214.794,214.588,214.656
1780300800,214.654,214.832,214.646,214.796
1780304400,214.796,214.864,214.61,214.627
1780308000,214.626,214.706,214.579,214.676
1780311600,214.675,214.765,214.64,214.762
1780315200,214.764,214.803,214.696,214.732
1780318800,214.733,214.744,214.219,214.274
1780322400,214.279,214.642,214.17,214.62
1780326000,214.619,214.746,214.487,214.732
1780329600,214.734,214.848,214.64,214.838
1780333200,214.84,214.985,214.767,214.947
1780336800,214.945,215.014,214.908,214.992
1780340400,214.982,214.982,214.867,214.936
1780344000,214.933,214.954,214.834,214.836
1780347600,214.9,214.942,214.755,214.856
1780351200,214.854,214.902,214.808,214.868
1780354800,214.869,214.894,214.822,214.886
1780358400,214.885,214.967,214.796,214.812
1780362000,214.81,214.92,214.8,214.841
1780365600,214.84,214.89,214.822,214.878
1780369200,214.876,214.966,214.872,214.958
1780372800,214.957,215.067,214.942,215.06
1780376400,215.062,215.104,215.026,215.026
1780380000,215.036,215.322,215.036,215.257
1780383600,215.256,215.278,215.107,215.14
1780387200,215.14,215.162,215.017,215.072
1780390800,215.072,215.184,215.029,215.178
1780394400,215.178,215.226,215.115,215.122
1780398000,215.124,215.282,215.078,215.238
1780401600,215.239,215.317,215.192,215.262
1780405200,215.262,215.364,215.236,215.277
1780408800,215.277,215.445,215.218,215.374
1780412400,215.374,215.529,215.374,215.506
1780416000,215.502,215.526,215.324,215.334
1780419600,215.336,215.362,215.276,215.299
1780423200,215.296,215.402,215.226,215.377
1780426800,215.378,215.444,215.37,215.404
1780430400,215.404,215.45,215.332,215.341
1780434000,215.325,215.412,215.276,215.363
1780437600,215.368,215.386,215.308,215.334
1780441200,215.334,215.364,215.196,215.224
1780444800,215.224,215.386,215.21,215.372
1780448400,215.374,215.382,215.276,215.288
1780452000,215.291,215.324,215.208,215.245
1780455600,215.246,215.296,215.224,215.26
1780459200,215.262,215.264,215.188,215.214
1780462800,215.215,215.256,215.098,215.098
1780466400,215.101,215.188,214.923,215.176
1780470000,215.174,215.194,214.718,214.9
1780473600,214.898,214.952,214.43,214.76
1780477200,214.76,214.996,214.76,214.886
1780480800,214.886,214.992,214.86,214.922
1780484400,214.92,215.034,214.918,214.986
1780488000,214.986,215.003,214.724,214.806
1780491600,214.801,214.864,214.704,214.786
1780495200,214.754,214.936,214.73,214.921
1780498800,214.921,215.015,214.8,214.914
1780502400,214.917,214.928,214.675,214.746
1780506000,214.746,214.798,214.692,214.722
1780509600,214.722,214.74,214.666,214.713
1780513200,214.712,214.824,214.699,214.818
1780516800,214.818,214.842,214.758,214.804
1780520400,214.789,214.828,214.683,214.76
1780524000,214.734,214.762,214.622,214.658
1780527600,214.659,214.76,214.628,214.754
1780531200,214.754,214.802,214.658,214.69
1780534800,214.687,214.708,214.638,214.682
1780538400,214.684,214.702,214.616,214.684
1780542000,214.686,214.75,214.625,214.736
1780545600,214.736,214.772,214.365,214.724
1780549200,214.724,214.746,214.623,214.699
1780552800,214.697,214.774,214.655,214.717
1780556400,214.718,214.733,214.466,214.626
1780560000,214.624,214.77,214.621,214.717
1780563600,214.716,214.885,214.712,214.8
1780567200,214.801,214.94,214.782,214.924
1780570800,214.926,215.146,214.912,215.029
1780574400,215.028,215.162,215.028,215.116
1780578000,215.116,215.14,214.978,215.108
1780581600,215.108,215.125,214.926,215.082
1780585200,215.082,215.109,214.876,214.99
1780588800,214.994,215.03,214.908,214.926
1780592400,214.924,214.96,214.812,214.828
1780596000,214.826,214.864,214.796,214.835
1780599600,214.836,214.846,214.776,214.804
1780603200,214.805,214.844,214.782,214.816
1780606800,214.906,214.948,214.725,214.767
1780610400,214.743,214.823,214.733,214.784
1780614000,214.788,214.803,214.744,214.76
1780617600,214.76,214.76,214.668,214.72
1780621200,214.721,214.746,214.592,214.732
1780624800,214.732,214.806,214.724,214.752
1780628400,214.754,214.819,214.736,214.775
1780632000,214.772,214.852,214.762,214.818
1780635600,214.817,214.828,214.75,214.762
1780639200,214.759,214.912,214.736,214.885
1780642800,214.884,215.094,214.864,215.064
1780646400,215.06,215.236,215.04,215.218
1780650000,215.216,215.403,215.178,215.358
1780653600,215.358,215.614,215.344,215.47
1780657200,215.466,215.482,215.268,215.287
1780660800,215.286,215.322,214.756,214.762
1780664400,214.766,214.844,214.274,214.578
1780668000,214.578,214.666,214.372,214.544
1780671600,214.545,214.549,214.024,214.09
1780675200,214.09,214.092,213.868,214.066
1780678800,214.064,214.093,213.838,213.894
1780682400,213.894,213.907,213.529,213.608
1780686000,213.61,213.727,213.532,213.653
1780689600,213.654,213.9,213.591,213.865
1780866000,213.631,213.703,213.462,213.525
1780869600,213.558,213.731,213.503,213.632
1780873200,213.634,213.822,213.602,213.81
1780876800,213.812,214.024,213.744,214.019
1780880400,214.018,214.05,213.562,213.838
1780884000,213.837,213.98,213.719,213.938
1780887600,213.94,213.959,213.866,213.913
1780891200,213.912,213.956,213.856,213.898
1780894800,213.9,213.989,213.568,213.606
1780898400,213.604,213.73,213.491,213.516
1780902000,213.514,213.854,213.488,213.552
1780905600,213.546,213.621,212.956,213.18
1780909200,213.177,213.291,212.933,213.243
1780912800,213.242,213.498,213.186,213.469
1780916400,213.47,213.83,213.442,213.72
1780920000,213.716,213.814,213.476,213.554
1780923600,213.555,213.782,213.51,213.672
1780927200,213.67,213.791,213.566,213.594
1780930800,213.596,213.734,213.548,213.706
1780934400,213.708,213.75,213.628,213.711
1780938000,213.71,213.774,213.673,213.746
1780941600,213.745,213.85,213.745,213.77
1780945200,213.768,213.812,213.711,213.745
1780948800,213.744,213.768,213.64,213.659
1780952400,213.664,213.776,213.606,213.666
1780956000,213.661,213.689,213.598,213.687
1780959600,213.686,213.71,213.576,213.584
1780963200,213.584,213.715,213.501,213.697
1780966800,213.696,213.882,213.676,213.878
1780970400,213.878,213.902,213.839,213.882
1780974000,213.881,213.934,213.836,213.93
1780977600,213.931,214.06,213.896,214.026
1780981200,214.026,214.045,213.93,213.992
1780984800,213.995,214.126,213.924,214.036
1780988400,214.04,214.209,213.985,214.145
1780992000,214.144,214.37,214.122,214.318
1780995600,214.318,214.474,214.306,214.458
1780999200,214.458,214.582,214.42,214.554
1781002800,214.555,214.71,214.546,214.658
1781006400,214.662,214.736,214.626,214.716
1781010000,214.718,214.79,214.601,214.637
1781013600,214.636,214.76,214.501,214.692
1781017200,214.692,214.796,214.366,214.496
1781020800,214.498,214.58,214.33,214.484
1781024400,214.484,214.628,214.472,214.608
1781028000,214.606,214.748,214.586,214.689
1781031600,214.69,214.702,214.588,214.626
1781035200,214.626,214.668,214.531,214.548
1781038800,214.432,214.588,214.374,214.39
1781042400,214.397,214.535,214.388,214.49
1781046000,214.49,214.545,214.421,214.47
1781049600,214.472,214.588,214.424,214.574
1781053200,214.572,214.585,214.381,214.508
1781056800,214.508,214.6,214.457,214.562
1781060400,214.563,214.729,214.558,214.704
1781064000,214.706,214.709,214.556,214.616
1781067600,214.616,214.774,214.568,214.726
1781071200,214.734,214.84,214.642,214.648
1781074800,214.646,214.786,214.598,214.778
1781078400,214.775,214.816,214.664,214.75
1781082000,214.749,214.99,214.652,214.954
1781085600,214.955,215.018,214.87,214.875
1781089200,214.878,214.925,214.698,214.724
1781092800,214.728,215.04,214.702,214.816
1781096400,214.81,215.24,214.802,215.074
1781100000,215.07,215.177,214.944,215.072
1781103600,215.072,215.128,214.652,214.874
1781107200,214.874,214.999,214.814,214.882
1781110800,214.886,214.95,214.778,214.94
1781114400,214.942,214.993,214.695,214.736
1781118000,214.738,214.75,214.64,214.68
1781121600,214.68,214.685,214.623,214.628
1781125200,214.616,214.71,214.571,214.62
1781128800,214.622,214.622,214.402,214.428
1781132400,214.426,214.55,214.332,214.5
1781136000,214.501,214.637,214.483,214.623
1781139600,214.624,214.872,214.624,214.829
1781143200,214.83,214.849,214.706,214.758
1781146800,214.758,214.786,214.715,214.743
1781150400,214.744,214.864,214.73,214.815
1781154000,214.816,214.866,214.796,214.827
1781157600,214.832,214.869,214.744,214.786
1781161200,214.785,214.948,214.762,214.796
1781164800,214.794,214.813,214.493,214.534
1781168400,214.534,214.614,214.46,214.558
1781172000,214.556,214.565,214.372,214.458
1781175600,214.456,214.581,214.456,214.558
1781179200,214.56,214.594,214.231,214.493
1781182800,214.498,214.502,214.164,214.302
1781186400,214.302,214.328,213.886,213.918
1781190000,213.921,214.178,213.874,214.049
1781193600,214.049,214.082,213.973,214.038
1781197200,214.038,214.628,213.926,214.387
1781200800,214.389,214.488,214.368,214.466
1781204400,214.468,214.554,214.322,214.386
1781208000,214.386,214.626,214.38,214.613
1781211600,214.606,214.76,214.514,214.57
1781215200,214.57,214.818,214.564,214.8
1781218800,214.798,214.842,214.704,214.816
1781222400,214.814,214.865,214.724,214.765
1781226000,214.764,214.813,214.622,214.803
1781229600,214.804,214.934,214.792,214.896
1781233200,214.897,214.983,214.869,214.945
1781236800,214.946,215.006,214.908,214.926
1781240400,214.928,214.954,214.782,214.808
1781244000,214.811,214.973,214.788,214.93
1781247600,214.931,214.95,214.635,214.744
1781251200,214.746,214.848,214.632,214.742
1781254800,214.74,214.836,214.652,214.812
1781258400,214.816,214.846,214.692,214.701
1781262000,214.702,214.858,214.7,214.778
1781265600,214.777,214.794,214.568,214.64
1781269200,214.642,214.897,214.606,214.777
1781272800,214.775,214.985,214.694,214.942
1781276400,214.941,215.027,214.828,214.941
1781280000,214.938,215.005,214.83,214.96
1781283600,214.96,215.019,214.909,214.936
1781287200,214.936,215.01,214.894,214.972
1781290800,214.972,214.995,214.835,214.854
1781294400,214.854,214.87,214.726,214.812
1781470800,214.747,214.78,214.424,214.647
1781474400,214.622,215.162,214.568,215.158
1781478000,215.156,215.172,215.046,215.144
1781481600,215.142,215.328,215.128,215.252
1781485200,215.252,215.366,215.206,215.286
1781488800,215.286,215.317,215.176,215.22
1781492400,215.221,215.234,215.158,215.166
1781496000,215.166,215.285,215.161,215.275
1781499600,215.278,215.377,215.266,215.354
1781503200,215.352,215.368,215.173,215.252
1781506800,215.251,215.286,214.99,215.074
1781510400,215.074,215.115,214.893,214.954
1781514000,214.955,215.09,214.95,214.998
1781517600,215,215.086,214.95,214.974
1781521200,214.97,215.068,214.968,215.02
1781524800,215.019,215.07,214.914,215.064
1781528400,215.066,215.183,215.017,215.045
1781532000,215.043,215.25,214.968,215.227
1781535600,215.226,215.234,215.032,215.072
1781539200,215.074,215.198,215.06,215.162
1781542800,215.162,215.23,215.142,215.22
1781546400,215.218,215.25,215.083,215.124
1781550000,215.123,215.137,215.034,215.06
1781553600,215.06,215.1,214.965,215.074
1781557200,215.156,215.218,214.985,215.014
1781560800,215.026,215.09,214.966,215.028
1781564400,215.032,215.052,214.964,214.979
1781568000,214.974,214.978,214.818,214.889
1781571600,214.888,214.942,214.7,214.726
1781575200,214.726,214.729,214.606,214.661
1781578800,214.662,214.803,214.531,214.732
1781582400,214.732,214.783,214.654,214.7
1781586000,214.703,214.79,214.674,214.676
1781589600,214.676,214.78,214.592,214.776
1781593200,214.777,215.051,214.735,214.982
1781596800,214.979,215.222,214.946,215.216
1781600400,215.216,215.264,215.066,215.106
1781604000,215.106,215.294,215.086,215.286
1781607600,215.286,215.288,215.048,215.125
1781611200,215.128,215.128,214.985,215.088
1781614800,215.09,215.168,215.03,215.103
1781618400,215.101,215.39,215.054,215.378
1781622000,215.379,215.566,215.31,215.526
1781625600,215.527,215.544,215.399,215.402
1781629200,215.402,215.454,215.378,215.453
1781632800,215.454,215.494,215.396,215.444
1781636400,215.444,215.474,215.394,215.412
1781640000,215.411,215.474,215.38,215.459
1781643600,215.445,215.455,215.334,215.441
1781647200,215.441,215.458,215.387,215.39
1781650800,215.39,215.438,215.375,215.378
1781654400,215.379,215.442,215.332,215.365
1781658000,215.363,215.399,215.29,215.3
1781661600,215.3,215.343,215.258,215.26
1781665200,215.256,215.32,215.241,215.265
1781668800,215.264,215.296,215.238,215.256
1781672400,215.254,215.321,215.224,215.304
1781676000,215.303,215.459,214.918,214.974
1781679600,214.974,215.07,214.936,214.99
1781683200,214.99,214.992,214.776,214.955
1781686800,214.954,214.974,214.86,214.93
1781690400,214.93,214.961,214.838,214.914
1781694000,214.914,214.95,214.79,214.895
1781697600,214.896,214.996,214.881,214.976
1781701200,214.976,215.042,214.766,214.766
1781704800,214.767,214.834,214.609,214.731
1781708400,214.729,214.74,214.598,214.637
1781712000,214.638,214.644,214.518,214.614
1781715600,214.614,214.748,214.586,214.716
1781719200,214.672,214.694,214.012,214.056
1781722800,214.054,214.069,213.222,213.536
1781726400,213.536,213.69,213.436,213.608
1781730000,213.488,213.688,213.32,213.442
1781733600,213.406,213.574,213.394,213.546
1781737200,213.546,213.624,213.522,213.62
1781740800,213.618,213.9,213.602,213.834
1781744400,213.834,213.988,213.808,213.813
1781748000,213.818,213.86,213.756,213.77
1781751600,213.771,213.866,213.768,213.852
1781755200,213.852,213.89,213.8,213.825
1781758800,213.826,213.844,213.652,213.658
1781762400,213.654,214.063,213.65,213.846
1781766000,213.844,213.895,213.484,213.545
1781769600,213.546,213.553,212.839,212.954
1781773200,212.956,212.978,212.583,212.89
1781776800,212.89,212.973,212.757,212.881
1781780400,212.882,212.974,212.503,212.606
1781784000,212.602,213.114,212.594,212.891
1781787600,212.892,213.084,212.8,212.988
1781791200,212.988,213.181,212.885,213.166
1781794800,213.168,213.445,212.984,213.42
1781798400,213.426,213.436,213.16,213.432
1781802000,213.433,213.516,213.246,213.251
1781805600,213.25,213.49,213.202,213.462
1781809200,213.46,213.575,212.4,213.092
1781812800,213.097,213.168,213.058,213.139
1781816400,213.096,213.222,213.034,213.176
1781820000,213.142,213.18,212.849,212.972
1781823600,212.974,213.048,212.922,212.933
1781827200,212.936,213.014,212.694,212.808
1781830800,212.803,212.828,212.665,212.709
1781834400,212.709,212.872,212.664,212.847
1781838000,212.852,212.87,212.662,212.774
1781841600,212.776,212.821,212.497,212.534
1781845200,212.534,212.976,212.466,212.852
1781848800,212.85,212.993,212.718,212.86
1781852400,212.864,213.006,212.808,212.872
1781856000,212.873,213.438,212.854,213.424
1781859600,213.426,213.514,213.372,213.426
1781863200,213.426,213.456,213.296,213.452
1781866800,213.453,213.531,213.282,213.334
1781870400,213.336,213.421,213.282,213.311
1781874000,213.31,213.332,213.152,213.241
1781877600,213.24,213.448,213.126,213.226
1781881200,213.227,213.342,213.154,213.248
1781884800,213.246,213.432,213.222,213.418
1781888400,213.428,213.553,213.36,213.392
1781892000,213.392,213.475,213.353,213.414
1781895600,213.412,213.478,213.361,213.452
1781899200,213.45,213.599,213.322,213.476
1782075600,212.749,213.037,212.742,212.91
1782079200,212.91,213.265,212.91,213.25
1782082800,213.25,213.292,213.166,213.224
1782086400,213.223,213.546,213.212,213.53
1782090000,213.532,213.702,213.488,213.548
1782093600,213.552,213.674,213.508,213.632
1782097200,213.628,213.702,213.452,213.499
1782100800,213.498,213.555,213.433,213.522
1782104400,213.522,213.716,213.522,213.593
1782108000,213.584,213.635,213.432,213.586
1782111600,213.586,213.732,213.358,213.407
1782115200,213.408,213.696,213.256,213.632
1782118800,213.632,214.045,213.628,213.964
1782122400,213.964,214.23,213.954,214.081
1782126000,214.082,214.197,214.01,214.108
1782129600,214.107,214.681,214.107,214.534
1782133200,214.536,214.647,214.318,214.338
1782136800,214.339,214.529,213.584,213.962
1782140400,213.964,214.018,213.704,213.956
1782144000,213.954,214.098,213.9,213.974
1782147600,213.975,214.002,213.885,213.896
1782151200,213.894,213.933,213.755,213.779
1782154800,213.778,214.165,213.778,214.087
1782158400,214.088,214.158,214.062,214.123
1782162000,214.054,214.168,214.042,214.08
1782165600,214.098,214.169,214.002,214.072
1782169200,214.07,214.086,214.008,214.039
1782172800,214.04,214.102,213.908,214.018
1782176400,214.016,214.038,213.896,213.998
1782180000,213.996,214.046,213.962,213.966
1782183600,213.966,214.056,213.856,214.04
1782187200,214.038,214.064,213.899,213.924
1782190800,213.925,214.101,213.891,214.07
1782194400,214.066,214.216,213.878,213.926
1782198000,213.928,214.036,213.492,213.561
1782201600,213.564,213.604,213.286,213.423
1782205200,213.424,213.56,213.248,213.518
1782208800,213.514,213.553,213.268,213.438
1782212400,213.438,213.575,213.416,213.43
1782216000,213.429,213.572,213.364,213.445
1782219600,213.45,213.54,213.272,213.432
1782223200,213.431,213.449,213.173,213.251
1782226800,213.252,213.288,212.985,213.08
1782230400,213.081,213.212,213.056,213.098
1782234000,213.096,213.144,213.034,213.056
1782237600,213.057,213.093,212.99,213.086
1782241200,213.088,213.24,213.076,213.206
1782244800,213.206,213.343,213.206,213.336
1782248400,213.201,213.324,213.201,213.258
1782252000,213.262,213.322,213.236,213.267
1782255600,213.268,213.344,213.212,213.307
1782259200,213.306,213.362,213.186,213.331
1782262800,213.332,213.333,213.139,213.288
1782266400,213.287,213.319,213.091,213.092
1782270000,213.09,213.283,213.058,213.232
1782273600,213.234,213.237,213.092,213.147
1782277200,213.146,213.27,213.138,213.247
1782280800,213.245,213.506,213.16,213.244
1782284400,213.242,213.406,213.12,213.256
1782288000,213.25,213.45,213.052,213.402
1782291600,213.4,213.444,213.102,213.109
1782295200,213.107,213.109,212.712,212.72
1782298800,212.72,212.919,212.622,212.783
1782302400,212.784,212.864,212.559,212.716
1782306000,212.716,212.944,212.582,212.903
1782309600,212.905,212.936,212.543,212.71
1782313200,212.711,213.044,212.702,212.847
1782316800,212.852,213.104,212.812,213.05
1782320400,213.052,213.064,212.83,212.89
1782324000,212.888,213.066,212.88,212.908
1782327600,212.909,213.006,212.888,212.974
1782331200,212.974,213.108,212.956,213.072
1782334800,213.019,213.09,212.888,212.993
1782338400,213.006,213.012,212.938,212.982
1782342000,212.984,213.002,212.954,212.962
1782345600,212.966,212.968,212.81,212.863
1782349200,212.862,213.149,212.86,213
1782352800,213.002,213.108,212.974,213.108
1782356400,213.108,213.228,213.102,213.19
1782360000,213.194,213.252,213.144,213.244
1782363600,213.242,213.282,213.135,213.218
1782367200,213.216,213.284,213.104,213.257
1782370800,213.258,213.371,213.207,213.348
1782374400,213.345,213.52,213.291,213.425
1782378000,213.424,213.546,213.33,213.36
1782381600,213.361,213.361,213.091,213.175
1782385200,213.176,213.188,212.837,212.94
1782388800,212.943,213.349,212.935,213.246
1782392400,213.245,213.528,213.202,213.327
1782396000,213.33,213.64,213.327,213.436
1782399600,213.436,213.656,213.426,213.652
1782403200,213.652,213.732,213.554,213.627
1782406800,213.626,213.632,213.548,213.584
1782410400,213.583,213.633,213.52,213.536
1782414000,213.534,213.633,213.492,213.563
1782417600,213.562,213.586,213.421,213.432
1782421200,213.553,213.64,213.394,213.5
1782424800,213.499,213.502,213.396,213.443
1782428400,213.442,213.446,213.338,213.378
1782432000,213.378,213.53,213.368,213.508
1782435600,213.508,213.61,213.386,213.436
1782439200,213.438,213.462,213.233,213.277
1782442800,213.275,213.361,213.22,213.347
1782446400,213.352,213.402,213.236,213.37
1782450000,213.371,213.427,213.308,213.322
1782453600,213.322,213.508,213.284,213.42
1782457200,213.418,213.538,213.288,213.426
1782460800,213.426,213.654,213.334,213.564
1782464400,213.565,213.714,213.421,213.634
1782468000,213.633,213.721,213.56,213.695
1782471600,213.696,213.758,213.589,213.668
1782475200,213.666,213.724,213.442,213.564
1782478800,213.561,213.776,213.488,213.775
1782482400,213.764,213.821,213.433,213.441
1782486000,213.441,213.777,213.438,213.749
1782489600,213.75,213.753,213.572,213.617
1782493200,213.614,213.662,213.498,213.545
1782496800,213.547,213.614,213.478,213.491
1782500400,213.49,213.539,213.42,213.502
1782504000,213.504,213.584,213.4,213.478
1782680400,213.598,213.648,213.404,213.646
1782684000,213.637,213.742,213.412,213.488
1782687600,213.487,213.556,213.446,213.512
1782691200,213.512,213.534,213.406,213.51
1782694800,213.509,213.612,213.47,213.539
1782698400,213.539,213.683,213.518,213.605
1782702000,213.609,213.659,213.544,213.545
1782705600,213.543,213.599,213.516,213.581
1782709200,213.58,213.758,213.572,213.748
1782712800,213.748,214.013,213.718,213.978
1782716400,213.98,214.022,213.794,213.822
1782720000,213.824,213.875,213.686,213.76
1782723600,213.761,213.991,213.746,213.982
1782727200,213.985,214.072,213.836,214.021
1782730800,214.018,214.172,214.018,214.138
1782734400,214.138,214.334,214.118,214.245
1782738000,214.25,214.5,214.241,214.379
1782741600,214.376,214.509,214.188,214.472
1782745200,214.473,214.622,214.438,214.618
1782748800,214.618,214.695,214.591,214.646
1782752400,214.644,214.691,214.592,214.686
1782756000,214.685,214.768,214.676,214.738
1782759600,214.736,214.758,214.688,214.748
1782763200,214.75,214.776,214.711,214.734
1782766800,214.544,214.683,214.53,214.662
1782770400,214.652,214.78,214.646,214.716
1782774000,214.715,214.725,214.599,214.608
1782777600,214.606,215.048,214.514,214.754
1782781200,214.753,214.83,214.626,214.67
1782784800,214.673,214.699,214.574,214.63
1782788400,214.632,214.707,214.456,214.616
1782792000,214.615,214.678,214.568,214.578
1782795600,214.575,214.702,214.53,214.662
1782799200,214.662,214.916,214.633,214.788
1782802800,214.792,214.87,214.692,214.741
1782806400,214.736,214.852,214.649,214.754
1782810000,214.755,214.875,214.745,214.816
1782813600,214.815,214.918,214.77,214.842
1782817200,214.842,214.864,214.622,214.822
1782820800,214.821,214.823,214.18,214.628
1782824400,214.63,214.83,214.598,214.821
1782828000,214.832,215.762,214.692,215.7
1782831600,215.702,215.779,215.543,215.582
1782835200,215.584,215.62,215.453,215.526
1782838800,215.524,215.575,215.474,215.521
1782842400,215.52,215.666,215.504,215.546
1782846000,215.544,215.684,215.483,215.65
1782849600,215.65,215.676,215.565,215.614
1782853200,215.51,215.667,215.504,215.578
1782856800,215.584,215.64,215.572,215.579
1782860400,215.577,215.586,215.46,215.492
1782864000,215.494,215.592,215.45,215.488
1782867600,215.49,215.506,215.27,215.36
1782871200,215.358,215.498,215.313,215.424
1782874800,215.422,215.519,215.408,215.474
1782878400,215.474,215.488,215.21,215.48
1782882000,215.476,215.55,215.409,215.457
1782885600,215.462,215.53,215.33,215.438
1782889200,215.436,215.476,215.203,215.45
1782892800,215.449,215.554,215.388,215.482
1782896400,215.48,215.656,215.434,215.57
1782900000,215.568,215.664,215.51,215.605
1782903600,215.606,215.619,215.438,215.45
1782907200,215.449,215.544,215.364,215.366
1782910800,215.366,215.579,215.116,215.418
1782914400,215.426,215.784,215.392,215.626
1782918000,215.626,215.692,215.502,215.65
1782921600,215.65,215.859,215.647,215.768
1782925200,215.768,215.872,215.736,215.807
1782928800,215.806,215.842,215.744,215.801
1782932400,215.8,215.88,215.791,215.868
1782936000,215.867,215.94,215.764,215.87
1782939600,215.856,215.937,215.722,215.774
1782943200,215.795,215.868,215.795,215.858
1782946800,215.858,215.913,215.814,215.843
1782950400,215.84,215.901,215.778,215.852
1782954000,215.846,215.99,215.808,215.92
1782957600,215.92,216.076,215.906,215.924
1782961200,215.924,215.958,215.812,215.861
1782964800,215.86,215.884,215.781,215.868
1782968400,215.866,215.867,215.742,215.766
1782972000,215.765,215.794,214.646,215.316
1782975600,215.314,215.469,215.008,215.3
1782979200,215.3,215.392,214.956,215.09
1782982800,215.081,215.325,214.954,215.054
1782986400,215.053,215.289,215.051,215.14
1782990000,215.143,215.183,214.912,214.935
1782993600,214.932,215.224,214.63,215.208
1782997200,215.21,215.368,215.082,215.163
1783000800,215.161,215.413,215.124,215.404
1783004400,215.404,215.417,214.968,215.01
1783008000,215.008,215.088,214.957,214.966
1783011600,214.967,215.008,214.872,214.884
1783015200,214.885,215.018,214.87,214.968
1783018800,214.968,215.084,214.953,215.034
1783022400,215.033,215.092,215.014,215.05
1783026000,215.001,215.102,214.878,215.06
1783029600,215.057,215.22,214.998,215.2
1783033200,215.2,215.371,215.168,215.357
1783036800,215.356,215.406,215.132,215.154
1783040400,215.151,215.379,215.034,215.346
1783044000,215.348,215.456,215.279,215.35
1783047600,215.349,215.364,215.308,215.349
1783051200,215.351,215.435,215.306,215.348
1783054800,215.349,215.458,215.312,215.406
1783058400,215.404,215.406,214.704,215.054
1783062000,215.052,215.182,214.846,215.027
1783065600,215.03,215.153,214.964,215.146
1783069200,215.143,215.202,215.014,215.119
1783072800,215.117,215.24,215.115,215.156
1783076400,215.155,215.273,215.146,215.222
1783080000,215.223,215.278,215.194,215.262
1783083600,215.262,215.34,215.218,215.269
1783087200,215.268,215.436,215.23,215.433
1783090800,215.432,215.47,215.342,215.453
1783094400,215.45,215.506,215.402,215.482
1783098000,215.482,215.527,215.394,215.452
1783101600,215.446,215.525,215.44,215.509
1783105200,215.51,215.528,215.458,215.468
1783108800,215.469,215.512,215.379,215.464
1783285200,215.346,215.465,215.301,215.416
1783288800,215.416,215.603,215.367,215.473
1783292400,215.472,215.611,215.47,215.591
1783296000,215.586,215.784,215.581,215.696
1783299600,215.694,215.871,215.677,215.85
1783303200,215.848,215.916,215.842,215.905
1783306800,215.906,215.955,215.854,215.931
1783310400,215.937,216.084,215.91,216.078
1783314000,216.079,216.166,215.964,216.153
1783317600,216.154,216.392,216.128,216.351
1783321200,216.351,216.51,216.27,216.467
1783324800,216.462,216.548,216.284,216.402
1783328400,216.402,216.506,216.324,216.472
1783332000,216.469,216.635,216.462,216.536
1783335600,216.536,216.664,216.458,216.622
1783339200,216.62,216.755,216.566,216.676
1783342800,216.674,216.843,216.602,216.662
1783346400,216.663,216.895,216.63,216.849
1783350000,216.846,216.96,216.748,216.94
1783353600,216.942,217.068,216.9,217.034
1783357200,217.032,217.072,216.985,217.023
1783360800,217.022,217.163,216.988,217.054
1783364400,217.056,217.132,216.984,217.026
1783368000,217.026,217.06,216.997,217.042
1783371600,217.016,217.198,216.954,217.044
1783375200,217.042,217.132,217.004,217.118
1783378800,217.119,217.148,217.074,217.113
1783382400,217.114,217.219,217.05,217.068
1783386000,217.068,217.108,216.649,216.86
1783389600,216.86,216.882,216.781,216.829
1783393200,216.83,216.87,216.726,216.748
1783396800,216.75,216.789,216.534,216.634
1783400400,216.634,216.668,216.53,216.662
1783404000,216.66,216.846,216.572,216.802
1783407600,216.807,216.832,216.366,216.664
1783411200,216.664,216.839,216.614,216.806
1783414800,216.811,216.832,216.68,216.68
1783418400,216.68,216.772,216.522,216.756
1783422000,216.758,216.825,216.69,216.782
1783425600,216.779,216.811,216.568,216.628
1783429200,216.628,216.686,216.45,216.467
1783432800,216.468,216.734,216.43,216.628
1783436400,216.627,216.657,216.484,216.49
1783440000,216.492,216.549,216.428,216.528
1783443600,216.527,216.544,216.466,216.516
1783447200,216.518,216.538,216.384,216.4
1783450800,216.4,216.575,216.386,216.557
1783454400,216.557,216.592,216.495,216.58
1783458000,216.456,216.642,216.428,216.57
1783461600,216.58,216.602,216.444,216.56
1783465200,216.56,216.744,216.555,216.7
1783468800,216.704,216.81,216.605,216.775
1783472400,216.774,216.836,216.711,216.74
1783476000,216.744,216.876,216.712,216.776
1783479600,216.777,216.834,216.758,216.806
1783483200,216.806,216.87,216.769,216.819
1783486800,216.822,216.878,216.69,216.771
1783490400,216.772,216.868,216.618,216.796
1783494000,216.794,216.888,216.718,216.818
1783497600,216.815,216.974,216.686,216.758
1783501200,216.758,216.796,216.515,216.76
1783504800,216.762,216.948,216.727,216.84
1783508400,216.84,216.874,216.656,216.76
1783512000,216.758,216.991,216.734,216.826
1783515600,216.818,217.421,216.808,217.334
1783519200,217.336,217.454,217.274,217.446
1783522800,217.448,217.486,217.264,217.339
1783526400,217.338,217.578,217.321,217.552
1783530000,217.553,217.836,217.53,217.719
1783533600,217.711,217.824,217.702,217.714
1783537200,217.712,217.813,217.712,217.758
1783540800,217.758,217.794,217.657,217.75
1783544400,217.761,217.824,217.584,217.718
1783548000,217.728,217.746,217.686,217.698
1783551600,217.697,217.732,217.646,217.706
1783555200,217.705,217.714,217.566,217.64
1783558800,217.641,217.702,217.582,217.63
1783562400,217.628,217.712,217.616,217.618
1783566000,217.618,217.672,217.578,217.622
1783569600,217.621,217.65,217.544,217.646
1783573200,217.648,217.708,217.622,217.654
1783576800,217.658,217.94,217.65,217.892
1783580400,217.894,218.015,217.746,217.792
1783584000,217.788,217.879,217.738,217.816
1783587600,217.816,217.888,217.774,217.822
1783591200,217.825,217.83,217.651,217.662
1783594800,217.664,217.666,217.496,217.532
1783598400,217.533,217.606,217.359,217.426
1783602000,217.426,217.587,217.416,217.562
1783605600,217.56,217.677,217.425,217.43
1783609200,217.43,217.6,217.412,217.584
1783612800,217.586,217.666,217.532,217.663
1783616400,217.661,217.731,217.628,217.728
1783620000,217.728,217.814,217.726,217.784
1783623600,217.785,217.824,217.684,217.724
1783627200,217.744,217.781,217.706,217.75
1783630800,217.714,217.814,217.616,217.696
1783634400,217.704,217.778,217.704,217.754
1783638000,217.756,217.796,217.742,217.795
1783641600,217.795,217.808,217.32,217.524
1783645200,217.522,217.548,217.104,217.293
1783648800,217.294,217.308,216.944,217.134
1783652400,217.134,217.172,216.945,217.072
1783656000,217.073,217.19,217.051,217.083
1783659600,217.084,217.097,216.87,216.964
1783663200,216.965,217.024,216.846,216.953
1783666800,216.954,217.208,216.94,217.025
1783670400,217.027,217.027,216.715,216.822
1783674000,216.822,217.085,216.794,217.012
1783677600,217.014,217.34,216.971,217.296
1783681200,217.298,217.383,217.18,217.301
1783684800,217.301,217.327,217.068,217.154
1783688400,217.153,217.158,216.858,216.867
1783692000,216.866,217.048,216.756,217.006
1783695600,217.009,217.024,216.462,216.508
1783699200,216.506,216.68,216.486,216.604
1783702800,216.606,216.636,216.5,216.61
1783706400,216.611,216.678,216.596,216.643
1783710000,216.646,216.702,216.61,216.7
1783713600,216.702,216.746,216.628,216.721
1783890000,216.546,216.604,216.474,216.554
1783893600,216.563,216.761,216.526,216.721
1783897200,216.722,216.776,216.644,216.708
1783900800,216.712,216.83,216.67,216.822
1783904400,216.827,216.858,216.681,216.782
1783908000,216.779,216.856,216.752,216.804
1783911600,216.804,216.853,216.765,216.828
1783915200,216.827,216.833,216.762,216.818
1783918800,216.818,217.194,216.755,217.113
1783922400,217.112,217.312,216.998,217.052
1783926000,217.05,217.183,216.662,217.114
1783929600,217.108,217.312,217.092,217.1
1783933200,217.098,217.121,216.846,216.932
1783936800,216.932,217.152,216.911,217.152
1783940400,217.154,217.198,217.024,217.134
1783944000,217.136,217.257,217.039,217.216
1783947600,217.222,217.238,217.122,217.14
1783951200,217.142,217.214,216.942,217.202
1783954800,217.201,217.226,217.098,217.196
1783958400,217.199,217.272,216.992,217.092
1783962000,217.089,217.123,217.003,217.028
1783965600,217.029,217.036,216.911,216.92
1783969200,216.922,216.946,216.884,216.93
1783972800,216.931,216.937,216.776,216.83
1783976400,216.926,217.021,216.789,216.86
1783980000,216.861,216.914,216.819,216.846
1783983600,216.844,216.849,216.774,216.836
1783987200,216.837,216.882,216.676,216.812
1783990800,216.81,216.922,216.762,216.876
1783994400,216.876,216.925,216.814,216.817
1783998000,216.818,216.88,216.784,216.83
1784001600,216.831,216.881,216.798,216.845
1784005200,216.846,216.968,216.82,216.866
1784008800,216.868,216.919,216.796,216.834
1784012400,216.835,216.95,216.756,216.854
1784016000,216.854,217.044,216.718,217.042
1784019600,217.04,217.087,216.942,216.996
1784023200,216.996,217.047,216.947,216.986
1784026800,216.986,217.133,216.86,217.094
1784030400,217.095,217.41,216.937,217.114
1784034000,217.114,217.286,216.94,217.24
1784037600,217.24,217.3,217.022,217.124
1784041200,217.126,217.166,216.921,216.995
1784044800,216.998,217.111,216.94,217.055
1784048400,217.056,217.096,216.873,216.97
1784052000,216.97,217.09,216.966,217.052
1784055600,217.052,217.186,217.012,217.172
1784059200,217.172,217.297,217.154,217.292
1784062800,217.16,217.262,217.015,217.186
1784066400,217.188,217.307,217.122,217.248
1784070000,217.248,217.29,217.213,217.29
1784073600,217.289,217.34,217.227,217.268
1784077200,217.271,217.289,217.111,217.246
1784080800,217.248,217.342,217.202,217.322
1784084400,217.323,217.364,217.293,217.33
1784088000,217.333,217.45,217.306,217.406
1784091600,217.408,217.597,217.374,217.522
1784095200,217.525,217.656,217.457,217.61
1784098800,217.616,217.698,217.458,217.477
1784102400,217.478,217.548,217.359,217.425
1784106000,217.426,217.46,217.336,217.41
1784109600,217.413,217.582,217.314,217.512
1784113200,217.512,217.788,217.464,217.707
1784116800,217.704,217.811,217.64,217.763
1784120400,217.764,218.103,217.748,218.032
1784124000,218.03,218.638,217.959,218.542
1784127600,218.54,218.831,218.492,218.807
1784131200,218.806,219.388,218.804,219.345
1784134800,219.346,219.496,219.308,219.454
1784138400,219.454,219.52,219.348,219.351
1784142000,219.352,219.587,219.352,219.573
1784145600,219.574,219.614,219.543,219.593
1784149200,219.489,219.573,219.386,219.498
1784152800,219.5,219.558,219.464,219.484
1784156400,219.482,219.507,219.421,219.432
1784160000,219.432,219.528,219.25,219.378
1784163600,219.38,219.39,219.207,219.286
1784167200,219.284,219.359,219.212,219.337
1784170800,219.339,219.426,219.31,219.354
1784174400,219.358,219.431,219.342,219.361
1784178000,219.364,219.524,219.364,219.407
1784181600,219.397,219.54,219.383,219.51
1784185200,219.514,219.529,219.276,219.353
1784188800,219.352,219.356,219.192,219.236
1784192400,219.235,219.268,219.009,219.054
1784196000,219.057,219.108,218.941,218.971
1784199600,218.969,219.032,218.852,219.018
1784203200,219.022,219.191,218.998,219.064
1784206800,219.065,219.39,219.064,219.274
1784210400,219.274,219.406,219.094,219.108
1784214000,219.11,219.148,218.976,219.002
1784217600,219.002,219.007,218.79,218.798
1784221200,218.798,218.834,218.72,218.77
1784224800,218.771,218.773,218.678,218.744
1784228400,218.745,218.842,218.728,218.841
1784232000,218.84,218.882,218.796,218.864
1784235600,218.93,218.93,218.808,218.816
1784239200,218.824,218.838,218.744,218.764
1784242800,218.762,218.863,218.749,218.86
1784246400,218.858,218.912,218.73,218.896
1784250000,218.896,218.95,218.744,218.784
1784253600,218.783,218.791,218.574,218.61
1784257200,218.61,218.704,218.61,218.668
1784260800,218.668,218.69,218.566,218.601
1784264400,218.6,218.68,218.576,218.647
1784268000,218.644,218.828,218.448,218.642
1784271600,218.641,218.695,218.377,218.4
1784275200,218.396,218.539,218.268,218.31
1784278800,218.308,218.375,218.243,218.264
1784282400,218.265,218.272,218.038,218.08
1784286000,218.078,218.265,217.998,218.192
1784289600,218.192,218.224,218.034,218.147
1784293200,218.152,218.442,218.101,218.387
1784296800,218.389,218.458,218.284,218.361
1784300400,218.362,218.465,218.328,218.392
1784304000,218.393,218.652,218.332,218.565
1784307600,218.566,218.63,218.523,218.546
1784311200,218.546,218.586,218.514,218.555
1784314800,218.548,218.638,218.522,218.553
1784318400,218.553,218.576,218.466,218.471
1784494800,218.496,218.504,218.346,218.373
1784498400,218.436,218.556,218.356,218.48
1784502000,218.48,218.534,218.452,218.512
1784505600,218.513,218.549,218.332,218.356
1784509200,218.357,218.458,218.332,218.444
1784512800,218.442,218.57,218.428,218.539
1784516400,218.54,218.58,218.495,218.561
1784520000,218.56,218.654,218.558,218.615
1784523600,218.616,218.678,218.574,218.659
1784527200,218.659,218.696,218.541,218.58
1784530800,218.58,218.844,218.565,218.805
1784534400,218.807,218.82,218.652,218.706
1784538000,218.706,218.722,218.54,218.666
1784541600,218.666,218.8,218.61,218.731
1784545200,218.732,218.8,218.55,218.566
1784548800,218.568,218.63,218.413,218.522
1784552400,218.522,218.59,218.368,218.566
1784556000,218.565,218.689,218.356,218.418
1784559600,218.419,218.422,218.056,218.138
1784563200,218.138,218.18,218.043,218.118
1784566800,218.12,218.241,218.062,218.214
1784570400,218.212,218.346,218.212,218.344
1784574000,218.345,218.366,218.272,218.348
1784577600,218.348,218.366,218.236,218.25
1784581200,218.303,218.323,218.13,218.175
1784584800,218.176,218.2,218.111,218.187
1784588400,218.188,218.252,218.178,218.247
1784592000,218.246,218.34,218.195,218.307
1784595600,218.306,218.36,218.231,218.33
1784599200,218.334,218.4,218.24,218.252
1784602800,218.252,218.35,218.231,218.326
1784606400,218.327,218.402,218.306,218.388
1784610000,218.39,218.49,218.388,218.454
1784613600,218.44,218.666,218.44,218.568
1784617200,218.569,218.706,218.47,218.544
1784620800,218.548,218.729,218.458,218.478
1784624400,218.481,218.51,218.388,218.424
1784628000,218.422,218.515,218.224,218.252
1784631600,218.25,218.336,218.11,218.149
1784635200,218.146,218.164,217.77,217.874
1784638800,217.876,218.014,217.524,217.946
1784642400,217.946,218.272,217.887,217.981
1784646000,217.98,218.062,217.909,218.003
1784649600,218.005,218.166,217.942,218.146
1784653200,218.144,218.236,218.106,218.214
1784656800,218.214,218.397,218.142,218.364
1784660400,218.362,218.428,218.345,218.377
1784664000,218.372,218.406,218.252,218.28
1784667600,218.236,218.344,218.186,218.284
1784671200,218.283,218.308,218.267,218.276
1784674800,218.276,218.348,218.272,218.327
1784678400,218.335,218.387,218.23,218.366
1784682000,218.365,218.406,218.338,218.349
1784685600,218.354,218.398,218.31,218.342
1784689200,218.342,218.403,218.324,218.357
1784692800,218.356,218.4,218.336,218.39
1784696400,218.39,218.42,218.215,218.248
1784700000,218.216,218.394,218.074,218.212
1784703600,218.216,218.406,217.863,218.06
1784707200,218.062,218.214,217.924,217.938
1784710800,217.928,217.996,217.841,217.964
1784714400,217.964,218.074,217.907,217.938
1784718000,217.947,217.996,217.882,217.987
1784721600,217.979,218.05,217.84,217.896
1784725200,217.894,218.303,217.894,218.286
1784728800,218.29,218.358,218.11,218.156
1784732400,218.156,218.228,218.094,218.142
1784736000,218.144,218.144,218.006,218.13
1784739600,218.128,218.203,218.106,218.17
1784743200,218.17,218.202,218.115,218.168
1784746800,218.167,218.198,218.14,218.192
1784750400,218.192,218.251,218.182,218.241
1784754000,218.267,218.277,218.154,218.183
1784757600,218.19,218.202,218.038,218.098
1784761200,218.098,218.166,218.08,218.132
1784764800,218.134,218.226,218.124,218.194
1784768400,218.192,218.241,218.15,218.208
1784772000,218.205,218.354,218.204,218.345
1784775600,218.344,218.374,218.262,218.294
1784779200,218.293,218.382,218.282,218.306
1784782800,218.305,218.352,218.266,218.332
1784786400,218.334,218.426,218.152,218.196
1784790000,218.202,218.492,218.152,218.413
1784793600,218.416,218.522,218.325,218.36
1784797200,218.362,218.51,218.348,218.466
1784800800,218.466,218.483,218.292,218.394
1784804400,218.392,218.404,218.06,218.352
1784808000,218.35,218.412,218.159,218.386
1784811600,218.384,218.631,218.294,218.538
1784815200,218.536,218.559,218.264,218.344
1784818800,218.346,218.376,217.972,218.03
1784822400,218.036,218.238,218.031,218.202
1784826000,218.202,218.207,218.118,218.138
1784829600,218.137,218.17,218.082,218.132
1784833200,218.132,218.19,218.072,218.168
1784836800,218.171,218.222,218.132,218.184
1784840400,218.192,218.272,218.06,218.124
1784844000,218.14,218.182,218.128,218.178
1784847600,218.178,218.182,218.094,218.111
1784851200,218.104,218.302,218.099,218.272
1784854800,218.272,218.332,218.15,218.166
1784858400,218.168,218.185,218.053,218.06
1784862000,218.06,218.144,218.042,218.094
1784865600,218.096,218.128,218.019,218.065
1784869200,218.064,218.15,218.05,218.058
1784872800,218.056,218.248,218.012,218.236
1784876400,218.238,218.442,218.131,218.395
1784880000,218.394,218.412,218.104,218.11
1784883600,218.112,218.15,217.984,218.022
1784887200,218.024,218.27,217.972,218.205
1784890800,218.202,218.276,218.124,218.236
1784894400,218.236,218.296,218.01,218.09
1784898000,218.09,218.322,218.056,218.25
1784901600,218.252,218.347,218.176,218.234
1784905200,218.235,218.476,218.212,218.424
1784908800,218.424,218.48,218.315,218.362
1784912400,218.362,218.385,218.25,218.282
1784916000,218.284,218.371,218.278,218.328
1784919600,218.332,218.348,218.254,218.277
1784923200,218.276,218.338,218.212,218.322
1785099600,218.173,218.326,218.143,218.292
1785103200,218.298,218.51,218.262,218.427
1785106800,218.428,218.482,218.402,218.448
1785110400,218.449,218.526,218.36,218.464
1785114000,218.466,218.514,218.4,218.464
1785117600,218.464,218.504,218.406,218.458
1785121200,218.457,218.476,218.396,218.423
1785124800,218.426,218.452,218.376,218.394
1785128400,218.396,218.492,218.382,218.442
1785132000,218.439,218.508,218.291,218.294
1785135600,218.291,218.302,217.98,218.061
1785139200,218.058,218.14,217.999,218.106
1785142800,218.102,218.16,218.002,218.01
1785146400,218.01,218.102,217.86,217.884
1785150000,217.884,217.938,217.774,217.883
1785153600,217.882,217.988,217.786,217.933
1785157200,217.932,218.046,217.862,217.964
1785160800,217.964,218.047,217.757,217.777
1785164400,217.776,217.822,217.708,217.774
1785168000,217.776,217.846,217.694,217.714
1785171600,217.716,217.726,217.478,217.614
1785175200,217.616,217.646,217.572,217.637
1785178800,217.64,217.668,217.614,217.64
1785182400,217.641,217.654,217.564,217.592
1785186000,217.639,217.704,217.61,217.68
1785189600,217.68,217.68,217.586,217.602
1785193200,217.602,217.662,217.562,217.66
1785196800,217.664,217.724,217.64,217.674
1785200400,217.674,217.74,217.655,217.682
1785204000,217.681,217.76,217.67,217.711
1785207600,217.712,217.822,217.688,217.776
1785211200,217.777,217.778,217.664,217.692
1785214800,217.695,217.72,217.548,217.578
1785218400,217.575,217.732,217.532,217.714
1785222000,217.716,217.878,217.664,217.702
1785225600,217.699,217.945,217.698,217.936
1785229200,217.938,217.94,217.62,217.637
1785232800,217.636,217.748,217.548,217.702
1785236400,217.704,217.744,217.613,217.692
1785240000,217.692,217.952,217.676,217.926
1785243600,217.929,217.996,217.85,217.912
1785247200,217.911,217.944,217.712,217.803
1785250800,217.804,217.885,217.712,217.806
1785254400,217.805,217.862,217.766,217.804
1785258000,217.803,217.868,217.722,217.726
1785261600,217.726,217.758,217.644,217.751
1785265200,217.75,217.824,217.73,217.73
1785268800,217.732,217.782,217.69,217.77
1785272400,217.777,217.832,217.702,217.702
1785276000,217.693,217.746,217.66,217.668
1785279600,217.671,217.734,217.616,217.733
1785283200,217.732,217.766,217.546,217.61
1785286800,217.61,217.648,217.515,217.57
1785290400,217.568,217.694,217.542,217.654
1785294000,217.652,217.686,217.514,217.544
1785297600,217.544,217.579,217.164,217.32
1785301200,217.322,217.435,217.258,217.428
1785304800,217.42,217.548,217.356,217.456
1785308400,217.456,217.75,217.426,217.731
1785312000,217.733,217.751,217.594,217.667
1785315600,217.668,217.674,217.457,217.554
1785319200,217.554,217.604,217.484,217.526
1785322800,217.524,217.63,217.508,217.53
1785326400,217.532,217.63,217.442,217.591
1785330000,217.594,217.71,217.498,217.696
1785333600,217.702,217.914,217.626,217.757
1785337200,217.756,217.796,217.638,217.713
1785340800,217.72,217.802,217.653,217.8
1785344400,217.802,217.977,217.781,217.878
1785348000,217.916,218.331,217.746,218.28
1785351600,218.28,218.565,218.206,218.234
1785355200,218.232,218.501,218.223,218.474
1785358800,218.424,218.468,218.091,218.387
1785362400,218.378,218.498,218.378,218.442
1785366000,218.444,218.446,218.272,218.292
1785369600,218.293,218.375,218.152,218.352
1785373200,218.352,218.37,218.279,218.313
1785376800,218.314,218.331,218.228,218.241
1785380400,218.24,218.276,218.178,218.202
1785384000,218.201,218.244,218.167,218.169
1785387600,218.17,218.38,218.168,218.311
1785391200,218.31,218.366,218.14,218.33
1785394800,218.335,218.464,218.291,218.392
1785398400,218.392,218.628,218.385,218.572
1785402000,218.573,218.688,218.481,218.522
1785405600,218.522,218.526,217.394,218.029
1785409200,218.022,218.219,217.8,218.084
1785412800,218.084,218.18,217.732,217.898
1785416400,217.9,217.909,214.492,214.512
1785420000,214.51,214.803,212.344,213.836
1785423600,213.834,214.651,213.456,214.636
1785427200,214.636,214.904,214.598,214.858
1785430800,214.863,215.142,213.464,214.204
1785434400,214.205,214.306,214.002,214.134
1785438000,214.132,214.78,214.132,214.644
1785441600,214.644,214.934,214.613,214.818
1785445200,214.805,214.99,214.746,214.95
1785448800,214.946,215.162,214.698,215.017
1785452400,215.015,215.666,214.93,215.625
1785456000,215.626,216.238,215.596,216.064
1785459600,216.062,216.228,215.852,216.207
1785463200,216.205,216.205,215.829,215.909
1785466800,215.908,216.334,215.846,216.046
1785470400,216.046,216.192,215.985,216.056
1785474000,216.056,216.099,215.88,215.896
1785477600,215.889,215.953,215.252,215.617
1785481200,215.617,216.084,215.514,215.514
1785484800,215.514,215.737,213.446,213.914
1785488400,213.911,215.291,213.484,215.202
1785492000,215.204,215.3,215.022,215.098
1785495600,215.102,215.189,214.919,214.978
1785499200,214.979,215.395,214.956,215.24
1785502800,215.238,215.308,213.546,213.864
1785506400,213.864,214.64,213.082,214.278
1785510000,214.279,214.576,213.87,214.37
1785513600,214.368,214.592,214.317,214.588
1785517200,214.588,214.862,213.27,213.725
1785520800,213.722,214.444,213.536,214.24
1785524400,214.24,214.638,214.234,214.525
1785528000,214.52,214.531,212.112,212.264
1785704400,212.092,212.598,212.084,212.482
1785708000,212.478,212.588,211.95,212.306
1785711600,212.31,212.99,211.993,212.604
1785715200,212.605,212.904,209.575,210.58
1785718800,210.581,210.892,209.682,210.68
1785722400,210.68,211.027,210.507,210.794
1785726000,210.794,210.945,210.512,210.801
1785729600,210.802,210.878,210.658,210.792
1785733200,210.792,210.847,210.685,210.768
1785736800,210.768,211.154,210.683,211.034
1785740400,211.024,211.1,210.762,211.044
1785744000,211.044,211.24,210.754,211.222
1785747600,211.223,211.438,211.041,211.286
1785751200,211.289,211.33,210.926,211.086
1785754800,211.084,211.318,210.858,210.992
1785758400,210.988,211.199,210.878,211.148
1785762000,211.148,211.188,210.292,210.508
1785765600,210.504,210.724,210.22,210.38
1785769200,210.38,210.9,210.354,210.87
1785772800,210.874,210.894,210.326,210.635
1785776400,210.632,210.764,210.618,210.714
1785780000,210.71,210.774,210.438,210.574
1785783600,210.576,210.839,210.554,210.807
1785787200,210.808,211.206,210.758,211.159
1785790800,211.104,211.146,211.088,211.138
1785794400,211.128,211.429,211.128,211.336
1785798000,211.335,211.671,211.221,211.53
1785801600,211.529,211.546,211.158,211.436
1785805200,211.434,211.646,211.378,211.644
1785808800,211.643,211.856,211.623,211.772
1785812400,211.771,211.791,211.484,211.671
1785816000,211.671,211.685,211.418,211.521
1785819600,211.522,211.733,211.452,211.728
1785823200,211.728,211.851,211.584,211.746
1785826800,211.748,212.075,211.732,212.046
1785830400,212.046,212.132,211.898,212.122
1785834000,212.123,212.32,212.105,212.261
1785837600,212.26,212.336,212.095,212.159
1785841200,212.158,212.194,211.64,211.744
1785844800,211.73,211.898,211.519,211.768
1785848400,211.768,211.806,211.444,211.702
1785852000,211.702,211.976,211.628,211.872
1785855600,211.873,211.93,211.698,211.824
1785859200,211.826,211.97,211.779,211.885
1785862800,211.888,211.931,211.848,211.878
1785866400,211.878,212.088,211.867,212.066
1785870000,212.062,212.282,212.062,212.208
1785873600,212.208,212.235,212.131,212.202
1785877200,212.136,212.296,212.111,212.164
1785880800,212.161,212.212,212.096,212.176
1785884400,212.173,212.255,212.072,212.13
1785888000,212.126,212.19,211.822,211.932
1785891600,211.933,211.998,211.857,211.962
1785895200,211.964,212.06,211.704,211.832
1785898800,211.833,211.963,211.794,211.828
1785902400,211.826,212.148,211.788,212.12
1785906000,212.126,212.166,212.081,212.122
1785909600,212.121,212.324,212.03,212.268
1785913200,212.268,212.412,212.068,212.412
1785916800,212.412,212.565,212.332,212.376
1785920400,212.378,212.488,212.334,212.443
1785924000,212.442,212.534,212.368,212.382
1785927600,212.379,212.428,212.272,212.383
1785931200,212.385,212.428,212.22,212.323
1785934800,212.322,212.367,212.002,212.14
1785938400,212.131,212.378,212.063,212.288
1785942000,212.287,212.3,212.14,212.246
1785945600,212.246,212.344,212.191,212.33
1785949200,212.327,212.424,212.258,212.404
1785952800,212.406,212.421,212.334,212.37
1785956400,212.37,212.41,212.328,212.358
1785960000,212.358,212.508,212.354,212.492
1785963600,212.445,212.492,212.349,212.4
1785967200,212.4,212.413,212.322,212.34
1785970800,212.342,212.352,212.231,212.292
1785974400,212.294,212.495,212.288,212.414
1785978000,212.415,212.458,212.29,212.351
1785981600,212.352,212.396,212.315,212.344
1785985200,212.346,212.385,212.272,212.316
1785988800,212.316,212.336,212.284,212.323
1785992400,212.325,212.391,212.278,212.382
1785996000,212.382,212.466,212.37,212.434
1785999600,212.434,212.5,212.286,212.48
1786003200,212.484,212.57,212.454,212.522
1786006800,212.52,212.548,212.378,212.44
1786010400,212.44,212.54,212.378,212.519
1786014000,212.518,212.652,212.507,212.616
1786017600,212.614,212.742,212.522,212.688
1786021200,212.683,212.813,212.634,212.766
1786024800,212.766,213.18,212.766,213.042
1786028400,213.041,213.234,213.03,213.174
1786032000,213.176,213.306,212.889,213.29
1786035600,213.291,213.295,213.11,213.152
1786039200,213.152,213.188,213.012,213.061
1786042800,213.06,213.173,213.044,213.13
1786046400,213.13,213.218,213.105,213.188
1786050000,213.179,213.236,213.02,213.216
1786053600,213.216,213.243,213.124,213.157
1786057200,213.156,213.169,213.082,213.155
1786060800,213.156,213.272,213.146,213.216
1786064400,213.223,213.244,212.866,213.006
1786068000,213.006,213.07,212.984,213.046
1786071600,213.044,213.137,213.03,213.106
1786075200,213.106,213.144,213.068,213.078
1786078800,213.078,213.106,212.99,213
1786082400,213,213.07,212.964,213.056
1786086000,213.055,213.112,212.95,213.03
1786089600,213.03,213.102,212.906,212.906
1786093200,212.906,212.95,212.804,212.863
1786096800,212.863,212.896,212.644,212.73
1786100400,212.73,212.952,212.73,212.948
1786104000,212.948,213.06,211.46,212.474
1786107600,212.478,212.81,212.318,212.788
1786111200,212.784,213.061,212.712,213.024
1786114800,213.022,213.06,212.516,212.634
1786118400,212.633,212.633,212.378,212.498
1786122000,212.497,212.551,212.422,212.538
1786125600,212.539,212.713,212.512,212.67
1786129200,212.67,212.769,212.56,212.676
1786132800,212.677,212.978,212.641,212.911
1786309200,212.876,212.896,212.697,212.76
1786312800,212.729,213.066,212.729,213.032
1786316400,213.034,213.046,212.93,212.993
1786320000,212.994,213.108,212.964,213.079
1786323600,213.078,213.522,213.062,213.492
1786327200,213.492,213.512,213.38,213.383
1786330800,213.381,213.401,213.274,213.336
1786334400,213.336,213.585,213.333,213.571
1786338000,213.572,213.671,213.545,213.667
1786341600,213.67,213.818,213.668,213.738
1786345200,213.738,213.942,213.726,213.898
1786348800,213.899,214.268,213.834,214.246
1786352400,214.248,214.428,214.248,214.37
1786356000,214.372,214.424,214.276,214.375
1786359600,214.378,214.452,214.331,214.424
1786363200,214.422,214.529,213.896,214.492
1786366800,214.492,214.748,214.464,214.746
1786370400,214.738,214.993,214.688,214.898
1786374000,214.894,214.983,214.812,214.928
1786377600,214.926,214.98,214.87,214.92
1786381200,214.92,215.047,214.91,214.942
1786384800,214.94,215.264,214.902,215.115
1786388400,215.118,215.248,215.083,215.186
1786392000,215.185,215.234,215.16,215.196
1786395600,215.167,215.17,215.062,215.141
1786399200,215.13,215.2,215.108,215.13
1786402800,215.128,215.156,215.005,215.037
1786406400,215.036,215.125,214.793,215.024
1786410000,215.026,215.082,214.926,215.052
1786413600,215.052,215.178,215.03,215.086
1786417200,215.086,215.126,215.044,215.09
1786420800,215.09,215.135,215.06,215.098
1786424400,215.092,215.132,215.009,215.128
1786428000,215.13,215.198,214.972,215.025
1786431600,215.024,215.182,214.974,215.084
1786435200,215.086,215.217,215.033,215.201
1786438800,215.2,215.234,215.084,215.101
1786442400,215.099,215.154,214.893,214.934
1786446000,214.932,214.936,214.762,214.89
1786449600,214.89,215.063,214.884,215.005
1786453200,215.006,215.06,214.9,214.98
1786456800,214.983,215.12,214.97,215.104
1786460400,215.104,215.233,215.036,215.229
1786464000,215.225,215.23,215.032,215.106
1786467600,215.107,215.13,215.022,215.11
1786471200,215.11,215.117,215.024,215.062
1786474800,215.062,215.19,215.06,215.168
1786478400,215.168,215.222,215.11,215.176
1786482000,215.176,215.182,215.098,215.182
1786485600,215.186,215.225,215.138,215.176
1786489200,215.174,215.206,215.138,215.17
1786492800,215.17,215.268,215.086,215.239
1786496400,215.24,215.264,215.142,215.205
1786500000,215.208,215.325,215.177,215.3
1786503600,215.301,215.389,215.298,215.32
1786507200,215.318,215.346,215.264,215.326
1786510800,215.324,215.336,215.174,215.295
1786514400,215.299,215.32,215.218,215.309
1786518000,215.309,215.36,215.248,215.286
1786521600,215.287,215.301,215.2,215.252
1786525200,215.252,215.339,214.539,215.07
1786528800,215.07,215.253,215.063,215.138
1786532400,215.138,215.228,215.076,215.209
1786536000,215.212,215.231,214.822,214.99
1786539600,214.988,215.093,214.842,215.078
1786543200,215.08,215.204,214.998,215.072
1786546800,215.072,215.162,215.01,215.117
1786550400,215.118,215.188,215.077,215.128
1786554000,215.129,215.26,215.128,215.206
1786557600,215.206,215.246,215.125,215.128
1786561200,215.13,215.203,215.112,215.196
1786564800,215.192,215.212,215.099,215.147
1786568400,215.143,215.178,215.076,215.14
1786572000,215.148,215.172,215.096,215.11
1786575600,215.108,215.118,215.036,215.06
1786579200,215.058,215.13,214.974,215.046
1786582800,215.045,215.072,214.98,215.001
1786586400,215.002,215.098,214.992,215.05
1786590000,215.051,215.12,215.025,215.075
1786593600,215.077,215.123,214.794,214.918
1786597200,214.918,215.067,214.892,214.938
1786600800,214.938,215.048,214.838,214.896
1786604400,214.896,214.943,214.79,214.866
1786608000,214.868,214.928,214.811,214.862
1786611600,214.864,214.994,214.83,214.975
1786615200,214.976,215.124,214.941,214.95
1786618800,214.951,215.002,214.872,214.983
1786622400,214.982,215.06,214.908,215.026
1786626000,215.028,215.114,214.962,214.988
1786629600,214.99,215.154,214.8,214.998
1786633200,214.996,215.122,214.99,215.06
1786636800,215.062,215.096,214.979,215.08
1786640400,215.076,215.126,215.012,215.068
1786644000,215.069,215.102,215.031,215.083
1786647600,215.088,215.154,215.077,215.15
1786651200,215.15,215.187,215.118,215.135
1786654800,215.092,215.207,215.056,215.136
1786658400,215.134,215.192,215.086,215.098
1786662000,215.096,215.126,215.076,215.078
1786665600,215.078,215.194,215.044,215.119
1786669200,215.118,215.162,215.084,215.086
1786672800,215.086,215.106,215.033,215.044
1786676400,215.045,215.108,215.006,215.088
1786680000,215.09,215.14,215.06,215.086
1786683600,215.083,215.1,214.896,215.022
1786687200,215.02,215.061,214.884,215.056
1786690800,215.056,215.17,215.033,215.124
1786694400,215.124,215.269,215.088,215.253
1786698000,215.252,215.279,215.14,215.244
1786701600,215.244,215.352,215.202,215.337
1786705200,215.336,215.467,215.319,215.361
1786708800,215.358,215.364,214.899,215.153
1786712400,215.154,215.488,215.135,215.4
1786716000,215.407,215.572,215.387,215.462
1786719600,215.462,215.806,215.409,215.802
1786723200,215.804,215.903,215.757,215.772
1786726800,215.771,215.778,215.611,215.656
1786730400,215.659,215.736,215.632,215.694
1786734000,215.694,215.75,215.676,215.698
1786737600,215.696,215.702,215.598,215.618
1786914000,215.752,215.804,215.578,215.658
1786917600,215.674,215.717,215.548,215.548
1786921200,215.548,215.71,215.539,215.696
1786924800,215.692,215.75,215.531,215.556
1786928400,215.559,215.652,215.522,215.614
1786932000,215.614,215.622,215.464,215.5
1786935600,215.501,215.629,215.5,215.607
1786939200,215.604,215.672,215.584,215.627
1786942800,215.628,215.642,215.486,215.62
1786946400,215.626,215.636,215.51,215.53
1786950000,215.532,215.638,215.414,215.591
1786953600,215.592,215.766,215.566,215.678
1786957200,215.678,215.856,215.658,215.814
1786960800,215.816,215.862,215.774,215.802
1786964400,215.81,215.918,215.781,215.873
1786968000,215.875,215.956,215.848,215.952
1786971600,215.951,216.09,215.927,215.964
1786975200,215.962,216.052,215.816,215.884
1786978800,215.881,216.12,215.856,216.104
1786982400,216.104,216.16,216.065,216.078
1786986000,216.08,216.142,216.007,216.024
1786989600,216.022,216.082,215.998,216.056
1786993200,216.048,216.062,215.894,215.964
1786996800,215.964,216.018,215.929,215.962
1787000400,216.023,216.051,215.85,215.882
1787004000,215.906,215.998,215.898,215.912
1787007600,215.913,215.924,215.864,215.902
1787011200,215.91,216.119,215.897,216.036
1787014800,216.038,216.095,215.992,216.07
1787018400,216.07,216.104,215.947,216.003
1787022000,216.003,216.022,215.916,215.966
1787025600,215.964,216.222,215.958,216.154
1787029200,216.154,216.19,216.094,216.123
1787032800,216.121,216.216,215.959,216.052
1787036400,216.053,216.107,215.981,216.083
1787040000,216.082,216.104,215.996,216.073
1787043600,216.072,216.077,215.936,215.988
1787047200,215.988,216.076,215.926,216.014
1787050800,216.015,216.048,215.964,216.024
1787054400,216.027,216.084,215.974,216.053
1787058000,216.05,216.133,215.988,216.09
1787061600,216.089,216.158,215.981,216.082
1787065200,216.082,216.144,216,216.138
1787068800,216.14,216.18,216.074,216.076
1787072400,216.077,216.082,215.996,216.018
1787076000,216.018,216.052,215.987,216.008
1787079600,216.009,216.079,215.986,216.04
1787083200,216.04,216.055,215.989,216.004
1787086800,216.046,216.086,215.946,216.048
1787090400,216.06,216.108,215.954,215.987
1787094000,215.988,215.996,215.939,215.979
1787097600,215.973,215.973,215.712,215.738
1787101200,215.738,215.797,215.707,215.753
1787104800,215.752,215.788,215.695,215.777
1787108400,215.778,215.868,215.764,215.82
1787112000,215.82,215.827,215.631,215.762
1787115600,215.764,215.778,215.612,215.752
1787119200,215.753,215.837,215.62,215.796
1787122800,215.791,215.834,215.666,215.769
1787126400,215.767,215.812,215.632,215.726
1787130000,215.728,215.844,215.661,215.702
1787133600,215.702,215.775,215.642,215.678
1787137200,215.676,215.748,215.637,215.682
1787140800,215.682,215.722,214.834,215.61
1787144400,215.612,215.89,215.518,215.759
1787148000,215.753,215.778,215.373,215.494
1787151600,215.493,215.717,215.491,215.605
1787155200,215.606,215.668,215.529,215.568
1787158800,215.572,215.624,215.488,215.551
1787162400,215.552,215.557,215.342,215.427
1787166000,215.434,215.482,215.127,215.202
1787169600,215.206,215.23,215.132,215.192
1787173200,215.142,215.238,215.119,215.182
1787176800,215.174,215.22,215.065,215.199
1787180400,215.2,215.266,215.2,215.24
1787184000,215.24,215.45,215.206,215.428
1787187600,215.426,215.733,215.417,215.727
1787191200,215.728,215.741,215.512,215.56
1787194800,215.561,215.73,215.558,215.694
1787198400,215.694,215.878,215.676,215.776
1787202000,215.78,215.918,215.768,215.822
1787205600,215.82,215.843,215.63,215.64
1787209200,215.642,215.958,215.515,215.876
1787212800,215.88,216.188,215.852,216.12
1787216400,216.117,216.12,215.858,216.101
1787220000,216.104,216.26,216.008,216.23
1787223600,216.232,216.34,216.18,216.284
1787227200,216.289,216.459,216.276,216.424
1787230800,216.426,216.553,216.348,216.54
1787234400,216.542,216.632,216.358,216.374
1787238000,216.374,216.724,216.204,216.626
1787241600,216.631,216.815,216.608,216.73
1787245200,216.729,216.775,216.654,216.748
1787248800,216.748,216.88,216.726,216.873
1787252400,216.876,216.906,216.846,216.856
1787256000,216.858,216.88,216.822,216.823
1787259600,216.778,216.854,216.712,216.784
1787263200,216.802,216.898,216.748,216.76
1787266800,216.76,216.823,216.708,216.78
1787270400,216.771,217.046,216.752,216.975
1787274000,216.974,217.025,216.868,216.882
1787277600,216.883,217.016,216.85,216.978
1787281200,216.978,217.062,216.952,216.966
1787284800,216.966,216.996,216.894,216.937
1787288400,216.938,216.964,216.786,216.838
1787292000,216.847,216.936,216.75,216.88
1787295600,216.88,216.922,216.56,216.652
1787299200,216.654,216.678,216.524,216.627
1787302800,216.628,216.674,216.46,216.577
1787306400,216.58,216.718,216.559,216.608
1787310000,216.608,216.764,216.576,216.726
1787313600,216.726,216.796,216.547,216.592
1787317200,216.594,216.708,216.516,216.639
1787320800,216.64,216.705,216.504,216.567
1787324400,216.568,216.815,216.548,216.792
1787328000,216.794,216.87,216.724,216.864
1787331600,216.866,217.044,216.864,217.036
1787335200,217.038,217.111,217.036,217.089
1787338800,217.09,217.107,216.962,216.988
1787342400,216.988,217.009,216.894,216.935
1787518800,216.782,216.79,216.352,216.69
1787522400,216.688,216.906,216.688,216.871
1787526000,216.872,216.996,216.856,216.93
1787529600,216.932,216.944,216.67,216.741
1787533200,216.742,216.854,216.728,216.788
1787536800,216.786,216.875,216.758,216.866
1787540400,216.865,216.92,216.86,216.872
1787544000,216.872,216.88,216.704,216.806
1787547600,216.805,216.866,216.797,216.812
1787551200,216.808,216.976,216.743,216.975
1787554800,216.976,217.159,216.955,216.986
1787558400,216.985,217.11,216.845,216.85
1787562000,216.851,217.068,216.851,217.066
1787565600,217.06,217.076,216.882,216.934
1787569200,216.933,217.009,216.838,216.948
1787572800,216.95,217.004,216.786,216.988
1787576400,216.985,217.176,216.976,217.042
1787580000,217.041,217.106,216.988,217.054
1787583600,217.054,217.1,216.938,216.955
1787587200,216.954,216.976,216.836,216.891
1787590800,216.892,216.937,216.808,216.918
1787594400,216.918,217.013,216.897,216.986
1787598000,216.986,216.988,216.888,216.912
1787601600,216.912,216.949,216.84,216.866
1787605200,216.905,216.938,216.786,216.882
1787608800,216.869,216.932,216.852,216.921
1787612400,216.921,217.036,216.876,217.024
1787616000,217.022,217.125,216.981,217.124
1787619600,217.125,217.172,217.01,217.116
1787623200,217.116,217.267,217.101,217.242
1787626800,217.243,217.262,217.144,217.15
1787630400,217.15,217.154,216.955,217.077
1787634000,217.076,217.133,217.022,217.055
1787637600,217.056,217.24,217.012,217.237
1787641200,217.238,217.478,217.238,217.46
1787644800,217.461,217.464,217.282,217.371
1787648400,217.37,217.43,217.28,217.308
1787652000,217.308,217.325,217.13,217.148
1787655600,217.15,217.17,217.092,217.098
1787659200,217.102,217.214,217.042,217.21
1787662800,217.21,217.316,217.176,217.22
1787666400,217.219,217.263,217.076,217.106
1787670000,217.106,217.196,217.043,217.166
1787673600,217.166,217.216,217.122,217.17
1787677200,217.172,217.265,217.164,217.238
1787680800,217.239,217.295,217.234,217.278
1787684400,217.278,217.306,217.196,217.274
1787688000,217.276,217.35,217.218,217.29
1787691600,217.296,217.376,217.206,217.299
1787695200,217.3,217.328,217.274,217.31
1787698800,217.31,217.339,217.26,217.262
1787702400,217.262,217.336,217.137,217.186
1787706000,217.185,217.205,216.935,217.02
1787709600,217.02,217.02,216.81,216.926
1787713200,216.926,216.926,216.699,216.774
1787716800,216.772,216.828,216.744,216.809
1787720400,216.81,216.836,216.756,216.81
1787724000,216.808,216.852,216.738,216.832
1787727600,216.828,216.89,216.718,216.762
1787731200,216.761,216.799,216.666,216.71
1787734800,216.71,216.734,216.594,216.656
1787738400,216.652,216.72,216.562,216.691
1787742000,216.692,216.855,216.672,216.816
1787745600,216.816,216.854,216.6,216.676
1787749200,216.673,216.824,216.659,216.814
1787752800,216.81,216.816,216.542,216.6
1787756400,216.601,216.682,216.546,216.639
1787760000,216.642,216.674,216.572,216.656
1787763600,216.656,216.704,216.63,216.68
1787767200,216.682,216.703,216.618,216.65
1787770800,216.65,216.666,216.586,216.618
1787774400,216.613,216.654,216.56,216.616
1787778000,216.578,216.586,216.484,216.524
1787781600,216.51,216.59,216.49,216.51
1787785200,216.509,216.562,216.465,216.517
1787788800,216.518,216.521,216.268,216.35
1787792400,216.35,216.476,216.296,216.457
1787796000,216.456,216.596,216.456,216.538
1787799600,216.541,216.564,216.498,216.499
1787803200,216.5,216.565,216.5,216.52
1787806800,216.52,216.555,216.461,216.546
1787810400,216.543,216.577,216.502,216.548
1787814000,216.549,216.58,216.44,216.512
1787817600,216.512,216.572,216.339,216.346
1787821200,216.35,216.544,216.276,216.483
1787824800,216.484,216.568,216.421,216.484
1787828400,216.485,216.586,216.428,216.475
1787832000,216.476,216.514,216.368,216.38
1787835600,216.38,216.774,216.376,216.614
1787839200,216.614,216.616,216.3,216.387
1787842800,216.386,216.566,216.358,216.56
1787846400,216.56,216.602,216.49,216.522
1787850000,216.524,216.598,216.507,216.596
1787853600,216.596,216.645,216.541,216.633
1787857200,216.634,216.658,216.548,216.61
1787860800,216.61,216.676,216.596,216.658
1787864400,216.594,216.734,216.592,216.62
1787868000,216.63,216.685,216.625,216.655
1787871600,216.655,216.681,216.596,216.608
1787875200,216.606,216.666,216.588,216.658
1787878800,216.66,216.686,216.59,216.662
1787882400,216.662,216.725,216.608,216.718
1787886000,216.72,216.753,216.658,216.674
1787889600,216.675,216.74,216.672,216.72
1787893200,216.72,216.79,216.716,216.762
1787896800,216.761,216.816,216.678,216.679
1787900400,216.682,216.74,216.546,216.708
1787904000,216.706,216.811,216.698,216.804
1787907600,216.806,216.895,216.748,216.86
1787911200,216.862,217.006,216.842,216.962
1787914800,216.964,216.966,216.875,216.878
1787918400,216.876,216.892,216.665,216.754
1787922000,216.756,216.822,216.643,216.718
1787925600,216.717,217.06,216.346,216.96
1787929200,216.96,217.038,216.774,216.81
1787932800,216.808,216.936,216.702,216.844
1787936400,216.846,216.846,216.684,216.711
1787940000,216.71,216.716,216.649,216.66
1787943600,216.662,216.731,216.599,216.708
1787947200,216.707,216.738,216.628,216.682
1788123600,216.648,216.788,216.617,216.76
1788127200,216.758,216.796,216.67,216.734
1788130800,216.734,216.847,216.731,216.8
1788134400,216.802,216.802,216.596,216.676
1788138000,216.676,216.681,216.411,216.458
1788141600,216.458,216.486,216.342,216.411
1788145200,216.412,216.484,216.39,216.438
1788148800,216.44,216.45,216.375,216.437
1788152400,216.438,216.534,216.372,216.519
1788156000,216.517,216.61,216.42,216.43
1788159600,216.43,216.439,216.08,216.172
1788163200,216.164,216.31,216.114,216.292
1788166800,216.284,216.347,216.269,216.316
1788170400,216.316,216.388,216.224,216.264
1788174000,216.264,216.273,216.183,216.222
1788177600,216.222,216.456,216.194,216.451
1788181200,216.452,216.527,216.426,216.454
1788184800,216.455,216.61,216.188,216.488
1788188400,216.485,216.588,216.414,216.432
1788192000,216.431,216.433,216.328,216.352
1788195600,216.351,216.424,216.319,216.384
1788199200,216.384,216.538,216.362,216.516
1788202800,216.516,216.516,216.392,216.46
1788206400,216.46,216.465,216.402,216.43
1788210000,216.471,216.532,216.44,216.486
1788213600,216.502,216.534,216.426,216.438
1788217200,216.438,216.481,216.404,216.438
1788220800,216.438,216.588,216.418,216.576
1788224400,216.576,216.59,216.334,216.4
1788228000,216.399,216.469,216.38,216.452
1788231600,216.452,216.46,216.38,216.394
1788235200,216.393,216.513,216.386,216.51
1788238800,216.508,216.612,216.502,216.59
1788242400,216.583,216.655,216.482,216.584
1788246000,216.586,216.636,216.502,216.562
1788249600,216.562,216.612,216.456,216.57
1788253200,216.568,216.74,216.527,216.708
1788256800,216.706,216.742,216.648,216.694
1788260400,216.693,216.775,216.61,216.728
1788264000,216.723,216.807,216.588,216.623
1788267600,216.62,216.804,216.608,216.762
1788271200,216.764,216.838,216.548,216.706
1788274800,216.708,216.738,216.452,216.474
1788278400,216.472,216.62,216.43,216.46
1788282000,216.46,216.556,216.446,216.548
1788285600,216.546,216.564,216.444,216.498
1788289200,216.498,216.536,216.476,216.496
1788292800,216.497,216.532,216.456,216.526
1788296400,216.462,216.548,216.424,216.503
1788300000,216.536,216.576,216.483,216.523
1788303600,216.524,216.548,216.462,216.486
1788307200,216.486,216.522,216.396,216.506
1788310800,216.504,216.594,216.456,216.582
1788314400,216.582,216.587,216.454,216.468
1788318000,216.468,216.471,216.312,216.328
1788321600,216.328,216.33,216.016,216.097
1788325200,216.096,216.102,215.806,215.807
1788328800,215.801,215.802,215.25,215.342
1788332400,215.344,215.774,215.344,215.76
1788336000,215.76,215.868,215.69,215.815
1788339600,215.816,215.892,215.573,215.594
1788343200,215.596,215.612,215.506,215.603
1788346800,215.604,215.644,215.242,215.262
1788350400,215.262,215.276,215.05,215.051
1788354000,215.052,215.212,213.709,214.278
1788357600,214.276,214.528,214.08,214.391
1788361200,214.396,214.452,214.175,214.4
1788364800,214.4,214.472,214.338,214.358
1788368400,214.358,214.414,214.212,214.29
1788372000,214.29,214.409,214.257,214.352
1788375600,214.356,214.422,214.134,214.151
1788379200,214.15,214.177,213.962,214.043
1788382800,214.026,214.098,213.966,214.016
1788386400,214.016,214.152,213.979,214.084
1788390000,214.082,214.288,214.068,214.236
1788393600,214.236,214.328,213.874,214.068
1788397200,214.068,214.084,213.445,213.696
1788400800,213.696,213.722,213.022,213.164
1788404400,213.166,213.172,212.736,212.912
1788408000,212.911,213.028,212.646,212.77
1788411600,212.772,212.882,212.314,212.322
1788415200,212.32,212.346,211.906,211.998
1788418800,212.001,212.32,211.111,212.062
1788422400,212.062,212.158,211.38,211.549
1788426000,211.548,211.736,210.818,211.124
1788429600,211.122,211.124,210.777,210.942
1788433200,210.942,210.983,210.357,210.646
1788436800,210.642,210.71,210.064,210.296
1788440400,210.303,210.449,210.03,210.05
1788444000,210.053,210.324,209.963,210.098
1788447600,210.1,210.832,210.08,210.283
1788451200,210.28,210.498,210.24,210.42
1788454800,210.424,210.587,210.394,210.491
1788458400,210.492,210.636,210.416,210.519
1788462000,210.522,210.758,210.512,210.668
1788465600,210.667,210.754,210.656,210.718
1788469200,210.816,210.914,210.805,210.829
1788472800,210.856,211.162,210.762,211.138
1788476400,211.14,211.197,210.548,210.56
1788480000,210.565,210.942,210.114,210.759
1788483600,210.762,211.212,210.654,210.952
1788487200,210.948,211.214,210.88,211.184
1788490800,211.186,211.626,211.161,211.558
1788494400,211.558,211.674,211.445,211.534
1788498000,211.536,211.674,211.434,211.608
1788501600,211.61,211.782,211.378,211.616
1788505200,211.618,211.823,211.534,211.545
1788508800,211.546,211.725,211.471,211.677
1788512400,211.676,211.792,211.434,211.612
1788516000,211.609,211.611,211.432,211.539
1788519600,211.538,211.61,211.384,211.468
1788523200,211.468,211.502,209.766,210.239
1788526800,210.252,210.746,210.174,210.484
1788530400,210.484,211.084,210.472,210.988
1788534000,210.992,211.092,210.822,211.074
1788537600,211.074,211.106,210.882,210.914
1788541200,210.914,211.06,210.914,211.008
1788544800,211.005,211.167,210.98,211.118
1788548400,211.118,211.247,211.114,211.217
1788552000,211.217,211.262,211.124,211.218
1788728400,210.896,211.126,210.878,211.11
1788732000,211.052,211.224,211.038,211.148
1788735600,211.147,211.193,211.022,211.14
1788739200,211.141,211.208,210.66,210.766
1788742800,210.758,210.996,210.707,210.848
1788746400,210.846,211.034,210.798,210.974
1788750000,210.974,211.004,210.826,210.844
1788753600,210.848,210.992,210.833,210.862
1788757200,210.858,210.904,210.608,210.633
1788760800,210.632,210.839,210.373,210.834
1788764400,210.836,210.858,210.459,210.503
1788768000,210.504,210.536,208.65,209.083
1788771600,209.09,209.222,208.81,209.134
1788775200,209.133,209.503,209.078,209.376
1788778800,209.392,209.488,209.266,209.384
1788782400,209.381,209.45,208.831,209.14
1788786000,209.139,209.276,208.99,209.192
1788789600,209.192,209.328,208.943,208.992
1788793200,208.993,209.134,208.89,209.048
1788796800,209.05,209.102,208.986,209.018
1788800400,209.014,209.07,208.985,209.039
1788804000,209.04,209.05,209.002,209.004
1788807600,209.004,209.033,208.978,209
1788811200,209,209.049,208.986,209
1788814800,209.044,209.067,208.978,209.045
1788818400,209.026,209.068,208.765,208.78
1788822000,208.779,208.793,208.354,208.384
1788825600,208.386,208.459,207.954,208.276
1788829200,208.276,208.292,207.76,207.767
1788832800,207.767,207.77,207.1,207.554
1788836400,207.556,207.608,207.322,207.577
1788840000,207.581,207.918,207.458,207.794
1788843600,207.796,207.93,207.566,207.663
1788847200,207.661,208.34,207.648,208.172
1788850800,208.168,208.459,208.068,208.116
1788854400,208.118,208.69,208.036,208.53
1788858000,208.528,208.542,208.106,208.255
1788861600,208.256,208.686,208.234,208.662
1788865200,208.663,209.018,208.636,208.955
1788868800,208.956,209.034,208.461,208.466
1788872400,208.467,208.692,208.334,208.441
1788876000,208.441,208.839,208.427,208.722
1788879600,208.721,209.002,208.706,208.858
1788883200,208.858,208.948,208.77,208.827
1788886800,208.826,208.908,208.786,208.847
1788890400,208.846,209.047,207.873,208.078
1788894000,208.103,208.512,208.086,208.492
1788897600,208.48,208.57,208.43,208.51
1788901200,208.361,208.448,208.28,208.305
1788904800,208.276,208.474,208.031,208.17
1788908400,208.168,208.168,207.796,207.827
1788912000,207.833,208.253,207.61,208.06
1788915600,208.062,208.342,207.992,208.006
1788919200,208.006,208.145,207.89,207.958
1788922800,207.959,208.05,207.748,207.847
1788926400,207.848,207.966,207.702,207.947
1788930000,207.946,207.961,207.678,207.748
1788933600,207.746,207.961,207.396,207.927
1788937200,207.929,207.999,207.58,207.606
1788940800,207.606,208.166,207.6,208.084
1788944400,208.08,208.096,207.768,207.931
1788948000,207.93,208.026,207.824,207.859
1788951600,207.86,208.004,207.743,207.804
1788955200,207.803,208.025,207.75,207.781
1788958800,207.782,207.983,207.7,207.828
1788962400,207.828,207.952,207.644,207.79
1788966000,207.792,208.257,207.746,208.002
1788969600,208.005,208.177,207.956,208.126
1788973200,208.126,208.228,208.062,208.084
1788976800,208.086,208.156,208.013,208.058
1788980400,208.06,208.19,208.025,208.118
1788984000,208.118,208.149,208,208.007
1788987600,208.04,208.194,207.964,208.038
1788991200,208.05,208.078,207.781,207.813
1788994800,207.81,208.132,207.767,208.038
1788998400,208.038,208.239,207.954,208.206
1789002000,208.208,208.292,208.012,208.017
1789005600,208.017,208.161,207.856,208.027
1789009200,208.028,208.056,207.902,207.941
1789012800,207.942,208.014,207.834,208.014
1789016400,208.012,208.282,207.956,208.264
1789020000,208.258,208.282,207.99,208
1789023600,208.004,208.124,207.838,207.912
1789027200,207.912,208.282,207.91,208.27
1789030800,208.27,208.335,208.13,208.258
1789034400,208.257,208.718,208.234,208.613
1789038000,208.61,208.652,208.492,208.56
1789041600,208.56,208.888,208.363,208.554
1789045200,208.553,208.563,208.16,208.204
1789048800,208.204,208.388,207.95,208.224
1789052400,208.221,208.516,208.166,208.465
1789056000,208.466,208.79,208.459,208.638
1789059600,208.638,208.759,208.564,208.572
1789063200,208.57,208.645,208.528,208.539
1789066800,208.541,208.571,208.478,208.51
1789070400,208.512,208.752,208.492,208.686
1789074000,208.67,208.671,208.514,208.564
1789077600,208.598,208.792,208.592,208.594
1789081200,208.594,208.876,208.581,208.688
1789084800,208.689,208.916,208.552,208.82
1789088400,208.815,208.842,208.404,208.51
1789092000,208.508,208.661,208.464,208.48
1789095600,208.48,208.536,208.38,208.437
1789099200,208.438,208.513,208.325,208.415
1789102800,208.414,208.426,208.096,208.151
1789106400,208.16,208.572,208.156,208.52
1789110000,208.522,208.548,208.354,208.452
1789113600,208.45,208.573,208.107,208.13
1789117200,208.132,208.314,208.044,208.18
1789120800,208.182,208.24,207.918,207.946
1789124400,207.948,208.142,207.834,207.998
1789128000,207.998,208.339,207.44,207.544
1789131600,207.542,207.71,207.308,207.63
1789135200,207.63,207.81,207.572,207.647
1789138800,207.652,207.837,207.566,207.826
1789142400,207.827,207.882,207.764,207.87
1789146000,207.872,207.909,207.769,207.862
1789149600,207.858,207.934,207.827,207.91
1789153200,207.91,207.972,207.878,207.89
1789156800,207.891,207.957,207.611,207.675
1789333200,207.606,207.755,207.485,207.624
1789336800,207.638,207.916,207.457,207.829
1789340400,207.827,207.86,207.492,207.51
1789344000,207.512,207.831,207.46,207.716
1789347600,207.702,207.944,207.666,207.806
1789351200,207.806,208.194,207.806,208.138
1789354800,208.138,208.198,208.026,208.063
1789358400,208.06,208.08,207.902,207.99
1789362000,207.991,208.108,207.898,208.022
1789365600,208.022,208.316,207.885,208.142
1789369200,208.144,208.371,208.076,208.314
1789372800,208.316,208.458,208.212,208.399
1789376400,208.399,208.484,208.198,208.457
1789380000,208.456,208.635,208.406,208.459
1789383600,208.461,208.596,208.388,208.54
1789387200,208.541,208.692,208.486,208.586
1789390800,208.587,208.772,208.522,208.64
1789394400,208.64,208.706,208.401,208.488
1789398000,208.49,208.543,208.194,208.361
1789401600,208.362,208.514,208.212,208.416
1789405200,208.414,208.578,208.397,208.568
1789408800,208.567,208.596,208.064,208.12
1789412400,208.127,208.398,208.124,208.385
1789416000,208.383,208.438,208.366,208.371
1789419600,208.385,208.4,208.32,208.363
1789423200,208.364,208.429,208.32,208.322
1789426800,208.322,208.492,208.252,208.478
1789430400,208.478,208.733,208.45,208.732
1789434000,208.731,208.758,208.64,208.702
1789437600,208.698,208.861,208.678,208.792
1789441200,208.792,208.794,208.553,208.558
1789444800,208.56,208.66,208.528,208.648
1789448400,208.651,208.878,208.568,208.722
1789452000,208.721,208.74,208.492,208.658
1789455600,208.658,208.818,208.522,208.78
1789459200,208.782,209.098,208.635,208.851
1789462800,208.853,208.886,208.731,208.798
1789466400,208.792,208.796,208.564,208.664
1789470000,208.664,208.869,208.612,208.858
1789473600,208.858,209.062,208.84,208.932
1789477200,208.932,209.188,208.876,209.124
1789480800,209.123,209.219,208.996,209.176
1789484400,209.18,209.231,208.892,209.046
1789488000,209.044,209.084,208.913,209.056
1789491600,209.056,209.139,209,209.079
1789495200,209.078,209.116,209.054,209.072
1789498800,209.072,209.088,208.974,209.019
1789502400,209.019,209.038,208.989,209.038
1789506000,209.045,209.118,208.968,208.98
1789509600,208.981,209.08,208.936,209.034
1789513200,209.034,209.355,209.023,209.178
1789516800,209.185,209.323,208.993,209.275
1789520400,209.276,209.402,209.173,209.296
1789524000,209.296,209.34,209.208,209.27
1789527600,209.27,209.479,209.248,209.442
1789531200,209.442,209.466,209.39,209.422
1789534800,209.42,209.47,209.353,209.382
1789538400,209.382,209.45,208.901,208.913
1789542000,208.912,209.021,208.724,208.791
1789545600,208.792,208.954,208.72,208.943
1789549200,208.94,208.982,208.846,208.923
1789552800,208.926,209.008,208.894,208.946
1789556400,208.951,208.982,208.57,208.622
1789560000,208.622,208.918,208.602,208.89
1789563600,208.894,208.994,208.844,208.854
1789567200,208.854,208.886,208.643,208.647
1789570800,208.646,208.659,208.471,208.516
1789574400,208.515,208.753,208.515,208.554
1789578000,208.554,208.592,208.454,208.469
1789581600,208.474,208.754,208.346,208.649
1789585200,208.65,209.062,208.586,209.06
1789588800,209.058,209.259,209.01,209.134
1789592400,209.065,209.196,209.02,209.036
1789596000,209.038,209.114,209.001,209.062
1789599600,209.065,209.098,208.798,208.819
1789603200,208.818,208.908,208.664,208.894
1789606800,208.894,208.966,208.694,208.81
1789610400,208.808,208.984,208.782,208.841
1789614000,208.84,208.858,208.682,208.798
1789617600,208.796,208.832,208.754,208.784
1789621200,208.786,208.786,208.298,208.366
1789624800,208.363,208.559,208.234,208.548
1789628400,208.549,208.614,208.339,208.438
1789632000,208.438,208.676,208.396,208.656
1789635600,208.658,208.69,208.38,208.62
1789639200,208.618,208.728,208.506,208.646
1789642800,208.646,208.654,207.923,208.408
1789646400,208.409,208.498,208,208.272
1789650000,208.278,208.384,208.128,208.198
1789653600,208.198,208.29,207.87,207.954
1789657200,207.953,208.11,207.896,207.988
1789660800,207.994,208.328,207.912,208.32
1789664400,208.322,208.412,208.195,208.264
1789668000,208.263,208.404,208.262,208.355
1789671600,208.356,208.4,208.304,208.36
1789675200,208.36,208.368,208.287,208.352
1789678800,208.312,208.4,208.264,208.316
1789682400,208.317,208.438,208.317,208.332
1789686000,208.332,208.577,208.242,208.56
1789689600,208.56,208.766,208.548,208.682
1789693200,208.681,208.812,208.637,208.756
1789696800,208.756,209.544,208.582,209.306
1789700400,209.308,210.112,209.177,210.014
1789704000,210.017,210.129,209.825,210.082
1789707600,210.084,210.26,209.904,210.034
1789711200,210.034,210.348,209.302,209.752
1789714800,209.758,210.622,209.592,210.536
1789718400,210.536,211.074,210.534,210.984
1789722000,210.983,211.284,210.693,211.2
1789725600,211.202,211.23,210.683,210.738
1789729200,210.74,210.914,210.552,210.671
1789732800,210.67,210.718,210.52,210.522
1789736400,210.524,210.708,210.4,210.598
1789740000,210.602,210.77,209.746,210.354
1789743600,210.355,210.418,209.602,209.758
1789747200,209.758,209.903,209.623,209.834
1789750800,209.834,209.922,209.712,209.789
1789754400,209.788,209.96,209.762,209.804
1789758000,209.81,209.99,209.798,209.932
1789761600,209.932,210.17,209.913,210.142
1789938000,209.988,210.064,209.949,209.955
1789941600,209.942,210.304,209.906,210.302
1789945200,210.301,210.358,210.087,210.202
1789948800,210.201,210.283,209.838,210.017
1789952400,210.016,210.089,209.688,209.838
1789956000,209.84,209.99,209.82,209.967
1789959600,209.966,210.07,209.964,210.041
1789963200,210.04,210.21,210.01,210.068
1789966800,210.066,210.188,210.006,210.078
1789970400,210.08,210.185,210.022,210.118
1789974000,210.118,210.439,210.046,210.426
1789977600,210.426,210.498,210.31,210.445
1789981200,210.448,210.562,210.372,210.468
1789984800,210.467,210.492,210.342,210.453
1789988400,210.452,210.597,210.45,210.587
1789992000,210.585,210.771,210.574,210.694
1789995600,210.695,210.732,210.606,210.64
1789999200,210.639,210.714,210.459,210.583
1790002800,210.584,210.635,210.51,210.573
1790006400,210.576,210.582,210.392,210.471
1790010000,210.472,210.565,210.43,210.54
1790013600,210.539,210.616,210.44,210.49
1790017200,210.49,210.562,210.416,210.436
1790020800,210.433,210.473,210.36,210.392
1790024400,210.26,210.416,210.222,210.297
1790028000,210.315,210.494,210.31,210.328
1790031600,210.328,210.43,210.306,210.385
1790035200,210.388,210.483,210.333,210.454
1790038800,210.454,210.593,210.432,210.522
1790042400,210.524,210.653,210.5,210.647
1790046000,210.65,210.784,210.616,210.764
1790049600,210.77,210.833,210.731,210.796
1790053200,210.798,210.807,210.702,210.712
1790056800,210.718,210.82,210.678,210.79
1790060400,210.789,210.902,210.647,210.654
1790064000,210.654,210.68,209.522,209.942
1790067600,209.934,210.101,209.726,209.756
1790071200,209.757,209.988,209.698,209.866
1790074800,209.866,210.058,209.864,209.988
1790078400,209.988,210.182,209.968,210.08
1790082000,210.082,210.186,210.061,210.106
1790085600,210.104,210.19,209.882,209.922
1790089200,209.922,209.998,209.83,209.931
1790092800,209.93,210.024,209.86,209.912
1790096400,209.918,209.951,209.82,209.868
1790100000,209.868,210.045,209.824,210.024
1790103600,210.022,210.07,209.89,210.041
1790107200,210.042,210.062,209.972,210.019
1790110800,210.041,210.138,209.955,209.974
1790114400,209.99,210.16,209.921,210.09
1790118000,210.086,210.17,210.066,210.11
1790121600,210.11,210.183,210.063,210.182
1790125200,210.181,210.188,210.004,210.025
1790128800,210.022,210.08,210.008,210.032
1790132400,210.032,210.055,209.902,209.95
1790136000,209.95,209.97,209.788,209.854
1790139600,209.854,209.944,209.834,209.892
1790143200,209.894,210.073,209.85,210.023
1790146800,210.022,210.138,209.85,209.866
1790150400,209.863,209.9,209.8,209.827
