t,o,h,l,c
1764727200,1.32266,1.32308,1.32244,1.323
1764730800,1.32299,1.32324,1.32286,1.32292
1764734400,1.32291,1.32332,1.3227,1.32317
1764738000,1.32316,1.32382,1.32316,1.3237
1764741600,1.32369,1.32428,1.32356,1.32427
1764745200,1.32428,1.32528,1.32382,1.32432
1764748800,1.32432,1.32636,1.32376,1.3259
1764752400,1.3259,1.3285,1.32564,1.32786
1764756000,1.32786,1.32897,1.3274,1.32835
1764759600,1.32836,1.32966,1.32794,1.32962
1764763200,1.32963,1.33042,1.32941,1.32991
1764766800,1.32992,1.3316,1.32968,1.32995
1764770400,1.32996,1.3317,1.32922,1.33143
1764774000,1.33134,1.33316,1.33044,1.33312
1764777600,1.33312,1.33478,1.33292,1.33318
1764781200,1.33316,1.33478,1.33287,1.33427
1764784800,1.33428,1.33534,1.33387,1.33482
1764788400,1.33482,1.33532,1.33467,1.3351
1764792000,1.3351,1.33526,1.33478,1.3348
1764795600,1.3348,1.33545,1.33476,1.33531
1764799200,1.33527,1.33532,1.33503,1.33514
1764802800,1.33514,1.3352,1.33454,1.33478
1764806400,1.33476,1.33476,1.33373,1.33398
1764810000,1.33398,1.3344,1.33349,1.33404
1764813600,1.33405,1.33405,1.33346,1.33369
1764817200,1.3337,1.3337,1.33276,1.3332
1764820800,1.3332,1.33342,1.33316,1.33319
1764824400,1.3332,1.33403,1.33317,1.33383
1764828000,1.33384,1.3339,1.33324,1.33378
1764831600,1.33379,1.33414,1.33316,1.33367
1764835200,1.33369,1.33593,1.33338,1.33429
1764838800,1.3343,1.335,1.33366,1.3346
1764842400,1.33458,1.33512,1.33371,1.33443
1764846000,1.33442,1.33641,1.33407,1.33604
1764849600,1.33602,1.3362,1.33402,1.3349
1764853200,1.33492,1.33504,1.33221,1.33424
1764856800,1.33426,1.33744,1.33426,1.337
1764860400,1.33701,1.33858,1.33542,1.3373
1764864000,1.33732,1.33734,1.33476,1.33526
1764867600,1.33524,1.3353,1.33406,1.33433
1764871200,1.33432,1.33514,1.33361,1.33434
1764874800,1.33434,1.33462,1.33378,1.334
1764878400,1.33399,1.334,1.33268,1.33289
1764882000,1.3329,1.3332,1.33248,1.33278
1764885600,1.33272,1.33294,1.33237,1.33257
1764889200,1.33258,1.33276,1.33205,1.33224
1764892800,1.33223,1.33303,1.33222,1.333
1764896400,1.33302,1.33336,1.33284,1.33334
1764900000,1.33335,1.33344,1.33304,1.33324
1764903600,1.33324,1.33324,1.33252,1.33272
1764907200,1.33272,1.33373,1.3327,1.33364
1764910800,1.33364,1.33457,1.33358,1.33452
1764914400,1.33451,1.33525,1.33422,1.33492
1764918000,1.3349,1.33624,1.33485,1.33532
1764921600,1.33532,1.33606,1.33459,1.335
1764925200,1.33498,1.33541,1.33426,1.3346
1764928800,1.3346,1.33486,1.33331,1.33379
1764932400,1.3338,1.33403,1.3328,1.33402
1764936000,1.33402,1.33488,1.33387,1.33486
1764939600,1.33484,1.33558,1.334,1.3351
1764943200,1.33509,1.3362,1.3343,1.33484
1764946800,1.33484,1.33594,1.33391,1.3343
1764950400,1.3343,1.33436,1.33162,1.33227
1764954000,1.33226,1.33314,1.33182,1.33312
1764957600,1.33311,1.33408,1.33296,1.33341
1764961200,1.33342,1.33362,1.3329,1.33338
1764964800,1.3334,1.3334,1.33261,1.3333
1764968400,1.3333,1.33372,1.33274,1.33316
1765144800,1.33268,1.33318,1.3322,1.33306
1765148400,1.3329,1.33321,1.3324,1.33258
1765152000,1.3326,1.33338,1.33225,1.33335
1765155600,1.33334,1.33382,1.3331,1.33367
1765159200,1.33368,1.33414,1.33348,1.33412
1765162800,1.33413,1.33426,1.33364,1.33372
1765166400,1.33372,1.33422,1.33367,1.33402
1765170000,1.33404,1.33413,1.33358,1.33372
1765173600,1.33372,1.33466,1.33274,1.33308
1765177200,1.33312,1.3335,1.33222,1.33252
1765180800,1.33252,1.33338,1.33192,1.33275
1765184400,1.33276,1.33289,1.33137,1.33172
1765188000,1.33172,1.33294,1.33162,1.33191
1765191600,1.3319,1.3327,1.3314,1.33176
1765195200,1.33176,1.33224,1.3314,1.33202
1765198800,1.33201,1.33294,1.3315,1.33198
1765202400,1.332,1.33384,1.33152,1.33268
1765206000,1.33266,1.33279,1.33058,1.33119
1765209600,1.33121,1.33252,1.33086,1.33189
1765213200,1.3319,1.33246,1.33111,1.33236
1765216800,1.33238,1.33308,1.33193,1.33246
1765220400,1.33244,1.3329,1.33218,1.33269
1765224000,1.33268,1.33298,1.33232,1.33251
1765227600,1.33252,1.33261,1.33196,1.33213
1765231200,1.33217,1.33244,1.33188,1.33199
1765234800,1.33199,1.33269,1.33187,1.33268
1765238400,1.3327,1.33286,1.33189,1.3322
1765242000,1.33217,1.3333,1.33185,1.3333
1765245600,1.3333,1.33348,1.33261,1.33285
1765249200,1.33286,1.33315,1.33263,1.33281
1765252800,1.33282,1.33309,1.33268,1.333
1765256400,1.333,1.3337,1.33272,1.33334
1765260000,1.33336,1.33346,1.33278,1.33308
1765263600,1.3331,1.33327,1.33236,1.33282
1765267200,1.33283,1.33514,1.33264,1.33442
1765270800,1.33442,1.33564,1.33414,1.33469
1765274400,1.33468,1.3349,1.33298,1.33371
1765278000,1.33372,1.33378,1.33242,1.3329
1765281600,1.3329,1.3331,1.33162,1.33198
1765285200,1.33198,1.33276,1.33101,1.33146
1765288800,1.33144,1.33204,1.33012,1.33151
1765292400,1.3315,1.33158,1.32874,1.3297
1765296000,1.3297,1.33186,1.3297,1.33178
1765299600,1.3318,1.33195,1.32968,1.32976
1765303200,1.32976,1.33034,1.32912,1.33012
1765306800,1.33013,1.33046,1.32958,1.3302
1765310400,1.3302,1.3307,1.32976,1.33002
1765314000,1.33002,1.33051,1.32978,1.32985
1765317600,1.32976,1.33015,1.32962,1.33005
1765321200,1.33004,1.33041,1.32986,1.3303
1765324800,1.3303,1.3305,1.32988,1.33039
1765328400,1.3304,1.3304,1.32961,1.32988
1765332000,1.32985,1.33053,1.32978,1.32994
1765335600,1.32994,1.3305,1.32984,1.33028
1765339200,1.33028,1.33082,1.33028,1.33051
1765342800,1.3305,1.331,1.33041,1.33074
1765346400,1.33074,1.3314,1.33058,1.33136
1765350000,1.33138,1.3326,1.3313,1.3324
1765353600,1.3324,1.33272,1.33166,1.33186
1765357200,1.33187,1.33188,1.33076,1.33132
1765360800,1.33131,1.33158,1.33066,1.33132
1765364400,1.33132,1.33166,1.33014,1.33104
1765368000,1.33105,1.33176,1.33072,1.33143
1765371600,1.33142,1.33318,1.33048,1.33304
1765375200,1.33306,1.33344,1.33231,1.333
1765378800,1.33302,1.33368,1.3315,1.33208
1765382400,1.33208,1.33392,1.33153,1.33382
1765386000,1.33382,1.33478,1.33322,1.33457
1765389600,1.33458,1.33466,1.33299,1.33352
1765393200,1.33354,1.33696,1.33269,1.33648
1765396800,1.33648,1.3389,1.33598,1.3385
1765400400,1.3385,1.33872,1.33799,1.33814
1765404000,1.33796,1.3383,1.3379,1.33802
1765407600,1.33802,1.33917,1.33796,1.33886
1765411200,1.33886,1.33922,1.33764,1.33777
1765414800,1.33779,1.33876,1.33779,1.33822
1765418400,1.33822,1.33874,1.33698,1.33706
1765422000,1.33706,1.33738,1.33664,1.33672
1765425600,1.33672,1.33696,1.33629,1.33691
1765429200,1.33688,1.33704,1.33614,1.33618
1765432800,1.3362,1.33704,1.33596,1.33694
1765436400,1.33694,1.33793,1.33657,1.33701
1765440000,1.337,1.3379,1.3366,1.33668
1765443600,1.33667,1.33734,1.33549,1.3372
1765447200,1.3372,1.33812,1.3368,1.33782
1765450800,1.33782,1.33876,1.33754,1.3386
1765454400,1.33858,1.33938,1.33787,1.33892
1765458000,1.33892,1.34154,1.33847,1.34078
1765461600,1.34076,1.34268,1.3407,1.34176
1765465200,1.34178,1.34356,1.34118,1.34346
1765468800,1.34346,1.34384,1.34161,1.34256
1765472400,1.34254,1.34298,1.34168,1.34212
1765476000,1.34212,1.34247,1.34127,1.34135
1765479600,1.34136,1.34136,1.33897,1.33904
1765483200,1.33905,1.33948,1.33822,1.33939
1765486800,1.33939,1.3396,1.3386,1.33866
1765490400,1.3391,1.3394,1.33884,1.33918
1765494000,1.33919,1.33939,1.33892,1.33935
1765497600,1.33934,1.33964,1.33924,1.33934
1765501200,1.33934,1.34,1.33898,1.33922
1765504800,1.33922,1.3395,1.33903,1.33912
1765508400,1.33912,1.33938,1.33894,1.33909
1765512000,1.33908,1.3394,1.33886,1.33886
1765515600,1.33886,1.33969,1.33884,1.33955
1765519200,1.33956,1.33992,1.33908,1.33954
1765522800,1.33946,1.33946,1.33745,1.33846
1765526400,1.33846,1.33886,1.33772,1.33784
1765530000,1.33782,1.33859,1.33736,1.33828
1765533600,1.33829,1.33834,1.3369,1.33764
1765537200,1.33762,1.33782,1.33677,1.33752
1765540800,1.33753,1.33772,1.33645,1.33734
1765544400,1.33734,1.33836,1.33682,1.33698
1765548000,1.33696,1.33784,1.33632,1.33727
1765551600,1.33726,1.33784,1.33524,1.3355
1765555200,1.33552,1.33598,1.33424,1.33486
1765558800,1.33486,1.33738,1.3348,1.33731
1765562400,1.33732,1.33771,1.33608,1.33612
1765566000,1.33612,1.3367,1.33566,1.3366
1765569600,1.33659,1.33749,1.33648,1.33664
1765573200,1.33666,1.33727,1.33642,1.33718
1765749600,1.33778,1.33782,1.33615,1.3372
1765753200,1.3372,1.33739,1.3365,1.33674
1765756800,1.33675,1.3368,1.33559,1.33657
1765760400,1.33656,1.33742,1.33575,1.33734
1765764000,1.3373,1.33742,1.33645,1.33682
1765767600,1.33684,1.33706,1.33554,1.33569
1765771200,1.33567,1.33605,1.3355,1.33583
1765774800,1.33582,1.3366,1.33558,1.33642
1765778400,1.33641,1.33672,1.33575,1.33656
1765782000,1.33658,1.33702,1.33585,1.33636
1765785600,1.33636,1.33738,1.33614,1.33678
1765789200,1.33677,1.33886,1.3367,1.33878
1765792800,1.33876,1.3388,1.33746,1.33801
1765796400,1.338,1.33898,1.33795,1.33835
1765800000,1.33834,1.33943,1.33833,1.33901
1765803600,1.33898,1.33966,1.33856,1.33874
1765807200,1.33872,1.34016,1.33828,1.33968
1765810800,1.33968,1.33982,1.33814,1.33948
1765814400,1.33948,1.33958,1.33738,1.33798
1765818000,1.33799,1.33815,1.33657,1.33679
1765821600,1.33678,1.3375,1.33598,1.33661
1765825200,1.33662,1.33734,1.3362,1.33731
1765828800,1.33732,1.33759,1.33702,1.3374
1765832400,1.33739,1.33788,1.33718,1.33774
1765836000,1.33723,1.3376,1.33698,1.33746
1765839600,1.33747,1.33811,1.33745,1.33792
1765843200,1.33794,1.33836,1.33678,1.33699
1765846800,1.33698,1.33731,1.33617,1.33681
1765850400,1.33682,1.3371,1.33658,1.33692
1765854000,1.33692,1.3374,1.33628,1.33655
1765857600,1.33658,1.337,1.33645,1.33678
1765861200,1.33677,1.33696,1.33611,1.33624
1765864800,1.33624,1.33668,1.33554,1.3366
1765868400,1.33662,1.33788,1.33626,1.33754
1765872000,1.33753,1.3395,1.33748,1.33936
1765875600,1.33935,1.34158,1.33925,1.34104
1765879200,1.34104,1.34268,1.34068,1.34232
1765882800,1.34231,1.34312,1.34118,1.3431
1765886400,1.3431,1.34374,1.34266,1.34366
1765890000,1.34366,1.34562,1.34108,1.34256
1765893600,1.34256,1.34461,1.34165,1.34432
1765897200,1.34433,1.34476,1.34042,1.34158
1765900800,1.34158,1.3429,1.34121,1.34267
1765904400,1.3427,1.34404,1.34203,1.34238
1765908000,1.34238,1.34272,1.3409,1.34248
1765911600,1.34248,1.34317,1.33998,1.34258
1765915200,1.34258,1.34362,1.34223,1.34248
1765918800,1.34247,1.34258,1.34196,1.34214
1765922400,1.34234,1.34246,1.34213,1.34218
1765926000,1.34221,1.3427,1.3421,1.34254
1765929600,1.34254,1.3427,1.34196,1.34208
1765933200,1.34208,1.34258,1.34205,1.34248
1765936800,1.34246,1.34246,1.34066,1.34086
1765940400,1.34087,1.34126,1.34066,1.34098
1765944000,1.34098,1.34098,1.33934,1.33948
1765947600,1.33948,1.33959,1.33795,1.33836
1765951200,1.33836,1.33901,1.33722,1.33764
1765954800,1.33764,1.33783,1.33154,1.33228
1765958400,1.33228,1.33318,1.33116,1.33272
1765962000,1.3327,1.33356,1.3323,1.33257
1765965600,1.33258,1.33354,1.33204,1.3335
1765969200,1.33352,1.33376,1.33214,1.33274
1765972800,1.33274,1.33464,1.33262,1.33448
1765976400,1.33448,1.33592,1.33398,1.33563
1765980000,1.33564,1.33665,1.33487,1.3363
1765983600,1.3363,1.34002,1.33559,1.33994
1765987200,1.33994,1.34068,1.33852,1.339
1765990800,1.33897,1.33953,1.33822,1.33872
1765994400,1.3387,1.33948,1.33736,1.3376
1765998000,1.33761,1.33808,1.33727,1.33768
1766001600,1.3377,1.33844,1.33748,1.33785
1766005200,1.33786,1.338,1.33739,1.33746
1766008800,1.3376,1.33815,1.33748,1.33776
1766012400,1.33772,1.33783,1.33731,1.33734
1766016000,1.33735,1.3377,1.33697,1.3376
1766019600,1.3376,1.33791,1.33617,1.33647
1766023200,1.33648,1.33708,1.33642,1.33688
1766026800,1.33688,1.33713,1.33617,1.33646
1766030400,1.33647,1.33692,1.33637,1.33686
1766034000,1.33685,1.33741,1.33668,1.337
1766037600,1.33698,1.3371,1.33626,1.33673
1766041200,1.3367,1.33754,1.33638,1.33662
1766044800,1.33662,1.33736,1.3355,1.33595
1766048400,1.33594,1.33594,1.33411,1.33488
1766052000,1.33484,1.33535,1.33434,1.33526
1766055600,1.33526,1.33586,1.33495,1.33533
1766059200,1.33535,1.33974,1.33482,1.33954
1766062800,1.33954,1.34426,1.33913,1.34278
1766066400,1.34278,1.34466,1.34094,1.34156
1766070000,1.34156,1.34158,1.33862,1.33948
1766073600,1.33948,1.34054,1.33814,1.33862
1766077200,1.33864,1.33869,1.33704,1.33814
1766080800,1.33814,1.33852,1.33753,1.33812
1766084400,1.33812,1.33907,1.338,1.33864
1766088000,1.33862,1.33898,1.33776,1.33782
1766091600,1.33782,1.33829,1.33778,1.33823
1766095200,1.33811,1.3391,1.33787,1.33814
1766098800,1.33815,1.33854,1.33792,1.33836
1766102400,1.33834,1.33858,1.3378,1.33848
1766106000,1.33851,1.33868,1.33788,1.33826
1766109600,1.33824,1.33862,1.33777,1.33792
1766113200,1.33793,1.33822,1.33732,1.33777
1766116800,1.33776,1.33803,1.33696,1.33722
1766120400,1.33724,1.33769,1.33724,1.33757
1766124000,1.33758,1.33856,1.33704,1.33836
1766127600,1.33836,1.33854,1.33631,1.33654
1766131200,1.33654,1.33806,1.33648,1.33741
1766134800,1.3374,1.33877,1.33726,1.33818
1766138400,1.33817,1.33867,1.33742,1.3381
1766142000,1.33812,1.33822,1.33692,1.33724
1766145600,1.33724,1.33789,1.33683,1.33734
1766149200,1.33734,1.33741,1.33576,1.33722
1766152800,1.33724,1.33868,1.33666,1.33704
1766156400,1.337,1.33728,1.33571,1.3362
1766160000,1.33618,1.3378,1.33597,1.33776
1766163600,1.33774,1.33812,1.33692,1.33774
1766167200,1.33774,1.33902,1.3376,1.3386
1766170800,1.33858,1.3392,1.33819,1.33908
1766174400,1.33907,1.33942,1.33736,1.3374
1766178000,1.33743,1.338,1.33727,1.33767
1766354400,1.33784,1.33912,1.3378,1.3378
1766358000,1.33782,1.33845,1.33748,1.3379
1766361600,1.3379,1.33904,1.33785,1.33894
1766365200,1.33896,1.33983,1.33895,1.33958
1766368800,1.33963,1.33999,1.33916,1.33928
1766372400,1.33927,1.33974,1.33917,1.33932
1766376000,1.33931,1.34018,1.33923,1.3399
1766379600,1.3399,1.34012,1.3396,1.33972
1766383200,1.33972,1.34002,1.33919,1.3394
1766386800,1.33941,1.34192,1.33941,1.34138
1766390400,1.34136,1.3424,1.34096,1.342
1766394000,1.34198,1.34247,1.34105,1.34244
1766397600,1.34244,1.34402,1.34244,1.34352
1766401200,1.34352,1.34424,1.34323,1.34388
1766404800,1.34384,1.34422,1.34263,1.34336
1766408400,1.34335,1.34444,1.34316,1.34378
1766412000,1.34378,1.34572,1.34316,1.34504
1766415600,1.34504,1.3459,1.34444,1.3454
1766419200,1.3454,1.34582,1.34469,1.34558
1766422800,1.34558,1.34778,1.34558,1.34709
1766426400,1.34709,1.3471,1.34564,1.3462
1766430000,1.3462,1.3464,1.3454,1.34584
1766433600,1.34586,1.34632,1.34546,1.34578
1766437200,1.34578,1.34628,1.34564,1.34626
1766440800,1.34562,1.34658,1.34562,1.34625
1766444400,1.34626,1.34697,1.34622,1.3468
1766448000,1.34683,1.34764,1.34682,1.34718
1766451600,1.3472,1.34836,1.34695,1.3477
1766455200,1.34769,1.34861,1.34769,1.34826
1766458800,1.34828,1.349,1.34803,1.34891
1766462400,1.3489,1.34924,1.34854,1.34878
1766466000,1.34878,1.34937,1.3487,1.3489
1766469600,1.3489,1.34901,1.34798,1.3481
1766473200,1.3481,1.35032,1.34806,1.35018
1766476800,1.35016,1.35114,1.34962,1.35098
1766480400,1.35098,1.35186,1.3497,1.35056
1766484000,1.35056,1.35175,1.35011,1.35158
1766487600,1.35158,1.35188,1.35032,1.35036
1766491200,1.35035,1.3511,1.35017,1.35024
1766494800,1.35024,1.35128,1.34943,1.34946
1766498400,1.34948,1.35007,1.34832,1.34842
1766502000,1.34842,1.34966,1.34726,1.34838
1766505600,1.34838,1.3488,1.3479,1.34847
1766509200,1.34847,1.34872,1.34711,1.34734
1766512800,1.34733,1.34898,1.34718,1.34895
1766516400,1.34897,1.34976,1.34888,1.34971
1766520000,1.3497,1.35004,1.34942,1.34993
1766523600,1.34994,1.35242,1.34988,1.3518
1766527200,1.35116,1.35241,1.35034,1.35163
1766530800,1.3516,1.35174,1.35101,1.35131
1766534400,1.3513,1.35172,1.35072,1.35148
1766538000,1.35146,1.3532,1.3511,1.35292
1766541600,1.35293,1.35343,1.3527,1.35273
1766545200,1.35276,1.35277,1.35156,1.35165
1766548800,1.35166,1.35167,1.35096,1.35138
1766552400,1.35136,1.35225,1.35128,1.35191
1766556000,1.3519,1.35243,1.35164,1.35208
1766559600,1.35206,1.35234,1.35093,1.35104
1766563200,1.35104,1.35224,1.35027,1.35221
1766566800,1.35222,1.3528,1.35206,1.3522
1766570400,1.35218,1.35239,1.35124,1.35168
1766574000,1.35168,1.35194,1.3511,1.35143
1766577600,1.35144,1.35144,1.35013,1.35037
1766581200,1.35038,1.35096,1.35018,1.35049
1766584800,1.35045,1.35108,1.34967,1.34968
1766588400,1.34966,1.35098,1.3492,1.35072
1766592000,1.35072,1.35108,1.34986,1.35024
1766595600,1.35022,1.3506,1.34928,1.34978
1766599200,1.34978,1.35054,1.34946,1.35021
1766602800,1.3502,1.35022,1.34998,1.35016
1766606400,1.35016,1.3504,1.34996,1.3501
1766610000,1.35009,1.35088,1.34996,1.3507
1766700000,1.35201,1.35211,1.3513,1.35145
1766703600,1.35154,1.35198,1.35015,1.35084
1766707200,1.35082,1.35188,1.3505,1.35099
1766710800,1.35098,1.35228,1.35084,1.35128
1766714400,1.35127,1.35192,1.35109,1.35168
1766718000,1.35168,1.35176,1.3505,1.35058
1766721600,1.35058,1.35084,1.34999,1.35002
1766725200,1.35001,1.35002,1.34868,1.34946
1766728800,1.34947,1.35004,1.34877,1.34897
1766732400,1.34898,1.3491,1.34798,1.34828
1766736000,1.3483,1.34966,1.34774,1.34959
1766739600,1.34956,1.34984,1.34831,1.34854
1766743200,1.34854,1.34951,1.34837,1.34886
1766746800,1.34887,1.34978,1.34886,1.34947
1766750400,1.34948,1.34974,1.34884,1.34966
1766754000,1.34966,1.35274,1.34948,1.35168
1766757600,1.35168,1.35214,1.35072,1.3516
1766761200,1.35159,1.35258,1.35034,1.35069
1766764800,1.3507,1.35076,1.34826,1.34878
1766768400,1.34878,1.34974,1.34816,1.3495
1766772000,1.34952,1.35,1.34928,1.34962
1766775600,1.3496,1.35002,1.34902,1.35002
1766779200,1.35002,1.35066,1.34991,1.35032
1766782800,1.35032,1.35058,1.34926,1.3499
1766959200,1.3493,1.35012,1.34895,1.35
1766962800,1.34979,1.35013,1.3489,1.34972
1766966400,1.34974,1.35082,1.34972,1.35076
1766970000,1.35076,1.35119,1.35056,1.35092
1766973600,1.35091,1.351,1.35022,1.3507
1766977200,1.3507,1.35098,1.3503,1.35066
1766980800,1.35066,1.35068,1.34941,1.34944
1766984400,1.34943,1.34948,1.34837,1.3491
1766988000,1.34914,1.34976,1.34871,1.34968
1766991600,1.34969,1.34979,1.3482,1.34852
1766995200,1.34852,1.34982,1.34772,1.3486
1766998800,1.34858,1.3508,1.34737,1.34906
1767002400,1.34904,1.35088,1.3489,1.34977
1767006000,1.34976,1.35112,1.3489,1.34892
1767009600,1.34892,1.34898,1.34692,1.34826
1767013200,1.34824,1.3497,1.34794,1.34936
1767016800,1.34936,1.35074,1.3486,1.35008
1767020400,1.3501,1.35128,1.34859,1.35008
1767024000,1.35006,1.35008,1.34855,1.34938
1767027600,1.34938,1.34956,1.34816,1.34856
1767031200,1.34856,1.34957,1.34844,1.34911
1767034800,1.3491,1.35084,1.34893,1.35066
1767038400,1.35068,1.351,1.3502,1.35049
1767042000,1.3505,1.35159,1.35036,1.3513
1767045600,1.35076,1.35113,1.35006,1.35024
1767049200,1.35024,1.35096,1.3502,1.3509
1767052800,1.35088,1.35102,1.34998,1.35028
1767056400,1.35028,1.35096,1.34977,1.3509
1767060000,1.3509,1.3512,1.35008,1.35027
1767063600,1.35028,1.35078,1.34999,1.35053
1767067200,1.35051,1.3511,1.35042,1.35104
1767070800,1.35106,1.35172,1.35106,1.35148
1767074400,1.35148,1.35216,1.35118,1.35156
1767078000,1.35154,1.35156,1.35008,1.3506
1767081600,1.3506,1.35189,1.3505,1.3509
1767085200,1.35089,1.3519,1.35074,1.35145
1767088800,1.35144,1.3531,1.35144,1.35214
1767092400,1.35215,1.35248,1.35033,1.35044
1767096000,1.35046,1.35084,1.34934,1.34968
1767099600,1.34968,1.34994,1.34869,1.34877
1767103200,1.34878,1.34882,1.34714,1.34765
1767106800,1.34764,1.34784,1.34496,1.34737
1767110400,1.34736,1.34838,1.3463,1.34766
1767114000,1.34768,1.34788,1.34654,1.34698
1767117600,1.34697,1.34748,1.34653,1.34676
1767121200,1.34676,1.34728,1.34623,1.34655
1767124800,1.34658,1.34678,1.34612,1.34638
1767128400,1.34638,1.34692,1.34638,1.34687
1767132000,1.34686,1.34706,1.34646,1.3466
1767135600,1.34661,1.34678,1.34626,1.34664
1767139200,1.34664,1.34676,1.34586,1.34638
1767142800,1.34639,1.34668,1.34604,1.34614
1767146400,1.34613,1.34642,1.34592,1.34614
1767150000,1.34613,1.34658,1.34602,1.34641
1767153600,1.34639,1.34644,1.34574,1.34584
1767157200,1.34585,1.34635,1.34582,1.34608
1767160800,1.34609,1.34612,1.34529,1.34577
1767164400,1.34576,1.34604,1.34512,1.34563
1767168000,1.34565,1.34655,1.34268,1.34294
1767171600,1.34294,1.34448,1.34258,1.34377
1767175200,1.34382,1.34402,1.34328,1.34385
1767178800,1.34384,1.3457,1.34374,1.34555
1767182400,1.34556,1.3469,1.34472,1.34672
1767186000,1.34673,1.34766,1.34484,1.34544
1767189600,1.34544,1.34553,1.34323,1.3434
1767193200,1.3434,1.34538,1.34016,1.34506
1767196800,1.34508,1.34608,1.34374,1.34462
1767200400,1.34462,1.34558,1.34386,1.34522
1767204000,1.34521,1.34582,1.34469,1.34536
1767207600,1.34536,1.3461,1.34528,1.34598
1767211200,1.34598,1.3482,1.34598,1.34802
1767214800,1.34804,1.34838,1.34733,1.34738
1767304800,1.34688,1.34719,1.34632,1.34702
1767308400,1.34696,1.3477,1.34696,1.3474
1767312000,1.3474,1.34826,1.3472,1.34816
1767315600,1.34819,1.34881,1.34809,1.34878
1767319200,1.34878,1.34914,1.34866,1.34882
1767322800,1.34882,1.34902,1.34843,1.34868
1767326400,1.3487,1.34876,1.34778,1.34788
1767330000,1.34788,1.34808,1.34696,1.34712
1767333600,1.3471,1.34714,1.34636,1.34678
1767337200,1.34678,1.34708,1.34578,1.34644
1767340800,1.34642,1.34689,1.34492,1.3454
1767344400,1.34538,1.34644,1.34509,1.3455
1767348000,1.34551,1.34586,1.34442,1.34499
1767351600,1.34498,1.34526,1.34342,1.34409
1767355200,1.3441,1.34496,1.34362,1.34456
1767358800,1.34458,1.34598,1.34422,1.34576
1767362400,1.34576,1.34683,1.34534,1.34648
1767366000,1.34648,1.3502,1.34644,1.34971
1767369600,1.3497,1.34988,1.34733,1.34778
1767373200,1.34778,1.34781,1.34614,1.34628
1767376800,1.34628,1.34639,1.34464,1.34515
1767380400,1.34514,1.34581,1.34475,1.3455
1767384000,1.3455,1.34575,1.34495,1.34569
1767387600,1.34568,1.3467,1.34562,1.34602
1767564000,1.34545,1.34599,1.34496,1.34522
1767567600,1.34546,1.34567,1.34371,1.3438
1767571200,1.34378,1.34482,1.34374,1.34434
1767574800,1.34434,1.34488,1.34385,1.34402
1767578400,1.34402,1.34429,1.34257,1.34314
1767582000,1.34312,1.34364,1.3414,1.34158
1767585600,1.34158,1.34282,1.34143,1.34258
1767589200,1.34257,1.34319,1.34231,1.34283
1767592800,1.34282,1.34372,1.34209,1.34358
1767596400,1.34359,1.3437,1.34204,1.3423
1767600000,1.3423,1.34388,1.34176,1.34259
1767603600,1.34259,1.34436,1.34222,1.34429
1767607200,1.34428,1.34648,1.34407,1.34632
1767610800,1.34633,1.34712,1.34581,1.34596
1767614400,1.34594,1.34742,1.3453,1.3456
1767618000,1.3456,1.34574,1.3425,1.34528
1767621600,1.34529,1.34768,1.34508,1.34724
1767625200,1.34725,1.35042,1.34725,1.35028
1767628800,1.35029,1.35254,1.35028,1.35254
1767632400,1.35253,1.35396,1.35244,1.35328
1767636000,1.35328,1.35396,1.3529,1.35396
1767639600,1.35397,1.3546,1.35356,1.35432
1767643200,1.35432,1.35466,1.35421,1.35434
1767646800,1.35432,1.35484,1.354,1.35427
1767650400,1.35415,1.35436,1.35406,1.3541
1767654000,1.3541,1.35422,1.35318,1.35322
1767657600,1.35324,1.35358,1.35281,1.35358
1767661200,1.35358,1.35463,1.35316,1.35462
1767664800,1.35464,1.35578,1.35418,1.35566
1767668400,1.35563,1.35624,1.3551,1.3559
1767672000,1.3559,1.35618,1.35541,1.35558
1767675600,1.35558,1.35579,1.3546,1.35495
1767679200,1.35494,1.35579,1.35484,1.3555
1767682800,1.35551,1.3568,1.35472,1.35507
1767686400,1.35505,1.35668,1.35474,1.3554
1767690000,1.35539,1.35548,1.35357,1.35357
1767693600,1.35358,1.35399,1.35298,1.35328
1767697200,1.35328,1.35349,1.35175,1.35206
1767700800,1.35207,1.35292,1.35084,1.35118
1767704400,1.3512,1.35242,1.35066,1.35241
1767708000,1.3524,1.35347,1.35156,1.35253
1767711600,1.35252,1.35272,1.34939,1.35077
1767715200,1.35076,1.35096,1.34916,1.3495
1767718800,1.34948,1.35113,1.34928,1.35102
1767722400,1.35102,1.35122,1.34981,1.34986
1767726000,1.34986,1.3501,1.34926,1.35006
1767729600,1.35006,1.35062,1.34985,1.34987
1767733200,1.34986,1.3503,1.34976,1.3502
1767736800,1.35044,1.35054,1.34954,1.35013
1767740400,1.35014,1.35036,1.34996,1.34997
1767744000,1.34998,1.35049,1.34978,1.35025
1767747600,1.35026,1.35103,1.35006,1.3506
1767751200,1.35056,1.35138,1.35055,1.35104
1767754800,1.35103,1.35169,1.351,1.35143
1767758400,1.35142,1.35164,1.35044,1.35054
1767762000,1.35054,1.35099,1.3503,1.35084
1767765600,1.35084,1.35169,1.35046,1.35134
1767769200,1.35134,1.35166,1.34914,1.34926
1767772800,1.34924,1.3497,1.34852,1.34964
1767776400,1.34964,1.3498,1.34866,1.34946
1767780000,1.34945,1.35048,1.34935,1.3498
1767783600,1.3498,1.35058,1.3495,1.35004
1767787200,1.35005,1.35028,1.3486,1.34916
1767790800,1.34916,1.35006,1.34822,1.34946
1767794400,1.34947,1.35024,1.34838,1.35024
1767798000,1.35024,1.35024,1.34729,1.34808
1767801600,1.34807,1.3486,1.34684,1.34716
1767805200,1.34715,1.34796,1.34692,1.34732
1767808800,1.34732,1.34737,1.34682,1.34696
1767812400,1.34695,1.34708,1.34623,1.34646
1767816000,1.34652,1.34681,1.34614,1.34626
1767819600,1.34626,1.34628,1.34564,1.3458
1767823200,1.34596,1.34627,1.3459,1.34596
1767826800,1.34602,1.34606,1.34564,1.34588
1767830400,1.34586,1.34607,1.34565,1.34584
1767834000,1.34583,1.34609,1.34532,1.34558
1767837600,1.34558,1.34596,1.34508,1.34565
1767841200,1.34566,1.34657,1.34564,1.34636
1767844800,1.34636,1.34637,1.34588,1.34604
1767848400,1.34604,1.3461,1.34525,1.34583
1767852000,1.34584,1.34618,1.34524,1.34601
1767855600,1.346,1.34609,1.34454,1.34456
1767859200,1.3446,1.34466,1.34354,1.34386
1767862800,1.34388,1.34459,1.34322,1.34382
1767866400,1.34382,1.34482,1.34357,1.34472
1767870000,1.34472,1.34508,1.3444,1.34444
1767873600,1.34444,1.34476,1.34372,1.34384
1767877200,1.34385,1.34476,1.34158,1.34234
1767880800,1.34232,1.3436,1.34175,1.34354
1767884400,1.34353,1.34471,1.34262,1.34412
1767888000,1.34413,1.34446,1.34286,1.34301
1767891600,1.343,1.34372,1.3426,1.3436
1767895200,1.3436,1.34379,1.34222,1.34228
1767898800,1.34229,1.34313,1.34196,1.3431
1767902400,1.34309,1.3438,1.34298,1.34365
1767906000,1.34364,1.34456,1.34353,1.34402
1767909600,1.34363,1.34424,1.34334,1.34365
1767913200,1.3437,1.3441,1.34344,1.34358
1767916800,1.3436,1.3437,1.34318,1.34324
1767920400,1.34325,1.34364,1.34269,1.34282
1767924000,1.34281,1.34338,1.34246,1.34326
1767927600,1.34326,1.34378,1.34312,1.34368
1767931200,1.3437,1.3438,1.34316,1.34356
1767934800,1.34356,1.34382,1.34276,1.34302
1767938400,1.34302,1.34326,1.3425,1.34278
1767942000,1.34279,1.34294,1.34144,1.34292
1767945600,1.34294,1.34346,1.34118,1.34152
1767949200,1.34153,1.34209,1.34048,1.34103
1767952800,1.34102,1.34125,1.3404,1.34084
1767956400,1.34087,1.34145,1.34048,1.34132
1767960000,1.34133,1.34196,1.34097,1.34194
1767963600,1.34196,1.34511,1.33977,1.34357
1767967200,1.34357,1.34434,1.34062,1.3413
1767970800,1.34124,1.34192,1.33926,1.3418
1767974400,1.3418,1.34228,1.34046,1.34106
1767978000,1.34107,1.34114,1.33982,1.3403
1767981600,1.34029,1.34146,1.33998,1.34058
1767985200,1.3406,1.34117,1.34034,1.34068
1767988800,1.34068,1.34096,1.34052,1.34069
1767992400,1.34068,1.34092,1.33972,1.34021
1768168800,1.33999,1.34035,1.33944,1.33944
1768172400,1.3395,1.33996,1.33924,1.33936
1768176000,1.33937,1.34356,1.33908,1.34349
1768179600,1.34348,1.3441,1.34268,1.34276
1768183200,1.34275,1.3434,1.34212,1.34228
1768186800,1.34228,1.34282,1.34204,1.34205
1768190400,1.34205,1.3424,1.34165,1.34225
1768194000,1.34226,1.34366,1.34217,1.34341
1768197600,1.3434,1.34413,1.34296,1.34386
1768201200,1.34384,1.34472,1.34341,1.34444
1768204800,1.34444,1.34615,1.34428,1.34572
1768208400,1.34572,1.34694,1.34504,1.34538
1768212000,1.34538,1.34714,1.3448,1.34713
1768215600,1.34712,1.34749,1.34546,1.34597
1768219200,1.34596,1.34736,1.34576,1.34656
1768222800,1.34656,1.3486,1.34614,1.34818
1768226400,1.34818,1.34834,1.34634,1.34735
1768230000,1.34736,1.34806,1.34682,1.34754
1768233600,1.34756,1.34775,1.34637,1.34642
1768237200,1.34641,1.34718,1.34553,1.34643
1768240800,1.34642,1.34642,1.34574,1.34594
1768244400,1.34593,1.34668,1.34572,1.3466
1768248000,1.34659,1.3469,1.34621,1.34636
1768251600,1.34636,1.34702,1.34618,1.34646
1768255200,1.34662,1.34678,1.34622,1.34644
1768258800,1.34646,1.3469,1.34632,1.34662
1768262400,1.3466,1.34768,1.34626,1.3476
1768266000,1.3476,1.34771,1.34666,1.34703
1768269600,1.34704,1.34765,1.34696,1.34728
1768273200,1.34727,1.34788,1.34696,1.34705
1768276800,1.34706,1.34772,1.347,1.34738
1768280400,1.34738,1.3477,1.3471,1.34724
1768284000,1.34724,1.34728,1.34626,1.34726
1768287600,1.34724,1.34738,1.34624,1.34672
1768291200,1.3467,1.3478,1.34636,1.34766
1768294800,1.34765,1.34854,1.34736,1.34811
1768298400,1.3481,1.34835,1.34698,1.34714
1768302000,1.34714,1.34738,1.34674,1.34726
1768305600,1.34727,1.34732,1.34584,1.34609
1768309200,1.34609,1.34949,1.34544,1.34753
1768312800,1.34754,1.34774,1.34515,1.34592
1768316400,1.34591,1.346,1.34352,1.34422
1768320000,1.34421,1.34454,1.34251,1.34345
1768323600,1.34346,1.34379,1.34274,1.34336
1768327200,1.34336,1.3441,1.34244,1.34398
1768330800,1.34399,1.344,1.34278,1.3435
1768334400,1.3435,1.34362,1.34293,1.34306
1768338000,1.34306,1.34316,1.34216,1.34222
1768341600,1.34255,1.34268,1.3422,1.34227
1768345200,1.34226,1.34284,1.34224,1.34258
1768348800,1.34257,1.34273,1.3421,1.34271
1768352400,1.34272,1.34272,1.34198,1.34227
1768356000,1.34228,1.34373,1.34212,1.3436
1768359600,1.34362,1.34478,1.34362,1.3445
1768363200,1.3445,1.34463,1.34392,1.344
1768366800,1.344,1.3442,1.34355,1.34357
1768370400,1.34358,1.34482,1.34345,1.3447
1768374000,1.3447,1.34496,1.34374,1.34396
1768377600,1.34396,1.34502,1.3437,1.345
1768381200,1.34499,1.3459,1.34468,1.3457
1768384800,1.34569,1.34588,1.34506,1.3454
1768388400,1.34538,1.3454,1.34454,1.34493
1768392000,1.34493,1.34586,1.34424,1.34522
1768395600,1.34521,1.34528,1.34387,1.34449
1768399200,1.34446,1.34643,1.34436,1.34568
1768402800,1.34566,1.3462,1.3444,1.34562
1768406400,1.3456,1.34585,1.34406,1.34438
1768410000,1.34437,1.34451,1.34303,1.3432
1768413600,1.34319,1.3433,1.34267,1.3427
1768417200,1.34269,1.3433,1.34248,1.34309
1768420800,1.3431,1.3441,1.34299,1.34328
1768424400,1.34328,1.34473,1.34321,1.3447
1768428000,1.3443,1.34464,1.34388,1.344
1768431600,1.34402,1.34448,1.34386,1.34401
1768435200,1.344,1.34402,1.3431,1.34374
1768438800,1.34374,1.34386,1.34274,1.34354
1768442400,1.34348,1.34348,1.34294,1.34332
1768446000,1.34332,1.34336,1.34258,1.34277
1768449600,1.34276,1.34288,1.34234,1.34241
1768453200,1.3424,1.34321,1.34232,1.34274
1768456800,1.34274,1.3433,1.34237,1.34276
1768460400,1.34276,1.34433,1.34238,1.34347
1768464000,1.34346,1.3444,1.34267,1.34388
1768467600,1.34388,1.34453,1.34354,1.34368
1768471200,1.34369,1.34388,1.3416,1.34204
1768474800,1.34204,1.34281,1.3417,1.34182
1768478400,1.34182,1.34209,1.34015,1.34038
1768482000,1.34038,1.34041,1.33689,1.33731
1768485600,1.33732,1.33874,1.33628,1.33712
1768489200,1.33711,1.33888,1.33692,1.33862
1768492800,1.3386,1.3394,1.33798,1.33851
1768496400,1.33851,1.33939,1.33808,1.33876
1768500000,1.33875,1.3394,1.33875,1.33918
1768503600,1.33918,1.3392,1.33836,1.33858
1768507200,1.33858,1.33863,1.33745,1.33758
1768510800,1.33756,1.33846,1.33753,1.33823
1768514400,1.33777,1.33833,1.33772,1.33793
1768518000,1.33792,1.33826,1.33786,1.33811
1768521600,1.33814,1.33825,1.33706,1.3377
1768525200,1.33769,1.33838,1.33753,1.33797
1768528800,1.33798,1.33886,1.33788,1.33842
1768532400,1.33845,1.33912,1.33829,1.33909
1768536000,1.3391,1.33914,1.33881,1.33891
1768539600,1.3389,1.33897,1.33819,1.33831
1768543200,1.33832,1.33842,1.33771,1.33805
1768546800,1.338,1.33922,1.33773,1.33907
1768550400,1.33908,1.33982,1.33896,1.33933
1768554000,1.33932,1.34053,1.33907,1.3397
1768557600,1.3397,1.34132,1.3397,1.34058
1768561200,1.34058,1.34124,1.34049,1.34078
1768564800,1.34074,1.34104,1.33928,1.34004
1768568400,1.34002,1.34083,1.33886,1.34036
1768572000,1.34034,1.34053,1.33952,1.33982
1768575600,1.33981,1.34038,1.33662,1.3378
1768579200,1.3378,1.33902,1.33776,1.33817
1768582800,1.33818,1.33867,1.33764,1.33787
1768586400,1.33786,1.33873,1.33738,1.338
1768590000,1.33799,1.3385,1.3376,1.33819
1768593600,1.33818,1.33864,1.33791,1.33808
1768597200,1.33806,1.3383,1.33748,1.33796
1768773600,1.3354,1.3357,1.33436,1.33556
1768777200,1.33554,1.34072,1.33536,1.3402
1768780800,1.3402,1.3409,1.33822,1.3401
1768784400,1.34011,1.34033,1.33909,1.33917
1768788000,1.33918,1.33936,1.33814,1.33868
1768791600,1.3387,1.33918,1.33858,1.33886
1768795200,1.33884,1.33965,1.33882,1.3395
1768798800,1.33951,1.34062,1.3393,1.3395
1768802400,1.33949,1.34012,1.33944,1.33988
1768806000,1.33988,1.34102,1.33843,1.33892
1768809600,1.33892,1.34098,1.33873,1.34092
1768813200,1.34092,1.34157,1.33906,1.34062
1768816800,1.34061,1.34133,1.34054,1.341
1768820400,1.34097,1.3411,1.3402,1.34087
1768824000,1.34086,1.34148,1.34048,1.3406
1768827600,1.34061,1.34169,1.34058,1.34136
1768831200,1.34136,1.34246,1.34104,1.34202
1768834800,1.34202,1.34288,1.34187,1.34218
1768838400,1.34218,1.34353,1.34207,1.34282
1768842000,1.34282,1.34337,1.34264,1.34314
1768845600,1.34314,1.34338,1.34264,1.34267
1768849200,1.34266,1.34297,1.34256,1.3426
1768852800,1.3426,1.34286,1.3425,1.34282
1768856400,1.34282,1.34288,1.34225,1.34258
1768860000,1.34264,1.34282,1.34229,1.34258
1768863600,1.34258,1.3427,1.34169,1.34191
1768867200,1.34194,1.34204,1.34102,1.34184
1768870800,1.34185,1.34243,1.34164,1.34239
1768874400,1.3424,1.34283,1.34199,1.34238
1768878000,1.34238,1.344,1.34232,1.34356
1768881600,1.34355,1.34432,1.34353,1.34408
1768885200,1.34409,1.34498,1.34405,1.34416
1768888800,1.34416,1.34439,1.34316,1.34352
1768892400,1.34351,1.34828,1.34258,1.34748
1768896000,1.34748,1.34918,1.34744,1.34784
1768899600,1.34784,1.34892,1.34704,1.34748
1768903200,1.34747,1.34852,1.34646,1.348
1768906800,1.34804,1.34828,1.34592,1.34634
1768910400,1.34634,1.3466,1.34396,1.34458
1768914000,1.3446,1.34796,1.34411,1.34524
1768917600,1.34528,1.34628,1.34406,1.34581
1768921200,1.34582,1.34772,1.34525,1.34568
1768924800,1.34569,1.34707,1.34536,1.34694
1768928400,1.34692,1.34756,1.34562,1.34564
1768932000,1.34563,1.34576,1.34424,1.34432
1768935600,1.3443,1.34454,1.34269,1.3428
1768939200,1.34278,1.34358,1.34253,1.34337
1768942800,1.34336,1.34443,1.34322,1.34437
1768946400,1.34449,1.34492,1.34392,1.34436
1768950000,1.34436,1.34451,1.34394,1.34408
1768953600,1.34406,1.34428,1.34334,1.34424
1768957200,1.34424,1.34568,1.34397,1.34522
1768960800,1.34522,1.34547,1.34436,1.34441
1768964400,1.3444,1.34466,1.34332,1.34404
1768968000,1.34405,1.34405,1.34331,1.34378
1768971600,1.34378,1.34404,1.34352,1.34376
1768975200,1.34376,1.34426,1.34355,1.34368
1768978800,1.34364,1.34492,1.34296,1.34428
1768982400,1.34427,1.34478,1.34332,1.34388
1768986000,1.34388,1.34389,1.34088,1.34104
1768989600,1.34104,1.3415,1.34032,1.34074
1768993200,1.34074,1.34217,1.34015,1.34098
1768996800,1.341,1.34263,1.34016,1.34248
1769000400,1.34249,1.34442,1.34124,1.34419
1769004000,1.34418,1.34564,1.34227,1.34508
1769007600,1.34508,1.34594,1.34248,1.34272
1769011200,1.34272,1.3441,1.34238,1.3428
1769014800,1.3428,1.34384,1.34164,1.3428
1769018400,1.3428,1.3428,1.34188,1.34216
1769022000,1.34216,1.34308,1.34096,1.34257
1769025600,1.34258,1.34262,1.34126,1.34248
1769029200,1.34248,1.34328,1.34234,1.34326
1769032800,1.34325,1.34351,1.3425,1.34307
1769036400,1.34306,1.34312,1.3418,1.3418
1769040000,1.3418,1.34312,1.34169,1.34294
1769043600,1.34292,1.34318,1.34246,1.34304
1769047200,1.34304,1.34354,1.34226,1.34254
1769050800,1.34254,1.34338,1.34254,1.34324
1769054400,1.34323,1.34394,1.34302,1.34317
1769058000,1.34318,1.34318,1.34236,1.34292
1769061600,1.34292,1.34299,1.34205,1.34258
1769065200,1.34258,1.34374,1.34231,1.34312
1769068800,1.34314,1.34332,1.34096,1.34183
1769072400,1.34184,1.34466,1.34176,1.34442
1769076000,1.34442,1.34508,1.34366,1.34475
1769079600,1.34476,1.34529,1.34014,1.34209
1769083200,1.34206,1.34421,1.34154,1.34254
1769086800,1.34253,1.34387,1.34072,1.3423
1769090400,1.3423,1.34528,1.34223,1.34467
1769094000,1.34468,1.34848,1.3446,1.34776
1769097600,1.3478,1.3499,1.34776,1.34892
1769101200,1.34891,1.34958,1.34742,1.34924
1769104800,1.34922,1.35024,1.34907,1.34988
1769108400,1.34988,1.34995,1.34863,1.3491
1769112000,1.34909,1.35036,1.34886,1.34972
1769115600,1.34972,1.35072,1.34957,1.35027
1769119200,1.3495,1.35033,1.34918,1.35031
1769122800,1.35038,1.3509,1.34994,1.34996
1769126400,1.34996,1.35008,1.34952,1.34964
1769130000,1.34963,1.35048,1.34958,1.3498
1769133600,1.3498,1.34984,1.34914,1.34926
1769137200,1.34927,1.3495,1.34888,1.34906
1769140800,1.34906,1.34974,1.34897,1.34968
1769144400,1.3497,1.35007,1.34958,1.34984
1769148000,1.34984,1.34998,1.3483,1.34838
1769151600,1.34839,1.35121,1.34832,1.34924
1769155200,1.34924,1.35026,1.34826,1.35014
1769158800,1.35014,1.3535,1.34987,1.35302
1769162400,1.35303,1.35365,1.35224,1.3527
1769166000,1.3527,1.35324,1.35146,1.35182
1769169600,1.35184,1.35323,1.3518,1.35286
1769173200,1.35286,1.35348,1.35244,1.35251
1769176800,1.3525,1.35382,1.35207,1.35359
1769180400,1.3536,1.35676,1.3535,1.35644
1769184000,1.35644,1.3598,1.35611,1.35884
1769187600,1.35885,1.36232,1.35863,1.36084
1769191200,1.36084,1.36094,1.3592,1.36055
1769194800,1.36057,1.36294,1.36054,1.36237
1769198400,1.36236,1.36384,1.36218,1.36368
1769202000,1.36368,1.36466,1.36324,1.36454
1769378400,1.36671,1.36844,1.3664,1.36796
1769382000,1.36794,1.36816,1.3655,1.3665
1769385600,1.36649,1.36674,1.36434,1.36672
1769389200,1.36672,1.36747,1.36587,1.3661
1769392800,1.3661,1.36798,1.3659,1.36692
1769396400,1.36693,1.36694,1.36552,1.36598
1769400000,1.36599,1.36678,1.36534,1.36602
1769403600,1.36598,1.36698,1.36583,1.36668
1769407200,1.36668,1.36684,1.3656,1.36562
1769410800,1.36564,1.36763,1.36444,1.36466
1769414400,1.36468,1.36682,1.36432,1.36624
1769418000,1.36624,1.3677,1.36584,1.36722
1769421600,1.36724,1.36758,1.36667,1.36709
1769425200,1.3671,1.36737,1.36652,1.36663
1769428800,1.36662,1.3673,1.36481,1.36531
1769432400,1.36531,1.3662,1.36432,1.36616
1769436000,1.36617,1.36917,1.36582,1.36913
1769439600,1.36914,1.37129,1.36886,1.37078
1769443200,1.37079,1.37134,1.36932,1.36968
1769446800,1.36968,1.37042,1.36858,1.36882
1769450400,1.36884,1.37015,1.3685,1.36886
1769454000,1.36886,1.36888,1.36756,1.36824
1769457600,1.36825,1.3686,1.36792,1.36806
1769461200,1.36806,1.36868,1.36746,1.36791
1769464800,1.36777,1.368,1.36732,1.36783
1769468400,1.36782,1.36795,1.36744,1.36748
1769472000,1.36748,1.36818,1.36726,1.36734
1769475600,1.36734,1.36828,1.367,1.36798
1769479200,1.36798,1.37007,1.36771,1.36956
1769482800,1.36954,1.36956,1.36824,1.36829
1769486400,1.3683,1.36884,1.36724,1.36748
1769490000,1.36747,1.36816,1.36716,1.36784
1769493600,1.36783,1.36902,1.36775,1.36822
1769497200,1.36821,1.36904,1.36699,1.36744
1769500800,1.36746,1.36774,1.36638,1.36748
1769504400,1.36748,1.37001,1.36682,1.36994
1769508000,1.36993,1.37036,1.36832,1.37032
1769511600,1.37032,1.37125,1.37008,1.37108
1769515200,1.37108,1.37417,1.3708,1.37407
1769518800,1.37408,1.37488,1.37256,1.37352
1769522400,1.37354,1.37764,1.37314,1.37707
1769526000,1.37712,1.3791,1.37477,1.37516
1769529600,1.37517,1.3791,1.3751,1.37802
1769533200,1.37802,1.37882,1.37612,1.37876
1769536800,1.37875,1.37912,1.3776,1.37772
1769540400,1.37772,1.37843,1.37747,1.37832
1769544000,1.37832,1.387,1.37762,1.38365
1769547600,1.38362,1.38571,1.38293,1.38482
1769551200,1.38436,1.38494,1.38339,1.38464
1769554800,1.38456,1.38473,1.38226,1.38269
1769558400,1.38268,1.38314,1.38142,1.38176
1769562000,1.38175,1.38192,1.37992,1.38001
1769565600,1.38002,1.38073,1.37919,1.38036
1769569200,1.38036,1.38106,1.37972,1.38
1769572800,1.38,1.38032,1.37937,1.3802
1769576400,1.3802,1.38054,1.37892,1.3805
1769580000,1.38051,1.38158,1.38038,1.38063
1769583600,1.38064,1.38314,1.37924,1.38014
1769587200,1.38014,1.38115,1.37752,1.37869
1769590800,1.37868,1.37926,1.37759,1.37872
1769594400,1.37872,1.38,1.37764,1.3793
1769598000,1.3793,1.3793,1.37678,1.37698
1769601600,1.37698,1.37944,1.37687,1.37938
1769605200,1.37938,1.37942,1.3765,1.37702
1769608800,1.37702,1.38016,1.3768,1.37866
1769612400,1.37866,1.37996,1.37494,1.37898
1769616000,1.37898,1.37942,1.37638,1.37844
1769619600,1.37846,1.37907,1.37722,1.37894
1769623200,1.37894,1.37923,1.37638,1.37758
1769626800,1.37766,1.37965,1.37522,1.37934
1769630400,1.37934,1.38026,1.37862,1.3799
1769634000,1.3799,1.38114,1.37974,1.38082
1769637600,1.38054,1.38083,1.37982,1.38035
1769641200,1.38035,1.38308,1.38004,1.38272
1769644800,1.38272,1.38352,1.38141,1.38208
1769648400,1.38206,1.38206,1.38002,1.3803
1769652000,1.3803,1.3816,1.37934,1.38124
1769655600,1.38124,1.38333,1.38112,1.38327
1769659200,1.38328,1.38403,1.38244,1.38392
1769662800,1.3839,1.3844,1.38359,1.3838
1769666400,1.3838,1.38402,1.3828,1.38374
1769670000,1.38374,1.38481,1.38239,1.38318
1769673600,1.38316,1.38464,1.38144,1.38207
1769677200,1.38206,1.38246,1.38006,1.38036
1769680800,1.38036,1.3807,1.37811,1.3783
1769684400,1.37833,1.37984,1.37805,1.37944
1769688000,1.37944,1.38144,1.37892,1.38134
1769691600,1.38136,1.38186,1.37976,1.38062
1769695200,1.38064,1.38341,1.38044,1.38267
1769698800,1.3827,1.38274,1.37424,1.37638
1769702400,1.37638,1.37996,1.376,1.37928
1769706000,1.37928,1.38076,1.37926,1.3798
1769709600,1.37978,1.3805,1.37882,1.3798
1769713200,1.3798,1.38006,1.3792,1.37934
1769716800,1.37932,1.38085,1.37886,1.38047
1769720400,1.38048,1.38139,1.37993,1.38105
1769724000,1.38066,1.38121,1.37992,1.38098
1769727600,1.381,1.38149,1.38052,1.38084
1769731200,1.38084,1.38146,1.3774,1.37776
1769734800,1.37778,1.37803,1.37585,1.37612
1769738400,1.37614,1.37674,1.37318,1.3762
1769742000,1.37623,1.37666,1.37481,1.3753
1769745600,1.3753,1.37676,1.37486,1.37527
1769749200,1.37528,1.37632,1.37464,1.37558
1769752800,1.37559,1.37643,1.37403,1.37508
1769756400,1.37504,1.37832,1.37465,1.37695
1769760000,1.37698,1.37804,1.37589,1.37648
1769763600,1.37648,1.37676,1.37251,1.3734
1769767200,1.3734,1.37507,1.37325,1.37482
1769770800,1.37483,1.37799,1.37448,1.37791
1769774400,1.3779,1.37878,1.3757,1.37622
1769778000,1.37622,1.37678,1.37358,1.37448
1769781600,1.37446,1.37578,1.3736,1.37392
1769785200,1.37392,1.3744,1.37098,1.37199
1769788800,1.37198,1.37302,1.37127,1.37274
1769792400,1.37272,1.37281,1.36998,1.3709
1769796000,1.37089,1.3716,1.36806,1.37114
1769799600,1.37114,1.37187,1.369,1.36982
1769803200,1.36981,1.36982,1.36832,1.36832
1769806800,1.36834,1.36912,1.36793,1.36881
1769983200,1.36965,1.36965,1.36752,1.36862
1769986800,1.36858,1.36912,1.36623,1.36762
1769990400,1.36764,1.3706,1.36764,1.37004
1769994000,1.37005,1.37005,1.36768,1.36938
1769997600,1.36937,1.37001,1.36815,1.36823
1770001200,1.36824,1.36929,1.36786,1.36841
1770004800,1.36843,1.36883,1.36772,1.36823
1770008400,1.36821,1.36833,1.36606,1.36724
1770012000,1.36724,1.36762,1.36618,1.36758
1770015600,1.36761,1.36888,1.36736,1.36796
1770019200,1.36794,1.37016,1.36782,1.36922
1770022800,1.36921,1.37108,1.36822,1.37091
1770026400,1.37088,1.37154,1.36966,1.37021
1770030000,1.37022,1.3712,1.36951,1.37004
1770033600,1.37005,1.37068,1.36854,1.3688
1770037200,1.3688,1.36883,1.36494,1.36516
1770040800,1.36516,1.3677,1.36312,1.3668
1770044400,1.3667,1.3667,1.36269,1.36282
1770048000,1.36281,1.36566,1.36232,1.36531
1770051600,1.36535,1.36629,1.36506,1.36603
1770055200,1.36602,1.36617,1.36482,1.36501
1770058800,1.365,1.36618,1.36436,1.36592
1770062400,1.36592,1.3668,1.36538,1.36659
1770066000,1.36659,1.36689,1.36645,1.36676
1770069600,1.36646,1.36671,1.3664,1.36656
1770073200,1.36656,1.36732,1.36604,1.3673
1770076800,1.3673,1.36808,1.36711,1.36803
1770080400,1.36804,1.36864,1.36744,1.36863
1770084000,1.36861,1.36864,1.36714,1.36728
1770087600,1.36728,1.36889,1.36714,1.36852
1770091200,1.36852,1.36944,1.36852,1.36878
1770094800,1.36878,1.36921,1.36834,1.36899
1770098400,1.369,1.37011,1.3689,1.36933
1770102000,1.36929,1.37066,1.36835,1.36972
1770105600,1.3697,1.36998,1.36766,1.3686
1770109200,1.3686,1.36912,1.36666,1.36668
1770112800,1.36669,1.36734,1.36552,1.36555
1770116400,1.36556,1.36624,1.36506,1.36508
1770120000,1.3651,1.36834,1.3651,1.36818
1770123600,1.36818,1.36897,1.367,1.36702
1770127200,1.36702,1.36845,1.36564,1.36688
1770130800,1.36687,1.37044,1.36642,1.37033
1770134400,1.37034,1.37071,1.3693,1.36992
1770138000,1.36991,1.37072,1.36929,1.36958
1770141600,1.36958,1.37019,1.36774,1.36778
1770145200,1.36778,1.36914,1.36733,1.36881
1770148800,1.36882,1.36999,1.36841,1.36962
1770152400,1.36962,1.37024,1.36952,1.36974
1770156000,1.36962,1.37034,1.36945,1.36958
1770159600,1.36956,1.37017,1.36918,1.3697
1770163200,1.3697,1.36976,1.3691,1.3694
1770166800,1.3694,1.37104,1.36915,1.37064
1770170400,1.37066,1.37128,1.36978,1.37005
1770174000,1.37004,1.37054,1.36969,1.37044
1770177600,1.37043,1.37169,1.3703,1.3716
1770181200,1.37161,1.37199,1.37121,1.37152
1770184800,1.37152,1.3722,1.37128,1.3713
1770188400,1.3713,1.3719,1.3706,1.37158
1770192000,1.37158,1.37334,1.37119,1.37296
1770195600,1.37298,1.37334,1.37012,1.3709
1770199200,1.3709,1.37162,1.36948,1.37162
1770202800,1.37161,1.37165,1.37014,1.3709
1770206400,1.37088,1.37246,1.3706,1.372
1770210000,1.37202,1.37292,1.37019,1.37134
1770213600,1.37136,1.3718,1.36863,1.36876
1770217200,1.36873,1.36954,1.3661,1.36642
1770220800,1.36642,1.36644,1.36432,1.36574
1770224400,1.36574,1.36726,1.36446,1.36464
1770228000,1.36463,1.36552,1.36424,1.36505
1770231600,1.36506,1.36632,1.36443,1.36631
1770235200,1.3663,1.36636,1.3648,1.36509
1770238800,1.36508,1.36566,1.36492,1.36529
1770242400,1.36603,1.36603,1.36454,1.36514
1770246000,1.36512,1.36522,1.36433,1.36462
1770249600,1.3646,1.36524,1.36446,1.36522
1770253200,1.3652,1.36542,1.36448,1.36481
1770256800,1.36482,1.36484,1.36201,1.36211
1770260400,1.36212,1.36306,1.3619,1.36251
1770264000,1.36252,1.3629,1.36227,1.36253
1770267600,1.36253,1.36266,1.36163,1.362
1770271200,1.362,1.36202,1.36068,1.36184
1770274800,1.36182,1.36296,1.36163,1.36202
1770278400,1.362,1.36329,1.3599,1.36034
1770282000,1.36034,1.36039,1.35567,1.35658
1770285600,1.35659,1.35974,1.35615,1.35874
1770289200,1.35874,1.36158,1.35812,1.36136
1770292800,1.36136,1.36136,1.35402,1.35817
1770296400,1.35818,1.35951,1.35668,1.35852
1770300000,1.35851,1.35894,1.35338,1.35371
1770303600,1.35374,1.3557,1.35218,1.35282
1770307200,1.35284,1.35568,1.35178,1.35498
1770310800,1.35496,1.35574,1.35398,1.35511
1770314400,1.35512,1.35572,1.3538,1.35428
1770318000,1.35429,1.35523,1.3542,1.35492
1770321600,1.35488,1.35519,1.35377,1.35387
1770325200,1.35386,1.35402,1.3525,1.35312
1770328800,1.35349,1.3541,1.35276,1.35334
1770332400,1.3533,1.35352,1.35207,1.3521
1770336000,1.35212,1.35312,1.35087,1.35302
1770339600,1.35302,1.3543,1.35252,1.35404
1770343200,1.35402,1.35504,1.35401,1.3546
1770346800,1.3546,1.35492,1.3544,1.35466
1770350400,1.35466,1.356,1.35455,1.35596
1770354000,1.35596,1.35702,1.35584,1.35696
1770357600,1.35694,1.35785,1.35675,1.35716
1770361200,1.35718,1.35791,1.35635,1.35666
1770364800,1.35666,1.35724,1.35582,1.35682
1770368400,1.35681,1.35825,1.35659,1.35772
1770372000,1.35771,1.3584,1.3572,1.35767
1770375600,1.35766,1.35924,1.35762,1.35845
1770379200,1.35843,1.3595,1.35836,1.3589
1770382800,1.3589,1.35964,1.3582,1.35889
1770386400,1.35888,1.36098,1.35876,1.36092
1770390000,1.36092,1.36156,1.35938,1.36144
1770393600,1.36144,1.36164,1.36018,1.36043
1770397200,1.36042,1.36238,1.36018,1.36182
1770400800,1.36182,1.36232,1.36132,1.36142
1770404400,1.36139,1.3621,1.36124,1.36162
1770408000,1.36162,1.362,1.3613,1.36188
1770411600,1.36188,1.36224,1.36088,1.3612
1770588000,1.3598,1.36054,1.3598,1.36029
1770591600,1.36012,1.3612,1.3588,1.36096
1770595200,1.36096,1.36208,1.36056,1.36114
1770598800,1.36115,1.36128,1.35984,1.36014
1770602400,1.36014,1.36092,1.3591,1.36044
1770606000,1.36043,1.36079,1.35988,1.35991
1770609600,1.3599,1.36058,1.3599,1.36046
1770613200,1.36046,1.36173,1.36034,1.36144
1770616800,1.36141,1.36292,1.36052,1.3616
1770620400,1.36158,1.36158,1.3588,1.36044
1770624000,1.36044,1.36108,1.35865,1.36016
1770627600,1.36016,1.36124,1.35962,1.36008
1770631200,1.36007,1.36144,1.35938,1.36094
1770634800,1.36092,1.36455,1.35934,1.36374
1770638400,1.36374,1.36622,1.36374,1.36604
1770642000,1.36603,1.36702,1.36428,1.36511
1770645600,1.36512,1.36532,1.36216,1.36444
1770649200,1.36442,1.36878,1.3644,1.36778
1770652800,1.36782,1.36913,1.36624,1.3666
1770656400,1.36661,1.36759,1.36637,1.36718
1770660000,1.36716,1.36915,1.36646,1.36899
1770663600,1.369,1.37005,1.36846,1.36972
1770667200,1.36971,1.36993,1.3692,1.36949
1770670800,1.3695,1.37,1.3691,1.36962
1770674400,1.36956,1.36996,1.369,1.36961
1770678000,1.36961,1.36982,1.36818,1.36826
1770681600,1.36825,1.36842,1.36723,1.36807
1770685200,1.36806,1.36898,1.36745,1.36845
1770688800,1.36846,1.36936,1.36842,1.36932
1770692400,1.36933,1.36964,1.36841,1.36854
1770696000,1.36852,1.36866,1.36801,1.36816
1770699600,1.3682,1.36842,1.36745,1.36783
1770703200,1.3678,1.3682,1.3668,1.3672
1770706800,1.36721,1.36796,1.36673,1.36723
1770710400,1.36724,1.36798,1.36637,1.36706
1770714000,1.36706,1.36844,1.36656,1.36682
1770717600,1.36681,1.3674,1.3658,1.36652
1770721200,1.3665,1.36656,1.36586,1.36632
1770724800,1.36633,1.36928,1.36623,1.36856
1770728400,1.36856,1.36918,1.36662,1.36814
1770732000,1.36814,1.36967,1.36704,1.36773
1770735600,1.36772,1.3681,1.36534,1.3674
1770739200,1.3674,1.36744,1.36596,1.36638
1770742800,1.36636,1.36661,1.36438,1.36536
1770746400,1.36537,1.36551,1.36426,1.36443
1770750000,1.36442,1.36572,1.36402,1.3657
1770753600,1.3657,1.36576,1.36428,1.36432
1770757200,1.36434,1.36448,1.36389,1.3643
1770760800,1.36459,1.36531,1.36378,1.3641
1770764400,1.36408,1.3641,1.36317,1.3633
1770768000,1.36328,1.36432,1.36318,1.36395
1770771600,1.36395,1.36493,1.36392,1.36443
1770775200,1.36442,1.36613,1.36442,1.36582
1770778800,1.36582,1.36679,1.36551,1.36652
1770782400,1.36651,1.367,1.36588,1.36596
1770786000,1.36597,1.36702,1.36581,1.36699
1770789600,1.367,1.36779,1.3667,1.36703
1770793200,1.36702,1.36745,1.36644,1.3674
1770796800,1.36741,1.36936,1.36689,1.36928
1770800400,1.3693,1.36992,1.36842,1.36956
1770804000,1.36956,1.37124,1.36865,1.37066
1770807600,1.37066,1.37068,1.3691,1.36911
1770811200,1.36914,1.36923,1.3676,1.36804
1770814800,1.36804,1.36906,1.36096,1.36418
1770818400,1.36416,1.36703,1.36378,1.36557
1770822000,1.36555,1.36672,1.36266,1.36338
1770825600,1.36338,1.3657,1.36287,1.36521
1770829200,1.3652,1.36677,1.36448,1.36578
1770832800,1.36578,1.36592,1.3639,1.3639
1770836400,1.36389,1.36413,1.36326,1.36328
1770840000,1.3633,1.3635,1.36209,1.36218
1770843600,1.36216,1.36291,1.36191,1.36288
1770847200,1.3624,1.36305,1.3624,1.36275
1770850800,1.36278,1.3628,1.362,1.3623
1770854400,1.3623,1.36318,1.36158,1.36317
1770858000,1.36316,1.36402,1.36267,1.364
1770861600,1.364,1.36423,1.36306,1.36352
1770865200,1.3635,1.36372,1.36268,1.36317
1770868800,1.36318,1.36358,1.36202,1.36249
1770872400,1.3625,1.36264,1.36176,1.36219
1770876000,1.3622,1.36257,1.36046,1.3617
1770879600,1.36154,1.36348,1.36118,1.36328
1770883200,1.36328,1.36472,1.3627,1.36374
1770886800,1.36374,1.3654,1.36371,1.36492
1770890400,1.36494,1.36504,1.36368,1.36386
1770894000,1.36386,1.36512,1.36354,1.36493
1770897600,1.36494,1.36502,1.36219,1.36293
1770901200,1.36295,1.3652,1.36285,1.365
1770904800,1.36502,1.36692,1.36421,1.36647
1770908400,1.36646,1.36716,1.36499,1.3654
1770912000,1.36539,1.36582,1.36162,1.36323
1770915600,1.36324,1.3633,1.36178,1.36192
1770919200,1.36192,1.36244,1.36049,1.36166
1770922800,1.36166,1.36267,1.3615,1.3624
1770926400,1.3624,1.36248,1.3615,1.36216
1770930000,1.36216,1.36244,1.36172,1.36224
1770933600,1.36219,1.36268,1.36186,1.36219
1770937200,1.3622,1.36234,1.36168,1.36184
1770940800,1.36184,1.36222,1.36152,1.36217
1770944400,1.36216,1.36226,1.36121,1.3617
1770948000,1.3617,1.36242,1.36128,1.36202
1770951600,1.36204,1.36226,1.36142,1.36152
1770955200,1.36151,1.36174,1.3609,1.36122
1770958800,1.36122,1.36148,1.35998,1.3604
1770962400,1.36039,1.36067,1.35947,1.36018
1770966000,1.36018,1.36169,1.35906,1.36147
1770969600,1.36146,1.36288,1.36114,1.36233
1770973200,1.36232,1.36296,1.36212,1.36226
1770976800,1.36228,1.36275,1.3615,1.36185
1770980400,1.36184,1.36194,1.36011,1.36032
1770984000,1.36029,1.36092,1.35989,1.36074
1770987600,1.36074,1.3646,1.36052,1.36336
1770991200,1.36334,1.36394,1.36154,1.36262
1770994800,1.36263,1.36474,1.36108,1.36132
1770998400,1.36132,1.3644,1.3607,1.36423
1771002000,1.36425,1.36596,1.36382,1.36486
1771005600,1.36486,1.36543,1.36463,1.36523
1771009200,1.36522,1.36556,1.36426,1.36434
1771012800,1.36433,1.36566,1.36414,1.36566
1771016400,1.36568,1.36582,1.3648,1.36553
1771192800,1.36461,1.36495,1.36427,1.36458
1771196400,1.36458,1.36494,1.36422,1.36474
1771200000,1.36472,1.36485,1.36408,1.36411
1771203600,1.36412,1.36442,1.36371,1.36435
1771207200,1.36435,1.36456,1.3639,1.36422
1771210800,1.36422,1.36454,1.3638,1.36418
1771214400,1.36418,1.36438,1.36358,1.36396
1771218000,1.36395,1.36409,1.36355,1.36392
1771221600,1.36391,1.36486,1.36382,1.36432
1771225200,1.36431,1.36514,1.36358,1.3644
1771228800,1.36442,1.36604,1.364,1.3652
1771232400,1.3652,1.36621,1.3641,1.36448
1771236000,1.36446,1.36521,1.36409,1.36508
1771239600,1.36509,1.36509,1.3643,1.36445
1771243200,1.36444,1.36514,1.36398,1.36426
1771246800,1.36426,1.3648,1.36289,1.36334
1771250400,1.36332,1.36405,1.36303,1.3636
1771254000,1.36361,1.36382,1.36279,1.36328
1771257600,1.36328,1.36352,1.36258,1.36289
1771261200,1.36288,1.36304,1.36262,1.36272
1771264800,1.36272,1.36315,1.36266,1.36291
1771268400,1.36292,1.36332,1.3629,1.36324
1771272000,1.36322,1.36325,1.36299,1.36304
1771275600,1.36304,1.36307,1.36254,1.36306
1771279200,1.36326,1.36348,1.36277,1.3631
1771282800,1.3631,1.3631,1.3623,1.36272
1771286400,1.36274,1.36293,1.36189,1.36198
1771290000,1.36197,1.36214,1.3614,1.36166
1771293600,1.36165,1.36204,1.3612,1.36138
1771297200,1.36138,1.3614,1.36061,1.36128
1771300800,1.36128,1.36134,1.3607,1.36115
1771304400,1.36115,1.36122,1.36036,1.36074
1771308000,1.36074,1.36149,1.36074,1.36114
1771311600,1.3611,1.36124,1.35524,1.35629
1771315200,1.35631,1.35907,1.35614,1.35858
1771318800,1.35858,1.35976,1.35841,1.35914
1771322400,1.35914,1.36064,1.35896,1.35954
1771326000,1.35953,1.35983,1.35596,1.35649
1771329600,1.3565,1.35716,1.35468,1.35488
1771333200,1.35484,1.35503,1.35246,1.35249
1771336800,1.35248,1.35325,1.3518,1.35207
1771340400,1.35206,1.35255,1.34959,1.35032
1771344000,1.3503,1.35417,1.35028,1.35381
1771347600,1.35382,1.35502,1.35347,1.35466
1771351200,1.35467,1.35615,1.35412,1.35592
1771354800,1.35591,1.35632,1.3556,1.35616
1771358400,1.35616,1.35642,1.35578,1.35624
1771362000,1.35624,1.35692,1.35602,1.35675
1771365600,1.35645,1.357,1.3562,1.35656
1771369200,1.35656,1.35726,1.35626,1.3563
1771372800,1.3563,1.35665,1.35611,1.35626
1771376400,1.35625,1.35626,1.35542,1.35585
1771380000,1.35588,1.35588,1.35518,1.35546
1771383600,1.35546,1.3558,1.35527,1.35532
1771387200,1.35532,1.3556,1.35498,1.35538
1771390800,1.35538,1.35596,1.35537,1.3559
1771394400,1.3559,1.35668,1.35538,1.35642
1771398000,1.35644,1.35786,1.35537,1.35616
1771401600,1.35616,1.35682,1.35571,1.35659
1771405200,1.35658,1.35794,1.35653,1.35746
1771408800,1.35746,1.35822,1.35658,1.35662
1771412400,1.35662,1.35749,1.35658,1.35737
1771416000,1.35738,1.35802,1.35697,1.35733
1771419600,1.35733,1.35815,1.3552,1.35521
1771423200,1.35522,1.35586,1.3533,1.35373
1771426800,1.35372,1.35538,1.35355,1.35458
1771430400,1.35458,1.35575,1.35336,1.35338
1771434000,1.35338,1.35366,1.35127,1.35222
1771437600,1.35221,1.35256,1.3506,1.35141
1771441200,1.35142,1.3515,1.34973,1.35002
1771444800,1.35003,1.35048,1.34952,1.34998
1771448400,1.34997,1.3502,1.3492,1.34934
1771452000,1.34934,1.35018,1.34932,1.34995
1771455600,1.34996,1.34998,1.34942,1.34951
1771459200,1.34952,1.3498,1.34883,1.34896
1771462800,1.34897,1.34986,1.34896,1.34964
1771466400,1.34964,1.34972,1.34918,1.34949
1771470000,1.34948,1.3498,1.34884,1.3491
1771473600,1.3491,1.34928,1.34818,1.34839
1771477200,1.34838,1.34877,1.34806,1.34874
1771480800,1.34875,1.35024,1.34851,1.35
1771484400,1.35,1.35123,1.34946,1.35104
1771488000,1.35102,1.3516,1.35018,1.3506
1771491600,1.3506,1.3517,1.34944,1.35046
1771495200,1.35046,1.35074,1.34851,1.34888
1771498800,1.34888,1.3492,1.34656,1.3466
1771502400,1.3466,1.34744,1.34571,1.34634
1771506000,1.34636,1.34694,1.34491,1.34672
1771509600,1.3467,1.34678,1.34341,1.34454
1771513200,1.34452,1.34742,1.34414,1.34542
1771516800,1.34544,1.34579,1.34396,1.34452
1771520400,1.34453,1.34562,1.34387,1.34525
1771524000,1.34526,1.34664,1.34509,1.346
1771527600,1.34602,1.34662,1.34472,1.34518
1771531200,1.3452,1.34606,1.34518,1.34591
1771534800,1.3459,1.34734,1.3458,1.3464
1771538400,1.34652,1.34716,1.34624,1.34693
1771542000,1.34697,1.34714,1.34598,1.346
1771545600,1.34602,1.34642,1.3456,1.34618
1771549200,1.34616,1.34628,1.34416,1.3447
1771552800,1.3447,1.3448,1.34352,1.34408
1771556400,1.34408,1.34465,1.34389,1.34422
1771560000,1.34423,1.34474,1.34386,1.34392
1771563600,1.34394,1.3449,1.34374,1.34456
1771567200,1.34458,1.34488,1.34416,1.3448
1771570800,1.34477,1.34673,1.34452,1.3446
1771574400,1.3446,1.34556,1.34362,1.34526
1771578000,1.34522,1.34792,1.34508,1.3467
1771581600,1.34672,1.34831,1.34618,1.34757
1771585200,1.34755,1.34781,1.34663,1.34702
1771588800,1.34703,1.34834,1.34686,1.34732
1771592400,1.34732,1.3498,1.34669,1.34866
1771596000,1.34864,1.34887,1.34678,1.34766
1771599600,1.34767,1.35153,1.3461,1.35007
1771603200,1.35009,1.35149,1.34864,1.34984
1771606800,1.34983,1.35007,1.34748,1.34896
1771610400,1.34896,1.35072,1.34852,1.3495
1771614000,1.34952,1.34994,1.34838,1.34858
1771617600,1.34859,1.34914,1.34818,1.34896
1771621200,1.34894,1.34972,1.34776,1.34785
1771797600,1.34915,1.35016,1.34828,1.34936
1771801200,1.3494,1.35336,1.34876,1.35323
1771804800,1.35324,1.35328,1.35198,1.35272
1771808400,1.35272,1.35277,1.35155,1.35193
1771812000,1.35192,1.35288,1.35166,1.35233
1771815600,1.35232,1.35238,1.35105,1.35176
1771819200,1.3518,1.3521,1.35126,1.35201
1771822800,1.352,1.35214,1.35124,1.35204
1771826400,1.35204,1.35354,1.35175,1.35298
1771830000,1.35298,1.35328,1.35216,1.35262
1771833600,1.35261,1.35284,1.35101,1.35157
1771837200,1.35156,1.35188,1.35058,1.35085
1771840800,1.35084,1.3513,1.35026,1.3508
1771844400,1.35078,1.35101,1.34864,1.3491
1771848000,1.3491,1.3491,1.34756,1.34868
1771851600,1.34868,1.35091,1.3483,1.35062
1771855200,1.35062,1.35239,1.35022,1.35206
1771858800,1.35206,1.3525,1.34918,1.34948
1771862400,1.34949,1.35151,1.34877,1.3507
1771866000,1.35069,1.35083,1.34848,1.34958
1771869600,1.34958,1.35016,1.34938,1.34978
1771873200,1.34978,1.34988,1.34856,1.34893
1771876800,1.34892,1.34946,1.3488,1.3492
1771880400,1.34922,1.35002,1.34896,1.34922
1771884000,1.34929,1.34946,1.34886,1.34912
1771887600,1.34916,1.34998,1.349,1.34958
1771891200,1.34954,1.3499,1.3493,1.34945
1771894800,1.34944,1.34945,1.34779,1.34908
1771898400,1.34907,1.34988,1.34875,1.34986
1771902000,1.34986,1.35015,1.3488,1.34884
1771905600,1.34882,1.349,1.34792,1.34828
1771909200,1.34828,1.3489,1.348,1.34888
1771912800,1.34888,1.3492,1.3485,1.34878
1771916400,1.34877,1.34878,1.34734,1.34785
1771920000,1.34785,1.34906,1.347,1.34847
1771923600,1.34846,1.35028,1.34846,1.34998
1771927200,1.34999,1.35062,1.3492,1.34937
1771930800,1.34938,1.34941,1.34846,1.34866
1771934400,1.34863,1.34906,1.34782,1.34888
1771938000,1.34886,1.34922,1.34766,1.34862
1771941600,1.34861,1.34997,1.348,1.3499
1771945200,1.34988,1.35248,1.34914,1.35144
1771948800,1.35144,1.35366,1.35133,1.35297
1771952400,1.35298,1.35306,1.35145,1.35184
1771956000,1.35183,1.35201,1.35065,1.35076
1771959600,1.35076,1.35125,1.35006,1.35018
1771963200,1.35017,1.35088,1.34966,1.34976
1771966800,1.34977,1.34998,1.34881,1.34892
1771970400,1.3492,1.35002,1.34878,1.34949
1771974000,1.34952,1.34984,1.3492,1.34957
1771977600,1.34958,1.3505,1.34915,1.3504
1771981200,1.35038,1.35068,1.35006,1.35028
1771984800,1.35028,1.35216,1.35025,1.35186
1771988400,1.35186,1.35214,1.35082,1.35127
1771992000,1.35126,1.3519,1.3511,1.35166
1771995600,1.35167,1.35252,1.35158,1.35218
1771999200,1.35218,1.35267,1.35182,1.35257
1772002800,1.35258,1.35301,1.35155,1.35268
1772006400,1.35266,1.3534,1.35098,1.35168
1772010000,1.35166,1.3522,1.35108,1.3518
1772013600,1.3518,1.35216,1.35067,1.35114
1772017200,1.35113,1.35128,1.34912,1.35052
1772020800,1.35051,1.35242,1.35033,1.35229
1772024400,1.35227,1.35356,1.35078,1.35083
1772028000,1.35082,1.35239,1.35066,1.35214
1772031600,1.35215,1.35373,1.3518,1.35338
1772035200,1.35338,1.35518,1.3532,1.35504
1772038800,1.35505,1.3566,1.35485,1.35559
1772042400,1.3556,1.35602,1.35504,1.35525
1772046000,1.35526,1.3556,1.3548,1.35504
1772049600,1.35505,1.35561,1.35496,1.3554
1772053200,1.35539,1.3561,1.35516,1.35592
1772056800,1.3557,1.35615,1.35518,1.35556
1772060400,1.35561,1.35598,1.35544,1.35576
1772064000,1.35576,1.35638,1.35535,1.35636
1772067600,1.35636,1.3574,1.35623,1.35735
1772071200,1.35736,1.35752,1.35558,1.35639
1772074800,1.35642,1.35658,1.35558,1.35559
1772078400,1.35559,1.35589,1.35497,1.35582
1772082000,1.35582,1.35626,1.3554,1.35607
1772085600,1.35608,1.35626,1.35524,1.35556
1772089200,1.35558,1.35568,1.35442,1.35463
1772092800,1.35464,1.35474,1.35204,1.35236
1772096400,1.35236,1.35338,1.35193,1.35276
1772100000,1.35276,1.3536,1.35238,1.35354
1772103600,1.35356,1.35452,1.35288,1.35291
1772107200,1.35292,1.35504,1.3528,1.35488
1772110800,1.35486,1.35568,1.35352,1.35368
1772114400,1.35366,1.35542,1.35334,1.35458
1772118000,1.35456,1.35478,1.34975,1.35145
1772121600,1.35146,1.35156,1.34965,1.35026
1772125200,1.3503,1.35038,1.34492,1.3451
1772128800,1.3451,1.34698,1.34454,1.34658
1772132400,1.3466,1.34898,1.34628,1.34874
1772136000,1.34874,1.3493,1.34856,1.34916
1772139600,1.34918,1.34933,1.34806,1.34836
1772143200,1.34837,1.34881,1.34796,1.3482
1772146800,1.34812,1.34914,1.34802,1.34913
1772150400,1.34914,1.34936,1.34825,1.3486
1772154000,1.3486,1.34935,1.34764,1.34768
1772157600,1.34772,1.34884,1.34772,1.34877
1772161200,1.34881,1.3496,1.34878,1.3492
1772164800,1.34918,1.35014,1.34904,1.34961
1772168400,1.34962,1.34968,1.34878,1.34899
1772172000,1.34896,1.34917,1.34672,1.34696
1772175600,1.34694,1.3496,1.34616,1.34879
1772179200,1.3488,1.35082,1.34875,1.3496
1772182800,1.34958,1.34979,1.34822,1.34846
1772186400,1.34848,1.34867,1.34732,1.34757
1772190000,1.34758,1.34814,1.34654,1.34666
1772193600,1.34666,1.34792,1.34662,1.34709
1772197200,1.3471,1.34737,1.34396,1.34448
1772200800,1.3445,1.34769,1.34421,1.34502
1772204400,1.34502,1.34728,1.34431,1.34438
1772208000,1.34438,1.34688,1.34412,1.34548
1772211600,1.34547,1.3469,1.34493,1.34601
1772215200,1.34602,1.34739,1.34599,1.34725
1772218800,1.34724,1.3483,1.34708,1.34812
1772222400,1.34816,1.34906,1.3476,1.34775
1772226000,1.34776,1.3489,1.34708,1.34868
1772402400,1.34086,1.34197,1.34056,1.34166
1772406000,1.34166,1.34364,1.34028,1.34055
1772409600,1.34053,1.34342,1.34006,1.34326
1772413200,1.34325,1.34541,1.34287,1.34506
1772416800,1.34506,1.34512,1.34385,1.34449
1772420400,1.34448,1.34561,1.34442,1.34478
1772424000,1.34477,1.3451,1.34354,1.34387
1772427600,1.34386,1.34386,1.34146,1.34151
1772431200,1.3415,1.34158,1.33764,1.33818
1772434800,1.33819,1.33858,1.33446,1.33622
1772438400,1.3362,1.33714,1.33144,1.33504
1772442000,1.33504,1.33799,1.3346,1.33728
1772445600,1.33727,1.34092,1.33726,1.34061
1772449200,1.34064,1.34264,1.3398,1.3412
1772452800,1.34119,1.34191,1.33916,1.33958
1772456400,1.33958,1.34058,1.33794,1.33828
1772460000,1.33824,1.34256,1.33752,1.34126
1772463600,1.34116,1.34134,1.33656,1.3372
1772467200,1.33719,1.33949,1.33599,1.33904
1772470800,1.33904,1.34186,1.33875,1.34156
1772474400,1.34156,1.34161,1.33952,1.34061
1772478000,1.3406,1.34319,1.34047,1.34284
1772481600,1.34286,1.34301,1.33862,1.34015
1772485200,1.34017,1.3411,1.34014,1.34054
1772488800,1.34075,1.34076,1.33989,1.34022
1772492400,1.34022,1.34116,1.34016,1.34083
1772496000,1.34084,1.3413,1.33979,1.3412
1772499600,1.34119,1.34254,1.34057,1.34092
1772503200,1.34093,1.34127,1.33923,1.34049
1772506800,1.3405,1.34108,1.33951,1.33994
1772510400,1.33994,1.34032,1.33823,1.33838
1772514000,1.33838,1.33892,1.33611,1.33634
1772517600,1.33634,1.33666,1.3354,1.33616
1772521200,1.33617,1.33618,1.33337,1.33358
1772524800,1.33358,1.33373,1.33002,1.33042
1772528400,1.33042,1.33166,1.3281,1.32979
1772532000,1.32978,1.33099,1.32834,1.32854
1772535600,1.32854,1.33002,1.32626,1.32931
1772539200,1.32928,1.33276,1.32866,1.33221
1772542800,1.3322,1.33258,1.32969,1.33012
1772546400,1.33012,1.33144,1.32824,1.32844
1772550000,1.32843,1.3307,1.32532,1.33018
1772553600,1.33019,1.3331,1.32972,1.33276
1772557200,1.33276,1.33376,1.33086,1.33233
1772560800,1.33232,1.33642,1.33226,1.33538
1772564400,1.33538,1.33684,1.3334,1.33558
1772568000,1.33557,1.33702,1.33552,1.33618
1772571600,1.33618,1.33658,1.33558,1.33565
1772575200,1.33571,1.33594,1.33466,1.33545
1772578800,1.33546,1.33638,1.33464,1.33516
1772582400,1.33518,1.33526,1.33272,1.33302
1772586000,1.33304,1.33352,1.33034,1.33258
1772589600,1.33256,1.334,1.33224,1.333
1772593200,1.33299,1.33395,1.33232,1.3339
1772596800,1.33391,1.33416,1.33112,1.33126
1772600400,1.33125,1.33247,1.33114,1.33178
1772604000,1.33178,1.3341,1.33056,1.33336
1772607600,1.33338,1.33763,1.33329,1.33595
1772611200,1.33596,1.33624,1.33334,1.33394
1772614800,1.33392,1.33724,1.3333,1.33608
1772618400,1.3361,1.33996,1.3361,1.33788
1772622000,1.33784,1.34036,1.3372,1.33782
1772625600,1.33784,1.33892,1.33486,1.3352
1772629200,1.3352,1.3386,1.33516,1.33628
1772632800,1.33625,1.33849,1.33574,1.33619
1772636400,1.33598,1.33816,1.33541,1.33647
1772640000,1.33648,1.33768,1.33552,1.33676
1772643600,1.33675,1.33711,1.33466,1.33611
1772647200,1.33612,1.33619,1.33468,1.33508
1772650800,1.33508,1.33773,1.33508,1.33745
1772654400,1.33748,1.33809,1.33708,1.33764
1772658000,1.33763,1.33788,1.33702,1.33726
1772661600,1.33728,1.33766,1.33708,1.33732
1772665200,1.33732,1.33732,1.33662,1.33692
1772668800,1.33692,1.33852,1.33648,1.33844
1772672400,1.33844,1.33872,1.3365,1.33673
1772676000,1.33672,1.33716,1.33592,1.3364
1772679600,1.3364,1.33657,1.33378,1.33412
1772683200,1.3341,1.33436,1.3329,1.33361
1772686800,1.33359,1.33392,1.33136,1.33142
1772690400,1.33142,1.33338,1.3306,1.3332
1772694000,1.33319,1.33576,1.33308,1.33417
1772697600,1.33419,1.33422,1.33153,1.33261
1772701200,1.3326,1.33771,1.33223,1.3355
1772704800,1.33549,1.33612,1.33328,1.33504
1772708400,1.33506,1.33658,1.33458,1.3359
1772712000,1.3359,1.33739,1.3353,1.33672
1772715600,1.33672,1.33704,1.33374,1.33458
1772719200,1.33456,1.336,1.3333,1.33443
1772722800,1.33443,1.33536,1.33094,1.3323
1772726400,1.3323,1.33231,1.32975,1.3319
1772730000,1.33189,1.33346,1.33142,1.33298
1772733600,1.333,1.33399,1.3318,1.33314
1772737200,1.33314,1.3334,1.33181,1.332
1772740800,1.332,1.33638,1.33187,1.33568
1772744400,1.33568,1.33655,1.3354,1.33589
1772748000,1.33517,1.33592,1.3337,1.33558
1772751600,1.3355,1.33598,1.3349,1.33558
1772755200,1.33559,1.33646,1.33554,1.33598
1772758800,1.33597,1.33718,1.33546,1.33652
1772762400,1.33652,1.3372,1.3364,1.33658
1772766000,1.33657,1.33734,1.33644,1.33719
1772769600,1.3372,1.33726,1.33626,1.33627
1772773200,1.33628,1.3367,1.33553,1.33564
1772776800,1.33564,1.337,1.33524,1.33682
1772780400,1.33682,1.33724,1.33605,1.33696
1772784000,1.33698,1.33796,1.33617,1.33648
1772787600,1.33648,1.33648,1.33182,1.3324
1772791200,1.3324,1.33431,1.33204,1.33411
1772794800,1.33412,1.33462,1.33181,1.33186
1772798400,1.3319,1.33428,1.33114,1.33264
1772802000,1.33264,1.33928,1.33258,1.33386
1772805600,1.33387,1.3352,1.33254,1.3341
1772809200,1.33407,1.33812,1.33405,1.33594
1772812800,1.33592,1.34098,1.33592,1.33978
1772816400,1.33978,1.3408,1.33847,1.33872
1772820000,1.33872,1.34068,1.33782,1.33872
1772823600,1.3387,1.33968,1.33824,1.33867
1772827200,1.33869,1.33946,1.33788,1.33915
1772830800,1.33913,1.34124,1.33906,1.34105
1773003600,1.33384,1.33553,1.3338,1.33426
1773007200,1.33424,1.33468,1.33172,1.33179
1773010800,1.33182,1.33228,1.33002,1.33052
1773014400,1.33052,1.33177,1.32965,1.33004
1773018000,1.33004,1.33011,1.32832,1.32858
1773021600,1.3286,1.33079,1.32846,1.33045
1773025200,1.33047,1.33105,1.32906,1.32956
1773028800,1.32956,1.33081,1.32936,1.32978
1773032400,1.32979,1.33378,1.32962,1.33337
1773036000,1.33339,1.33408,1.33119,1.33119
1773039600,1.33122,1.33474,1.3306,1.33448
1773043200,1.3345,1.33513,1.33026,1.33191
1773046800,1.33192,1.33638,1.3314,1.33392
1773050400,1.33392,1.3351,1.33264,1.33448
1773054000,1.3345,1.33573,1.33393,1.33476
1773057600,1.33475,1.33606,1.33456,1.33526
1773061200,1.33526,1.33826,1.33504,1.33734
1773064800,1.33734,1.33816,1.33463,1.33775
1773068400,1.33777,1.34007,1.33768,1.33928
1773072000,1.33928,1.34088,1.3387,1.3391
1773075600,1.33909,1.33922,1.33821,1.33852
1773079200,1.3385,1.33963,1.33838,1.33849
1773082800,1.3385,1.3446,1.33838,1.34294
1773086400,1.34294,1.3447,1.34241,1.34431
1773090000,1.34441,1.34443,1.34349,1.34412
1773093600,1.34448,1.34488,1.34272,1.34324
1773097200,1.34322,1.34381,1.34206,1.3424
1773100800,1.3424,1.34443,1.34181,1.34352
1773104400,1.34352,1.34394,1.34218,1.34312
1773108000,1.34313,1.34376,1.34195,1.34215
1773111600,1.34218,1.34258,1.34136,1.34165
1773115200,1.34166,1.34288,1.34141,1.34248
1773118800,1.34246,1.34362,1.34245,1.34362
1773122400,1.34361,1.34578,1.34361,1.34505
1773126000,1.34508,1.34804,1.3447,1.34774
1773129600,1.34772,1.34835,1.34526,1.34598
1773133200,1.346,1.34688,1.34561,1.34578
1773136800,1.34576,1.34579,1.34386,1.34507
1773140400,1.34508,1.34676,1.34434,1.34444
1773144000,1.34443,1.34486,1.34306,1.34415
1773147600,1.34416,1.34678,1.34407,1.34484
1773151200,1.34482,1.34688,1.34378,1.34674
1773154800,1.34672,1.3473,1.34532,1.3458
1773158400,1.34581,1.3467,1.3447,1.34629
1773162000,1.3463,1.34811,1.34556,1.34626
1773165600,1.34626,1.34634,1.34264,1.34287
1773169200,1.34288,1.34356,1.34122,1.34186
1773172800,1.34186,1.34228,1.3413,1.34168
1773176400,1.3418,1.34238,1.34159,1.34168
1773180000,1.34163,1.34186,1.34102,1.34132
1773183600,1.34134,1.34208,1.34128,1.34198
1773187200,1.34199,1.34374,1.34148,1.34308
1773190800,1.34308,1.34487,1.34264,1.34458
1773194400,1.34458,1.34496,1.34365,1.34464
1773198000,1.34464,1.34532,1.3443,1.3452
1773201600,1.3452,1.34577,1.34482,1.34543
1773205200,1.34544,1.34567,1.3446,1.34486
1773208800,1.34487,1.3456,1.34431,1.3449
1773212400,1.34488,1.34523,1.34292,1.3435
1773216000,1.34351,1.34364,1.34101,1.34268
1773219600,1.34268,1.34296,1.34019,1.3416
1773223200,1.34158,1.34469,1.34128,1.3446
1773226800,1.34458,1.34497,1.34234,1.34279
1773230400,1.3428,1.34342,1.33946,1.33994
1773234000,1.33994,1.34228,1.33978,1.34186
1773237600,1.34184,1.3444,1.34156,1.34234
1773241200,1.34234,1.34272,1.33935,1.33976
1773244800,1.33976,1.34138,1.33946,1.34101
1773248400,1.34103,1.34178,1.33987,1.34102
1773252000,1.34102,1.34184,1.34014,1.34156
1773255600,1.34156,1.34224,1.34107,1.34186
1773259200,1.34185,1.34185,1.34102,1.34127
1773262800,1.34109,1.3415,1.34103,1.3414
1773266400,1.34146,1.34149,1.33888,1.33894
1773270000,1.33896,1.33936,1.33762,1.33825
1773273600,1.33825,1.3393,1.337,1.33828
1773277200,1.33828,1.33972,1.33814,1.33885
1773280800,1.33886,1.33937,1.33654,1.33706
1773284400,1.33706,1.3374,1.33664,1.3372
1773288000,1.3372,1.33731,1.33614,1.33629
1773291600,1.33628,1.33763,1.33617,1.33685
1773295200,1.33684,1.33826,1.33644,1.33812
1773298800,1.33811,1.33926,1.33774,1.33926
1773302400,1.33927,1.33978,1.33702,1.33788
1773306000,1.33788,1.33961,1.33736,1.33934
1773309600,1.33935,1.33964,1.33821,1.33926
1773313200,1.33926,1.34098,1.339,1.33976
1773316800,1.33978,1.33988,1.3368,1.33782
1773320400,1.33782,1.33919,1.33626,1.33689
1773324000,1.3369,1.33748,1.33503,1.33569
1773327600,1.33566,1.33614,1.33392,1.33484
1773331200,1.33484,1.33657,1.33382,1.33483
1773334800,1.33481,1.33616,1.33479,1.33565
1773338400,1.33566,1.33596,1.33416,1.33426
1773342000,1.33426,1.33497,1.33401,1.3348
1773345600,1.3348,1.3352,1.33414,1.33436
1773349200,1.33388,1.33501,1.33387,1.33456
1773352800,1.3347,1.33514,1.33416,1.33499
1773356400,1.33496,1.33548,1.33459,1.33516
1773360000,1.33517,1.33652,1.33508,1.33634
1773363600,1.33633,1.33698,1.33546,1.33562
1773367200,1.33561,1.3362,1.33467,1.33524
1773370800,1.33521,1.33536,1.33397,1.33466
1773374400,1.33463,1.33463,1.33296,1.33316
1773378000,1.33316,1.33377,1.33285,1.33325
1773381600,1.33326,1.33343,1.33152,1.33159
1773385200,1.33158,1.33159,1.32743,1.328
1773388800,1.32799,1.32809,1.32557,1.32606
1773392400,1.32611,1.32802,1.32586,1.32624
1773396000,1.32623,1.32752,1.32522,1.32602
1773399600,1.326,1.32678,1.32456,1.3255
1773403200,1.3255,1.3286,1.32506,1.32714
1773406800,1.32714,1.32898,1.32638,1.32801
1773410400,1.32804,1.32844,1.32541,1.32552
1773414000,1.32552,1.32616,1.32304,1.32386
1773417600,1.32386,1.32481,1.32322,1.32442
1773421200,1.32444,1.32532,1.32382,1.32464
1773424800,1.32464,1.32498,1.32352,1.32433
1773428400,1.32434,1.32444,1.3225,1.32272
1773432000,1.32272,1.32288,1.32186,1.3224
1773608400,1.32432,1.3245,1.32264,1.32404
1773612000,1.32407,1.3241,1.32254,1.32388
1773615600,1.32388,1.32484,1.32344,1.32466
1773619200,1.32466,1.32645,1.32464,1.32634
1773622800,1.32636,1.32661,1.32473,1.32594
1773626400,1.32596,1.32604,1.32526,1.32536
1773630000,1.32538,1.32652,1.32515,1.32617
1773633600,1.32614,1.32626,1.32508,1.32514
1773637200,1.32513,1.32556,1.32492,1.32508
1773640800,1.32509,1.32566,1.32412,1.32506
1773644400,1.32505,1.32538,1.32303,1.3244
1773648000,1.3244,1.32548,1.32348,1.3252
1773651600,1.3252,1.32564,1.32413,1.32477
1773655200,1.32478,1.32734,1.32461,1.32724
1773658800,1.32723,1.32842,1.32666,1.32798
1773662400,1.32798,1.32901,1.3277,1.3278
1773666000,1.3278,1.33102,1.3278,1.33078
1773669600,1.3308,1.3314,1.32934,1.32974
1773673200,1.32976,1.33176,1.32952,1.33024
1773676800,1.33024,1.33096,1.32889,1.33034
1773680400,1.33036,1.33176,1.33001,1.33024
1773684000,1.33023,1.33376,1.33022,1.33326
1773687600,1.33325,1.334,1.33239,1.33264
1773691200,1.33263,1.33284,1.33187,1.33193
1773694800,1.33199,1.33215,1.33181,1.33213
1773698400,1.33212,1.33214,1.33122,1.33132
1773702000,1.33133,1.33148,1.33081,1.33126
1773705600,1.33127,1.33127,1.32997,1.33027
1773709200,1.33028,1.33084,1.32956,1.33068
1773712800,1.33068,1.33097,1.33042,1.33062
1773716400,1.3306,1.33148,1.33018,1.33023
1773720000,1.33022,1.33156,1.33002,1.33118
1773723600,1.33118,1.3315,1.32864,1.32871
1773727200,1.32873,1.32906,1.32733,1.32906
1773730800,1.32906,1.33151,1.32874,1.33054
1773734400,1.33053,1.33314,1.32994,1.33291
1773738000,1.3329,1.33388,1.33239,1.33352
1773741600,1.33354,1.33382,1.33228,1.33242
1773745200,1.33242,1.33398,1.33154,1.33176
1773748800,1.33174,1.33359,1.33115,1.33325
1773752400,1.3333,1.33604,1.33328,1.33467
1773756000,1.33465,1.33576,1.33394,1.33482
1773759600,1.33482,1.3357,1.3336,1.33428
1773763200,1.33427,1.33491,1.33336,1.33474
1773766800,1.33475,1.33593,1.33444,1.33592
1773770400,1.33593,1.33647,1.3356,1.3356
1773774000,1.33564,1.33645,1.33518,1.3354
1773777600,1.3354,1.33586,1.3352,1.33558
1773781200,1.33562,1.33626,1.3355,1.33592
1773784800,1.33591,1.33624,1.33578,1.33599
1773788400,1.33598,1.33604,1.33567,1.33578
1773792000,1.33578,1.33635,1.33512,1.33519
1773795600,1.3352,1.3362,1.33507,1.33536
1773799200,1.33536,1.33574,1.33504,1.3353
1773802800,1.33528,1.3359,1.33512,1.33588
1773806400,1.33588,1.33654,1.33583,1.33638
1773810000,1.33638,1.33726,1.33637,1.33721
1773813600,1.33722,1.33746,1.33624,1.33647
1773817200,1.33646,1.33689,1.3348,1.33551
1773820800,1.3355,1.33614,1.33414,1.33502
1773824400,1.33502,1.33606,1.33428,1.33606
1773828000,1.33604,1.33634,1.33488,1.33556
1773831600,1.33555,1.33714,1.33462,1.33597
1773835200,1.336,1.33632,1.33126,1.33147
1773838800,1.33147,1.33268,1.33043,1.3326
1773842400,1.3326,1.33362,1.33028,1.33261
1773846000,1.33262,1.33373,1.33184,1.33224
1773849600,1.33224,1.33366,1.332,1.33354
1773853200,1.33354,1.33445,1.33232,1.33407
1773856800,1.33384,1.33508,1.32894,1.32896
1773860400,1.32898,1.32954,1.3274,1.32773
1773864000,1.32772,1.32794,1.32525,1.32576
1773867600,1.32591,1.3271,1.32586,1.32696
1773871200,1.32695,1.32705,1.32513,1.32592
1773874800,1.32592,1.32674,1.32573,1.32644
1773878400,1.32645,1.32856,1.32635,1.32855
1773882000,1.32856,1.32928,1.32827,1.32838
1773885600,1.32838,1.3298,1.32778,1.32874
1773889200,1.32874,1.32916,1.32818,1.32818
1773892800,1.32818,1.32818,1.32686,1.32728
1773896400,1.32725,1.32739,1.3263,1.32646
1773900000,1.32649,1.32771,1.32616,1.32664
1773903600,1.32666,1.32738,1.32516,1.32634
1773907200,1.32636,1.32694,1.3246,1.32535
1773910800,1.32534,1.32917,1.32534,1.32852
1773914400,1.32852,1.3289,1.32717,1.32792
1773918000,1.32792,1.32934,1.32719,1.32928
1773921600,1.32924,1.33102,1.32788,1.32991
1773925200,1.3299,1.33586,1.32812,1.33506
1773928800,1.33506,1.33746,1.33378,1.33647
1773932400,1.33643,1.339,1.33444,1.3359
1773936000,1.3359,1.33769,1.33537,1.33694
1773939600,1.33694,1.34104,1.33689,1.34038
1773943200,1.34036,1.34201,1.33943,1.34196
1773946800,1.34198,1.34674,1.34196,1.34306
1773950400,1.34308,1.34361,1.34265,1.34312
1773954000,1.34318,1.34424,1.34223,1.34295
1773957600,1.34288,1.34425,1.34254,1.34261
1773961200,1.34261,1.34307,1.34206,1.34245
1773964800,1.34244,1.34284,1.34182,1.3424
1773968400,1.34241,1.34294,1.34132,1.3416
1773972000,1.34161,1.34182,1.34098,1.34119
1773975600,1.34118,1.34118,1.34037,1.34038
1773979200,1.34038,1.34067,1.3402,1.3403
1773982800,1.34031,1.34096,1.33993,1.33999
1773986400,1.34002,1.34122,1.34,1.3403
1773990000,1.34032,1.34313,1.33983,1.34272
1773993600,1.3427,1.34366,1.34172,1.34174
1773997200,1.34174,1.34182,1.33812,1.33824
1774000800,1.33826,1.3384,1.33634,1.3379
1774004400,1.3379,1.33996,1.33758,1.33946
1774008000,1.33946,1.34098,1.33771,1.33814
1774011600,1.33814,1.33829,1.33478,1.33512
1774015200,1.33511,1.33518,1.33057,1.3308
1774018800,1.33081,1.33503,1.32988,1.33016
1774022400,1.33017,1.33328,1.3301,1.33232
1774026000,1.33232,1.33434,1.33162,1.33368
1774029600,1.33368,1.33536,1.33247,1.33264
1774033200,1.33264,1.33453,1.332,1.33336
1774036800,1.33334,1.33471,1.33324,1.33406
1774213200,1.33136,1.33198,1.3304,1.33056
1774216800,1.3308,1.33278,1.33042,1.33238
1774220400,1.33238,1.33356,1.33218,1.33346
1774224000,1.33348,1.33394,1.33095,1.332
1774227600,1.33198,1.33434,1.33198,1.3333
1774231200,1.33331,1.33402,1.3313,1.33194
1774234800,1.33194,1.33238,1.33134,1.3315
1774238400,1.3315,1.3325,1.3315,1.3324
1774242000,1.33239,1.33271,1.33014,1.33014
1774245600,1.33013,1.33022,1.32816,1.32902
1774249200,1.32901,1.33075,1.32814,1.32898
1774252800,1.32899,1.33312,1.32896,1.33089
1774256400,1.33091,1.33128,1.32637,1.32696
1774260000,1.32694,1.32806,1.32571,1.32628
1774263600,1.3263,1.34346,1.32604,1.33569
1774267200,1.3357,1.34314,1.3343,1.34294
1774270800,1.34296,1.34344,1.33884,1.34148
1774274400,1.34149,1.34795,1.34089,1.3443
1774278000,1.34429,1.34611,1.3384,1.33848
1774281600,1.33848,1.34155,1.33778,1.34008
1774285200,1.34008,1.34306,1.33944,1.34241
1774288800,1.34242,1.34584,1.34104,1.34544
1774292400,1.34544,1.34552,1.34314,1.34314
1774296000,1.34312,1.34336,1.34238,1.34268
1774299600,1.34352,1.34376,1.3424,1.34328
1774303200,1.34325,1.34368,1.34276,1.34327
1774306800,1.34329,1.34352,1.34228,1.34258
1774310400,1.34258,1.34268,1.33934,1.3401
1774314000,1.34008,1.34037,1.33867,1.33945
1774317600,1.33944,1.34088,1.33902,1.3401
1774321200,1.3401,1.34074,1.33962,1.33984
1774324800,1.33985,1.33995,1.33864,1.33944
1774328400,1.33944,1.34016,1.33858,1.33988
1774332000,1.33988,1.34151,1.33966,1.3412
1774335600,1.34116,1.34456,1.34095,1.34308
1774339200,1.34308,1.34308,1.33856,1.33902
1774342800,1.33904,1.34046,1.338,1.34026
1774346400,1.34028,1.34078,1.3393,1.34057
1774350000,1.34055,1.34153,1.3386,1.3397
1774353600,1.3397,1.34046,1.3389,1.3393
1774357200,1.33927,1.3394,1.33652,1.33772
1774360800,1.33772,1.34256,1.33764,1.33992
1774364400,1.33988,1.34072,1.33772,1.33812
1774368000,1.3381,1.33945,1.33736,1.33832
1774371600,1.33832,1.33847,1.33522,1.33779
1774375200,1.33779,1.33955,1.33644,1.33836
1774378800,1.33833,1.33928,1.33798,1.33829
1774382400,1.33828,1.34322,1.33802,1.34114
1774386000,1.34066,1.34182,1.34036,1.34163
1774389600,1.34162,1.34193,1.34046,1.34182
1774393200,1.34182,1.34228,1.34125,1.34154
1774396800,1.34154,1.34361,1.34126,1.3429
1774400400,1.34289,1.3433,1.34139,1.34149
1774404000,1.34153,1.3418,1.3399,1.3403
1774407600,1.3403,1.34074,1.33976,1.33988
1774411200,1.33988,1.34002,1.33914,1.3392
1774414800,1.3392,1.33922,1.33722,1.33752
1774418400,1.33754,1.33884,1.33736,1.33819
1774422000,1.33818,1.3396,1.337,1.3391
1774425600,1.33912,1.34244,1.33876,1.34077
1774429200,1.34076,1.3412,1.33898,1.33964
1774432800,1.33967,1.34114,1.33964,1.34102
1774436400,1.34101,1.34217,1.34052,1.34154
1774440000,1.34156,1.34271,1.33895,1.33938
1774443600,1.33938,1.3401,1.33694,1.33719
1774447200,1.3372,1.33892,1.3359,1.3385
1774450800,1.33849,1.33918,1.33618,1.33712
1774454400,1.33712,1.3384,1.33618,1.33788
1774458000,1.33789,1.33927,1.33731,1.33845
1774461600,1.33846,1.3386,1.33596,1.33666
1774465200,1.33665,1.3367,1.33592,1.33665
1774468800,1.33663,1.33665,1.33584,1.33652
1774472400,1.33657,1.33716,1.33642,1.33658
1774476000,1.33654,1.33661,1.33599,1.3362
1774479600,1.3362,1.33642,1.33602,1.33635
1774483200,1.33634,1.33667,1.33544,1.3359
1774486800,1.3359,1.33672,1.3356,1.33621
1774490400,1.3362,1.33636,1.33484,1.33516
1774494000,1.33515,1.33667,1.33506,1.33651
1774497600,1.33653,1.33682,1.33634,1.33655
1774501200,1.33656,1.33665,1.33549,1.33552
1774504800,1.33552,1.33673,1.33522,1.3365
1774508400,1.3365,1.33664,1.33464,1.335
1774512000,1.335,1.33546,1.33367,1.3353
1774515600,1.3353,1.33593,1.33435,1.33542
1774519200,1.33544,1.33616,1.33502,1.33536
1774522800,1.33538,1.33566,1.33262,1.33264
1774526400,1.33264,1.33371,1.33218,1.33304
1774530000,1.33304,1.33656,1.33302,1.33554
1774533600,1.33554,1.33784,1.33496,1.33614
1774537200,1.33616,1.33678,1.33376,1.33508
1774540800,1.33509,1.33531,1.33343,1.33374
1774544400,1.33374,1.3346,1.33188,1.33188
1774548000,1.33188,1.33287,1.33176,1.33286
1774551600,1.33287,1.33298,1.33128,1.33133
1774555200,1.33134,1.3369,1.33102,1.33307
1774558800,1.33316,1.33388,1.33298,1.3334
1774562400,1.33344,1.33406,1.33318,1.33379
1774566000,1.33378,1.33399,1.33338,1.33349
1774569600,1.33348,1.334,1.33222,1.33338
1774573200,1.33338,1.33442,1.3332,1.33432
1774576800,1.33434,1.3347,1.3338,1.33419
1774580400,1.33418,1.3344,1.33348,1.33407
1774584000,1.33406,1.33447,1.33391,1.33431
1774587600,1.3343,1.33474,1.33365,1.33399
1774591200,1.334,1.33457,1.3333,1.33356
1774594800,1.33355,1.33356,1.3312,1.33136
1774598400,1.33134,1.33212,1.33094,1.3314
1774602000,1.33136,1.33172,1.33022,1.33066
1774605600,1.33068,1.33181,1.33006,1.3302
1774609200,1.3302,1.3305,1.32825,1.32832
1774612800,1.32831,1.32866,1.3272,1.3282
1774616400,1.3282,1.33066,1.32764,1.3297
1774620000,1.32968,1.33187,1.32963,1.33116
1774623600,1.33116,1.33328,1.32872,1.32912
1774627200,1.3291,1.32981,1.3274,1.32767
1774630800,1.32766,1.32886,1.32602,1.32676
1774634400,1.32675,1.32764,1.32636,1.32704
1774638000,1.32704,1.32734,1.32642,1.32719
1774641600,1.32718,1.32766,1.32616,1.32617
1774818000,1.32613,1.3272,1.32601,1.32677
1774821600,1.32654,1.3268,1.32365,1.32379
1774825200,1.3238,1.32458,1.3234,1.3238
1774828800,1.3238,1.32603,1.32326,1.32524
1774832400,1.32524,1.32574,1.32474,1.32504
1774836000,1.32503,1.32626,1.32454,1.32582
1774839600,1.32582,1.32726,1.32574,1.32716
1774843200,1.32718,1.32774,1.32681,1.32681
1774846800,1.32682,1.32768,1.32677,1.32728
1774850400,1.32728,1.32828,1.32657,1.32666
1774854000,1.32663,1.32672,1.32416,1.32457
1774857600,1.32456,1.32465,1.32328,1.3235
1774861200,1.3235,1.32406,1.32246,1.32358
1774864800,1.32358,1.32443,1.32283,1.3229
1774868400,1.3229,1.3254,1.32285,1.32314
1774872000,1.32314,1.32375,1.32205,1.3228
1774875600,1.3228,1.32342,1.31808,1.3184
1774879200,1.3184,1.3204,1.31752,1.31982
1774882800,1.31984,1.31991,1.31738,1.31901
1774886400,1.31899,1.31923,1.31818,1.31906
1774890000,1.31907,1.31972,1.3182,1.31858
1774893600,1.31856,1.31942,1.31838,1.31852
1774897200,1.31852,1.31867,1.31742,1.31854
1774900800,1.31854,1.31865,1.31778,1.3184
1774904400,1.31845,1.31892,1.31774,1.31844
1774908000,1.31838,1.3186,1.3179,1.31797
1774911600,1.31792,1.31792,1.31692,1.31724
1774915200,1.31724,1.3203,1.31596,1.32006
1774918800,1.32006,1.32246,1.31962,1.32101
1774922400,1.32104,1.3213,1.32051,1.3209
1774926000,1.32091,1.3213,1.31983,1.32001
1774929600,1.32002,1.32044,1.31971,1.31972
1774933200,1.31972,1.32122,1.3193,1.32021
1774936800,1.32018,1.32093,1.31935,1.32054
1774940400,1.32055,1.32095,1.31912,1.32052
1774944000,1.32052,1.32197,1.31989,1.3212
1774947600,1.3212,1.32202,1.32066,1.32142
1774951200,1.32142,1.32175,1.31976,1.31992
1774954800,1.31992,1.32354,1.3192,1.3235
1774958400,1.3235,1.32488,1.3229,1.3237
1774962000,1.32372,1.32633,1.32298,1.32614
1774965600,1.32614,1.32644,1.31722,1.31878
1774969200,1.31879,1.3218,1.3179,1.31846
1774972800,1.31846,1.32348,1.31756,1.3216
1774976400,1.3216,1.32484,1.32158,1.3231
1774980000,1.32307,1.32475,1.32269,1.32281
1774983600,1.3228,1.32392,1.32211,1.32356
1774987200,1.32356,1.32412,1.32246,1.32288
1774990800,1.32281,1.32309,1.32228,1.32266
1774994400,1.32266,1.32318,1.32212,1.32313
1774998000,1.32312,1.32446,1.32292,1.32434
1775001600,1.32434,1.32547,1.32393,1.32466
1775005200,1.32468,1.32478,1.32198,1.32316
1775008800,1.32317,1.32437,1.32299,1.32402
1775012400,1.32402,1.32402,1.32317,1.32338
1775016000,1.32338,1.32436,1.32325,1.3243
1775019600,1.3243,1.32656,1.32416,1.32566
1775023200,1.32568,1.3293,1.32552,1.3289
1775026800,1.3289,1.32916,1.3263,1.32656
1775030400,1.32654,1.3301,1.32616,1.3289
1775034000,1.32889,1.32962,1.32774,1.32931
1775037600,1.32932,1.33189,1.3293,1.33017
1775041200,1.33018,1.3325,1.3299,1.33216
1775044800,1.33218,1.3327,1.32945,1.33058
1775048400,1.3306,1.33253,1.32932,1.33154
1775052000,1.33152,1.3336,1.33034,1.3334
1775055600,1.33342,1.33379,1.33174,1.33294
1775059200,1.33294,1.3339,1.33142,1.33389
1775062800,1.3339,1.33464,1.3315,1.33176
1775066400,1.33174,1.33184,1.32944,1.33004
1775070000,1.33005,1.33066,1.3293,1.33
1775073600,1.33002,1.33076,1.33,1.3307
1775077200,1.33044,1.33116,1.32963,1.3307
1775080800,1.33065,1.33104,1.33048,1.33063
1775084400,1.33064,1.33106,1.3301,1.33026
1775088000,1.33025,1.33148,1.32976,1.33124
1775091600,1.33121,1.33208,1.3248,1.32552
1775095200,1.32553,1.32638,1.32423,1.3246
1775098800,1.32458,1.32488,1.32312,1.32355
1775102400,1.32356,1.32396,1.32298,1.32361
1775106000,1.32362,1.32382,1.32146,1.32154
1775109600,1.32154,1.32244,1.32015,1.3224
1775113200,1.3224,1.3226,1.32016,1.3217
1775116800,1.32171,1.32194,1.31962,1.32016
1775120400,1.32016,1.32089,1.31947,1.32022
1775124000,1.32023,1.32026,1.31856,1.31862
1775127600,1.31864,1.32032,1.31818,1.32018
1775131200,1.32019,1.3219,1.32006,1.32145
1775134800,1.32143,1.32208,1.32021,1.32202
1775138400,1.32202,1.32489,1.32094,1.32434
1775142000,1.32436,1.32516,1.32266,1.32388
1775145600,1.32388,1.32422,1.32268,1.32316
1775149200,1.32314,1.32427,1.32218,1.32249
1775152800,1.32249,1.3229,1.32213,1.32237
1775156400,1.32237,1.32318,1.32224,1.32233
1775160000,1.32236,1.32286,1.3221,1.3227
1775163600,1.3225,1.32296,1.32196,1.32258
1775167200,1.32265,1.32282,1.32232,1.32264
1775170800,1.32265,1.32316,1.32256,1.32298
1775174400,1.32299,1.32381,1.32296,1.32348
1775178000,1.32347,1.3235,1.32266,1.32276
1775181600,1.32278,1.32322,1.32218,1.32274
1775185200,1.32274,1.3231,1.32258,1.32296
1775188800,1.32296,1.32299,1.32262,1.32268
1775192400,1.32267,1.3234,1.32222,1.32338
1775196000,1.32338,1.32368,1.32294,1.32338
1775199600,1.32338,1.32429,1.32335,1.32389
1775203200,1.32386,1.32408,1.32325,1.32384
1775206800,1.32382,1.32396,1.32332,1.32352
1775210400,1.32351,1.32382,1.32302,1.32334
1775214000,1.32332,1.32388,1.32329,1.32358
1775217600,1.3236,1.32378,1.32007,1.32128
1775221200,1.3213,1.32201,1.32081,1.32175
1775224800,1.32176,1.3218,1.32026,1.3203
1775228400,1.3203,1.32178,1.31964,1.32017
1775232000,1.32016,1.32031,1.3195,1.31976
1775235600,1.31976,1.32006,1.31962,1.31978
1775239200,1.31977,1.31984,1.31896,1.31922
1775242800,1.31922,1.31954,1.3191,1.31939
1775246400,1.31942,1.32109,1.31874,1.31984
1775422800,1.31924,1.31938,1.31894,1.31924
1775426400,1.31927,1.31951,1.3177,1.31911
1775430000,1.31912,1.31942,1.31854,1.3186
1775433600,1.31862,1.31984,1.31854,1.3197
1775437200,1.3197,1.32006,1.31908,1.31932
1775440800,1.31931,1.32184,1.31929,1.32112
1775444400,1.32112,1.32138,1.32046,1.32068
1775448000,1.32069,1.32144,1.32068,1.32126
1775451600,1.32125,1.32213,1.32117,1.32163
1775455200,1.32162,1.32269,1.32115,1.32192
1775458800,1.3219,1.32585,1.32094,1.32532
1775462400,1.32536,1.32594,1.32462,1.32492
1775466000,1.32491,1.3256,1.32429,1.32458
1775469600,1.3246,1.32536,1.3235,1.32444
1775473200,1.32444,1.32461,1.32328,1.3237
1775476800,1.32369,1.32488,1.32344,1.32456
1775480400,1.32456,1.32608,1.3242,1.32574
1775484000,1.32577,1.32687,1.32378,1.32384
1775487600,1.32384,1.32386,1.32239,1.3234
1775491200,1.32339,1.324,1.32317,1.3235
1775494800,1.32349,1.32358,1.3218,1.32266
1775498400,1.32267,1.32445,1.32246,1.32375
1775502000,1.32376,1.32406,1.32334,1.32344
1775505600,1.32345,1.32378,1.32329,1.3237
1775509200,1.3238,1.324,1.3236,1.3238
1775512800,1.3238,1.32425,1.32324,1.3234
1775516400,1.32341,1.32354,1.32303,1.3234
1775520000,1.32339,1.32392,1.32296,1.32312
1775523600,1.32313,1.32354,1.32154,1.32196
1775527200,1.32196,1.32211,1.32116,1.32175
1775530800,1.32176,1.3226,1.32169,1.32252
1775534400,1.32253,1.32346,1.3224,1.32328
1775538000,1.3233,1.32342,1.3219,1.32308
1775541600,1.3231,1.32484,1.32266,1.32466
1775545200,1.32466,1.32482,1.32268,1.3234
1775548800,1.3234,1.32854,1.32332,1.32834
1775552400,1.3283,1.32844,1.32655,1.32659
1775556000,1.32659,1.32687,1.32369,1.32432
1775559600,1.32433,1.3249,1.32366,1.32462
1775563200,1.32464,1.32654,1.32388,1.32507
1775566800,1.3251,1.32574,1.32372,1.32418
1775570400,1.32417,1.32672,1.3236,1.32468
1775574000,1.32467,1.32559,1.32388,1.32398
1775577600,1.32398,1.32592,1.32396,1.32504
1775581200,1.32504,1.32668,1.32476,1.32628
1775584800,1.32628,1.32704,1.32549,1.32589
1775588400,1.32589,1.32942,1.32558,1.32874
1775592000,1.32874,1.33009,1.32856,1.32942
1775595600,1.32896,1.33022,1.32894,1.33006
1775599200,1.33006,1.3375,1.32882,1.33732
1775602800,1.33732,1.34094,1.33672,1.34012
1775606400,1.34012,1.34106,1.33796,1.33881
1775610000,1.33881,1.34158,1.33862,1.34043
1775613600,1.34042,1.3413,1.33941,1.34008
1775617200,1.3401,1.34047,1.33922,1.33988
1775620800,1.33989,1.34176,1.33989,1.34162
1775624400,1.34164,1.34461,1.34093,1.34336
1775628000,1.34334,1.34444,1.34195,1.34302
1775631600,1.34304,1.34342,1.34106,1.34242
1775635200,1.3424,1.34326,1.34066,1.3428
1775638800,1.3428,1.34409,1.34204,1.34248
1775642400,1.34248,1.34454,1.34237,1.34414
1775646000,1.34414,1.34702,1.34373,1.34662
1775649600,1.34662,1.34846,1.3452,1.34734
1775653200,1.34732,1.34826,1.34403,1.34478
1775656800,1.34477,1.34602,1.34356,1.34487
1775660400,1.34488,1.3449,1.34285,1.34388
1775664000,1.34388,1.34388,1.342,1.34246
1775667600,1.34244,1.34283,1.341,1.34206
1775671200,1.34206,1.34252,1.33856,1.33864
1775674800,1.33863,1.34084,1.33812,1.3407
1775678400,1.3407,1.34092,1.33938,1.33956
1775682000,1.33969,1.34048,1.33964,1.34029
1775685600,1.34029,1.34036,1.33942,1.33985
1775689200,1.33984,1.33995,1.33912,1.33928
1775692800,1.33928,1.33964,1.33854,1.33911
1775696400,1.3391,1.33935,1.33814,1.33914
1775700000,1.33914,1.34024,1.33877,1.3396
1775703600,1.33958,1.33988,1.33903,1.33951
1775707200,1.33952,1.34066,1.33948,1.33994
1775710800,1.33994,1.34009,1.33897,1.3391
1775714400,1.33911,1.33968,1.33828,1.3395
1775718000,1.33952,1.34014,1.3381,1.33934
1775721600,1.33933,1.34078,1.33838,1.34037
1775725200,1.34036,1.34143,1.33996,1.34034
1775728800,1.34035,1.34102,1.33974,1.33975
1775732400,1.33973,1.34304,1.33958,1.3429
1775736000,1.34288,1.34304,1.34074,1.34163
1775739600,1.34162,1.343,1.34134,1.34212
1775743200,1.3421,1.34286,1.34042,1.34149
1775746800,1.3415,1.34448,1.34038,1.34422
1775750400,1.34422,1.3456,1.34384,1.34448
1775754000,1.34448,1.34587,1.34448,1.34514
1775757600,1.34516,1.34522,1.34298,1.3433
1775761200,1.34328,1.34454,1.34307,1.34358
1775764800,1.34358,1.34372,1.34308,1.34367
1775768400,1.34335,1.34384,1.34307,1.34332
1775772000,1.34328,1.34368,1.34246,1.34274
1775775600,1.34274,1.34346,1.34268,1.34295
1775779200,1.34297,1.34298,1.34211,1.34253
1775782800,1.34254,1.34322,1.34212,1.3429
1775786400,1.34292,1.34298,1.34204,1.34244
1775790000,1.34244,1.34269,1.34227,1.34249
1775793600,1.3425,1.34271,1.34211,1.34215
1775797200,1.34216,1.3423,1.34149,1.34192
1775800800,1.34197,1.3425,1.34134,1.3417
1775804400,1.3417,1.34288,1.34108,1.34123
1775808000,1.34122,1.34265,1.34114,1.3421
1775811600,1.3421,1.34402,1.34174,1.34381
1775815200,1.34382,1.34444,1.34348,1.34372
1775818800,1.3437,1.34457,1.34357,1.34445
1775822400,1.34448,1.34698,1.34438,1.34586
1775826000,1.34584,1.34772,1.34561,1.3463
1775829600,1.3463,1.34792,1.34518,1.34612
1775833200,1.34612,1.3478,1.34574,1.34581
1775836800,1.34584,1.34614,1.3448,1.3456
1775840400,1.34563,1.34644,1.34544,1.34578
1775844000,1.3458,1.34721,1.34533,1.34694
1775847600,1.34696,1.34716,1.34665,1.34682
1775851200,1.34683,1.34702,1.34555,1.34601
1776027600,1.33942,1.34115,1.33887,1.3408
1776031200,1.34084,1.34084,1.3387,1.33949
1776034800,1.33948,1.33963,1.33809,1.33942
1776038400,1.33942,1.34026,1.3386,1.34026
1776042000,1.34026,1.34096,1.33984,1.3403
1776045600,1.3403,1.34064,1.34002,1.3404
1776049200,1.3404,1.34056,1.34,1.34046
1776052800,1.34046,1.34076,1.34028,1.34052
1776056400,1.34051,1.34074,1.3402,1.3406
1776060000,1.34063,1.34148,1.34019,1.34116
1776063600,1.34119,1.34342,1.34114,1.3432
1776067200,1.34315,1.34344,1.3423,1.3428
1776070800,1.3428,1.34342,1.34242,1.34292
1776074400,1.34294,1.3436,1.34228,1.3435
1776078000,1.3435,1.3443,1.34186,1.34189
1776081600,1.3419,1.34391,1.34162,1.34361
1776085200,1.34362,1.3466,1.34346,1.34527
1776088800,1.34528,1.34654,1.34447,1.3461
1776092400,1.34609,1.34621,1.3449,1.34581
1776096000,1.34583,1.3483,1.34524,1.3474
1776099600,1.34742,1.34914,1.3474,1.34889
1776103200,1.3489,1.35088,1.34852,1.35078
1776106800,1.35074,1.35082,1.35004,1.35052
1776110400,1.35052,1.35088,1.35039,1.35056
1776114000,1.35042,1.35064,1.35004,1.35024
1776117600,1.35024,1.3512,1.35024,1.3511
1776121200,1.35108,1.35164,1.351,1.35158
1776124800,1.35159,1.35168,1.35086,1.35148
1776128400,1.35148,1.35158,1.35048,1.35057
1776132000,1.35056,1.3509,1.35036,1.35088
1776135600,1.35087,1.35174,1.35062,1.35168
1776139200,1.35168,1.3522,1.35148,1.35192
1776142800,1.35196,1.35219,1.3511,1.35168
1776146400,1.35168,1.35276,1.3511,1.35228
1776150000,1.35228,1.35394,1.35218,1.3532
1776153600,1.35318,1.35389,1.35266,1.35378
1776157200,1.35378,1.355,1.35339,1.35426
1776160800,1.35426,1.35628,1.35402,1.35597
1776164400,1.35596,1.35788,1.35583,1.35718
1776168000,1.35718,1.359,1.35672,1.3587
1776171600,1.35869,1.35882,1.3569,1.3583
1776175200,1.3583,1.35889,1.35744,1.35874
1776178800,1.35873,1.35875,1.35614,1.35615
1776182400,1.35616,1.35685,1.35583,1.35676
1776186000,1.35676,1.3573,1.35642,1.35704
1776189600,1.35706,1.35723,1.35606,1.35634
1776193200,1.35632,1.35668,1.35614,1.35629
1776196800,1.35629,1.35693,1.35624,1.35664
1776200400,1.35681,1.35695,1.35608,1.35664
1776204000,1.35645,1.35712,1.35642,1.35682
1776207600,1.35684,1.35796,1.35664,1.35748
1776211200,1.35748,1.35755,1.35656,1.35734
1776214800,1.35733,1.35776,1.35675,1.35694
1776218400,1.35692,1.35698,1.35572,1.35599
1776222000,1.356,1.35675,1.35575,1.35656
1776225600,1.35656,1.3568,1.35645,1.35675
1776229200,1.35676,1.35789,1.35642,1.35655
1776232800,1.35654,1.35738,1.35568,1.35596
1776236400,1.35595,1.35697,1.35557,1.35602
1776240000,1.356,1.35678,1.35568,1.35644
1776243600,1.35644,1.357,1.3549,1.35574
1776247200,1.35572,1.35612,1.35435,1.35476
1776250800,1.35475,1.3556,1.35436,1.35546
1776254400,1.35544,1.3558,1.35453,1.35551
1776258000,1.35552,1.35667,1.35528,1.35574
1776261600,1.35576,1.35774,1.3553,1.35686
1776265200,1.35685,1.35792,1.35656,1.35674
1776268800,1.35674,1.35748,1.3566,1.35736
1776272400,1.35732,1.35748,1.35646,1.357
1776276000,1.35699,1.35766,1.35678,1.35744
1776279600,1.35743,1.35766,1.35686,1.35704
1776283200,1.35705,1.35708,1.35592,1.35607
1776286800,1.35641,1.35653,1.35588,1.35622
1776290400,1.35624,1.35686,1.35599,1.35679
1776294000,1.35682,1.3574,1.35682,1.35728
1776297600,1.3573,1.35751,1.35686,1.35738
1776301200,1.35736,1.35758,1.35612,1.35688
1776304800,1.35689,1.35865,1.35686,1.35865
1776308400,1.35864,1.35951,1.35806,1.35818
1776312000,1.35816,1.35826,1.3576,1.35766
1776315600,1.35767,1.35771,1.35654,1.35712
1776319200,1.35714,1.35816,1.35637,1.3576
1776322800,1.3576,1.35807,1.35572,1.35588
1776326400,1.35589,1.35615,1.35474,1.35507
1776330000,1.35506,1.35528,1.35366,1.35388
1776333600,1.3539,1.35447,1.35318,1.3544
1776337200,1.3544,1.35538,1.35434,1.35466
1776340800,1.35469,1.35498,1.3537,1.35468
1776344400,1.35472,1.35552,1.35355,1.35418
1776348000,1.3542,1.35488,1.35166,1.35221
1776351600,1.35222,1.35381,1.35179,1.3538
1776355200,1.35381,1.35448,1.35209,1.3529
1776358800,1.35291,1.35302,1.35216,1.3525
1776362400,1.3525,1.35338,1.3524,1.35316
1776366000,1.35314,1.35351,1.35274,1.35297
1776369600,1.35298,1.35319,1.35236,1.3527
1776373200,1.35283,1.35337,1.35242,1.35272
1776376800,1.35273,1.3537,1.35269,1.3532
1776380400,1.3532,1.35334,1.35248,1.35256
1776384000,1.35258,1.35266,1.35192,1.35208
1776387600,1.35207,1.35222,1.35146,1.35164
1776391200,1.35166,1.352,1.35144,1.35194
1776394800,1.35193,1.35274,1.35159,1.35255
1776398400,1.35254,1.35262,1.35215,1.35226
1776402000,1.35226,1.35228,1.35166,1.35192
1776405600,1.35191,1.35191,1.35046,1.35052
1776409200,1.35054,1.35263,1.35054,1.35252
1776412800,1.35253,1.35342,1.35167,1.35312
1776416400,1.35312,1.354,1.3527,1.35316
1776420000,1.35316,1.35368,1.35199,1.35234
1776423600,1.35233,1.3536,1.35194,1.35292
1776427200,1.35294,1.3586,1.35287,1.35836
1776430800,1.35834,1.35996,1.356,1.35736
1776434400,1.35736,1.35891,1.35684,1.35695
1776438000,1.35696,1.35696,1.35492,1.35545
1776441600,1.35543,1.35597,1.35444,1.3554
1776445200,1.35539,1.35539,1.35405,1.35518
1776448800,1.35518,1.35548,1.35321,1.35352
1776452400,1.35351,1.35393,1.35168,1.35193
1776456000,1.35194,1.35227,1.35133,1.35184
1776632400,1.34894,1.34905,1.34831,1.34835
1776636000,1.34832,1.3489,1.34759,1.34878
1776639600,1.34877,1.34923,1.34782,1.34827
1776643200,1.34828,1.34962,1.34783,1.34956
1776646800,1.34956,1.35008,1.34896,1.34982
1776650400,1.34981,1.35058,1.3497,1.35021
1776654000,1.35022,1.35088,1.35006,1.35061
1776657600,1.35062,1.35078,1.35008,1.35054
1776661200,1.3505,1.35058,1.34863,1.34918
1776664800,1.34916,1.35062,1.3482,1.35062
1776668400,1.35062,1.3519,1.34958,1.35028
1776672000,1.35028,1.35061,1.34929,1.34976
1776675600,1.34976,1.35189,1.34968,1.35186
1776679200,1.35186,1.35198,1.35113,1.35174
1776682800,1.35175,1.35282,1.3515,1.35194
1776686400,1.35194,1.35196,1.35059,1.35163
1776690000,1.35164,1.35368,1.35121,1.35331
1776693600,1.3533,1.3533,1.35069,1.35236
1776697200,1.35236,1.35446,1.35182,1.35402
1776700800,1.35402,1.35445,1.35354,1.35384
1776704400,1.35384,1.35444,1.35316,1.35352
1776708000,1.35352,1.35426,1.35314,1.35323
1776711600,1.35322,1.35418,1.35322,1.35326
1776715200,1.35326,1.35386,1.35304,1.35332
1776718800,1.35337,1.35374,1.35305,1.35328
1776722400,1.35318,1.35389,1.35317,1.35388
1776726000,1.35388,1.35394,1.35306,1.3531
1776729600,1.3531,1.3532,1.35224,1.35246
1776733200,1.35246,1.35294,1.35228,1.35248
1776736800,1.35249,1.35268,1.35202,1.35216
1776740400,1.35219,1.35224,1.35154,1.35178
1776744000,1.35178,1.3519,1.35148,1.35154
1776747600,1.35154,1.35259,1.35147,1.35182
1776751200,1.35182,1.35312,1.35168,1.352
1776754800,1.35199,1.35229,1.35068,1.35074
1776758400,1.35074,1.35104,1.34826,1.35037
1776762000,1.35038,1.35088,1.34958,1.3503
1776765600,1.35028,1.35118,1.34996,1.3511
1776769200,1.35111,1.35236,1.35066,1.35188
1776772800,1.3519,1.35224,1.35066,1.35148
1776776400,1.35151,1.35294,1.35141,1.35254
1776780000,1.35257,1.35396,1.35084,1.35094
1776783600,1.35095,1.35209,1.34992,1.35106
1776787200,1.35107,1.35154,1.34975,1.3498
1776790800,1.3498,1.35258,1.3476,1.35054
1776794400,1.35052,1.35086,1.3484,1.35038
1776798000,1.35038,1.35154,1.34748,1.3482
1776801600,1.3482,1.35142,1.34774,1.35085
1776805200,1.35063,1.35112,1.3498,1.35016
1776808800,1.35016,1.3505,1.34997,1.35026
1776812400,1.35026,1.35104,1.35019,1.35092
1776816000,1.3509,1.35204,1.35087,1.351
1776819600,1.35101,1.35151,1.35033,1.35112
1776823200,1.35112,1.35148,1.35056,1.35063
1776826800,1.35062,1.35128,1.35036,1.35069
1776830400,1.3507,1.35114,1.35059,1.35076
1776834000,1.35077,1.35346,1.35071,1.35246
1776837600,1.35246,1.35261,1.3515,1.35171
1776841200,1.35168,1.35276,1.35103,1.35266
1776844800,1.35267,1.35322,1.35212,1.35286
1776848400,1.35286,1.35354,1.35196,1.35204
1776852000,1.35205,1.35238,1.3514,1.35217
1776855600,1.35218,1.35218,1.34996,1.3503
1776859200,1.3503,1.35088,1.34926,1.34943
1776862800,1.34942,1.3524,1.3492,1.35184
1776866400,1.35184,1.35246,1.34992,1.34993
1776870000,1.34992,1.35098,1.34944,1.35036
1776873600,1.35038,1.3507,1.34958,1.35048
1776877200,1.35047,1.35166,1.35035,1.35111
1776880800,1.35112,1.35128,1.35041,1.35056
1776884400,1.35056,1.351,1.35011,1.35038
1776888000,1.35036,1.35049,1.34984,1.35038
1776891600,1.3504,1.35098,1.3503,1.35053
1776895200,1.35052,1.35056,1.35007,1.35016
1776898800,1.35017,1.3503,1.34995,1.34998
1776902400,1.34998,1.35104,1.3479,1.35086
1776906000,1.35088,1.35104,1.34988,1.34998
1776909600,1.34997,1.35008,1.3485,1.3487
1776913200,1.3487,1.34916,1.34825,1.34856
1776916800,1.34856,1.34907,1.34834,1.34905
1776920400,1.34906,1.34938,1.34878,1.34937
1776924000,1.34938,1.34972,1.34876,1.34917
1776927600,1.34918,1.34998,1.34816,1.34892
1776931200,1.34893,1.35078,1.34852,1.35048
1776934800,1.35046,1.3508,1.34917,1.35002
1776938400,1.35002,1.35038,1.34844,1.34846
1776942000,1.3485,1.35133,1.34834,1.35058
1776945600,1.35058,1.35108,1.34852,1.34878
1776949200,1.34877,1.35028,1.34786,1.34979
1776952800,1.34981,1.35182,1.34916,1.35105
1776956400,1.35104,1.35121,1.34904,1.34934
1776960000,1.34934,1.34938,1.34866,1.3492
1776963600,1.34922,1.34937,1.34479,1.3478
1776967200,1.34779,1.34861,1.34712,1.34737
1776970800,1.34736,1.34746,1.34614,1.34676
1776974400,1.34676,1.34679,1.34616,1.34668
1776978000,1.34685,1.34728,1.34628,1.34682
1776981600,1.34688,1.34696,1.34654,1.34681
1776985200,1.34682,1.34682,1.34637,1.3466
1776988800,1.34659,1.34714,1.34637,1.3468
1776992400,1.3468,1.34729,1.34646,1.34728
1776996000,1.34728,1.34732,1.3459,1.34605
1776999600,1.34606,1.34618,1.34536,1.34601
1777003200,1.346,1.34648,1.34576,1.34629
1777006800,1.3463,1.34674,1.34602,1.3466
1777010400,1.34662,1.34694,1.34602,1.34643
1777014000,1.34642,1.34798,1.34604,1.34768
1777017600,1.34766,1.34845,1.34712,1.34768
1777021200,1.34769,1.34846,1.34743,1.34828
1777024800,1.34829,1.3493,1.34785,1.34924
1777028400,1.34924,1.35048,1.34862,1.34951
1777032000,1.34952,1.35026,1.34846,1.35016
1777035600,1.35016,1.35029,1.34865,1.34971
1777039200,1.34963,1.35147,1.34904,1.35006
1777042800,1.35006,1.35199,1.34923,1.35154
1777046400,1.35154,1.35217,1.35086,1.35211
1777050000,1.3521,1.35264,1.35174,1.35196
1777053600,1.35196,1.3529,1.3518,1.35286
1777057200,1.35286,1.35339,1.35273,1.35327
1777060800,1.35326,1.3538,1.35285,1.35308
1777237200,1.35076,1.35143,1.35043,1.35106
1777240800,1.35105,1.35228,1.35094,1.35148
1777244400,1.35148,1.35182,1.35132,1.35133
1777248000,1.35132,1.35232,1.3512,1.35217
1777251600,1.3522,1.35375,1.3522,1.35343
1777255200,1.35343,1.35406,1.35297,1.35386
1777258800,1.35386,1.35486,1.35385,1.35445
1777262400,1.35444,1.35464,1.35392,1.35408
1777266000,1.35408,1.35412,1.35333,1.35333
1777269600,1.35334,1.35394,1.35246,1.3536
1777273200,1.35357,1.3547,1.35341,1.35452
1777276800,1.35452,1.35576,1.35421,1.35542
1777280400,1.35544,1.35566,1.35477,1.35507
1777284000,1.35506,1.35636,1.35486,1.35604
1777287600,1.35604,1.35622,1.35544,1.35582
1777291200,1.35582,1.35763,1.35482,1.35488
1777294800,1.3549,1.35595,1.35371,1.3545
1777298400,1.35449,1.35646,1.35418,1.35554
1777302000,1.35554,1.3556,1.35462,1.35517
1777305600,1.35516,1.35556,1.35414,1.35432
1777309200,1.35433,1.35449,1.35312,1.35387
1777312800,1.35386,1.35397,1.35306,1.35326
1777316400,1.35325,1.3538,1.35314,1.35319
1777320000,1.35322,1.35348,1.35314,1.35334
1777323600,1.35406,1.35414,1.35334,1.35375
1777327200,1.35372,1.35376,1.35331,1.35364
1777330800,1.35364,1.35379,1.35351,1.35378
1777334400,1.35378,1.35415,1.35314,1.35324
1777338000,1.35324,1.35326,1.35232,1.35234
1777341600,1.35234,1.35253,1.35209,1.35222
1777345200,1.35222,1.35364,1.35214,1.3532
1777348800,1.3532,1.35344,1.35286,1.35304
1777352400,1.35304,1.35314,1.35174,1.35178
1777356000,1.35176,1.35206,1.3503,1.35048
1777359600,1.35046,1.35138,1.35024,1.35094
1777363200,1.35096,1.35154,1.35024,1.35056
1777366800,1.35053,1.35056,1.34868,1.34907
1777370400,1.34908,1.34956,1.3483,1.34844
1777374000,1.34844,1.34915,1.34632,1.34684
1777377600,1.34685,1.34957,1.34636,1.34927
1777381200,1.34926,1.35014,1.34812,1.34956
1777384800,1.34955,1.35066,1.34856,1.34976
1777388400,1.34976,1.35128,1.34964,1.35114
1777392000,1.35116,1.35167,1.3507,1.35146
1777395600,1.35146,1.3521,1.35081,1.35179
1777399200,1.3518,1.35206,1.35143,1.35172
1777402800,1.35172,1.3521,1.35124,1.35166
1777406400,1.35166,1.35226,1.35164,1.3518
1777410000,1.35168,1.3521,1.35126,1.35182
1777413600,1.35188,1.35236,1.3517,1.35216
1777417200,1.35216,1.35244,1.35212,1.35238
1777420800,1.3524,1.35282,1.35215,1.35247
1777424400,1.35248,1.35255,1.35128,1.35174
1777428000,1.35174,1.35236,1.35103,1.35122
1777431600,1.35122,1.35172,1.35105,1.35117
1777435200,1.35117,1.35154,1.3511,1.35133
1777438800,1.35134,1.35136,1.35033,1.35046
1777442400,1.35046,1.35076,1.34948,1.35004
1777446000,1.35,1.35084,1.34991,1.35052
1777449600,1.35047,1.35065,1.34951,1.34996
1777453200,1.34996,1.35067,1.34962,1.35036
1777456800,1.35034,1.35123,1.35009,1.35118
1777460400,1.35122,1.35129,1.35017,1.35052
1777464000,1.35052,1.3514,1.34988,1.35006
1777467600,1.35006,1.35075,1.34736,1.34782
1777471200,1.3478,1.3503,1.34714,1.35018
1777474800,1.35019,1.35026,1.34809,1.34892
1777478400,1.34893,1.34993,1.34796,1.34813
1777482000,1.34814,1.34915,1.34748,1.34882
1777485600,1.34882,1.34934,1.34578,1.34724
1777489200,1.34726,1.34836,1.34671,1.34766
1777492800,1.34765,1.34794,1.34702,1.34764
1777496400,1.34771,1.34827,1.34735,1.34775
1777500000,1.34773,1.34828,1.34719,1.34802
1777503600,1.34804,1.34894,1.34777,1.34884
1777507200,1.34886,1.34957,1.34844,1.34846
1777510800,1.34846,1.34867,1.34782,1.34818
1777514400,1.34818,1.34844,1.34684,1.34748
1777518000,1.3475,1.34795,1.34734,1.34758
1777521600,1.34759,1.34761,1.34554,1.34609
1777525200,1.3461,1.34688,1.34592,1.34597
1777528800,1.34594,1.34784,1.34542,1.34734
1777532400,1.34734,1.34926,1.3473,1.34866
1777536000,1.34865,1.35006,1.34816,1.3485
1777539600,1.3485,1.35054,1.34792,1.35028
1777543200,1.35027,1.35291,1.34927,1.35288
1777546800,1.35292,1.35355,1.35138,1.35172
1777550400,1.35172,1.35195,1.34987,1.3513
1777554000,1.35128,1.3521,1.35048,1.35158
1777557600,1.35158,1.35914,1.35131,1.35829
1777561200,1.35828,1.35938,1.35714,1.35786
1777564800,1.35785,1.35888,1.35732,1.35779
1777568400,1.3578,1.35872,1.35762,1.35814
1777572000,1.35816,1.36074,1.35814,1.36018
1777575600,1.36015,1.36124,1.36008,1.3604
1777579200,1.3604,1.36095,1.36006,1.36034
1777582800,1.3604,1.36092,1.36017,1.36066
1777586400,1.36052,1.36094,1.36026,1.36038
1777590000,1.36041,1.3607,1.36022,1.36023
1777593600,1.36024,1.36064,1.35994,1.36038
1777597200,1.36038,1.36074,1.35994,1.36065
1777600800,1.36066,1.36093,1.3601,1.36064
1777604400,1.36064,1.36122,1.3601,1.36026
1777608000,1.36026,1.3605,1.3596,1.35974
1777611600,1.35974,1.35981,1.35886,1.35892
1777615200,1.35894,1.36228,1.35868,1.3611
1777618800,1.3611,1.36148,1.3599,1.36049
1777622400,1.36048,1.36122,1.36008,1.36084
1777626000,1.36086,1.361,1.35918,1.35932
1777629600,1.35932,1.36104,1.3592,1.3606
1777633200,1.36063,1.36229,1.3606,1.36202
1777636800,1.36202,1.36432,1.36158,1.36299
1777640400,1.36296,1.364,1.36166,1.36376
1777644000,1.3638,1.36578,1.36176,1.36236
1777647600,1.36236,1.36306,1.36142,1.36193
1777651200,1.36194,1.36233,1.3599,1.3599
1777654800,1.3599,1.36018,1.35888,1.35938
1777658400,1.3594,1.3595,1.35753,1.35826
1777662000,1.35824,1.35836,1.35729,1.35734
1777665600,1.35733,1.35774,1.35688,1.3575
1777842000,1.36003,1.36053,1.36002,1.3604
1777845600,1.36028,1.36033,1.35844,1.35898
1777849200,1.35896,1.35906,1.358,1.35812
1777852800,1.3581,1.35874,1.35751,1.35867
1777856400,1.35866,1.35878,1.35764,1.35846
1777860000,1.35845,1.35902,1.35798,1.35854
1777863600,1.35851,1.36016,1.35827,1.35978
1777867200,1.35978,1.35991,1.3586,1.3588
1777870800,1.3588,1.35935,1.35856,1.35924
1777874400,1.35922,1.35986,1.3576,1.3581
1777878000,1.35809,1.3581,1.35632,1.35663
1777881600,1.35661,1.35674,1.35594,1.35609
1777885200,1.35612,1.35664,1.35566,1.3559
1777888800,1.3559,1.35598,1.35235,1.35455
1777892400,1.35458,1.35508,1.3534,1.35411
1777896000,1.35413,1.35636,1.3539,1.35574
1777899600,1.35572,1.35664,1.35484,1.356
1777903200,1.35602,1.35695,1.35503,1.35536
1777906800,1.35536,1.35593,1.3525,1.35328
1777910400,1.35328,1.35366,1.35122,1.35188
1777914000,1.35189,1.35401,1.35188,1.3533
1777917600,1.3533,1.35374,1.35257,1.35372
1777921200,1.35372,1.35425,1.35318,1.35371
1777924800,1.3537,1.35372,1.35268,1.35322
1777928400,1.3532,1.35356,1.35252,1.35319
1777932000,1.35318,1.35328,1.35268,1.35282
1777935600,1.35282,1.35324,1.35281,1.35314
1777939200,1.35314,1.35349,1.35232,1.35248
1777942800,1.3525,1.35273,1.3518,1.35259
1777946400,1.3526,1.3532,1.3525,1.3526
1777950000,1.35258,1.35273,1.3521,1.35214
1777953600,1.35214,1.35282,1.3515,1.3516
1777957200,1.35158,1.35253,1.35138,1.35194
1777960800,1.35192,1.35362,1.35148,1.35312
1777964400,1.35316,1.35482,1.35316,1.35381
1777968000,1.35382,1.35508,1.35378,1.35422
1777971600,1.35419,1.3547,1.35323,1.35422
1777975200,1.35421,1.35514,1.35383,1.35458
1777978800,1.35459,1.35472,1.3531,1.3541
1777982400,1.35409,1.35499,1.35319,1.3544
1777986000,1.3544,1.35594,1.35436,1.35522
1777989600,1.3552,1.35678,1.35496,1.35644
1777993200,1.35646,1.35786,1.35616,1.3574
1777996800,1.35739,1.35763,1.35548,1.3556
1778000400,1.35561,1.35592,1.35476,1.35508
1778004000,1.35507,1.35534,1.3546,1.3549
1778007600,1.35494,1.3551,1.35409,1.3543
1778011200,1.3543,1.35446,1.35379,1.35382
1778014800,1.35446,1.35482,1.35382,1.35408
1778018400,1.35408,1.3561,1.35388,1.35574
1778022000,1.35574,1.35802,1.35568,1.35677
1778025600,1.3568,1.35774,1.3565,1.35748
1778029200,1.35748,1.35804,1.35728,1.35742
1778032800,1.35741,1.35782,1.35661,1.35686
1778036400,1.35686,1.3572,1.3564,1.3565
1778040000,1.35649,1.35958,1.35634,1.35894
1778043600,1.35895,1.35916,1.35832,1.35863
1778047200,1.35866,1.35903,1.35812,1.3589
1778050800,1.3589,1.35995,1.35836,1.35989
1778054400,1.35988,1.36346,1.3592,1.36259
1778058000,1.36258,1.36292,1.3614,1.36262
1778061600,1.36262,1.36436,1.36138,1.36371
1778065200,1.36372,1.36422,1.36203,1.36236
1778068800,1.36235,1.36242,1.3608,1.36117
1778072400,1.36116,1.36174,1.36008,1.36078
1778076000,1.36078,1.36196,1.35989,1.3604
1778079600,1.3604,1.36046,1.3594,1.35954
1778083200,1.35953,1.35964,1.35788,1.35837
1778086800,1.35838,1.35996,1.35816,1.35924
1778090400,1.35924,1.35974,1.35891,1.3594
1778094000,1.35942,1.35993,1.35921,1.35934
1778097600,1.35932,1.35958,1.35897,1.35933
1778101200,1.35946,1.35986,1.35912,1.35932
1778104800,1.35933,1.35952,1.35911,1.35948
1778108400,1.35945,1.35967,1.35909,1.35913
1778112000,1.35912,1.35994,1.35898,1.35922
1778115600,1.35924,1.36084,1.35904,1.36052
1778119200,1.36052,1.36085,1.36009,1.36036
1778122800,1.36035,1.36035,1.3593,1.3593
1778126400,1.3593,1.36014,1.35914,1.35977
1778130000,1.35974,1.36002,1.35942,1.35948
1778133600,1.35946,1.36088,1.35912,1.36
1778137200,1.36003,1.36248,1.36,1.3621
1778140800,1.3621,1.36246,1.36148,1.36224
1778144400,1.36224,1.3624,1.36176,1.36192
1778148000,1.3619,1.36306,1.36171,1.36202
1778151600,1.36204,1.36244,1.36096,1.36181
1778155200,1.36181,1.3629,1.36172,1.36236
1778158800,1.36236,1.3629,1.36157,1.36192
1778162400,1.3619,1.36314,1.36139,1.36302
1778166000,1.36302,1.36324,1.36072,1.3608
1778169600,1.36081,1.361,1.35908,1.35942
1778173200,1.35944,1.35952,1.3569,1.35831
1778176800,1.35832,1.35848,1.35702,1.35804
1778180400,1.35808,1.35848,1.35621,1.35624
1778184000,1.35624,1.35758,1.35482,1.35503
1778187600,1.35556,1.35595,1.35519,1.35546
1778191200,1.35546,1.35551,1.35472,1.35474
1778194800,1.35474,1.35562,1.35472,1.35554
1778198400,1.35556,1.35612,1.35488,1.35509
1778202000,1.35512,1.35594,1.3551,1.35585
1778205600,1.35586,1.3561,1.35499,1.3556
1778209200,1.35562,1.35602,1.3553,1.35546
1778212800,1.35546,1.35686,1.35494,1.35654
1778216400,1.35653,1.35772,1.35652,1.35744
1778220000,1.35744,1.35904,1.35728,1.35859
1778223600,1.3586,1.35892,1.35778,1.3582
1778227200,1.35816,1.36154,1.35787,1.36136
1778230800,1.36138,1.36229,1.36124,1.36152
1778234400,1.3615,1.3619,1.36023,1.36032
1778238000,1.36034,1.36136,1.36005,1.3613
1778241600,1.36132,1.36246,1.36018,1.3614
1778245200,1.36138,1.36308,1.36062,1.36257
1778248800,1.36258,1.36278,1.361,1.36253
1778252400,1.36253,1.36296,1.36172,1.36237
1778256000,1.36236,1.36308,1.3616,1.36173
1778259600,1.36171,1.36238,1.36162,1.36198
1778263200,1.36198,1.36308,1.3618,1.36222
1778266800,1.36222,1.36291,1.36218,1.36284
1778270400,1.36284,1.36371,1.36275,1.36324
1778446800,1.35589,1.35931,1.35575,1.3569
1778450400,1.3569,1.35901,1.3569,1.35898
1778454000,1.35898,1.35972,1.35897,1.35942
1778457600,1.35942,1.36011,1.3591,1.35992
1778461200,1.35991,1.3601,1.35901,1.35932
1778464800,1.35932,1.35982,1.35904,1.35906
1778468400,1.35905,1.3594,1.35886,1.35894
1778472000,1.35895,1.35904,1.35792,1.3581
1778475600,1.3581,1.35888,1.35803,1.3584
1778479200,1.35843,1.35992,1.35806,1.3599
1778482800,1.35992,1.36036,1.35964,1.36
1778486400,1.36003,1.36148,1.35986,1.36079
1778490000,1.36076,1.36126,1.35992,1.35992
1778493600,1.35992,1.36046,1.35858,1.35887
1778497200,1.35885,1.36149,1.35885,1.36071
1778500800,1.36074,1.36159,1.35998,1.36112
1778504400,1.36112,1.36298,1.3611,1.3624
1778508000,1.3624,1.36396,1.36171,1.36394
1778511600,1.36394,1.36536,1.36374,1.36497
1778515200,1.36498,1.365,1.36378,1.36412
1778518800,1.36412,1.36452,1.36359,1.36428
1778522400,1.36428,1.36444,1.36273,1.3629
1778526000,1.3629,1.36299,1.36168,1.36182
1778529600,1.36182,1.36202,1.3607,1.36101
1778533200,1.36138,1.36141,1.36066,1.36068
1778536800,1.36068,1.361,1.36065,1.36078
1778540400,1.36078,1.36104,1.36032,1.36042
1778544000,1.36042,1.36051,1.35931,1.35941
1778547600,1.3594,1.35958,1.358,1.35872
1778551200,1.35873,1.35928,1.35856,1.3591
1778554800,1.3591,1.35921,1.35818,1.35832
1778558400,1.35832,1.35869,1.35799,1.35848
1778562000,1.35848,1.3586,1.35689,1.35742
1778565600,1.35742,1.358,1.35446,1.35453
1778569200,1.35454,1.35504,1.35147,1.35182
1778572800,1.35184,1.35366,1.35024,1.35303
1778576400,1.35302,1.35488,1.35226,1.35393
1778580000,1.35393,1.35532,1.3533,1.35331
1778583600,1.35334,1.35453,1.3523,1.35326
1778587200,1.35328,1.35434,1.3513,1.35374
1778590800,1.35374,1.3543,1.35074,1.35107
1778594400,1.3511,1.35376,1.35107,1.35243
1778598000,1.35243,1.35289,1.35002,1.35266
1778601600,1.35268,1.35306,1.35151,1.3518
1778605200,1.3518,1.35286,1.35174,1.35232
1778608800,1.35232,1.35332,1.35167,1.35318
1778612400,1.35318,1.35442,1.35318,1.35399
1778616000,1.354,1.35416,1.35362,1.3541
1778619600,1.3536,1.35421,1.3536,1.35384
1778623200,1.35379,1.35424,1.35366,1.35403
1778626800,1.35404,1.35427,1.35348,1.35352
1778630400,1.35352,1.35392,1.35304,1.35368
1778634000,1.35368,1.35456,1.35284,1.35413
1778637600,1.35412,1.35463,1.35368,1.35383
1778641200,1.35382,1.35404,1.35312,1.35378
1778644800,1.35379,1.35384,1.35322,1.35342
1778648400,1.35341,1.35497,1.35339,1.35486
1778652000,1.35488,1.35514,1.35236,1.35281
1778655600,1.35282,1.35374,1.35202,1.35208
1778659200,1.35207,1.3534,1.3519,1.35242
1778662800,1.35243,1.35251,1.35068,1.3518
1778666400,1.35181,1.35218,1.34939,1.35073
1778670000,1.35074,1.35103,1.34994,1.3504
1778673600,1.35039,1.35106,1.34846,1.34904
1778677200,1.34904,1.35177,1.34904,1.35142
1778680800,1.3514,1.35208,1.3505,1.35137
1778684400,1.35135,1.35294,1.35125,1.35192
1778688000,1.35193,1.3528,1.35123,1.35154
1778691600,1.35152,1.35194,1.35111,1.35124
1778695200,1.35125,1.35204,1.35116,1.35184
1778698800,1.35184,1.35245,1.35183,1.35228
1778702400,1.35228,1.35268,1.35204,1.35239
1778706000,1.35246,1.35258,1.35198,1.35226
1778709600,1.35225,1.35322,1.3522,1.35275
1778713200,1.35275,1.35295,1.35236,1.35269
1778716800,1.35268,1.3533,1.3525,1.35298
1778720400,1.35297,1.35314,1.35209,1.35224
1778724000,1.35222,1.35266,1.35218,1.35234
1778727600,1.35236,1.353,1.35226,1.3527
1778731200,1.35268,1.35328,1.35252,1.35284
1778734800,1.35284,1.35294,1.35149,1.35162
1778738400,1.3516,1.35326,1.35158,1.35276
1778742000,1.35274,1.35276,1.35048,1.3506
1778745600,1.35059,1.35209,1.35035,1.352
1778749200,1.352,1.35208,1.35099,1.35116
1778752800,1.35116,1.3521,1.35094,1.35118
1778756400,1.35119,1.35176,1.3495,1.35003
1778760000,1.35002,1.35182,1.34965,1.35078
1778763600,1.35076,1.35104,1.34892,1.35002
1778767200,1.34999,1.3513,1.34835,1.3484
1778770800,1.3484,1.34875,1.3473,1.3478
1778774400,1.34779,1.34789,1.34322,1.34432
1778778000,1.34433,1.34464,1.34102,1.34106
1778781600,1.34106,1.34106,1.3395,1.34057
1778785200,1.34059,1.34087,1.33964,1.34
1778788800,1.33999,1.3403,1.33955,1.3401
1778792400,1.3402,1.34057,1.33958,1.3404
1778796000,1.34044,1.34044,1.33975,1.33994
1778799600,1.33995,1.33996,1.3385,1.33909
1778803200,1.33908,1.33924,1.33746,1.33806
1778806800,1.33806,1.33824,1.33646,1.3367
1778810400,1.33668,1.33808,1.33638,1.33754
1778814000,1.33754,1.33776,1.33731,1.33762
1778817600,1.3376,1.3376,1.3363,1.33636
1778821200,1.33636,1.33636,1.33407,1.33426
1778824800,1.33422,1.33598,1.3335,1.33506
1778828400,1.33506,1.33756,1.33456,1.33645
1778832000,1.33648,1.33666,1.33418,1.33462
1778835600,1.33462,1.33518,1.33282,1.33482
1778839200,1.33483,1.33936,1.33482,1.33826
1778842800,1.33828,1.33844,1.33589,1.33598
1778846400,1.33598,1.33627,1.33406,1.33535
1778850000,1.33536,1.33634,1.33374,1.33411
1778853600,1.3341,1.33626,1.33355,1.33444
1778857200,1.33445,1.33462,1.33164,1.33306
1778860800,1.33308,1.33358,1.33203,1.33308
1778864400,1.33308,1.33387,1.33248,1.33283
1778868000,1.33285,1.333,1.33182,1.33219
1778871600,1.33222,1.33249,1.33162,1.33187
1778875200,1.33187,1.33266,1.33152,1.33242
1779051600,1.33254,1.33277,1.3324,1.33268
1779055200,1.3325,1.33257,1.3311,1.33169
1779058800,1.33168,1.33218,1.3308,1.33097
1779062400,1.33098,1.3319,1.33048,1.3309
1779066000,1.3309,1.33136,1.33026,1.33116
1779069600,1.33116,1.33166,1.33056,1.33086
1779073200,1.33086,1.33156,1.33075,1.33133
1779076800,1.33132,1.33197,1.33123,1.33156
1779080400,1.33155,1.33256,1.33132,1.33234
1779084000,1.33233,1.33586,1.33219,1.33558
1779087600,1.33562,1.33584,1.33431,1.33528
1779091200,1.33526,1.33844,1.33503,1.33772
1779094800,1.3377,1.3378,1.33607,1.33624
1779098400,1.33623,1.33676,1.33464,1.33474
1779102000,1.33473,1.33818,1.33471,1.33764
1779105600,1.33766,1.34032,1.33752,1.33954
1779109200,1.33953,1.3402,1.33802,1.33912
1779112800,1.33912,1.34006,1.33814,1.3394
1779116400,1.33942,1.34278,1.3382,1.34182
1779120000,1.34182,1.34498,1.34154,1.34294
1779123600,1.34296,1.34349,1.34222,1.34223
1779127200,1.34224,1.34233,1.34016,1.34023
1779130800,1.34024,1.34346,1.34006,1.343
1779134400,1.34301,1.34394,1.34296,1.34336
1779138000,1.34316,1.3435,1.34248,1.34313
1779141600,1.34316,1.34376,1.34284,1.34344
1779145200,1.34344,1.34368,1.34314,1.34316
1779148800,1.34316,1.34348,1.3419,1.34196
1779152400,1.34194,1.34252,1.34134,1.34172
1779156000,1.3417,1.34184,1.34091,1.34161
1779159600,1.34162,1.34193,1.34128,1.34135
1779163200,1.34136,1.34156,1.34062,1.34063
1779166800,1.34064,1.3418,1.34002,1.3417
1779170400,1.34166,1.34173,1.33971,1.33999
1779174000,1.33998,1.34068,1.33903,1.34022
1779177600,1.34022,1.34026,1.33892,1.33928
1779181200,1.33928,1.34082,1.33872,1.34074
1779184800,1.34073,1.34159,1.33934,1.34073
1779188400,1.34074,1.34097,1.34026,1.34034
1779192000,1.34032,1.342,1.34025,1.3407
1779195600,1.3407,1.34077,1.33862,1.34021
1779199200,1.3402,1.34026,1.33785,1.33926
1779202800,1.33928,1.34016,1.33892,1.3399
1779206400,1.33988,1.34028,1.33881,1.33996
1779210000,1.33996,1.34122,1.33994,1.34086
1779213600,1.34085,1.34118,1.3397,1.33974
1779217200,1.33974,1.3404,1.33966,1.34003
1779220800,1.34004,1.34032,1.3394,1.33948
1779224400,1.34022,1.34038,1.33942,1.34026
1779228000,1.34031,1.34031,1.33955,1.33979
1779231600,1.3398,1.34044,1.33956,1.33958
1779235200,1.33956,1.34021,1.33876,1.33894
1779238800,1.33892,1.33922,1.33783,1.33869
1779242400,1.3387,1.33965,1.33836,1.33906
1779246000,1.33906,1.34036,1.33876,1.33996
1779249600,1.33998,1.34065,1.33896,1.33908
1779253200,1.33907,1.3398,1.33882,1.33918
1779256800,1.33918,1.34069,1.33758,1.3387
1779260400,1.33866,1.3398,1.33826,1.3386
1779264000,1.3386,1.3393,1.3375,1.33822
1779267600,1.33821,1.33928,1.33804,1.33826
1779271200,1.33826,1.3399,1.33812,1.3397
1779274800,1.33969,1.34082,1.33946,1.33998
1779278400,1.34002,1.34064,1.33962,1.33976
1779282000,1.33976,1.34066,1.3391,1.3393
1779285600,1.33932,1.3441,1.33833,1.34329
1779289200,1.3433,1.34638,1.34212,1.34412
1779292800,1.34413,1.34542,1.34352,1.3442
1779296400,1.3442,1.34466,1.34355,1.34362
1779300000,1.3436,1.34494,1.34326,1.34426
1779303600,1.34426,1.3451,1.34372,1.34378
1779307200,1.34376,1.3441,1.34336,1.34348
1779310800,1.34385,1.34426,1.3435,1.34396
1779314400,1.34392,1.34396,1.34336,1.34364
1779318000,1.34365,1.34386,1.34326,1.34342
1779321600,1.34344,1.34396,1.34285,1.34374
1779325200,1.34374,1.34454,1.34312,1.34344
1779328800,1.34346,1.34376,1.34192,1.34257
1779332400,1.34256,1.34314,1.34256,1.34271
1779336000,1.3427,1.34333,1.34258,1.34316
1779339600,1.34316,1.34338,1.34266,1.3433
1779343200,1.34326,1.344,1.34278,1.34346
1779346800,1.34346,1.34395,1.34156,1.34294
1779350400,1.34296,1.34551,1.34275,1.34354
1779354000,1.34354,1.34466,1.34326,1.34422
1779357600,1.34423,1.34461,1.34154,1.34246
1779361200,1.34246,1.34395,1.34188,1.34217
1779364800,1.34218,1.343,1.34119,1.34138
1779368400,1.34136,1.34209,1.33923,1.34064
1779372000,1.34066,1.34131,1.33964,1.34114
1779375600,1.34114,1.34122,1.33957,1.34054
1779379200,1.34056,1.34106,1.34011,1.34082
1779382800,1.34083,1.34493,1.34056,1.34432
1779386400,1.34432,1.34484,1.34208,1.34262
1779390000,1.3426,1.34412,1.34254,1.3436
1779393600,1.34362,1.34408,1.3428,1.34296
1779397200,1.34264,1.3437,1.34232,1.34324
1779400800,1.34322,1.34348,1.34294,1.34329
1779404400,1.3433,1.34342,1.34311,1.34324
1779408000,1.34324,1.34329,1.34247,1.34256
1779411600,1.34252,1.3431,1.34238,1.34253
1779415200,1.34253,1.34305,1.34246,1.34272
1779418800,1.34272,1.34286,1.34233,1.34264
1779422400,1.34263,1.3432,1.34256,1.34306
1779426000,1.34304,1.34326,1.34195,1.34232
1779429600,1.34233,1.34286,1.34171,1.34246
1779433200,1.34247,1.34258,1.34133,1.34252
1779436800,1.34252,1.34388,1.34232,1.34262
1779440400,1.3426,1.34283,1.34168,1.34274
1779444000,1.34273,1.34324,1.34206,1.34232
1779447600,1.34233,1.34256,1.3419,1.34211
1779451200,1.3421,1.34372,1.34168,1.34368
1779454800,1.3437,1.34632,1.34331,1.34379
1779458400,1.34378,1.34382,1.3418,1.34341
1779462000,1.34343,1.34436,1.34292,1.3437
1779465600,1.3437,1.34466,1.34336,1.34443
1779469200,1.34446,1.34538,1.34426,1.34494
1779472800,1.34494,1.34515,1.34441,1.34482
1779476400,1.34482,1.34483,1.34382,1.34403
1779480000,1.34404,1.34424,1.34296,1.34312
1779656400,1.3459,1.34607,1.34514,1.34564
1779660000,1.34564,1.34861,1.34562,1.3484
1779663600,1.34841,1.34884,1.34809,1.34814
1779667200,1.34814,1.34884,1.34769,1.3479
1779670800,1.3479,1.34908,1.34775,1.348
1779674400,1.34801,1.34835,1.34755,1.34769
1779678000,1.3477,1.34798,1.34742,1.34752
1779681600,1.3475,1.34856,1.34746,1.34832
1779685200,1.34832,1.3489,1.34812,1.34824
1779688800,1.34823,1.34874,1.34786,1.34861
1779692400,1.34863,1.34866,1.34706,1.34846
1779696000,1.34848,1.3494,1.34786,1.34936
1779699600,1.34936,1.34961,1.34916,1.34928
1779703200,1.34927,1.34948,1.34892,1.34913
1779706800,1.34914,1.35063,1.34876,1.34984
1779710400,1.34984,1.35066,1.34972,1.35008
1779714000,1.35006,1.3504,1.3494,1.3494
1779717600,1.3494,1.3502,1.34927,1.35008
1779721200,1.35008,1.35054,1.3496,1.3502
1779724800,1.35022,1.35052,1.3499,1.3504
1779728400,1.3504,1.35076,1.35035,1.35058
1779732000,1.35058,1.35074,1.35048,1.3507
1779735600,1.35071,1.35091,1.35057,1.3508
1779739200,1.35082,1.35086,1.35056,1.3507
1779742800,1.35024,1.35068,1.34968,1.35028
1779746400,1.35028,1.35056,1.35008,1.35033
1779750000,1.35032,1.35053,1.34956,1.3496
1779753600,1.3496,1.3497,1.34881,1.34943
1779757200,1.34942,1.34951,1.34826,1.34868
1779760800,1.34868,1.34904,1.34832,1.34872
1779764400,1.34872,1.34922,1.34868,1.34886
1779768000,1.34887,1.3489,1.34806,1.34808
1779771600,1.34809,1.34816,1.34744,1.34752
1779775200,1.34753,1.34852,1.34738,1.34778
1779778800,1.3478,1.34784,1.34648,1.34748
1779782400,1.34749,1.3481,1.34718,1.3475
1779786000,1.3475,1.3485,1.34724,1.34839
1779789600,1.3484,1.34894,1.3478,1.3485
1779793200,1.3485,1.34895,1.34684,1.34694
1779796800,1.34694,1.34752,1.34658,1.3467
1779800400,1.3467,1.34704,1.34568,1.3464
1779804000,1.3464,1.34691,1.34498,1.34498
1779807600,1.34498,1.34503,1.34346,1.34358
1779811200,1.3436,1.3449,1.34348,1.34412
1779814800,1.34414,1.34484,1.34386,1.34412
1779818400,1.34413,1.3446,1.34394,1.34448
1779822000,1.34448,1.34502,1.34426,1.34489
1779825600,1.34488,1.34538,1.34453,1.34471
1779829200,1.3448,1.34533,1.34466,1.34486
1779832800,1.34486,1.3451,1.34477,1.34506
1779836400,1.34506,1.34591,1.34501,1.34548
1779840000,1.34548,1.3458,1.34542,1.34556
1779843600,1.34556,1.34558,1.34462,1.34472
1779847200,1.34472,1.34542,1.34472,1.34524
1779850800,1.34525,1.34586,1.34524,1.34548
1779854400,1.34546,1.34566,1.3453,1.34542
1779858000,1.34541,1.34569,1.3449,1.34496
1779861600,1.34494,1.34562,1.34445,1.34524
1779865200,1.34527,1.34566,1.3442,1.34432
1779868800,1.34432,1.34522,1.34415,1.34465
1779872400,1.34464,1.34522,1.3445,1.34454
1779876000,1.34453,1.34464,1.34362,1.3441
1779879600,1.34413,1.3443,1.34304,1.3435
1779883200,1.3435,1.3457,1.34316,1.34402
1779886800,1.34398,1.3449,1.34397,1.34468
1779890400,1.3447,1.34582,1.34175,1.3419
1779894000,1.3419,1.34318,1.34164,1.34292
1779897600,1.34293,1.3432,1.34202,1.3431
1779901200,1.3431,1.3432,1.34174,1.34268
1779904800,1.34266,1.34312,1.34223,1.34298
1779908400,1.34298,1.34332,1.34287,1.34307
1779912000,1.34306,1.3433,1.34266,1.34276
1779915600,1.34228,1.34297,1.34228,1.34268
1779919200,1.34268,1.34308,1.34256,1.34278
1779922800,1.34277,1.34292,1.34144,1.34162
1779926400,1.3416,1.342,1.34096,1.34136
1779930000,1.34136,1.34142,1.33975,1.33985
1779933600,1.33986,1.3407,1.33986,1.34018
1779937200,1.34018,1.34036,1.33686,1.3369
1779940800,1.33688,1.33784,1.33676,1.33778
1779944400,1.33778,1.33962,1.33754,1.33924
1779948000,1.33922,1.3408,1.33908,1.3404
1779951600,1.34042,1.34116,1.33996,1.34028
1779955200,1.3403,1.3407,1.33951,1.34018
1779958800,1.34017,1.34098,1.33949,1.3396
1779962400,1.33958,1.33982,1.33866,1.33894
1779966000,1.33891,1.34104,1.33891,1.34068
1779969600,1.34066,1.34251,1.34033,1.3421
1779973200,1.34211,1.34281,1.34126,1.34126
1779976800,1.34126,1.34514,1.34075,1.3433
1779980400,1.34331,1.34422,1.34321,1.34359
1779984000,1.34359,1.34486,1.34324,1.34467
1779987600,1.34468,1.34482,1.34408,1.34458
1779991200,1.34457,1.34482,1.34366,1.34405
1779994800,1.34404,1.34442,1.34376,1.34395
1779998400,1.34394,1.3444,1.34388,1.34439
1780002000,1.34458,1.34458,1.34399,1.34443
1780005600,1.34438,1.34461,1.34416,1.3442
1780009200,1.34419,1.34457,1.34418,1.34441
1780012800,1.34442,1.34489,1.34395,1.34409
1780016400,1.3441,1.34508,1.34382,1.344
1780020000,1.344,1.3444,1.34382,1.34384
1780023600,1.34386,1.3439,1.34306,1.34324
1780027200,1.34325,1.34386,1.34322,1.34386
1780030800,1.34386,1.34418,1.3436,1.3439
1780034400,1.34389,1.34448,1.34358,1.34417
1780038000,1.34418,1.34418,1.34177,1.34259
1780041600,1.34256,1.3426,1.34084,1.34117
1780045200,1.34116,1.34194,1.34096,1.34176
1780048800,1.34173,1.34185,1.34103,1.3418
1780052400,1.34178,1.34298,1.34156,1.3429
1780056000,1.34292,1.34346,1.34218,1.34342
1780059600,1.34343,1.34474,1.3431,1.3439
1780063200,1.3439,1.3481,1.34297,1.34778
1780066800,1.34777,1.34854,1.347,1.34746
1780070400,1.34747,1.34759,1.3464,1.34674
1780074000,1.34675,1.34699,1.34558,1.3456
1780077600,1.34559,1.3465,1.34551,1.34607
1780081200,1.34606,1.34711,1.34606,1.34678
1780084800,1.34677,1.34683,1.34534,1.34564
1780261200,1.34574,1.34644,1.34532,1.34558
1780264800,1.34556,1.3458,1.3446,1.34491
1780268400,1.3449,1.34591,1.3448,1.34512
1780272000,1.3451,1.34546,1.34457,1.34515
1780275600,1.34515,1.3454,1.34486,1.3454
1780279200,1.34539,1.34565,1.34529,1.3456
1780282800,1.34563,1.34596,1.34496,1.34501
1780286400,1.34502,1.34581,1.34497,1.34572
1780290000,1.34573,1.3466,1.34566,1.34632
1780293600,1.34632,1.34762,1.3458,1.34727
1780297200,1.34726,1.34727,1.34555,1.34607
1780300800,1.34608,1.34737,1.34604,1.34708
1780304400,1.34708,1.34752,1.34572,1.34599
1780308000,1.34598,1.34658,1.34556,1.34632
1780311600,1.34631,1.34664,1.34599,1.34657
1780315200,1.34658,1.3469,1.34625,1.34638
1780318800,1.34638,1.3464,1.34106,1.34146
1780322400,1.34143,1.34374,1.34069,1.34372
1780326000,1.34372,1.3456,1.3433,1.34494
1780329600,1.34494,1.34632,1.34406,1.34608
1780333200,1.34608,1.34702,1.34538,1.34648
1780336800,1.3465,1.3466,1.34572,1.34572
1780340400,1.34572,1.34612,1.34534,1.34592
1780344000,1.3459,1.3461,1.34544,1.34552
1780347600,1.34596,1.3465,1.34529,1.34584
1780351200,1.34588,1.34596,1.34561,1.34581
1780354800,1.34582,1.34608,1.3457,1.34599
1780358400,1.34602,1.34622,1.34526,1.34538
1780362000,1.3454,1.34616,1.34509,1.3452
1780365600,1.3452,1.3457,1.3451,1.34538
1780369200,1.34538,1.3459,1.34536,1.34584
1780372800,1.34582,1.34648,1.34572,1.3464
1780376400,1.3464,1.34671,1.34612,1.34612
1780380000,1.34612,1.34818,1.34612,1.34782
1780383600,1.34782,1.34791,1.34678,1.3472
1780387200,1.3472,1.34759,1.34608,1.34636
1780390800,1.34636,1.34708,1.34607,1.34703
1780394400,1.34706,1.34744,1.34666,1.3468
1780398000,1.3468,1.34772,1.34654,1.3474
1780401600,1.34741,1.34774,1.34706,1.3472
1780405200,1.34722,1.34778,1.34672,1.34706
1780408800,1.34704,1.34808,1.34632,1.34724
1780412400,1.34724,1.34804,1.34716,1.34794
1780416000,1.34796,1.34801,1.34646,1.34662
1780419600,1.34664,1.3468,1.34576,1.34593
1780423200,1.34594,1.34706,1.34534,1.34691
1780426800,1.34692,1.34724,1.34678,1.34688
1780430400,1.34688,1.3472,1.3464,1.34644
1780434000,1.34676,1.34694,1.34637,1.34668
1780437600,1.34678,1.34685,1.34618,1.34621
1780441200,1.3462,1.34628,1.34506,1.3453
1780444800,1.3453,1.34672,1.34518,1.3466
1780448400,1.3466,1.3472,1.34622,1.34674
1780452000,1.34675,1.34708,1.34611,1.34632
1780455600,1.34633,1.3465,1.3461,1.3463
1780459200,1.34631,1.34638,1.34588,1.34605
1780462800,1.34603,1.34638,1.34497,1.34499
1780466400,1.34494,1.34536,1.34368,1.34502
1780470000,1.34504,1.34626,1.3443,1.34564
1780473600,1.34563,1.34582,1.34404,1.3443
1780477200,1.3443,1.34512,1.34426,1.34482
1780480800,1.34482,1.34602,1.34457,1.34498
1780484400,1.34498,1.34561,1.34486,1.34504
1780488000,1.34502,1.34512,1.34277,1.34322
1780491600,1.34321,1.34368,1.34218,1.3426
1780495200,1.34253,1.34373,1.34213,1.34372
1780498800,1.34372,1.344,1.34262,1.34348
1780502400,1.34346,1.34353,1.34157,1.34228
1780506000,1.34228,1.34288,1.34153,1.34161
1780509600,1.34162,1.34182,1.34126,1.34166
1780513200,1.34166,1.3421,1.34156,1.34198
1780516800,1.34198,1.34212,1.3416,1.34172
1780520400,1.34186,1.34221,1.34137,1.34186
1780524000,1.34181,1.34286,1.3412,1.34227
1780527600,1.3423,1.34284,1.34175,1.34266
1780531200,1.34264,1.34321,1.34228,1.34256
1780534800,1.34256,1.34278,1.34228,1.34274
1780538400,1.34276,1.34279,1.34216,1.34264
1780542000,1.34263,1.34264,1.34174,1.34231
1780545600,1.34232,1.34318,1.34228,1.3431
1780549200,1.3431,1.34322,1.34206,1.3428
1780552800,1.3428,1.3435,1.34244,1.34282
1780556400,1.34281,1.34296,1.34116,1.3422
1780560000,1.34218,1.34358,1.34218,1.34302
1780563600,1.34302,1.34424,1.343,1.3437
1780567200,1.34369,1.3444,1.3434,1.34431
1780570800,1.34432,1.34626,1.34428,1.34588
1780574400,1.34588,1.34626,1.34522,1.3456
1780578000,1.3456,1.34575,1.34484,1.34512
1780581600,1.34512,1.34545,1.34353,1.34437
1780585200,1.34436,1.34441,1.343,1.34394
1780588800,1.34396,1.34421,1.34345,1.34353
1780592400,1.34354,1.34366,1.34262,1.34271
1780596000,1.34271,1.34296,1.34234,1.34249
1780599600,1.34248,1.34262,1.34216,1.3424
1780603200,1.34239,1.3425,1.34207,1.3424
1780606800,1.34295,1.34325,1.34222,1.3424
1780610400,1.34241,1.34258,1.34218,1.34238
1780614000,1.34239,1.34249,1.3422,1.34229
1780617600,1.3423,1.3424,1.34186,1.34236
1780621200,1.34235,1.34252,1.3416,1.3424
1780624800,1.34242,1.34284,1.3423,1.34242
1780628400,1.34242,1.3428,1.34232,1.34268
1780632000,1.34267,1.34316,1.34259,1.34294
1780635600,1.34294,1.34318,1.3425,1.34258
1780639200,1.34258,1.34362,1.3424,1.34354
1780642800,1.34353,1.34486,1.3434,1.34454
1780646400,1.34454,1.34582,1.34447,1.34554
1780650000,1.34554,1.347,1.34529,1.34646
1780653600,1.34646,1.34832,1.34638,1.34744
1780657200,1.34742,1.34753,1.34664,1.34683
1780660800,1.34684,1.34694,1.34042,1.34047
1780664400,1.34048,1.34221,1.33945,1.33986
1780668000,1.33984,1.34089,1.33798,1.33864
1780671600,1.33865,1.3388,1.3357,1.33584
1780675200,1.33584,1.33594,1.33408,1.3356
1780678800,1.3356,1.3357,1.33371,1.33416
1780682400,1.33417,1.33441,1.33339,1.33368
1780686000,1.33367,1.33406,1.33302,1.3338
1780689600,1.33378,1.33421,1.33307,1.33391
1780866000,1.33305,1.33324,1.33197,1.33218
1780869600,1.33227,1.33306,1.3317,1.33241
1780873200,1.33238,1.33363,1.33238,1.3335
1780876800,1.33348,1.33492,1.33343,1.33492
1780880400,1.33492,1.33505,1.33186,1.33368
1780884000,1.33368,1.3343,1.33276,1.33396
1780887600,1.33396,1.33422,1.33345,1.33412
1780891200,1.33412,1.33458,1.33379,1.33398
1780894800,1.33398,1.33489,1.33254,1.33282
1780898400,1.33281,1.33314,1.33202,1.33228
1780902000,1.33229,1.3347,1.3321,1.33276
1780905600,1.33276,1.3336,1.332,1.33216
1780909200,1.33215,1.33276,1.3306,1.3327
1780912800,1.3327,1.3349,1.33234,1.33414
1780916400,1.33414,1.33698,1.33407,1.33598
1780920000,1.33598,1.33678,1.33455,1.33506
1780923600,1.33506,1.33654,1.33484,1.33516
1780927200,1.33516,1.33581,1.33368,1.33434
1780930800,1.33434,1.33511,1.33354,1.33468
1780934400,1.33467,1.33482,1.33425,1.33433
1780938000,1.33436,1.33469,1.334,1.33452
1780941600,1.33453,1.33526,1.33378,1.3339
1780945200,1.3339,1.3344,1.33382,1.33412
1780948800,1.33411,1.33433,1.33378,1.3339
1780952400,1.3342,1.33488,1.3338,1.33428
1780956000,1.3342,1.33426,1.33387,1.33408
1780959600,1.33406,1.33413,1.33332,1.3334
1780963200,1.33338,1.33368,1.3331,1.33364
1780966800,1.33365,1.33514,1.33356,1.33514
1780970400,1.33514,1.33531,1.33478,1.33492
1780974000,1.33491,1.33525,1.33456,1.33494
1780977600,1.33493,1.3363,1.33475,1.33604
1780981200,1.33605,1.3365,1.33558,1.33616
1780984800,1.33618,1.33747,1.33586,1.33632
1780988400,1.3363,1.33749,1.33582,1.33675
1780992000,1.33675,1.33828,1.33646,1.338
1780995600,1.338,1.33917,1.33792,1.33878
1780999200,1.33875,1.33981,1.33852,1.33956
1781002800,1.33957,1.34062,1.33946,1.34027
1781006400,1.34028,1.34078,1.33986,1.3404
1781010000,1.3404,1.34112,1.33948,1.3398
1781013600,1.33979,1.34074,1.33885,1.33969
1781017200,1.3397,1.34046,1.33726,1.33872
1781020800,1.33871,1.3389,1.33584,1.33716
1781024400,1.33718,1.33892,1.33708,1.33829
1781028000,1.33831,1.33907,1.33809,1.33878
1781031600,1.33878,1.3389,1.33786,1.33796
1781035200,1.33796,1.3383,1.33776,1.33788
1781038800,1.3373,1.33835,1.33684,1.33713
1781042400,1.33708,1.33768,1.33708,1.3372
1781046000,1.3372,1.33754,1.33685,1.33718
1781049600,1.33718,1.33806,1.33684,1.33789
1781053200,1.33788,1.33802,1.33726,1.33749
1781056800,1.33748,1.33838,1.3373,1.33794
1781060400,1.33795,1.33908,1.3379,1.33889
1781064000,1.3389,1.33894,1.33797,1.33823
1781067600,1.33822,1.33946,1.33799,1.33914
1781071200,1.33918,1.33972,1.33826,1.33834
1781074800,1.33832,1.33936,1.33801,1.33906
1781078400,1.33908,1.33926,1.33823,1.33863
1781082000,1.33864,1.33998,1.33811,1.33976
1781085600,1.33974,1.33994,1.33898,1.33904
1781089200,1.33906,1.33938,1.3376,1.33784
1781092800,1.33784,1.34088,1.33772,1.33892
1781096400,1.33892,1.34236,1.33888,1.34098
1781100000,1.341,1.34174,1.33958,1.34016
1781103600,1.34016,1.34053,1.33714,1.33898
1781107200,1.339,1.33977,1.33866,1.33895
1781110800,1.33896,1.33948,1.33795,1.33916
1781114400,1.33916,1.33966,1.3379,1.33796
1781118000,1.33796,1.33802,1.33718,1.33721
1781121600,1.3372,1.33728,1.33672,1.33678
1781125200,1.33722,1.33788,1.33654,1.33694
1781128800,1.33694,1.3371,1.33554,1.3356
1781132400,1.3356,1.33648,1.33498,1.33616
1781136000,1.33618,1.33712,1.33618,1.33708
1781139600,1.3371,1.33919,1.337,1.33859
1781143200,1.3386,1.33864,1.33767,1.33792
1781146800,1.33791,1.33806,1.33752,1.33786
1781150400,1.33786,1.33868,1.33764,1.33836
1781154000,1.33835,1.33869,1.33799,1.3381
1781157600,1.3381,1.33819,1.33753,1.33774
1781161200,1.33774,1.33918,1.33767,1.33826
1781164800,1.33822,1.33836,1.33612,1.33634
1781168400,1.33635,1.33695,1.33584,1.33654
1781172000,1.33654,1.33657,1.33526,1.33595
1781175600,1.33595,1.33682,1.33595,1.33652
1781179200,1.33652,1.3368,1.33404,1.33614
1781182800,1.33614,1.33626,1.3339,1.33533
1781186400,1.33534,1.33552,1.33251,1.33278
1781190000,1.33278,1.33449,1.33246,1.33355
1781193600,1.33356,1.33376,1.33279,1.33334
1781197200,1.33333,1.34046,1.33265,1.3389
1781200800,1.33887,1.34077,1.33786,1.33974
1781204400,1.33974,1.34334,1.33973,1.34164
1781208000,1.34165,1.3423,1.34132,1.34159
1781211600,1.34161,1.34278,1.34102,1.34134
1781215200,1.34146,1.3426,1.34144,1.34237
1781218800,1.34236,1.34264,1.34134,1.34142
1781222400,1.34144,1.34158,1.34059,1.34086
1781226000,1.34087,1.3409,1.33999,1.3403
1781229600,1.3403,1.34127,1.34022,1.3407
1781233200,1.34069,1.34178,1.34048,1.34146
1781236800,1.34145,1.3418,1.34098,1.34115
1781240400,1.34112,1.34142,1.33948,1.33963
1781244000,1.33964,1.34108,1.33964,1.34064
1781247600,1.34067,1.34068,1.33836,1.33979
1781251200,1.3398,1.34194,1.33948,1.34134
1781254800,1.34134,1.3426,1.3409,1.34204
1781258400,1.34204,1.34236,1.34048,1.34109
1781262000,1.3411,1.34182,1.34085,1.34092
1781265600,1.34092,1.34094,1.33898,1.33936
1781269200,1.33936,1.34142,1.33904,1.34
1781272800,1.34002,1.34174,1.33954,1.34138
1781276400,1.3414,1.3424,1.34082,1.3413
1781280000,1.3413,1.34192,1.34076,1.34157
1781283600,1.34156,1.34217,1.34144,1.34167
1781287200,1.34166,1.34214,1.34122,1.34158
1781290800,1.34157,1.34202,1.34084,1.34112
1781294400,1.34109,1.34114,1.34022,1.34066
1781470800,1.34092,1.34368,1.34092,1.34314
1781474400,1.34298,1.34548,1.34288,1.34524
1781478000,1.34522,1.34544,1.34452,1.34496
1781481600,1.34494,1.3461,1.34438,1.3444
1781485200,1.34439,1.34442,1.34368,1.34378
1781488800,1.34377,1.34408,1.34328,1.34392
1781492400,1.34392,1.34465,1.34384,1.34432
1781496000,1.3443,1.34512,1.34408,1.34504
1781499600,1.34504,1.34603,1.34503,1.34552
1781503200,1.34552,1.34561,1.3435,1.34422
1781506800,1.3442,1.34448,1.34282,1.34328
1781510400,1.34326,1.34361,1.34185,1.34228
1781514000,1.3423,1.34336,1.34228,1.3427
1781517600,1.3427,1.34343,1.34225,1.3425
1781521200,1.34248,1.34312,1.34194,1.34234
1781524800,1.34234,1.34316,1.34172,1.343
1781528400,1.34301,1.34396,1.34272,1.34342
1781532000,1.3434,1.34446,1.34278,1.34404
1781535600,1.34403,1.34403,1.34242,1.34252
1781539200,1.34253,1.34336,1.34244,1.34294
1781542800,1.34294,1.343,1.34256,1.34282
1781546400,1.34283,1.34314,1.34188,1.34194
1781550000,1.34196,1.3421,1.34078,1.34088
1781553600,1.34086,1.34134,1.34064,1.3412
1781557200,1.3418,1.34224,1.34084,1.34104
1781560800,1.34099,1.34148,1.34077,1.34117
1781564400,1.34118,1.3417,1.34117,1.34157
1781568000,1.34156,1.34157,1.34092,1.34136
1781571600,1.34136,1.34181,1.34051,1.34068
1781575200,1.34069,1.34069,1.33974,1.34046
1781578800,1.34043,1.34064,1.34,1.34032
1781582400,1.34033,1.34048,1.33911,1.33973
1781586000,1.33973,1.34014,1.33924,1.33926
1781589600,1.33924,1.34066,1.33907,1.34058
1781593200,1.34058,1.34164,1.34029,1.34163
1781596800,1.34164,1.34242,1.34132,1.34242
1781600400,1.34241,1.34273,1.3415,1.34156
1781604000,1.34154,1.34317,1.34146,1.3431
1781607600,1.34309,1.34309,1.34116,1.34154
1781611200,1.34153,1.34175,1.34078,1.3416
1781614800,1.34159,1.34191,1.34066,1.34106
1781618400,1.34105,1.34278,1.34031,1.34274
1781622000,1.34275,1.34434,1.34188,1.34376
1781625600,1.34375,1.34401,1.3429,1.34293
1781629200,1.34294,1.34294,1.34246,1.3429
1781632800,1.34291,1.3433,1.34236,1.34285
1781636400,1.34286,1.34327,1.34221,1.34238
1781640000,1.34239,1.34271,1.34219,1.3427
1781643600,1.343,1.34304,1.3422,1.34292
1781647200,1.34294,1.34298,1.34267,1.34278
1781650800,1.3428,1.3431,1.34248,1.34252
1781654400,1.34254,1.34324,1.3424,1.34306
1781658000,1.34307,1.34338,1.34265,1.34269
1781661600,1.3427,1.34319,1.34254,1.34258
1781665200,1.34258,1.3429,1.34249,1.34272
1781668800,1.34273,1.34332,1.3427,1.3431
1781672400,1.3431,1.34342,1.34272,1.3429
1781676000,1.34292,1.34416,1.34084,1.34146
1781679600,1.34146,1.34214,1.34117,1.3421
1781683200,1.34208,1.34212,1.34084,1.34171
1781686800,1.34168,1.34198,1.34126,1.34176
1781690400,1.34176,1.3418,1.34094,1.34124
1781694000,1.34125,1.34137,1.33996,1.3405
1781697600,1.3405,1.34162,1.34038,1.34152
1781701200,1.3415,1.34186,1.34058,1.34062
1781704800,1.34063,1.3408,1.33848,1.33938
1781708400,1.33936,1.33986,1.3388,1.33963
1781712000,1.33964,1.3398,1.33896,1.33965
1781715600,1.33966,1.34038,1.3394,1.34026
1781719200,1.33998,1.34015,1.33348,1.33372
1781722800,1.33372,1.33402,1.3262,1.32854
1781726400,1.32853,1.32994,1.32772,1.32942
1781730000,1.32888,1.33025,1.32848,1.32895
1781733600,1.3288,1.3297,1.3288,1.3296
1781737200,1.32959,1.33026,1.32959,1.33008
1781740800,1.33007,1.3318,1.33004,1.33065
1781744400,1.33066,1.33188,1.3306,1.33103
1781748000,1.33102,1.33158,1.33067,1.33122
1781751600,1.33126,1.33182,1.33122,1.33171
1781755200,1.33172,1.33198,1.33123,1.33146
1781758800,1.33146,1.33156,1.32992,1.32993
1781762400,1.32992,1.3325,1.32992,1.33126
1781766000,1.33125,1.3317,1.32893,1.3297
1781769600,1.3297,1.32972,1.32414,1.32453
1781773200,1.32456,1.32501,1.32338,1.32402
1781776800,1.32401,1.32403,1.32252,1.32298
1781780400,1.32298,1.32346,1.32051,1.3211
1781784000,1.3211,1.32486,1.32098,1.32334
1781787600,1.32334,1.32497,1.32243,1.32384
1781791200,1.32384,1.32529,1.32308,1.3252
1781794800,1.32522,1.32536,1.32255,1.3226
1781798400,1.32259,1.32295,1.32112,1.32214
1781802000,1.32214,1.32304,1.32084,1.32087
1781805600,1.32086,1.32118,1.32026,1.3203
1781809200,1.3203,1.32094,1.31929,1.32002
1781812800,1.32004,1.32076,1.31972,1.3205
1781816400,1.32063,1.32216,1.32009,1.32111
1781820000,1.32098,1.32098,1.32031,1.32057
1781823600,1.32056,1.32064,1.32006,1.32016
1781827200,1.32015,1.32115,1.32012,1.32091
1781830800,1.32094,1.32108,1.31947,1.31954
1781834400,1.31953,1.32058,1.31934,1.32015
1781838000,1.32016,1.32019,1.3186,1.31874
1781841600,1.31874,1.31883,1.31682,1.31698
1781845200,1.31699,1.31996,1.31633,1.31929
1781848800,1.31928,1.31996,1.31842,1.31986
1781852400,1.31986,1.32082,1.31913,1.31955
1781856000,1.31956,1.32328,1.31953,1.32326
1781859600,1.32328,1.3241,1.32274,1.32346
1781863200,1.32346,1.32358,1.32232,1.3235
1781866800,1.3235,1.32407,1.32266,1.32294
1781870400,1.32294,1.324,1.32253,1.32352
1781874000,1.32353,1.32367,1.32164,1.32205
1781877600,1.32204,1.32358,1.32137,1.32304
1781881200,1.32304,1.32356,1.32179,1.322
1781884800,1.32202,1.32297,1.32179,1.32287
1781888400,1.32286,1.32383,1.32284,1.32316
1781892000,1.32318,1.32373,1.32304,1.32336
1781895600,1.32335,1.32361,1.32295,1.32336
1781899200,1.32336,1.32408,1.32228,1.32335
1782075600,1.31951,1.32054,1.31926,1.31972
1782079200,1.31972,1.32127,1.31972,1.32084
1782082800,1.32084,1.32105,1.32013,1.32076
1782086400,1.32077,1.32225,1.32076,1.32222
1782090000,1.32222,1.32338,1.322,1.322
1782093600,1.322,1.32278,1.32176,1.32248
1782097200,1.32248,1.32272,1.32098,1.32126
1782100800,1.32126,1.32132,1.32039,1.32075
1782104400,1.32074,1.32208,1.32074,1.3209
1782108000,1.32086,1.32166,1.32011,1.32102
1782111600,1.32102,1.32188,1.31896,1.31943
1782115200,1.31944,1.32114,1.31836,1.32058
1782118800,1.32058,1.3235,1.32054,1.32287
1782122400,1.32286,1.3248,1.32281,1.32372
1782126000,1.32373,1.32442,1.3232,1.32356
1782129600,1.32355,1.32732,1.32347,1.32614
1782133200,1.32614,1.32656,1.32381,1.3239
1782136800,1.3239,1.32654,1.3238,1.32624
1782140400,1.32624,1.32677,1.3246,1.32474
1782144000,1.32475,1.32486,1.32397,1.32446
1782147600,1.32446,1.32462,1.32406,1.32443
1782151200,1.32442,1.32463,1.32404,1.32436
1782154800,1.32437,1.32496,1.32418,1.32478
1782158400,1.32478,1.3252,1.32473,1.32504
1782162000,1.32508,1.32572,1.32499,1.32501
1782165600,1.325,1.32525,1.3246,1.32485
1782169200,1.32484,1.32498,1.32462,1.32469
1782172800,1.3247,1.32481,1.32395,1.3245
1782176400,1.3245,1.32463,1.32389,1.32432
1782180000,1.3243,1.32492,1.32414,1.32416
1782183600,1.32419,1.32494,1.32344,1.32488
1782187200,1.32488,1.32498,1.32351,1.3237
1782190800,1.32369,1.32428,1.32334,1.32424
1782194400,1.32424,1.32464,1.32288,1.32344
1782198000,1.32344,1.32498,1.32207,1.32265
1782201600,1.32268,1.32359,1.32127,1.32204
1782205200,1.32204,1.32308,1.32158,1.32301
1782208800,1.32302,1.32316,1.32105,1.32198
1782212400,1.32198,1.32268,1.32069,1.3208
1782216000,1.3208,1.32205,1.3207,1.32118
1782219600,1.32119,1.3222,1.3205,1.32136
1782223200,1.32135,1.32151,1.31951,1.3201
1782226800,1.3201,1.32024,1.31851,1.31898
1782230400,1.31899,1.31971,1.3186,1.31868
1782234000,1.31866,1.31914,1.31831,1.31876
1782237600,1.31875,1.31888,1.31822,1.31886
1782241200,1.31888,1.32008,1.31882,1.31955
1782244800,1.31953,1.32032,1.31947,1.32031
1782248400,1.32002,1.3206,1.31973,1.32018
1782252000,1.32018,1.3202,1.31989,1.32006
1782255600,1.32006,1.3204,1.31972,1.31996
1782259200,1.31996,1.32032,1.3194,1.31992
1782262800,1.31992,1.3202,1.31908,1.32012
1782266400,1.32012,1.32047,1.31907,1.31908
1782270000,1.31908,1.32017,1.31872,1.3199
1782273600,1.31989,1.31991,1.3191,1.31932
1782277200,1.31931,1.31984,1.31924,1.31952
1782280800,1.31952,1.32093,1.31844,1.31867
1782284400,1.31868,1.31987,1.31801,1.31869
1782288000,1.3187,1.31978,1.31713,1.3193
1782291600,1.31928,1.31958,1.31748,1.31758
1782295200,1.31758,1.31758,1.3155,1.31558
1782298800,1.3156,1.31736,1.31486,1.3163
1782302400,1.3163,1.3169,1.31417,1.31505
1782306000,1.31504,1.31668,1.31436,1.31621
1782309600,1.31623,1.3167,1.31402,1.31473
1782313200,1.31472,1.31718,1.31454,1.31584
1782316800,1.31584,1.31792,1.3156,1.31706
1782320400,1.31707,1.31722,1.31538,1.31562
1782324000,1.31561,1.317,1.31554,1.3162
1782327600,1.31621,1.31654,1.31561,1.31608
1782331200,1.31608,1.317,1.31592,1.31681
1782334800,1.31634,1.31728,1.31598,1.31668
1782338400,1.31668,1.31674,1.3164,1.31658
1782342000,1.31657,1.3167,1.31634,1.31644
1782345600,1.31644,1.3166,1.31583,1.3163
1782349200,1.31631,1.31828,1.31624,1.31709
1782352800,1.3171,1.31801,1.31688,1.3178
1782356400,1.31779,1.31836,1.31775,1.31824
1782360000,1.31825,1.31856,1.31799,1.31824
1782363600,1.31824,1.31852,1.31757,1.31762
1782367200,1.3176,1.31792,1.31676,1.31733
1782370800,1.31734,1.31854,1.31706,1.31848
1782374400,1.31847,1.31969,1.3181,1.31907
1782378000,1.31909,1.31975,1.31833,1.31854
1782381600,1.31853,1.31853,1.31644,1.31689
1782385200,1.31688,1.31692,1.31512,1.31553
1782388800,1.31554,1.31868,1.31542,1.31764
1782392400,1.31763,1.3199,1.31737,1.31891
1782396000,1.31893,1.32188,1.31889,1.32014
1782399600,1.32013,1.32174,1.3198,1.3215
1782403200,1.3215,1.32192,1.32036,1.32058
1782406800,1.32058,1.32067,1.31986,1.32024
1782410400,1.32024,1.32058,1.31945,1.3198
1782414000,1.31982,1.32054,1.3194,1.32
1782417600,1.32,1.32016,1.31902,1.3191
1782421200,1.32001,1.32028,1.3189,1.31959
1782424800,1.31962,1.31964,1.31906,1.3193
1782428400,1.31929,1.3194,1.31848,1.31876
1782432000,1.31875,1.31942,1.31872,1.31931
1782435600,1.31932,1.31999,1.31871,1.31909
1782439200,1.31908,1.31928,1.31804,1.31835
1782442800,1.31834,1.31982,1.31828,1.3198
1782446400,1.3198,1.3202,1.31952,1.32014
1782450000,1.32015,1.32078,1.31989,1.32052
1782453600,1.32054,1.32073,1.31939,1.3197
1782457200,1.3197,1.32118,1.3191,1.32049
1782460800,1.3205,1.32224,1.31989,1.32164
1782464400,1.32165,1.32288,1.32078,1.32192
1782468000,1.32192,1.32236,1.32154,1.32221
1782471600,1.32222,1.32246,1.32106,1.3217
1782475200,1.32168,1.32216,1.31998,1.32107
1782478800,1.32108,1.32257,1.32019,1.32254
1782482400,1.3225,1.32321,1.31974,1.31975
1782486000,1.31976,1.32227,1.31975,1.32212
1782489600,1.32211,1.32214,1.32046,1.32059
1782493200,1.32062,1.321,1.31984,1.32002
1782496800,1.32004,1.32062,1.31989,1.31997
1782500400,1.31998,1.32029,1.31954,1.31988
1782504000,1.3199,1.3204,1.31922,1.31974
1782680400,1.32062,1.32064,1.31934,1.3203
1782684000,1.32029,1.32038,1.3191,1.3195
1782687600,1.31949,1.31984,1.31922,1.31966
1782691200,1.31966,1.32016,1.31938,1.31991
1782694800,1.3199,1.3205,1.3196,1.31984
1782698400,1.31985,1.32102,1.3198,1.32028
1782702000,1.32028,1.32064,1.31984,1.31984
1782705600,1.31984,1.32007,1.31964,1.31992
1782709200,1.31991,1.32122,1.31988,1.32102
1782712800,1.32103,1.32282,1.32089,1.32256
1782716400,1.32255,1.32282,1.32118,1.32132
1782720000,1.32132,1.32172,1.32032,1.32072
1782723600,1.32071,1.32188,1.32066,1.3218
1782727200,1.32181,1.32268,1.321,1.32229
1782730800,1.32228,1.32348,1.32227,1.32314
1782734400,1.32314,1.32404,1.32282,1.32336
1782738000,1.32336,1.32474,1.32335,1.32366
1782741600,1.32367,1.32482,1.32279,1.32448
1782745200,1.32448,1.32538,1.32426,1.32534
1782748800,1.32535,1.32589,1.32515,1.32546
1782752400,1.32546,1.32579,1.32508,1.32574
1782756000,1.32573,1.32604,1.32558,1.32578
1782759600,1.32576,1.32626,1.32548,1.32608
1782763200,1.32609,1.32624,1.32584,1.32594
1782766800,1.32503,1.32596,1.32498,1.32573
1782770400,1.32579,1.3262,1.32568,1.32604
1782774000,1.32603,1.32612,1.32528,1.32534
1782777600,1.32532,1.32546,1.32394,1.32454
1782781200,1.32454,1.32481,1.32338,1.32364
1782784800,1.32364,1.32397,1.32334,1.32368
1782788400,1.3237,1.3239,1.32315,1.32335
1782792000,1.32336,1.32364,1.32286,1.32288
1782795600,1.32288,1.32326,1.32256,1.32266
1782799200,1.32266,1.3245,1.32226,1.32419
1782802800,1.32422,1.32472,1.32336,1.32346
1782806400,1.32344,1.3236,1.32216,1.32304
1782810000,1.32304,1.32382,1.32292,1.3236
1782813600,1.32363,1.324,1.32314,1.32359
1782817200,1.32358,1.32364,1.3215,1.32267
1782820800,1.32268,1.32272,1.32122,1.32156
1782824400,1.32156,1.3232,1.32136,1.32217
1782828000,1.32216,1.32758,1.32144,1.32726
1782831600,1.32726,1.32768,1.32556,1.32572
1782835200,1.32574,1.3259,1.32484,1.3251
1782838800,1.32511,1.32581,1.32502,1.32558
1782842400,1.32558,1.32634,1.32538,1.32546
1782846000,1.32546,1.32652,1.32518,1.3264
1782849600,1.3264,1.32662,1.32589,1.3261
1782853200,1.32575,1.3265,1.3255,1.32594
1782856800,1.32594,1.32618,1.32565,1.32576
1782860400,1.32575,1.32578,1.32492,1.32499
1782864000,1.325,1.32518,1.32442,1.32456
1782867600,1.32457,1.3246,1.32352,1.32378
1782871200,1.32378,1.3241,1.32341,1.32362
1782874800,1.32364,1.324,1.3232,1.32354
1782878400,1.32354,1.3244,1.32326,1.32417
1782882000,1.32416,1.32454,1.32393,1.32417
1782885600,1.32418,1.3245,1.32354,1.32432
1782889200,1.3243,1.3246,1.32289,1.32444
1782892800,1.32442,1.32529,1.32394,1.32468
1782896400,1.32468,1.32572,1.3243,1.32468
1782900000,1.32467,1.32568,1.32448,1.32528
1782903600,1.32527,1.32538,1.32414,1.32424
1782907200,1.32425,1.32486,1.32338,1.3237
1782910800,1.3237,1.32808,1.3219,1.32634
1782914400,1.32638,1.32923,1.32628,1.32779
1782918000,1.32778,1.32818,1.32665,1.32776
1782921600,1.32778,1.32921,1.32776,1.32814
1782925200,1.32816,1.32857,1.32775,1.32778
1782928800,1.32777,1.32798,1.32716,1.32782
1782932400,1.32782,1.32824,1.32772,1.32783
1782936000,1.32782,1.32804,1.32687,1.32758
1782939600,1.32769,1.32834,1.32682,1.32727
1782943200,1.32736,1.32804,1.32734,1.328
1782946800,1.328,1.32804,1.32774,1.32787
1782950400,1.32786,1.32836,1.32747,1.3278
1782954000,1.32782,1.3291,1.3277,1.32846
1782957600,1.32846,1.32951,1.32842,1.32856
1782961200,1.32856,1.32873,1.328,1.32868
1782964800,1.32866,1.32924,1.32853,1.32893
1782968400,1.32896,1.32929,1.32865,1.32914
1782972000,1.32915,1.33261,1.32914,1.33054
1782975600,1.33054,1.33384,1.3298,1.33366
1782979200,1.33365,1.33632,1.33354,1.33574
1782982800,1.33571,1.33589,1.33383,1.33406
1782986400,1.33407,1.33448,1.3326,1.33326
1782990000,1.33326,1.33334,1.33084,1.33105
1782993600,1.33102,1.33832,1.32971,1.33648
1782997200,1.33648,1.33808,1.33528,1.33759
1783000800,1.3376,1.33849,1.33568,1.33756
1783004400,1.33756,1.33787,1.33604,1.33618
1783008000,1.33621,1.33624,1.33492,1.33531
1783011600,1.3353,1.3354,1.33381,1.33408
1783015200,1.33407,1.33514,1.33402,1.3348
1783018800,1.33481,1.33498,1.33421,1.33456
1783022400,1.33454,1.3351,1.33438,1.3347
1783026000,1.33469,1.3352,1.33406,1.33488
1783029600,1.33484,1.33495,1.33428,1.33448
1783033200,1.3345,1.33474,1.33378,1.33383
1783036800,1.33383,1.3348,1.33345,1.33478
1783040400,1.33478,1.33638,1.33466,1.33558
1783044000,1.3356,1.33666,1.33546,1.33614
1783047600,1.33612,1.33622,1.3357,1.33614
1783051200,1.33614,1.33659,1.33585,1.33653
1783054800,1.33652,1.33776,1.33641,1.33654
1783058400,1.33654,1.33813,1.33646,1.3368
1783062000,1.3368,1.33766,1.33624,1.33722
1783065600,1.33725,1.3374,1.33572,1.33604
1783069200,1.33602,1.3362,1.335,1.3351
1783072800,1.3351,1.3361,1.33491,1.33558
1783076400,1.33557,1.3364,1.33537,1.33583
1783080000,1.33584,1.33618,1.33543,1.33559
1783083600,1.3356,1.33561,1.33458,1.33496
1783087200,1.33498,1.33588,1.33469,1.33565
1783090800,1.33566,1.33572,1.33506,1.33556
1783094400,1.33554,1.33564,1.33512,1.3355
1783098000,1.3355,1.33583,1.33546,1.33567
1783101600,1.33567,1.33578,1.33556,1.33562
1783105200,1.3356,1.33575,1.33522,1.3353
1783108800,1.33529,1.33542,1.33464,1.33536
1783285200,1.33501,1.33566,1.33471,1.33512
1783288800,1.33516,1.33548,1.3348,1.33486
1783292400,1.33486,1.33539,1.33462,1.33526
1783296000,1.33525,1.33568,1.33464,1.33532
1783299600,1.33532,1.33544,1.33392,1.33398
1783303200,1.33398,1.33474,1.33393,1.33462
1783306800,1.33462,1.33484,1.33396,1.33424
1783310400,1.33423,1.33454,1.33412,1.33431
1783314000,1.3343,1.33444,1.33346,1.33364
1783317600,1.33363,1.33408,1.33302,1.33344
1783321200,1.33343,1.33498,1.33287,1.33488
1783324800,1.33488,1.33504,1.33307,1.33376
1783328400,1.33376,1.33415,1.33314,1.33352
1783332000,1.3335,1.33473,1.33323,1.33409
1783335600,1.33408,1.33458,1.33362,1.33444
1783339200,1.33446,1.33518,1.33374,1.33424
1783342800,1.33424,1.33566,1.33411,1.3346
1783346400,1.3346,1.33594,1.33434,1.3356
1783350000,1.33563,1.33683,1.33518,1.33679
1783353600,1.3368,1.33768,1.33653,1.33757
1783357200,1.33756,1.33842,1.3375,1.3382
1783360800,1.3382,1.33972,1.3381,1.33944
1783364400,1.33945,1.33974,1.33894,1.33921
1783368000,1.33922,1.3393,1.33884,1.33897
1783371600,1.33888,1.33946,1.33854,1.339
1783375200,1.339,1.33965,1.33898,1.33965
1783378800,1.33964,1.34016,1.33938,1.33942
1783382400,1.3394,1.33958,1.33879,1.33883
1783386000,1.33882,1.34018,1.3388,1.33968
1783389600,1.33968,1.33996,1.33912,1.33912
1783393200,1.33914,1.3397,1.33894,1.33902
1783396800,1.33901,1.33934,1.33887,1.3389
1783400400,1.3389,1.33901,1.33796,1.33846
1783404000,1.33849,1.33868,1.33753,1.33806
1783407600,1.33808,1.33859,1.33752,1.33776
1783411200,1.33775,1.33939,1.33773,1.33916
1783414800,1.33916,1.33926,1.33802,1.33802
1783418400,1.33802,1.33865,1.33695,1.33848
1783422000,1.3385,1.33943,1.33826,1.33882
1783425600,1.33882,1.33926,1.33812,1.33855
1783429200,1.33856,1.33868,1.33695,1.33706
1783432800,1.33708,1.33858,1.33608,1.33792
1783436400,1.33792,1.33808,1.33698,1.33706
1783440000,1.33706,1.33752,1.33652,1.33712
1783443600,1.33714,1.33758,1.33682,1.33742
1783447200,1.33743,1.33762,1.33602,1.33634
1783450800,1.33634,1.33646,1.33489,1.33616
1783454400,1.33613,1.33626,1.33555,1.3359
1783458000,1.33534,1.33597,1.33498,1.33544
1783461600,1.33547,1.33558,1.33492,1.33529
1783465200,1.33528,1.33548,1.33452,1.33468
1783468800,1.33467,1.33553,1.33431,1.33528
1783472400,1.33528,1.33548,1.33423,1.33495
1783476000,1.33494,1.33552,1.3348,1.33528
1783479600,1.3353,1.33592,1.3353,1.33548
1783483200,1.33548,1.3355,1.33508,1.33536
1783486800,1.33535,1.33589,1.33518,1.33566
1783490400,1.33566,1.3366,1.33552,1.33653
1783494000,1.33654,1.33702,1.33553,1.33652
1783497600,1.33649,1.33704,1.33376,1.33398
1783501200,1.33398,1.33488,1.33222,1.3342
1783504800,1.33422,1.3357,1.33406,1.33458
1783508400,1.33458,1.33478,1.33298,1.33358
1783512000,1.33358,1.33568,1.33346,1.33411
1783515600,1.33408,1.33779,1.33406,1.3371
1783519200,1.3371,1.33756,1.33639,1.33722
1783522800,1.33722,1.33757,1.33569,1.33605
1783526400,1.33604,1.3386,1.33603,1.33848
1783530000,1.33848,1.34104,1.33848,1.33956
1783533600,1.33951,1.34061,1.33926,1.33997
1783537200,1.33998,1.34074,1.33974,1.34024
1783540800,1.34024,1.34042,1.33854,1.33888
1783544400,1.33955,1.33978,1.33858,1.33919
1783548000,1.33922,1.33929,1.33882,1.33916
1783551600,1.33916,1.33946,1.33896,1.33938
1783555200,1.33938,1.34042,1.33938,1.33977
1783558800,1.33978,1.33992,1.33866,1.33966
1783562400,1.33968,1.34006,1.3394,1.33941
1783566000,1.3394,1.34009,1.33904,1.3396
1783569600,1.33962,1.33998,1.3394,1.3399
1783573200,1.3399,1.34078,1.33987,1.34045
1783576800,1.34046,1.3431,1.34046,1.34254
1783580400,1.34256,1.34274,1.34116,1.34151
1783584000,1.3415,1.34218,1.34106,1.34126
1783587600,1.34127,1.34159,1.34068,1.34128
1783591200,1.34126,1.3413,1.33936,1.33958
1783594800,1.3396,1.33962,1.33846,1.33887
1783598400,1.33888,1.33984,1.33808,1.33845
1783602000,1.33846,1.34027,1.33846,1.34013
1783605600,1.34014,1.34111,1.33877,1.3391
1783609200,1.33912,1.34088,1.3387,1.3407
1783612800,1.34072,1.3412,1.34024,1.34098
1783616400,1.34097,1.34166,1.34079,1.34162
1783620000,1.34163,1.34194,1.34108,1.34158
1783623600,1.34159,1.34176,1.3405,1.34078
1783627200,1.34074,1.34113,1.34071,1.34088
1783630800,1.34059,1.34137,1.34007,1.34074
1783634400,1.34084,1.34132,1.34066,1.34122
1783638000,1.34121,1.34136,1.34111,1.34136
1783641600,1.34136,1.34251,1.34086,1.34226
1783645200,1.34225,1.3439,1.34197,1.3435
1783648800,1.34348,1.34519,1.3434,1.34486
1783652400,1.34486,1.34502,1.34376,1.34394
1783656000,1.34392,1.34392,1.34276,1.34304
1783659600,1.34306,1.34332,1.34218,1.34272
1783663200,1.34276,1.34362,1.34242,1.34268
1783666800,1.34268,1.34308,1.34204,1.34216
1783670400,1.34217,1.34266,1.34087,1.341
1783674000,1.341,1.34164,1.34092,1.341
1783677600,1.34102,1.34366,1.341,1.34328
1783681200,1.34328,1.34376,1.34176,1.34263
1783684800,1.34261,1.34373,1.34142,1.34212
1783688400,1.34214,1.34216,1.34043,1.34061
1783692000,1.34062,1.3414,1.33922,1.34097
1783695600,1.34099,1.3422,1.34077,1.34209
1783699200,1.34208,1.34233,1.3411,1.34112
1783702800,1.3411,1.3413,1.33994,1.34002
1783706400,1.34002,1.34008,1.33929,1.33986
1783710000,1.33986,1.33996,1.33948,1.33984
1783713600,1.33984,1.34024,1.3394,1.34021
1783890000,1.3389,1.3389,1.3386,1.33863
1783893600,1.33862,1.33867,1.33694,1.33754
1783897200,1.33754,1.33866,1.33725,1.33864
1783900800,1.33866,1.33878,1.33755,1.3376
1783904400,1.33761,1.33837,1.33668,1.33832
1783908000,1.33836,1.33845,1.33762,1.33768
1783911600,1.33767,1.33796,1.33711,1.33784
1783915200,1.33784,1.33848,1.33752,1.33839
1783918800,1.33838,1.3388,1.33776,1.33796
1783922400,1.33796,1.33924,1.33744,1.33784
1783926000,1.33785,1.33958,1.33776,1.33932
1783929600,1.33933,1.34119,1.33927,1.33944
1783933200,1.33944,1.3396,1.33851,1.3391
1783936800,1.3391,1.3399,1.33818,1.3399
1783940400,1.33989,1.34024,1.33854,1.33936
1783944000,1.33936,1.33992,1.33833,1.33992
1783947600,1.33994,1.34026,1.33836,1.33851
1783951200,1.33852,1.33874,1.33636,1.33786
1783954800,1.33788,1.33822,1.33706,1.33804
1783958400,1.33806,1.33844,1.33575,1.33632
1783962000,1.33636,1.33666,1.33568,1.33586
1783965600,1.33586,1.33612,1.33548,1.33604
1783969200,1.33605,1.33612,1.33516,1.33536
1783972800,1.33533,1.33548,1.33426,1.33464
1783976400,1.33556,1.33588,1.33472,1.33484
1783980000,1.33481,1.3353,1.33456,1.33487
1783983600,1.33488,1.33516,1.33464,1.33498
1783987200,1.33498,1.33575,1.33424,1.33516
1783990800,1.33514,1.33578,1.33508,1.33546
1783994400,1.33548,1.336,1.33544,1.33568
1783998000,1.33568,1.33644,1.33546,1.33606
1784001600,1.33607,1.33627,1.33566,1.33594
1784005200,1.33593,1.337,1.33591,1.33631
1784008800,1.3363,1.3365,1.33528,1.33564
1784012400,1.33565,1.33647,1.33514,1.33574
1784016000,1.33575,1.33765,1.3354,1.33748
1784019600,1.33752,1.33839,1.33738,1.33796
1784023200,1.33796,1.33826,1.33702,1.33729
1784026800,1.33728,1.33873,1.33662,1.33843
1784030400,1.33842,1.34438,1.33804,1.34094
1784034000,1.34094,1.34194,1.33982,1.34158
1784037600,1.34158,1.34232,1.33968,1.34052
1784041200,1.34054,1.34138,1.33799,1.33829
1784044800,1.33832,1.3392,1.33757,1.3389
1784048400,1.3389,1.3391,1.33682,1.33772
1784052000,1.33772,1.33842,1.33711,1.3382
1784055600,1.3382,1.33914,1.33812,1.3388
1784059200,1.3388,1.33922,1.33864,1.33914
1784062800,1.33864,1.33952,1.33802,1.33886
1784066400,1.33886,1.33945,1.3386,1.33909
1784070000,1.33908,1.33966,1.33906,1.33966
1784073600,1.33968,1.34044,1.33946,1.34033
1784077200,1.34032,1.34062,1.33992,1.34024
1784080800,1.34025,1.34095,1.33999,1.34062
1784084400,1.3406,1.34094,1.33986,1.34038
1784088000,1.3404,1.34055,1.34022,1.34026
1784091600,1.34027,1.34144,1.34004,1.34104
1784095200,1.34103,1.34201,1.34103,1.34152
1784098800,1.3415,1.342,1.34009,1.34022
1784102400,1.34021,1.34073,1.33912,1.33966
1784106000,1.33967,1.3399,1.3389,1.33904
1784109600,1.33904,1.33998,1.33806,1.33998
1784113200,1.33997,1.34152,1.3396,1.34102
1784116800,1.34102,1.34302,1.34029,1.34282
1784120400,1.34285,1.34498,1.34219,1.34412
1784124000,1.34412,1.34824,1.34378,1.34785
1784127600,1.34784,1.3498,1.34712,1.34958
1784131200,1.34957,1.35284,1.34942,1.35258
1784134800,1.35261,1.3549,1.35258,1.35474
1784138400,1.35474,1.35582,1.3536,1.35364
1784142000,1.35362,1.35447,1.35277,1.35348
1784145600,1.35348,1.35395,1.35336,1.3539
1784149200,1.35366,1.35394,1.35313,1.35369
1784152800,1.3537,1.35423,1.3537,1.35381
1784156400,1.35382,1.35436,1.35371,1.35388
1784160000,1.35389,1.35446,1.35274,1.35338
1784163600,1.35341,1.3535,1.35259,1.3527
1784167200,1.35272,1.35273,1.35198,1.3527
1784170800,1.35271,1.3538,1.35258,1.35331
1784174400,1.35332,1.35352,1.35307,1.35326
1784178000,1.35327,1.3541,1.3527,1.35292
1784181600,1.35288,1.3542,1.35281,1.354
1784185200,1.35402,1.35425,1.35308,1.35334
1784188800,1.35334,1.35342,1.3519,1.35208
1784192400,1.35208,1.35212,1.35058,1.35077
1784196000,1.35078,1.35096,1.35027,1.35038
1784199600,1.35037,1.35072,1.34938,1.35068
1784203200,1.3507,1.35152,1.34972,1.34976
1784206800,1.34978,1.35174,1.34964,1.35085
1784210400,1.35084,1.35137,1.34874,1.34882
1784214000,1.34882,1.34914,1.34802,1.3483
1784217600,1.3483,1.34836,1.34654,1.3466
1784221200,1.3466,1.34718,1.34597,1.34696
1784224800,1.34696,1.34714,1.34649,1.34706
1784228400,1.34706,1.34756,1.34669,1.34748
1784232000,1.34748,1.34803,1.34737,1.34793
1784235600,1.34784,1.34814,1.34752,1.34758
1784239200,1.34758,1.34774,1.3473,1.34742
1784242800,1.34741,1.34782,1.34738,1.3478
1784246400,1.34782,1.34788,1.34696,1.34772
1784250000,1.34772,1.34799,1.34642,1.3466
1784253600,1.34662,1.34693,1.34632,1.34636
1784257200,1.34636,1.34692,1.34622,1.34654
1784260800,1.34654,1.34655,1.34572,1.3459
1784264400,1.34592,1.34662,1.34576,1.34632
1784268000,1.34632,1.3476,1.34594,1.34745
1784271600,1.34744,1.34809,1.34572,1.34572
1784275200,1.34572,1.34623,1.34421,1.34432
1784278800,1.34432,1.34447,1.34358,1.34431
1784282400,1.34433,1.34433,1.34262,1.34316
1784286000,1.34316,1.34468,1.34278,1.34384
1784289600,1.34384,1.34404,1.34283,1.34316
1784293200,1.34316,1.34514,1.34283,1.34502
1784296800,1.34504,1.34548,1.34431,1.34454
1784300400,1.34454,1.3455,1.34422,1.34449
1784304000,1.3445,1.3456,1.34378,1.3456
1784307600,1.34563,1.346,1.34513,1.34534
1784311200,1.34534,1.34568,1.34516,1.3454
1784314800,1.3454,1.346,1.3451,1.34585
1784318400,1.34584,1.34602,1.34511,1.34522
1784494800,1.34489,1.34498,1.34408,1.3445
1784498400,1.3445,1.34474,1.34389,1.34442
1784502000,1.34444,1.34456,1.34414,1.3445
1784505600,1.34454,1.3452,1.34431,1.34509
1784509200,1.34512,1.34544,1.34486,1.34543
1784512800,1.34543,1.34635,1.34533,1.34592
1784516400,1.34592,1.34619,1.34579,1.34607
1784520000,1.34606,1.3468,1.34606,1.34664
1784523600,1.34664,1.34678,1.34636,1.34663
1784527200,1.34663,1.34688,1.34576,1.34586
1784530800,1.34589,1.34814,1.34577,1.34762
1784534400,1.34762,1.3477,1.3466,1.34696
1784538000,1.34697,1.34697,1.34576,1.34632
1784541600,1.34632,1.34736,1.34592,1.34682
1784545200,1.34683,1.34788,1.34614,1.34628
1784548800,1.34626,1.34647,1.34484,1.34549
1784552400,1.3455,1.34588,1.3445,1.34524
1784556000,1.34525,1.34569,1.34334,1.34394
1784559600,1.34393,1.34394,1.34136,1.34179
1784563200,1.3418,1.34236,1.34126,1.34204
1784566800,1.34206,1.34328,1.3419,1.34314
1784570400,1.34314,1.34397,1.34314,1.34361
1784574000,1.34362,1.34392,1.34318,1.34353
1784577600,1.34352,1.3437,1.34291,1.34306
1784581200,1.34345,1.34352,1.3423,1.34241
1784584800,1.34242,1.34268,1.34224,1.34265
1784588400,1.34266,1.34318,1.34261,1.34314
1784592000,1.34314,1.34352,1.34272,1.34314
1784595600,1.34316,1.34371,1.34301,1.3435
1784599200,1.34352,1.34384,1.34306,1.34314
1784602800,1.34314,1.34398,1.34294,1.34366
1784606400,1.34365,1.34408,1.3436,1.34402
1784610000,1.34404,1.34466,1.34388,1.34426
1784613600,1.34425,1.3453,1.34417,1.3448
1784617200,1.3448,1.34557,1.34365,1.34407
1784620800,1.34408,1.34484,1.34272,1.34292
1784624400,1.34292,1.34336,1.34249,1.34272
1784628000,1.34272,1.3434,1.34141,1.34169
1784631600,1.3417,1.34209,1.34018,1.34054
1784635200,1.34054,1.3407,1.33822,1.33889
1784638800,1.33888,1.33951,1.33594,1.33814
1784642400,1.33816,1.33992,1.3366,1.33714
1784646000,1.33713,1.33818,1.33682,1.3373
1784649600,1.33731,1.33841,1.33693,1.33826
1784653200,1.33826,1.33875,1.33804,1.33848
1784656800,1.33848,1.3385,1.33748,1.33812
1784660400,1.33814,1.33848,1.33792,1.33804
1784664000,1.33805,1.33808,1.33739,1.33751
1784667600,1.33748,1.33822,1.3372,1.3378
1784671200,1.33782,1.33782,1.33742,1.33742
1784674800,1.33744,1.3379,1.33737,1.33788
1784678400,1.33788,1.33872,1.33778,1.33852
1784682000,1.33852,1.33881,1.33796,1.33835
1784685600,1.33834,1.339,1.33806,1.33854
1784689200,1.33853,1.33873,1.33816,1.3383
1784692800,1.3383,1.33853,1.33808,1.33839
1784696400,1.3384,1.33868,1.33793,1.33802
1784700000,1.33799,1.3391,1.33694,1.33798
1784703600,1.33798,1.33954,1.33756,1.33824
1784707200,1.33824,1.33841,1.33716,1.33738
1784710800,1.33735,1.3375,1.33666,1.33695
1784714400,1.33694,1.33747,1.33658,1.33686
1784718000,1.33684,1.33729,1.33636,1.33674
1784721600,1.33675,1.33726,1.33546,1.33592
1784725200,1.33592,1.33897,1.33591,1.33868
1784728800,1.33868,1.33908,1.33722,1.33742
1784732400,1.33742,1.33806,1.33714,1.33763
1784736000,1.33762,1.33764,1.33655,1.33731
1784739600,1.3373,1.33744,1.33687,1.33715
1784743200,1.33716,1.33757,1.33689,1.3374
1784746800,1.33739,1.33748,1.33707,1.33736
1784750400,1.33736,1.33772,1.33731,1.33756
1784754000,1.33781,1.33815,1.33723,1.33746
1784757600,1.33748,1.33758,1.33674,1.33705
1784761200,1.33704,1.33759,1.33704,1.3375
1784764800,1.3375,1.33818,1.33731,1.33812
1784768400,1.33814,1.33864,1.33799,1.33816
1784772000,1.33816,1.33903,1.33814,1.33896
1784775600,1.33895,1.33914,1.33834,1.33887
1784779200,1.33888,1.33934,1.33846,1.3387
1784782800,1.3387,1.33882,1.33822,1.3386
1784786400,1.3386,1.33911,1.33754,1.33772
1784790000,1.33772,1.33802,1.3367,1.33734
1784793600,1.33737,1.33766,1.3361,1.33686
1784797200,1.33686,1.33776,1.33661,1.33725
1784800800,1.33724,1.33734,1.33611,1.33677
1784804400,1.33676,1.33691,1.33401,1.33556
1784808000,1.33556,1.3356,1.3335,1.33424
1784811600,1.33426,1.33448,1.33269,1.33284
1784815200,1.33284,1.33316,1.33125,1.33199
1784818800,1.33202,1.33244,1.3299,1.33104
1784822400,1.33105,1.33257,1.33102,1.33238
1784826000,1.33238,1.33248,1.33134,1.33136
1784829600,1.33136,1.33188,1.33132,1.33166
1784833200,1.33166,1.33198,1.33115,1.33172
1784836800,1.33172,1.33194,1.33142,1.33144
1784840400,1.33172,1.33216,1.33079,1.33158
1784844000,1.33158,1.33181,1.33133,1.3316
1784847600,1.33159,1.33162,1.33112,1.33124
1784851200,1.33124,1.33246,1.33112,1.33246
1784854800,1.33248,1.33268,1.33195,1.3321
1784858400,1.33209,1.33226,1.33141,1.33143
1784862000,1.33142,1.33152,1.33112,1.33144
1784865600,1.33144,1.33151,1.33065,1.33105
1784869200,1.33107,1.33166,1.33084,1.33084
1784872800,1.33084,1.33259,1.33084,1.33259
1784876400,1.3326,1.33444,1.33227,1.33357
1784880000,1.33359,1.33372,1.33201,1.33213
1784883600,1.33212,1.33222,1.33129,1.33192
1784887200,1.33193,1.33288,1.33134,1.33222
1784890800,1.33221,1.3328,1.33142,1.33231
1784894400,1.33232,1.33258,1.33059,1.33101
1784898000,1.33099,1.33269,1.3306,1.33256
1784901600,1.33256,1.33346,1.33198,1.33266
1784905200,1.33266,1.33491,1.33244,1.33418
1784908800,1.33418,1.33454,1.33314,1.33326
1784912400,1.33326,1.33328,1.33216,1.33252
1784916000,1.33252,1.33294,1.33242,1.33256
1784919600,1.33259,1.33276,1.33215,1.33216
1784923200,1.33216,1.33252,1.33168,1.33239
1785099600,1.33478,1.33478,1.3333,1.33417
1785103200,1.33389,1.33566,1.33381,1.33432
1785106800,1.33432,1.33519,1.33425,1.33508
1785110400,1.3351,1.33632,1.33496,1.33511
1785114000,1.3351,1.33636,1.3351,1.33634
1785117600,1.33635,1.33637,1.33548,1.3355
1785121200,1.3355,1.33567,1.335,1.33527
1785124800,1.33528,1.33549,1.335,1.3351
1785128400,1.3351,1.3356,1.33499,1.33528
1785132000,1.33528,1.33612,1.3348,1.33497
1785135600,1.33496,1.33525,1.33343,1.33348
1785139200,1.33348,1.33402,1.33308,1.33378
1785142800,1.33378,1.33411,1.333,1.33309
1785146400,1.3331,1.33365,1.33168,1.33188
1785150000,1.33189,1.33214,1.33096,1.3314
1785153600,1.33142,1.3318,1.33044,1.33138
1785157200,1.33138,1.33212,1.33085,1.33107
1785160800,1.33106,1.33174,1.32993,1.33027
1785164400,1.33028,1.3307,1.32994,1.3302
1785168000,1.33018,1.33141,1.32997,1.33032
1785171600,1.33034,1.33034,1.32845,1.32912
1785175200,1.32913,1.32942,1.3287,1.32882
1785178800,1.32882,1.32966,1.32882,1.32919
1785182400,1.32918,1.32929,1.32862,1.32882
1785186000,1.32881,1.33012,1.32836,1.32924
1785189600,1.32924,1.32926,1.32877,1.32888
1785193200,1.32889,1.32906,1.3287,1.329
1785196800,1.329,1.32938,1.3286,1.3293
1785200400,1.32932,1.32983,1.32898,1.32922
1785204000,1.32923,1.3301,1.3291,1.32984
1785207600,1.32982,1.33044,1.32952,1.32982
1785211200,1.3298,1.32982,1.32925,1.32941
1785214800,1.3294,1.32951,1.32857,1.32879
1785218400,1.32878,1.33016,1.3286,1.32987
1785222000,1.32988,1.33052,1.32918,1.32919
1785225600,1.32918,1.33053,1.32918,1.33028
1785229200,1.33028,1.33032,1.32798,1.32801
1785232800,1.328,1.32826,1.32735,1.32797
1785236400,1.32796,1.32838,1.32746,1.32794
1785240000,1.32795,1.32994,1.32793,1.32978
1785243600,1.32978,1.33032,1.32942,1.33008
1785247200,1.3301,1.3302,1.32857,1.32915
1785250800,1.32914,1.33112,1.32886,1.33094
1785254400,1.33094,1.33112,1.33007,1.33013
1785258000,1.33014,1.33059,1.3291,1.32917
1785261600,1.32918,1.32932,1.32867,1.32888
1785265200,1.32889,1.32954,1.32879,1.3288
1785268800,1.32879,1.32917,1.32868,1.32894
1785272400,1.32895,1.32958,1.32865,1.32891
1785276000,1.32892,1.32912,1.32834,1.32849
1785279600,1.32848,1.32872,1.32808,1.32872
1785283200,1.32872,1.32946,1.32832,1.32925
1785286800,1.32926,1.3294,1.32818,1.32886
1785290400,1.32886,1.32982,1.32876,1.32942
1785294000,1.3294,1.32994,1.32938,1.32952
1785297600,1.32953,1.33015,1.32944,1.32978
1785301200,1.32978,1.33021,1.32966,1.3299
1785304800,1.32988,1.33043,1.32948,1.32972
1785308400,1.32972,1.33074,1.32952,1.33021
1785312000,1.33022,1.33092,1.3297,1.3306
1785315600,1.33059,1.3306,1.32954,1.3297
1785319200,1.3297,1.32972,1.32886,1.3291
1785322800,1.32911,1.32979,1.329,1.32928
1785326400,1.32928,1.32941,1.32789,1.3284
1785330000,1.3284,1.32943,1.32808,1.32942
1785333600,1.32942,1.33044,1.32818,1.32871
1785337200,1.32869,1.3293,1.3282,1.32866
1785340800,1.32868,1.32892,1.32799,1.32889
1785344400,1.3289,1.33068,1.32878,1.33054
1785348000,1.33048,1.33662,1.3288,1.33654
1785351600,1.33654,1.33874,1.33462,1.33464
1785355200,1.33464,1.3369,1.33429,1.3367
1785358800,1.33692,1.33701,1.33594,1.3364
1785362400,1.33641,1.33704,1.3361,1.33694
1785366000,1.33695,1.33757,1.33642,1.3367
1785369600,1.3367,1.33684,1.3353,1.33553
1785373200,1.33554,1.33593,1.33514,1.33524
1785376800,1.33524,1.33564,1.3349,1.3349
1785380400,1.3349,1.33504,1.33418,1.33454
1785384000,1.33454,1.33494,1.33438,1.33444
1785387600,1.33444,1.33572,1.33431,1.33492
1785391200,1.33491,1.33522,1.3333,1.33422
1785394800,1.33421,1.3351,1.33364,1.33382
1785398400,1.33382,1.33622,1.3338,1.33559
1785402000,1.33558,1.33842,1.33557,1.33808
1785405600,1.3381,1.3407,1.33761,1.33908
1785409200,1.33898,1.34022,1.33732,1.3388
1785412800,1.3388,1.33956,1.33672,1.33714
1785416400,1.33714,1.34284,1.33671,1.34282
1785420000,1.34282,1.34481,1.34235,1.3425
1785423600,1.34248,1.34632,1.34218,1.34592
1785427200,1.34594,1.34706,1.34572,1.34648
1785430800,1.34648,1.34734,1.34546,1.34721
1785434400,1.34723,1.34762,1.34661,1.34761
1785438000,1.34762,1.34768,1.34668,1.347
1785441600,1.34702,1.3473,1.34639,1.34644
1785445200,1.34674,1.34688,1.34621,1.3464
1785448800,1.34642,1.34711,1.34633,1.34672
1785452400,1.34672,1.34694,1.34593,1.34606
1785456000,1.34608,1.3465,1.3453,1.34585
1785459600,1.34584,1.3463,1.34482,1.34509
1785463200,1.3451,1.34598,1.34496,1.34508
1785466800,1.34508,1.34522,1.34452,1.34514
1785470400,1.34514,1.34525,1.34422,1.34458
1785474000,1.34459,1.34494,1.34404,1.34429
1785477600,1.3443,1.34617,1.3443,1.34514
1785481200,1.34512,1.34626,1.3445,1.34524
1785484800,1.34525,1.34645,1.34353,1.34592
1785488400,1.34592,1.34682,1.34459,1.34502
1785492000,1.34501,1.34524,1.34432,1.34444
1785495600,1.34443,1.34446,1.34176,1.3418
1785499200,1.3418,1.3428,1.34148,1.34208
1785502800,1.34207,1.34333,1.34003,1.34084
1785506400,1.34085,1.34608,1.34024,1.34564
1785510000,1.34564,1.34728,1.34538,1.34679
1785513600,1.3468,1.3471,1.34617,1.34648
1785517200,1.34648,1.3488,1.34647,1.34838
1785520800,1.34838,1.34882,1.34748,1.34827
1785524400,1.3483,1.34871,1.34767,1.34768
1785528000,1.34768,1.34954,1.34729,1.34836
1785704400,1.34946,1.34948,1.34826,1.3489
1785708000,1.34892,1.35065,1.34892,1.3496
1785711600,1.3496,1.34978,1.34886,1.34913
1785715200,1.34912,1.35031,1.3483,1.34874
1785718800,1.34874,1.34916,1.34703,1.34739
1785722400,1.34738,1.34767,1.34687,1.34704
1785726000,1.34704,1.34714,1.34642,1.34679
1785729600,1.3468,1.34739,1.34668,1.34722
1785733200,1.34721,1.3478,1.347,1.34762
1785736800,1.34764,1.3478,1.34576,1.34608
1785740400,1.34607,1.34706,1.3453,1.34612
1785744000,1.34613,1.34624,1.3454,1.34548
1785747600,1.34546,1.3459,1.34493,1.34498
1785751200,1.34498,1.34629,1.34481,1.34594
1785754800,1.34594,1.3468,1.34556,1.34678
1785758400,1.34676,1.34712,1.34584,1.34642
1785762000,1.34642,1.34672,1.34476,1.34528
1785765600,1.34525,1.34564,1.34375,1.34377
1785769200,1.34378,1.34378,1.34226,1.3434
1785772800,1.34339,1.34364,1.3425,1.34254
1785776400,1.34255,1.34274,1.34188,1.34192
1785780000,1.34192,1.34325,1.34176,1.34312
1785783600,1.34313,1.34346,1.34304,1.34312
1785787200,1.34311,1.3434,1.34284,1.34333
1785790800,1.34298,1.34334,1.3427,1.34304
1785794400,1.34302,1.34324,1.3428,1.343
1785798000,1.343,1.34314,1.34246,1.34271
1785801600,1.34268,1.34331,1.34241,1.34244
1785805200,1.34245,1.34314,1.34202,1.34278
1785808800,1.34276,1.34331,1.34257,1.34273
1785812400,1.34272,1.34334,1.3425,1.34263
1785816000,1.34262,1.34272,1.34237,1.3426
1785819600,1.3426,1.34268,1.34196,1.34251
1785823200,1.34252,1.34324,1.34232,1.34282
1785826800,1.34283,1.3439,1.34274,1.34363
1785830400,1.34364,1.34426,1.34329,1.34424
1785834000,1.34422,1.34428,1.34361,1.34416
1785837600,1.34417,1.34486,1.34376,1.34428
1785841200,1.34428,1.3455,1.34404,1.34468
1785844800,1.3447,1.34542,1.3442,1.34428
1785848400,1.3443,1.34524,1.34379,1.34469
1785852000,1.34468,1.34558,1.34427,1.34474
1785855600,1.34474,1.34554,1.34422,1.34542
1785859200,1.34543,1.34562,1.34457,1.34462
1785862800,1.34462,1.34486,1.3441,1.34434
1785866400,1.34434,1.34532,1.34397,1.34516
1785870000,1.34518,1.34541,1.34488,1.34504
1785873600,1.34504,1.34546,1.34502,1.34524
1785877200,1.34478,1.3455,1.34455,1.34486
1785880800,1.34486,1.34528,1.34478,1.34514
1785884400,1.34514,1.34522,1.34478,1.34505
1785888000,1.34506,1.34562,1.34488,1.34508
1785891600,1.34509,1.34512,1.3444,1.34456
1785895200,1.34456,1.34583,1.34452,1.34531
1785898800,1.34532,1.346,1.3453,1.34558
1785902400,1.34558,1.346,1.3454,1.3455
1785906000,1.3455,1.34584,1.34513,1.3456
1785909600,1.34561,1.34679,1.3451,1.34672
1785913200,1.3467,1.34692,1.34572,1.34679
1785916800,1.34678,1.34706,1.34538,1.34568
1785920400,1.34568,1.34678,1.3455,1.34668
1785924000,1.34668,1.34699,1.3463,1.34672
1785927600,1.34671,1.34825,1.34671,1.3479
1785931200,1.3479,1.3484,1.34672,1.347
1785934800,1.34702,1.3476,1.34599,1.34648
1785938400,1.34646,1.34862,1.34644,1.34786
1785942000,1.34786,1.34834,1.3457,1.34621
1785945600,1.34624,1.34678,1.34592,1.34599
1785949200,1.346,1.34714,1.34552,1.347
1785952800,1.347,1.34732,1.34669,1.3469
1785956400,1.34692,1.3471,1.3463,1.3464
1785960000,1.3464,1.34692,1.34618,1.34682
1785963600,1.34665,1.34712,1.3461,1.34644
1785967200,1.34656,1.34675,1.34646,1.34672
1785970800,1.34671,1.34712,1.34668,1.34694
1785974400,1.34694,1.34712,1.34658,1.34668
1785978000,1.34668,1.34712,1.34638,1.34686
1785981600,1.34688,1.34726,1.34664,1.34672
1785985200,1.34672,1.34673,1.34581,1.34602
1785988800,1.34602,1.34619,1.34584,1.34602
1785992400,1.34602,1.34632,1.34554,1.3463
1785996000,1.34628,1.34652,1.34548,1.346
1785999600,1.346,1.34626,1.34552,1.34598
1786003200,1.34598,1.34659,1.34568,1.34643
1786006800,1.34642,1.34662,1.34521,1.34566
1786010400,1.34565,1.34628,1.34542,1.34613
1786014000,1.34613,1.34688,1.34578,1.34688
1786017600,1.34687,1.3472,1.34622,1.34694
1786021200,1.34696,1.34794,1.34648,1.34774
1786024800,1.34773,1.34794,1.34636,1.3466
1786028400,1.3466,1.34665,1.34496,1.34536
1786032000,1.3454,1.3459,1.34496,1.3456
1786035600,1.34562,1.3459,1.34516,1.34562
1786039200,1.34562,1.34592,1.34524,1.34568
1786042800,1.34566,1.34593,1.34486,1.3455
1786046400,1.34549,1.3456,1.34486,1.3454
1786050000,1.34563,1.34567,1.34442,1.34544
1786053600,1.3454,1.34548,1.34504,1.34513
1786057200,1.34514,1.34554,1.34512,1.34546
1786060800,1.34546,1.34552,1.34475,1.345
1786064400,1.345,1.34567,1.34486,1.3453
1786068000,1.34532,1.34543,1.34509,1.34519
1786071600,1.34518,1.34532,1.34504,1.34532
1786075200,1.34532,1.34552,1.3452,1.34538
1786078800,1.34538,1.3456,1.34513,1.34526
1786082400,1.34528,1.34582,1.34518,1.34536
1786086000,1.34536,1.34538,1.34457,1.3448
1786089600,1.34482,1.345,1.34428,1.3443
1786093200,1.3443,1.34468,1.34397,1.3442
1786096800,1.34419,1.34428,1.34344,1.34376
1786100400,1.34376,1.34498,1.34376,1.34494
1786104000,1.34496,1.35082,1.34438,1.35
1786107600,1.35,1.3509,1.34874,1.34896
1786111200,1.34896,1.35017,1.3483,1.34888
1786114800,1.34886,1.35006,1.34828,1.3496
1786118400,1.3496,1.3504,1.34946,1.34964
1786122000,1.34963,1.34988,1.34939,1.34953
1786125600,1.34954,1.35006,1.34918,1.34996
1786129200,1.34997,1.35037,1.34966,1.34978
1786132800,1.34976,1.34984,1.34894,1.34922
1786309200,1.34971,1.35,1.34857,1.34907
1786312800,1.34909,1.34946,1.34884,1.3489
1786316400,1.3489,1.3493,1.34883,1.34884
1786320000,1.34886,1.3494,1.34878,1.34904
1786323600,1.34904,1.3492,1.34842,1.3489
1786327200,1.3489,1.349,1.34853,1.34861
1786330800,1.3486,1.3487,1.34832,1.34852
1786334400,1.34852,1.34902,1.34838,1.34884
1786338000,1.34883,1.34947,1.34874,1.34942
1786341600,1.34942,1.34978,1.34918,1.34951
1786345200,1.3495,1.35017,1.34916,1.34962
1786348800,1.34961,1.35056,1.34946,1.35034
1786352400,1.35034,1.35068,1.34954,1.34954
1786356000,1.34952,1.35014,1.34926,1.3501
1786359600,1.3501,1.35028,1.34963,1.35012
1786363200,1.35011,1.35042,1.34904,1.3495
1786366800,1.3495,1.3508,1.34948,1.35046
1786370400,1.35046,1.35308,1.3504,1.35208
1786374000,1.35208,1.35276,1.3516,1.35258
1786377600,1.35259,1.3527,1.35137,1.35138
1786381200,1.35138,1.35148,1.35054,1.35066
1786384800,1.35068,1.35118,1.3506,1.3509
1786388400,1.35091,1.35098,1.35056,1.35081
1786392000,1.35082,1.35102,1.35062,1.35078
1786395600,1.35068,1.35111,1.35039,1.35071
1786399200,1.35068,1.35093,1.35068,1.3509
1786402800,1.35091,1.35116,1.35066,1.35108
1786406400,1.3511,1.35155,1.35104,1.3511
1786410000,1.3511,1.35152,1.35062,1.35106
1786413600,1.35107,1.35118,1.35028,1.35046
1786417200,1.35046,1.35132,1.35046,1.35104
1786420800,1.35106,1.35138,1.35071,1.35118
1786424400,1.35119,1.35144,1.35076,1.35126
1786428000,1.35128,1.35159,1.35016,1.35056
1786431600,1.35057,1.35085,1.34945,1.34968
1786435200,1.34969,1.35088,1.34956,1.35042
1786438800,1.35043,1.35053,1.34988,1.35043
1786442400,1.35042,1.35052,1.34966,1.34982
1786446000,1.34982,1.35067,1.34932,1.34936
1786449600,1.34936,1.35028,1.34922,1.34992
1786453200,1.3499,1.3507,1.34969,1.3501
1786456800,1.35012,1.351,1.34982,1.35086
1786460400,1.35088,1.3515,1.3502,1.3515
1786464000,1.35153,1.35157,1.35039,1.35058
1786467600,1.35062,1.35066,1.34971,1.35023
1786471200,1.35022,1.35041,1.34966,1.35034
1786474800,1.35033,1.35088,1.35028,1.35082
1786478400,1.35084,1.35094,1.35038,1.35084
1786482000,1.35055,1.35082,1.35031,1.35082
1786485600,1.35084,1.35112,1.3507,1.35102
1786489200,1.35103,1.3511,1.35078,1.35094
1786492800,1.35094,1.35116,1.35064,1.3508
1786496400,1.3508,1.35094,1.35026,1.35064
1786500000,1.35064,1.35078,1.35016,1.3507
1786503600,1.3507,1.35082,1.35046,1.35058
1786507200,1.35059,1.35076,1.35034,1.35074
1786510800,1.35074,1.35074,1.35025,1.35058
1786514400,1.35058,1.3509,1.35026,1.3509
1786518000,1.35092,1.35119,1.3506,1.35084
1786521600,1.35084,1.35126,1.35069,1.3511
1786525200,1.35112,1.35297,1.35105,1.35129
1786528800,1.35128,1.35228,1.35125,1.35153
1786532400,1.35154,1.35292,1.3514,1.35267
1786536000,1.35268,1.3546,1.35072,1.35379
1786539600,1.35376,1.35412,1.3517,1.35251
1786543200,1.35252,1.35299,1.3504,1.35092
1786546800,1.35091,1.35118,1.3502,1.35098
1786550400,1.35098,1.35114,1.34945,1.34972
1786554000,1.34972,1.35016,1.34916,1.34926
1786557600,1.34926,1.34974,1.34878,1.34882
1786561200,1.34883,1.34938,1.3488,1.34924
1786564800,1.34923,1.34964,1.349,1.34952
1786568400,1.34941,1.34977,1.34908,1.34944
1786572000,1.34946,1.3497,1.34921,1.34962
1786575600,1.34963,1.34978,1.34952,1.3497
1786579200,1.34972,1.35007,1.34947,1.34976
1786582800,1.34977,1.34996,1.3491,1.34924
1786586400,1.34923,1.34931,1.34868,1.34884
1786590000,1.34883,1.34914,1.34868,1.34904
1786593600,1.34904,1.34969,1.34869,1.34957
1786597200,1.34958,1.34978,1.34918,1.34943
1786600800,1.34944,1.35008,1.34743,1.34826
1786604400,1.34826,1.34883,1.34755,1.34828
1786608000,1.34829,1.34837,1.34778,1.3479
1786611600,1.34787,1.34916,1.34753,1.34914
1786615200,1.34915,1.35011,1.34886,1.34896
1786618800,1.34896,1.34964,1.34875,1.34922
1786622400,1.34918,1.35099,1.34838,1.3509
1786626000,1.3509,1.351,1.34949,1.34985
1786629600,1.34988,1.35132,1.34986,1.35076
1786633200,1.35075,1.35094,1.34942,1.34958
1786636800,1.34958,1.34962,1.34828,1.34859
1786640400,1.3486,1.34894,1.34798,1.34822
1786644000,1.34822,1.34874,1.34797,1.3484
1786647600,1.3484,1.34883,1.34837,1.34874
1786651200,1.34874,1.34882,1.34846,1.3487
1786654800,1.34862,1.34934,1.34834,1.34876
1786658400,1.34877,1.34888,1.34855,1.34888
1786662000,1.34888,1.3491,1.34878,1.349
1786665600,1.349,1.34983,1.34898,1.34977
1786669200,1.34976,1.3498,1.34892,1.34894
1786672800,1.34895,1.34939,1.34886,1.34899
1786676400,1.34898,1.34976,1.3489,1.3495
1786680000,1.3495,1.35002,1.34946,1.34973
1786683600,1.34974,1.35026,1.3497,1.35012
1786687200,1.3501,1.35048,1.34982,1.35048
1786690800,1.35052,1.35136,1.35032,1.35124
1786694400,1.35122,1.35274,1.35122,1.35228
1786698000,1.35226,1.3526,1.35198,1.35251
1786701600,1.35252,1.35298,1.35232,1.35276
1786705200,1.35277,1.35428,1.35268,1.3535
1786708800,1.35353,1.3551,1.35328,1.35383
1786712400,1.35384,1.3562,1.35344,1.3552
1786716000,1.35522,1.35613,1.35458,1.35484
1786719600,1.35486,1.35572,1.35398,1.35542
1786723200,1.35542,1.35567,1.35385,1.35394
1786726800,1.35393,1.35396,1.3527,1.35324
1786730400,1.35325,1.35358,1.35298,1.35332
1786734000,1.35333,1.35374,1.35322,1.3535
1786737600,1.35349,1.35366,1.35322,1.35336
1786914000,1.35413,1.35438,1.35322,1.35363
1786917600,1.35376,1.35434,1.35311,1.35434
1786921200,1.35433,1.35474,1.3543,1.35464
1786924800,1.35463,1.35559,1.35463,1.35551
1786928400,1.35553,1.35568,1.35502,1.35553
1786932000,1.35552,1.35562,1.35494,1.35499
1786935600,1.355,1.35521,1.35468,1.35519
1786939200,1.3552,1.35564,1.35507,1.35513
1786942800,1.35512,1.35586,1.35496,1.35538
1786946400,1.35538,1.35605,1.35508,1.35585
1786950000,1.35587,1.35712,1.35547,1.35632
1786953600,1.35629,1.3571,1.35494,1.35538
1786957200,1.35539,1.35622,1.35518,1.35588
1786960800,1.35589,1.35652,1.35536,1.35564
1786964400,1.35563,1.35612,1.35518,1.35564
1786968000,1.35564,1.35625,1.35529,1.35608
1786971600,1.35608,1.35663,1.35512,1.356
1786975200,1.35599,1.35688,1.35504,1.35528
1786978800,1.35528,1.35621,1.35508,1.3562
1786982400,1.3562,1.35649,1.35572,1.35588
1786986000,1.35589,1.35599,1.35441,1.35444
1786989600,1.35445,1.35457,1.35358,1.35378
1786993200,1.3538,1.35449,1.3536,1.35434
1786996800,1.35433,1.35452,1.35406,1.35425
1787000400,1.35484,1.35507,1.35392,1.35412
1787004000,1.35423,1.35458,1.35423,1.35443
1787007600,1.35442,1.35522,1.35437,1.35505
1787011200,1.35506,1.35542,1.3545,1.35504
1787014800,1.35505,1.35536,1.35453,1.35463
1787018400,1.35462,1.35472,1.35392,1.3546
1787022000,1.3546,1.3546,1.3534,1.35352
1787025600,1.35353,1.35381,1.35311,1.35353
1787029200,1.35352,1.35392,1.35328,1.35358
1787032800,1.35358,1.3543,1.35213,1.3527
1787036400,1.35269,1.35315,1.35197,1.35288
1787040000,1.35288,1.35338,1.35236,1.35322
1787043600,1.35322,1.35338,1.35265,1.3532
1787047200,1.35321,1.35322,1.35244,1.3526
1787050800,1.35257,1.35278,1.35198,1.35272
1787054400,1.35271,1.35344,1.35236,1.35314
1787058000,1.35314,1.35438,1.35282,1.35411
1787061600,1.3541,1.35511,1.35391,1.35428
1787065200,1.35431,1.35482,1.35362,1.3543
1787068800,1.3543,1.35472,1.35406,1.35407
1787072400,1.35408,1.35415,1.35322,1.35348
1787076000,1.35348,1.3538,1.35326,1.3534
1787079600,1.3534,1.35398,1.35314,1.35328
1787083200,1.35328,1.35328,1.35285,1.35319
1787086800,1.35346,1.35369,1.35294,1.3536
1787090400,1.35364,1.3538,1.3531,1.35336
1787094000,1.35338,1.35364,1.3532,1.35362
1787097600,1.35367,1.35418,1.3529,1.35292
1787101200,1.3529,1.35315,1.35236,1.35308
1787104800,1.35308,1.35437,1.353,1.35398
1787108400,1.35399,1.35417,1.3537,1.35374
1787112000,1.35374,1.35426,1.35365,1.35418
1787115600,1.35418,1.3545,1.35395,1.35439
1787119200,1.35439,1.35581,1.35406,1.35512
1787122800,1.35512,1.35562,1.35448,1.3556
1787126400,1.35559,1.3566,1.35528,1.35533
1787130000,1.35532,1.35596,1.35498,1.35582
1787133600,1.35582,1.35646,1.35547,1.35564
1787137200,1.35563,1.35606,1.35476,1.3553
1787140800,1.35529,1.36034,1.35525,1.35949
1787144400,1.3595,1.36242,1.35949,1.36176
1787148000,1.36173,1.36306,1.36067,1.36088
1787151600,1.36088,1.36156,1.3601,1.36067
1787155200,1.36068,1.36158,1.36041,1.36102
1787158800,1.36103,1.3616,1.35904,1.35913
1787162400,1.35912,1.36101,1.35897,1.36071
1787166000,1.36076,1.3612,1.3603,1.36077
1787169600,1.36078,1.361,1.36025,1.36062
1787173200,1.36033,1.36128,1.36022,1.36086
1787176800,1.36088,1.36104,1.36035,1.36035
1787180400,1.36034,1.3607,1.35986,1.36
1787184000,1.36002,1.36072,1.35974,1.35996
1787187600,1.35996,1.36084,1.35946,1.36078
1787191200,1.36078,1.3615,1.3602,1.3605
1787194800,1.36051,1.3615,1.36044,1.36142
1787198400,1.36143,1.36167,1.3606,1.36074
1787202000,1.36075,1.36104,1.36,1.36046
1787205600,1.36044,1.3617,1.36029,1.36168
1787209200,1.36166,1.36314,1.36088,1.3625
1787212800,1.3625,1.36374,1.36233,1.36356
1787216400,1.36356,1.36478,1.36315,1.36478
1787220000,1.36477,1.36598,1.36407,1.36445
1787223600,1.36446,1.3646,1.36291,1.3632
1787227200,1.3632,1.36456,1.36204,1.36422
1787230800,1.36424,1.3653,1.3633,1.3634
1787234400,1.3634,1.36398,1.36267,1.36318
1787238000,1.36318,1.3648,1.36275,1.36368
1787241600,1.3637,1.36376,1.36237,1.36308
1787245200,1.36308,1.36316,1.36231,1.36276
1787248800,1.36275,1.36284,1.36207,1.36277
1787252400,1.36278,1.3631,1.3625,1.36285
1787256000,1.36288,1.3633,1.36278,1.36308
1787259600,1.36296,1.3634,1.3626,1.36315
1787263200,1.36311,1.36368,1.36308,1.36362
1787266800,1.3636,1.3644,1.3636,1.36429
1787270400,1.36432,1.36468,1.36376,1.3638
1787274000,1.36382,1.36492,1.36368,1.36445
1787277600,1.36446,1.36556,1.36406,1.36488
1787281200,1.36488,1.36512,1.36431,1.36456
1787284800,1.36458,1.36462,1.36398,1.36434
1787288400,1.36436,1.36536,1.36408,1.36522
1787292000,1.36524,1.36528,1.36408,1.36494
1787295600,1.36494,1.36536,1.36378,1.36409
1787299200,1.36408,1.36654,1.36354,1.36646
1787302800,1.36647,1.36758,1.36548,1.36552
1787306400,1.36552,1.36666,1.36434,1.36486
1787310000,1.36485,1.3665,1.36464,1.36574
1787313600,1.36578,1.366,1.36352,1.36434
1787317200,1.36434,1.36472,1.36342,1.36444
1787320800,1.36443,1.36444,1.36184,1.36242
1787324400,1.36241,1.36423,1.36222,1.3642
1787328000,1.3642,1.36465,1.36368,1.36421
1787331600,1.3642,1.36496,1.36396,1.36488
1787335200,1.36488,1.3654,1.36488,1.36517
1787338800,1.36517,1.36528,1.36454,1.36471
1787342400,1.36472,1.36488,1.36416,1.36456
1787518800,1.36339,1.36498,1.36323,1.36386
1787522400,1.36386,1.3647,1.3637,1.3643
1787526000,1.3643,1.36541,1.36426,1.36539
1787529600,1.36538,1.3656,1.36494,1.36548
1787533200,1.36548,1.36562,1.36418,1.36479
1787536800,1.36478,1.36522,1.36457,1.36496
1787540400,1.36497,1.36507,1.36437,1.36455
1787544000,1.36454,1.36476,1.36413,1.36476
1787547600,1.36476,1.36478,1.3639,1.36439
1787551200,1.36436,1.36464,1.36377,1.36434
1787554800,1.36434,1.36492,1.3632,1.36328
1787558400,1.36327,1.36393,1.36212,1.36218
1787562000,1.36218,1.36344,1.36216,1.36342
1787565600,1.3634,1.36354,1.36257,1.36259
1787569200,1.3626,1.36412,1.36229,1.36389
1787572800,1.3639,1.36476,1.36318,1.36428
1787576400,1.36427,1.36498,1.3638,1.36411
1787580000,1.3641,1.3643,1.36327,1.36343
1787583600,1.36342,1.3645,1.36288,1.36298
1787587200,1.36298,1.36378,1.36288,1.36346
1787590800,1.36346,1.3637,1.36252,1.3629
1787594400,1.3629,1.36346,1.36248,1.36312
1787598000,1.36314,1.36315,1.3625,1.36282
1787601600,1.36281,1.36314,1.36276,1.36306
1787605200,1.36338,1.3637,1.36292,1.36352
1787608800,1.36346,1.36365,1.36322,1.36339
1787612400,1.36341,1.36382,1.36336,1.36375
1787616000,1.36376,1.36406,1.36358,1.36394
1787619600,1.36394,1.36398,1.36309,1.36322
1787623200,1.36322,1.3636,1.36297,1.3632
1787626800,1.3632,1.36338,1.36283,1.36289
1787630400,1.36288,1.3629,1.36237,1.36264
1787634000,1.36262,1.3629,1.36223,1.3623
1787637600,1.3623,1.36288,1.36221,1.36277
1787641200,1.36276,1.36445,1.36276,1.36384
1787644800,1.36386,1.36424,1.36289,1.36414
1787648400,1.36414,1.36496,1.36398,1.3643
1787652000,1.3643,1.3643,1.36313,1.36324
1787655600,1.36324,1.36378,1.36276,1.36322
1787659200,1.36322,1.36368,1.36262,1.36358
1787662800,1.36358,1.3653,1.36344,1.36427
1787666400,1.36428,1.36439,1.36276,1.36328
1787670000,1.36329,1.364,1.36302,1.36399
1787673600,1.364,1.36412,1.36322,1.3635
1787677200,1.3635,1.36448,1.36338,1.3644
1787680800,1.36438,1.36469,1.36424,1.3646
1787684400,1.3646,1.36542,1.36437,1.36525
1787688000,1.36526,1.36549,1.36484,1.36488
1787691600,1.36459,1.36514,1.36411,1.36463
1787695200,1.36464,1.365,1.36456,1.36498
1787698800,1.36498,1.365,1.36446,1.36458
1787702400,1.36458,1.3649,1.36441,1.36452
1787706000,1.3645,1.36478,1.36438,1.36446
1787709600,1.36446,1.36475,1.36393,1.36401
1787713200,1.36398,1.36416,1.36364,1.36368
1787716800,1.36368,1.3637,1.36318,1.36327
1787720400,1.36326,1.36372,1.36304,1.36348
1787724000,1.36348,1.36353,1.3625,1.36322
1787727600,1.36322,1.36408,1.36303,1.36318
1787731200,1.36314,1.3637,1.36264,1.36288
1787734800,1.36287,1.36298,1.3623,1.36268
1787738400,1.36268,1.36268,1.36166,1.36204
1787742000,1.36206,1.36308,1.36205,1.36291
1787745600,1.36292,1.36357,1.36068,1.36073
1787749200,1.3607,1.3609,1.36017,1.3602
1787752800,1.36018,1.36026,1.35831,1.35878
1787756400,1.35879,1.35989,1.35866,1.35936
1787760000,1.35936,1.35973,1.35884,1.35905
1787763600,1.35906,1.3596,1.35888,1.3594
1787767200,1.35939,1.3596,1.359,1.35915
1787770800,1.35916,1.35943,1.35902,1.3594
1787774400,1.3594,1.35983,1.35926,1.3597
1787778000,1.35943,1.35982,1.35913,1.35968
1787781600,1.35968,1.35984,1.35936,1.35952
1787785200,1.35952,1.35986,1.35948,1.35968
1787788800,1.35968,1.35972,1.359,1.35924
1787792400,1.35924,1.35946,1.35896,1.35932
1787796000,1.35934,1.35952,1.35889,1.35914
1787799600,1.35914,1.3593,1.35872,1.35877
1787803200,1.35878,1.3591,1.35866,1.3588
1787806800,1.35879,1.35914,1.35856,1.3589
1787810400,1.3589,1.35918,1.3586,1.359
1787814000,1.359,1.35969,1.35866,1.35876
1787817600,1.35876,1.35952,1.35799,1.358
1787821200,1.358,1.3582,1.35716,1.35754
1787824800,1.35752,1.35824,1.35707,1.35755
1787828400,1.35756,1.35838,1.3571,1.35782
1787832000,1.35783,1.3584,1.35736,1.35746
1787835600,1.35747,1.36028,1.35736,1.35934
1787839200,1.35934,1.35975,1.35802,1.3582
1787842800,1.35822,1.35995,1.35818,1.35986
1787846400,1.35986,1.36018,1.35916,1.35936
1787850000,1.35938,1.3597,1.35877,1.35888
1787853600,1.35889,1.359,1.35834,1.35888
1787857200,1.3589,1.35906,1.3585,1.35888
1787860800,1.35886,1.3594,1.35881,1.35932
1787864400,1.35905,1.3599,1.3589,1.3594
1787868000,1.3594,1.3597,1.35937,1.35967
1787871600,1.35967,1.35986,1.35956,1.35972
1787875200,1.35972,1.3598,1.35935,1.3596
1787878800,1.35961,1.35981,1.35902,1.35906
1787882400,1.35906,1.35938,1.35878,1.35936
1787886000,1.35936,1.3595,1.3589,1.35898
1787889600,1.35898,1.35901,1.35876,1.35888
1787893200,1.35888,1.35916,1.3587,1.3589
1787896800,1.3589,1.35948,1.35885,1.35928
1787900400,1.35928,1.35934,1.35805,1.35874
1787904000,1.35874,1.35908,1.35833,1.35876
1787907600,1.35876,1.35878,1.3581,1.35812
1787911200,1.35812,1.3592,1.35802,1.35918
1787914800,1.35918,1.3592,1.35846,1.35852
1787918400,1.35852,1.35862,1.35737,1.3584
1787922000,1.35841,1.35878,1.35716,1.35716
1787925600,1.3569,1.35987,1.35292,1.3572
1787929200,1.3572,1.35767,1.35514,1.35533
1787932800,1.35532,1.35534,1.35344,1.35372
1787936400,1.35372,1.35376,1.35268,1.353
1787940000,1.35298,1.35322,1.35273,1.35308
1787943600,1.35306,1.35406,1.353,1.35384
1787947200,1.35383,1.3539,1.35304,1.35347
1788123600,1.35335,1.35362,1.35306,1.35334
1788127200,1.35356,1.3537,1.35292,1.3536
1788130800,1.35358,1.35408,1.35348,1.354
1788134400,1.35402,1.35472,1.35336,1.35451
1788138000,1.35453,1.35473,1.35372,1.35434
1788141600,1.35433,1.35458,1.35384,1.35446
1788145200,1.35446,1.35474,1.35416,1.35442
1788148800,1.35442,1.35466,1.35416,1.35449
1788152400,1.3545,1.35471,1.35416,1.35469
1788156000,1.35466,1.3549,1.3539,1.35438
1788159600,1.35438,1.35482,1.35368,1.35464
1788163200,1.35459,1.35558,1.35381,1.35403
1788166800,1.35404,1.35458,1.35396,1.35422
1788170400,1.35423,1.35468,1.35359,1.35398
1788174000,1.354,1.35464,1.35368,1.35386
1788177600,1.35386,1.3547,1.35357,1.35384
1788181200,1.35386,1.35486,1.3538,1.35427
1788184800,1.3543,1.35654,1.3536,1.35546
1788188400,1.35546,1.35598,1.35456,1.35486
1788192000,1.35487,1.35526,1.35464,1.3549
1788195600,1.35488,1.35534,1.35462,1.355
1788199200,1.35498,1.35518,1.35466,1.35494
1788202800,1.35493,1.35518,1.35462,1.35499
1788206400,1.35498,1.35516,1.35464,1.35489
1788210000,1.35486,1.3554,1.35468,1.3553
1788213600,1.3553,1.35553,1.35453,1.35465
1788217200,1.35466,1.35492,1.35438,1.35485
1788220800,1.35486,1.35598,1.35467,1.3553
1788224400,1.3553,1.35536,1.35424,1.35458
1788228000,1.35458,1.35464,1.35413,1.35462
1788231600,1.35463,1.35464,1.35408,1.3541
1788235200,1.35409,1.3543,1.35383,1.3543
1788238800,1.35429,1.35496,1.35427,1.35469
1788242400,1.35466,1.35477,1.35354,1.3541
1788246000,1.3541,1.35438,1.3531,1.35364
1788249600,1.35364,1.35424,1.35292,1.35414
1788253200,1.35416,1.35486,1.35391,1.35396
1788256800,1.35395,1.3544,1.35335,1.35356
1788260400,1.35356,1.35399,1.35306,1.35356
1788264000,1.35357,1.35362,1.35292,1.35298
1788267600,1.35295,1.35461,1.35252,1.35442
1788271200,1.35448,1.35523,1.35357,1.35378
1788274800,1.35382,1.35406,1.35236,1.3527
1788278400,1.35269,1.3528,1.35144,1.35148
1788282000,1.35147,1.35211,1.35118,1.35136
1788285600,1.35136,1.35162,1.35061,1.35139
1788289200,1.35141,1.3516,1.35098,1.35118
1788292800,1.35118,1.35172,1.35098,1.3516
1788296400,1.35137,1.35196,1.35124,1.35157
1788300000,1.35158,1.35196,1.35146,1.35154
1788303600,1.35152,1.35166,1.35131,1.35132
1788307200,1.35132,1.35148,1.35068,1.35068
1788310800,1.35068,1.35087,1.35025,1.35053
1788314400,1.35052,1.35086,1.35007,1.3507
1788318000,1.3507,1.35078,1.35012,1.35028
1788321600,1.35028,1.3503,1.34963,1.34967
1788325200,1.34968,1.35048,1.34945,1.35029
1788328800,1.3503,1.35084,1.34926,1.34928
1788332400,1.34928,1.35128,1.34896,1.35108
1788336000,1.35108,1.35148,1.3501,1.3501
1788339600,1.3501,1.3507,1.34858,1.34865
1788343200,1.34864,1.3488,1.3477,1.34843
1788346800,1.34843,1.34918,1.34807,1.34848
1788350400,1.34848,1.3489,1.34746,1.3475
1788354000,1.34751,1.35138,1.34749,1.35132
1788357600,1.35131,1.35132,1.34968,1.35053
1788361200,1.35055,1.35105,1.34946,1.35016
1788364800,1.35018,1.35038,1.34943,1.34943
1788368400,1.34944,1.34956,1.34851,1.34873
1788372000,1.34874,1.34924,1.34844,1.34866
1788375600,1.34867,1.34886,1.34834,1.34882
1788379200,1.34883,1.34912,1.34836,1.3486
1788382800,1.34862,1.34907,1.34828,1.34857
1788386400,1.34854,1.3488,1.34814,1.34836
1788390000,1.34836,1.34841,1.34802,1.34826
1788393600,1.34826,1.349,1.34806,1.3488
1788397200,1.3488,1.34918,1.34807,1.34818
1788400800,1.3482,1.34923,1.34806,1.3489
1788404400,1.3489,1.34968,1.34888,1.34947
1788408000,1.34948,1.34988,1.34924,1.34938
1788411600,1.34938,1.3497,1.34898,1.34917
1788415200,1.34916,1.34989,1.34834,1.3492
1788418800,1.3492,1.35049,1.34899,1.35029
1788422400,1.3503,1.35076,1.34966,1.35001
1788426000,1.35,1.35038,1.34898,1.34982
1788429600,1.34982,1.35,1.34845,1.34946
1788433200,1.34946,1.35008,1.34868,1.34946
1788436800,1.34946,1.3522,1.34892,1.35184
1788440400,1.35184,1.35198,1.35025,1.35174
1788444000,1.35174,1.35205,1.35004,1.3518
1788447600,1.35182,1.3541,1.3518,1.35325
1788451200,1.35324,1.35483,1.35312,1.35444
1788454800,1.35444,1.35473,1.35388,1.3539
1788458400,1.3539,1.35442,1.35373,1.35388
1788462000,1.35389,1.354,1.35224,1.35257
1788465600,1.35256,1.3529,1.35236,1.35244
1788469200,1.35276,1.35299,1.35258,1.3527
1788472800,1.35269,1.3529,1.35234,1.35239
1788476400,1.35238,1.35298,1.35236,1.35285
1788480000,1.35286,1.35339,1.35248,1.35302
1788483600,1.35302,1.3535,1.35282,1.35348
1788487200,1.3535,1.35378,1.35296,1.35314
1788490800,1.35314,1.35348,1.35268,1.35296
1788494400,1.35297,1.35331,1.35294,1.35319
1788498000,1.35318,1.3536,1.35299,1.35356
1788501600,1.35356,1.3545,1.35352,1.35417
1788505200,1.35418,1.35491,1.35328,1.35342
1788508800,1.35343,1.3543,1.35292,1.3533
1788512400,1.35329,1.3533,1.35218,1.35232
1788516000,1.3523,1.35354,1.35222,1.35316
1788519600,1.35315,1.35388,1.35315,1.35325
1788523200,1.35324,1.35365,1.3484,1.3504
1788526800,1.3504,1.35245,1.34948,1.35058
1788530400,1.35056,1.35238,1.35054,1.35146
1788534000,1.35146,1.35253,1.35104,1.35204
1788537600,1.35204,1.35248,1.3518,1.352
1788541200,1.352,1.352,1.35118,1.35136
1788544800,1.35138,1.35146,1.35108,1.35138
1788548400,1.35139,1.35218,1.35134,1.35189
1788552000,1.3519,1.35198,1.35138,1.35162
1788728400,1.35198,1.35216,1.35152,1.35198
1788732000,1.35186,1.352,1.35143,1.35163
1788735600,1.35162,1.352,1.35155,1.35167
1788739200,1.35168,1.35222,1.35154,1.352
1788742800,1.35201,1.35206,1.3512,1.35126
1788746400,1.35128,1.35128,1.35056,1.35074
1788750000,1.35075,1.3513,1.35071,1.35113
1788753600,1.35112,1.35127,1.35084,1.35124
1788757200,1.3512,1.35196,1.351,1.3519
1788760800,1.3519,1.35314,1.35136,1.35264
1788764400,1.35264,1.3534,1.3522,1.35326
1788768000,1.35326,1.35452,1.35304,1.35358
1788771600,1.35356,1.35438,1.35327,1.3536
1788775200,1.3536,1.3541,1.35334,1.35388
1788778800,1.35388,1.354,1.35318,1.35322
1788782400,1.35325,1.35394,1.35292,1.35376
1788786000,1.35376,1.35402,1.35356,1.3539
1788789600,1.35388,1.35462,1.35363,1.35456
1788793200,1.35458,1.35474,1.35396,1.35402
1788796800,1.35402,1.35477,1.35386,1.35466
1788800400,1.35467,1.35467,1.35417,1.35426
1788804000,1.35426,1.3543,1.35406,1.35418
1788807600,1.35417,1.35419,1.3539,1.354
1788811200,1.35399,1.35416,1.35398,1.35408
1788814800,1.35387,1.3544,1.35378,1.35426
1788818400,1.35427,1.35466,1.3541,1.3543
1788822000,1.3543,1.3549,1.3543,1.35467
1788825600,1.35468,1.35491,1.35407,1.35428
1788829200,1.35426,1.355,1.3541,1.35483
1788832800,1.35484,1.3549,1.3534,1.35346
1788836400,1.35344,1.35406,1.35336,1.35378
1788840000,1.35377,1.35404,1.35357,1.35398
1788843600,1.35398,1.35438,1.35368,1.35437
1788847200,1.35438,1.35529,1.35352,1.35368
1788850800,1.35368,1.35418,1.35263,1.35316
1788854400,1.35314,1.35358,1.35221,1.35257
1788858000,1.35258,1.35343,1.35231,1.35306
1788861600,1.35305,1.3538,1.35216,1.35278
1788865200,1.35278,1.35458,1.35224,1.35448
1788868800,1.3545,1.35558,1.35422,1.35543
1788872400,1.35542,1.3562,1.35476,1.35518
1788876000,1.35518,1.35566,1.35424,1.35529
1788879600,1.3553,1.35549,1.35393,1.35408
1788883200,1.35406,1.35418,1.35308,1.35366
1788886800,1.35366,1.35426,1.3536,1.35418
1788890400,1.35418,1.35507,1.35388,1.35468
1788894000,1.35468,1.35476,1.35379,1.35396
1788897600,1.35396,1.35421,1.35372,1.35398
1788901200,1.35359,1.35392,1.35358,1.35378
1788904800,1.35374,1.35426,1.35374,1.35411
1788908400,1.3541,1.35442,1.35402,1.35436
1788912000,1.35436,1.35482,1.35434,1.3548
1788915600,1.35482,1.35486,1.35417,1.35462
1788919200,1.35462,1.35472,1.35416,1.35468
1788922800,1.35468,1.35488,1.3544,1.3545
1788926400,1.35452,1.35507,1.35446,1.35504
1788930000,1.35504,1.35548,1.35483,1.35516
1788933600,1.35516,1.35628,1.35516,1.35594
1788937200,1.35594,1.3568,1.35563,1.35592
1788940800,1.35592,1.35595,1.3542,1.35428
1788944400,1.35428,1.35486,1.35324,1.3533
1788948000,1.3533,1.35422,1.35304,1.35365
1788951600,1.35366,1.35666,1.35352,1.35612
1788955200,1.35613,1.35664,1.35475,1.3551
1788958800,1.35511,1.35618,1.35494,1.35582
1788962400,1.35582,1.3564,1.35566,1.35624
1788966000,1.35625,1.35652,1.35346,1.3547
1788969600,1.35471,1.35558,1.3545,1.35518
1788973200,1.35516,1.3561,1.35512,1.35586
1788976800,1.35587,1.356,1.35446,1.35457
1788980400,1.35456,1.35476,1.35417,1.35459
1788984000,1.35458,1.3548,1.35416,1.3547
1788987600,1.35466,1.35548,1.35446,1.35504
1788991200,1.35502,1.35525,1.35476,1.3552
1788994800,1.35522,1.3553,1.35484,1.35494
1788998400,1.35495,1.35503,1.35448,1.35456
1789002000,1.35458,1.35581,1.35452,1.35577
1789005600,1.35576,1.35604,1.35523,1.35596
1789009200,1.35597,1.356,1.35539,1.35566
1789012800,1.35567,1.35574,1.35524,1.35534
1789016400,1.35534,1.35584,1.35522,1.35583
1789020000,1.3558,1.35596,1.35542,1.35574
1789023600,1.35573,1.35574,1.3551,1.35538
1789027200,1.35538,1.35568,1.3547,1.35567
1789030800,1.35568,1.35578,1.35416,1.35494
1789034400,1.35495,1.3553,1.35363,1.35394
1789038000,1.35391,1.35396,1.3526,1.35288
1789041600,1.35288,1.35306,1.34912,1.35113
1789045200,1.35114,1.35206,1.34963,1.35156
1789048800,1.35157,1.35308,1.35127,1.35305
1789052400,1.35304,1.35346,1.35251,1.3531
1789056000,1.3531,1.35322,1.35222,1.35237
1789059600,1.35238,1.35308,1.35198,1.3521
1789063200,1.3521,1.35212,1.35104,1.35136
1789066800,1.35136,1.35136,1.35074,1.35097
1789070400,1.35096,1.35119,1.35046,1.35116
1789074000,1.35111,1.35158,1.35061,1.3509
1789077600,1.3508,1.35159,1.3508,1.35118
1789081200,1.35118,1.35126,1.35082,1.35101
1789084800,1.35102,1.3516,1.35099,1.35158
1789088400,1.35158,1.35166,1.35068,1.35087
1789092000,1.35088,1.3509,1.35007,1.35039
1789095600,1.35038,1.35046,1.34958,1.34998
1789099200,1.34998,1.35072,1.34985,1.35031
1789102800,1.35032,1.35143,1.3502,1.35105
1789106400,1.35106,1.35266,1.35105,1.35247
1789110000,1.35246,1.35262,1.35138,1.3516
1789113600,1.35159,1.35176,1.35055,1.3506
1789117200,1.3506,1.3515,1.34978,1.3509
1789120800,1.35092,1.35135,1.35012,1.35054
1789124400,1.35056,1.35104,1.35019,1.35037
1789128000,1.35038,1.35243,1.3481,1.35243
1789131600,1.3524,1.3535,1.35137,1.3532
1789135200,1.3532,1.35345,1.3522,1.35294
1789138800,1.35296,1.35312,1.35178,1.35205
1789142400,1.35206,1.35259,1.35197,1.35232
1789146000,1.35232,1.3527,1.35173,1.35236
1789149600,1.35234,1.35279,1.35193,1.35248
1789153200,1.35248,1.35282,1.35233,1.35267
1789156800,1.35268,1.35287,1.35225,1.35264
1789333200,1.35261,1.35289,1.35183,1.35254
1789336800,1.35218,1.35288,1.35186,1.35228
1789340400,1.35229,1.35267,1.35197,1.35254
1789344000,1.35254,1.35286,1.35154,1.35185
1789347600,1.35184,1.35196,1.35129,1.35168
1789351200,1.35169,1.352,1.35124,1.35128
1789354800,1.35126,1.35127,1.35034,1.35056
1789358400,1.35056,1.35072,1.35016,1.35037
1789362000,1.35036,1.35065,1.35007,1.35058
1789365600,1.35058,1.35058,1.34864,1.34914
1789369200,1.34912,1.34996,1.34875,1.34922
1789372800,1.34922,1.34933,1.34795,1.34835
1789376400,1.34836,1.3491,1.34734,1.34876
1789380000,1.34876,1.34884,1.34783,1.34866
1789383600,1.34864,1.34962,1.34857,1.34908
1789387200,1.34909,1.34955,1.34667,1.34692
1789390800,1.34692,1.34776,1.3464,1.3468
1789394400,1.34678,1.34826,1.34652,1.34756
1789398000,1.34758,1.34937,1.34732,1.34926
1789401600,1.34928,1.35088,1.34906,1.35056
1789405200,1.35057,1.35098,1.35042,1.3508
1789408800,1.35082,1.35138,1.35057,1.35115
1789412400,1.35114,1.3512,1.34996,1.35
1789416000,1.35,1.35009,1.34962,1.35005
1789419600,1.3501,1.35024,1.34984,1.35009
1789423200,1.35006,1.3505,1.34993,1.35049
1789426800,1.35048,1.35048,1.34984,1.35006
1789430400,1.35004,1.35012,1.34948,1.34956
1789434000,1.34954,1.34965,1.3486,1.34865
1789437600,1.34865,1.34894,1.34834,1.34889
1789441200,1.3489,1.34898,1.34855,1.34858
1789444800,1.34857,1.34872,1.34828,1.3484
1789448400,1.34842,1.34867,1.34815,1.34816
1789452000,1.34817,1.34833,1.34644,1.34695
1789455600,1.34693,1.34798,1.34655,1.34796
1789459200,1.34796,1.34797,1.34684,1.34743
1789462800,1.34744,1.34815,1.34682,1.34782
1789466400,1.3478,1.3482,1.34744,1.3475
1789470000,1.3475,1.349,1.34741,1.34833
1789473600,1.34833,1.3489,1.34799,1.3482
1789477200,1.3482,1.34967,1.34794,1.34932
1789480800,1.34932,1.3496,1.34874,1.34878
1789484400,1.34878,1.34906,1.34742,1.34774
1789488000,1.34775,1.34817,1.34698,1.34814
1789491600,1.34814,1.34826,1.34737,1.34745
1789495200,1.34746,1.34818,1.34722,1.34806
1789498800,1.34805,1.34806,1.34737,1.34742
1789502400,1.34742,1.34767,1.34712,1.34766
1789506000,1.34772,1.34778,1.34713,1.34719
1789509600,1.34718,1.348,1.34718,1.34757
1789513200,1.34756,1.3476,1.34693,1.34707
1789516800,1.34707,1.34735,1.34665,1.34694
1789520400,1.34694,1.34706,1.34653,1.3466
1789524000,1.3466,1.34797,1.34658,1.34796
1789527600,1.34796,1.34818,1.34777,1.34798
1789531200,1.34796,1.34859,1.34796,1.34846
1789534800,1.34846,1.3495,1.34834,1.34916
1789538400,1.34916,1.34998,1.3476,1.34806
1789542000,1.34806,1.34846,1.34713,1.3472
1789545600,1.34719,1.3475,1.34668,1.34705
1789549200,1.34704,1.34736,1.34674,1.34674
1789552800,1.34675,1.34723,1.3466,1.3472
1789556400,1.3472,1.34732,1.34548,1.34558
1789560000,1.34561,1.34604,1.34458,1.34576
1789563600,1.34574,1.34614,1.34496,1.34498
1789567200,1.34497,1.34632,1.34462,1.34538
1789570800,1.34539,1.34583,1.34448,1.34452
1789574400,1.34454,1.34512,1.34424,1.34452
1789578000,1.34452,1.34512,1.34394,1.34504
1789581600,1.34504,1.34616,1.33806,1.33816
1789585200,1.33816,1.33928,1.33724,1.3387
1789588800,1.33869,1.33898,1.33747,1.33804
1789592400,1.33806,1.33896,1.3377,1.33782
1789596000,1.33786,1.33824,1.33753,1.33803
1789599600,1.33802,1.33861,1.33787,1.3382
1789603200,1.33818,1.33872,1.33722,1.33728
1789606800,1.33727,1.3379,1.33698,1.3371
1789610400,1.33709,1.33771,1.33694,1.3371
1789614000,1.33709,1.33747,1.33695,1.33737
1789617600,1.33736,1.33812,1.33729,1.33811
1789621200,1.3381,1.33832,1.3378,1.33817
1789624800,1.33818,1.34022,1.33797,1.33987
1789628400,1.33988,1.33994,1.33856,1.33886
1789632000,1.33886,1.33962,1.33791,1.33952
1789635600,1.33953,1.34,1.33922,1.33948
1789639200,1.33946,1.34066,1.33942,1.34053
1789642800,1.34049,1.34054,1.33496,1.33698
1789646400,1.33697,1.33958,1.33686,1.33865
1789650000,1.33864,1.33883,1.33706,1.33738
1789653600,1.33736,1.33806,1.33512,1.33529
1789657200,1.33528,1.33601,1.33363,1.33454
1789660800,1.33454,1.3351,1.33381,1.33486
1789664400,1.33487,1.33528,1.33453,1.335
1789668000,1.335,1.3356,1.3349,1.33528
1789671600,1.33529,1.33592,1.33526,1.33578
1789675200,1.33578,1.33592,1.33529,1.33588
1789678800,1.33563,1.33608,1.33527,1.33561
1789682400,1.33562,1.33606,1.33544,1.33588
1789686000,1.33589,1.33602,1.33555,1.3356
1789689600,1.3356,1.33623,1.33552,1.33613
1789693200,1.33614,1.3364,1.33562,1.33628
1789696800,1.33626,1.33628,1.33572,1.33611
1789700400,1.3361,1.33726,1.33596,1.3372
1789704000,1.33722,1.3376,1.3369,1.33692
1789707600,1.33691,1.33708,1.33614,1.33619
1789711200,1.33612,1.33752,1.33612,1.33703
1789714800,1.33704,1.3373,1.33607,1.33673
1789718400,1.33674,1.33729,1.33652,1.33708
1789722000,1.33706,1.33728,1.33646,1.33708
1789725600,1.33706,1.33721,1.33498,1.33578
1789729200,1.3358,1.33646,1.33426,1.33474
1789732800,1.33474,1.33511,1.33356,1.33486
1789736400,1.33484,1.33508,1.33396,1.33398
1789740000,1.33398,1.3366,1.33394,1.33604
1789743600,1.33605,1.33768,1.33562,1.33705
1789747200,1.33706,1.33862,1.33694,1.33824
1789750800,1.33826,1.33942,1.33825,1.33894
1789754400,1.33896,1.3393,1.33874,1.33902
1789758000,1.33904,1.33978,1.33904,1.33941
1789761600,1.33942,1.33982,1.33928,1.33947
1789938000,1.33869,1.33926,1.33866,1.3387
1789941600,1.33875,1.33941,1.33874,1.33892
1789945200,1.33891,1.3391,1.33875,1.33893
1789948800,1.33892,1.33931,1.33874,1.33878
1789952400,1.33878,1.33933,1.33878,1.33893
1789956000,1.33892,1.33898,1.33823,1.33828
1789959600,1.33828,1.33877,1.33796,1.33824
1789963200,1.33826,1.3384,1.33738,1.33782
1789966800,1.33781,1.3379,1.33754,1.33757
1789970400,1.33758,1.33836,1.33725,1.33774
1789974000,1.33772,1.33828,1.33686,1.33796
1789977600,1.33797,1.33886,1.33796,1.3383
1789981200,1.33831,1.33868,1.33797,1.33837
1789984800,1.33838,1.33851,1.33796,1.33808
1789988400,1.33808,1.33974,1.33808,1.33949
1789992000,1.3395,1.34005,1.33892,1.33912
1789995600,1.33913,1.33945,1.33788,1.33796
1789999200,1.33797,1.33799,1.33685,1.33737
1790002800,1.33738,1.33756,1.33674,1.33705
1790006400,1.33706,1.33754,1.33684,1.33693
1790010000,1.33692,1.33734,1.33678,1.33702
1790013600,1.33699,1.33729,1.3365,1.33688
1790017200,1.33688,1.33746,1.33672,1.33672
1790020800,1.33672,1.33714,1.3367,1.33681
1790024400,1.33654,1.33742,1.33646,1.33678
1790028000,1.33679,1.33714,1.33677,1.33705
1790031600,1.33704,1.33708,1.33683,1.33686
1790035200,1.33684,1.33759,1.33684,1.33742
1790038800,1.33744,1.33747,1.33623,1.33642
1790042400,1.33642,1.33758,1.3364,1.3375
1790046000,1.3375,1.3384,1.33731,1.33828
1790049600,1.33828,1.33873,1.33809,1.33869
1790053200,1.3387,1.33873,1.33804,1.33816
1790056800,1.33816,1.33816,1.33672,1.3374
1790060400,1.33738,1.3374,1.33546,1.33546
1790064000,1.33546,1.33644,1.33262,1.33572
1790067600,1.33574,1.33718,1.33475,1.33708
1790071200,1.33708,1.33738,1.33624,1.33648
1790074800,1.33647,1.33661,1.3354,1.33608
1790078400,1.33607,1.33716,1.33533,1.33554
1790082000,1.33554,1.33665,1.33544,1.33589
1790085600,1.33588,1.33626,1.3343,1.33472
1790089200,1.33472,1.33478,1.33232,1.33244
1790092800,1.33244,1.33313,1.33216,1.33308
1790096400,1.33306,1.33359,1.33234,1.33318
1790100000,1.33318,1.33374,1.33292,1.33348
1790103600,1.33346,1.33498,1.33342,1.33428
1790107200,1.33428,1.33461,1.3341,1.33438
1790110800,1.3347,1.33482,1.33411,1.33417
1790114400,1.33419,1.33461,1.33401,1.3343
1790118000,1.33432,1.33459,1.33417,1.33436
1790121600,1.33436,1.33445,1.33366,1.33376
1790125200,1.33377,1.33378,1.33259,1.3328
1790128800,1.3328,1.33282,1.33227,1.33242
1790132400,1.33242,1.33242,1.33154,1.33156
1790136000,1.33156,1.33204,1.3315,1.3316
1790139600,1.3316,1.33177,1.3311,1.33135
1790143200,1.33134,1.33227,1.33087,1.33172
1790146800,1.33172,1.33186,1.3301,1.3302
1790150400,1.33016,1.3303,1.32975,1.32976
