t,o,h,l,c
1764727200,1.39662,1.39694,1.39656,1.39672
1764730800,1.39673,1.39695,1.3967,1.39692
1764734400,1.39692,1.39706,1.3968,1.3969
1764738000,1.3969,1.39748,1.39662,1.39722
1764741600,1.39721,1.39732,1.39681,1.39686
1764745200,1.39687,1.39736,1.39622,1.39711
1764748800,1.3971,1.39712,1.39605,1.39618
1764752400,1.39616,1.39636,1.39548,1.39554
1764756000,1.39552,1.39554,1.39402,1.39474
1764759600,1.39474,1.3948,1.39404,1.39458
1764763200,1.39459,1.39471,1.39386,1.39468
1764766800,1.3947,1.39517,1.39396,1.3946
1764770400,1.3946,1.39654,1.39441,1.39606
1764774000,1.39606,1.39696,1.39423,1.39498
1764777600,1.39498,1.39546,1.39412,1.3952
1764781200,1.39519,1.3954,1.39427,1.39442
1764784800,1.39444,1.39503,1.3942,1.3948
1764788400,1.39481,1.39508,1.39448,1.39478
1764792000,1.39478,1.39518,1.39472,1.39518
1764795600,1.39519,1.39552,1.39496,1.39502
1764799200,1.39486,1.39515,1.39472,1.39506
1764802800,1.39508,1.39541,1.39482,1.39539
1764806400,1.3954,1.39578,1.39527,1.39562
1764810000,1.39564,1.39632,1.39562,1.39618
1764813600,1.39617,1.3965,1.396,1.39638
1764817200,1.39638,1.39688,1.39628,1.39629
1764820800,1.39628,1.39637,1.39583,1.39598
1764824400,1.39602,1.3963,1.39598,1.39612
1764828000,1.39612,1.39698,1.39602,1.39659
1764831600,1.39656,1.39713,1.39618,1.39636
1764835200,1.39638,1.3967,1.39574,1.3966
1764838800,1.3966,1.3969,1.39595,1.39604
1764842400,1.39601,1.39689,1.39582,1.3968
1764846000,1.3968,1.3975,1.39647,1.39706
1764849600,1.39706,1.39756,1.39672,1.39726
1764853200,1.39726,1.39776,1.39644,1.39679
1764856800,1.3968,1.39688,1.39501,1.3953
1764860400,1.39531,1.3955,1.39254,1.3933
1764864000,1.3933,1.3949,1.39328,1.39404
1764867600,1.39403,1.39494,1.3939,1.39458
1764871200,1.3946,1.39528,1.39444,1.395
1764874800,1.395,1.39577,1.39491,1.3952
1764878400,1.39522,1.39592,1.39522,1.39578
1764882000,1.39579,1.39606,1.3955,1.39577
1764885600,1.39556,1.39561,1.39521,1.39546
1764889200,1.3955,1.39608,1.3955,1.39601
1764892800,1.39602,1.39602,1.3954,1.39554
1764896400,1.39554,1.39554,1.39509,1.39513
1764900000,1.39512,1.39539,1.39505,1.39518
1764903600,1.39518,1.39578,1.39516,1.39555
1764907200,1.39554,1.39558,1.3952,1.39537
1764910800,1.39536,1.39538,1.39491,1.39496
1764914400,1.39496,1.3951,1.39457,1.39476
1764918000,1.39476,1.3948,1.39404,1.39471
1764921600,1.39472,1.39504,1.3941,1.39452
1764925200,1.39452,1.39474,1.3943,1.3944
1764928800,1.39439,1.395,1.3942,1.39454
1764932400,1.39454,1.39526,1.39412,1.39417
1764936000,1.39418,1.39446,1.39298,1.39312
1764939600,1.39312,1.39395,1.38848,1.38876
1764943200,1.38876,1.38936,1.38735,1.3874
1764946800,1.38743,1.38816,1.38534,1.38546
1764950400,1.38546,1.38708,1.38538,1.38598
1764954000,1.38598,1.38626,1.38338,1.38353
1764957600,1.3835,1.3846,1.38332,1.38365
1764961200,1.38364,1.38424,1.38329,1.38372
1764964800,1.38371,1.38429,1.3826,1.38274
1764968400,1.38272,1.38342,1.38168,1.38171
1765144800,1.38323,1.38365,1.3828,1.38294
1765148400,1.38296,1.38357,1.38256,1.38354
1765152000,1.38355,1.38355,1.38257,1.38262
1765155600,1.38261,1.38286,1.38219,1.38243
1765159200,1.38242,1.38244,1.38203,1.38204
1765162800,1.38204,1.38268,1.38192,1.38262
1765166400,1.38262,1.38265,1.38212,1.38248
1765170000,1.38248,1.38249,1.38198,1.38203
1765173600,1.38204,1.38252,1.38138,1.38218
1765177200,1.38215,1.38294,1.38168,1.38251
1765180800,1.3825,1.3826,1.38149,1.38193
1765184400,1.38194,1.38272,1.38162,1.38243
1765188000,1.38242,1.38254,1.38184,1.38241
1765191600,1.38246,1.38274,1.3814,1.38154
1765195200,1.38156,1.38158,1.37999,1.38071
1765198800,1.3807,1.38124,1.3803,1.38103
1765202400,1.38102,1.38214,1.38001,1.38209
1765206000,1.3821,1.3845,1.38194,1.38448
1765209600,1.38448,1.38531,1.38396,1.3847
1765213200,1.3847,1.3853,1.38404,1.3842
1765216800,1.38418,1.38588,1.38402,1.38587
1765220400,1.38588,1.38595,1.38465,1.38502
1765224000,1.38502,1.38566,1.38478,1.38564
1765227600,1.38562,1.38598,1.38548,1.38577
1765231200,1.38546,1.38557,1.3852,1.38551
1765234800,1.38549,1.38556,1.38486,1.3849
1765238400,1.3849,1.3853,1.38468,1.38524
1765242000,1.38525,1.3855,1.38486,1.3849
1765245600,1.3849,1.38527,1.38486,1.38508
1765249200,1.38507,1.38531,1.38468,1.38474
1765252800,1.38474,1.385,1.38446,1.38458
1765256400,1.38459,1.38518,1.38448,1.38498
1765260000,1.38499,1.38578,1.38496,1.38555
1765263600,1.38556,1.38574,1.38525,1.38564
1765267200,1.38563,1.38578,1.38534,1.38548
1765270800,1.38548,1.38549,1.3839,1.38397
1765274400,1.38398,1.3846,1.38382,1.38432
1765278000,1.38432,1.38464,1.38393,1.38438
1765281600,1.38438,1.38499,1.38424,1.3848
1765285200,1.38482,1.38491,1.38379,1.38404
1765288800,1.38403,1.38436,1.38237,1.38291
1765292400,1.38292,1.38488,1.3828,1.38412
1765296000,1.38412,1.38424,1.38295,1.3834
1765299600,1.3834,1.38578,1.38302,1.38554
1765303200,1.38554,1.38608,1.38516,1.3853
1765306800,1.38528,1.38561,1.3844,1.38483
1765310400,1.38485,1.38516,1.38464,1.38509
1765314000,1.38508,1.38546,1.38446,1.38452
1765317600,1.38472,1.38511,1.38442,1.38454
1765321200,1.38454,1.38486,1.38439,1.38463
1765324800,1.38464,1.38495,1.38451,1.38474
1765328400,1.38475,1.3855,1.38468,1.38544
1765332000,1.38544,1.38576,1.38528,1.38562
1765335600,1.38562,1.38576,1.38537,1.38552
1765339200,1.38552,1.38564,1.38532,1.38551
1765342800,1.3855,1.38564,1.38522,1.38536
1765346400,1.38536,1.38537,1.38486,1.3849
1765350000,1.38488,1.38564,1.38455,1.38544
1765353600,1.38544,1.38588,1.38476,1.38488
1765357200,1.38488,1.38576,1.3847,1.38557
1765360800,1.38558,1.38569,1.38494,1.38542
1765364400,1.38541,1.3855,1.38471,1.38474
1765368000,1.38472,1.38488,1.3838,1.38418
1765371600,1.38419,1.3853,1.3841,1.38447
1765375200,1.38446,1.38724,1.38388,1.38627
1765378800,1.38628,1.38648,1.38514,1.38515
1765382400,1.38516,1.38566,1.38348,1.38356
1765386000,1.38356,1.38376,1.38258,1.38307
1765389600,1.3831,1.38383,1.38265,1.38328
1765393200,1.38332,1.3841,1.38083,1.38106
1765396800,1.38106,1.38149,1.3784,1.37953
1765400400,1.37956,1.38004,1.37916,1.37938
1765404000,1.37918,1.37964,1.37914,1.37954
1765407600,1.37956,1.37962,1.37898,1.37898
1765411200,1.37898,1.37992,1.3785,1.37989
1765414800,1.3799,1.37994,1.37934,1.3795
1765418400,1.3795,1.38078,1.37924,1.38069
1765422000,1.38069,1.38166,1.38057,1.38142
1765425600,1.38141,1.38178,1.3811,1.38158
1765429200,1.3816,1.38172,1.38124,1.3813
1765432800,1.3813,1.38204,1.38124,1.38176
1765436400,1.38177,1.3823,1.38144,1.38218
1765440000,1.38218,1.38218,1.38074,1.38084
1765443600,1.38084,1.38174,1.3807,1.38076
1765447200,1.38074,1.3811,1.38042,1.3805
1765450800,1.3805,1.3806,1.37934,1.37962
1765454400,1.3796,1.38034,1.37939,1.37957
1765458000,1.37956,1.38,1.37811,1.3787
1765461600,1.37868,1.3788,1.37652,1.37751
1765465200,1.37752,1.37774,1.37574,1.37598
1765468800,1.37598,1.37808,1.3757,1.37694
1765472400,1.37696,1.37774,1.37633,1.3773
1765476000,1.3773,1.37756,1.37682,1.37706
1765479600,1.37705,1.37812,1.37702,1.37791
1765483200,1.37792,1.37798,1.37697,1.37702
1765486800,1.37704,1.37748,1.37671,1.37708
1765490400,1.37716,1.3779,1.37702,1.37751
1765494000,1.3775,1.37772,1.37718,1.37762
1765497600,1.37762,1.37762,1.3769,1.37728
1765501200,1.37729,1.37746,1.37674,1.37734
1765504800,1.37736,1.37762,1.3771,1.37749
1765508400,1.37748,1.37762,1.37721,1.37756
1765512000,1.37756,1.37793,1.37754,1.37768
1765515600,1.37768,1.3777,1.3772,1.37724
1765519200,1.37724,1.37756,1.3769,1.37722
1765522800,1.37724,1.37754,1.37647,1.37658
1765526400,1.37658,1.37672,1.37552,1.37597
1765530000,1.37598,1.37654,1.3758,1.37612
1765533600,1.37613,1.3764,1.37581,1.37586
1765537200,1.37586,1.37624,1.3756,1.37566
1765540800,1.37566,1.37699,1.37552,1.37627
1765544400,1.37628,1.37641,1.37544,1.37615
1765548000,1.37616,1.37633,1.37536,1.37564
1765551600,1.37566,1.37842,1.37566,1.37813
1765555200,1.37816,1.3795,1.378,1.37848
1765558800,1.37847,1.37852,1.3765,1.37665
1765562400,1.37664,1.377,1.37604,1.37692
1765566000,1.3769,1.37747,1.37654,1.37666
1765569600,1.37666,1.3772,1.37626,1.37664
1765573200,1.37664,1.37716,1.37634,1.37708
1765749600,1.37698,1.37749,1.37661,1.37741
1765753200,1.37742,1.37742,1.37653,1.37684
1765756800,1.37685,1.37716,1.37646,1.37653
1765760400,1.37652,1.37701,1.37606,1.3761
1765764000,1.37609,1.37684,1.37602,1.37646
1765767600,1.37644,1.377,1.37616,1.37676
1765771200,1.37676,1.37706,1.37652,1.37661
1765774800,1.37661,1.37673,1.3764,1.3765
1765778400,1.37652,1.37686,1.37638,1.37643
1765782000,1.37644,1.37648,1.376,1.37629
1765785600,1.37627,1.37679,1.37585,1.37614
1765789200,1.37615,1.37671,1.37578,1.37654
1765792800,1.37656,1.3777,1.37638,1.37742
1765796400,1.37742,1.37771,1.3764,1.3766
1765800000,1.37659,1.37672,1.37518,1.3752
1765803600,1.37518,1.37691,1.3748,1.3769
1765807200,1.3769,1.37724,1.3757,1.37578
1765810800,1.37578,1.37725,1.3755,1.37617
1765814400,1.37618,1.37743,1.37605,1.37662
1765818000,1.37664,1.37762,1.37643,1.3775
1765821600,1.3775,1.37886,1.37735,1.37806
1765825200,1.37806,1.37828,1.37718,1.37725
1765828800,1.37724,1.37752,1.37702,1.37704
1765832400,1.37706,1.37738,1.3767,1.37673
1765836000,1.37698,1.37738,1.37684,1.377
1765839600,1.377,1.3771,1.37666,1.37698
1765843200,1.37696,1.37772,1.37669,1.37747
1765846800,1.37748,1.37814,1.37724,1.37782
1765850400,1.3778,1.37799,1.37716,1.3772
1765854000,1.3772,1.37736,1.37682,1.377
1765857600,1.377,1.37704,1.3766,1.37679
1765861200,1.3768,1.37706,1.37651,1.377
1765864800,1.37702,1.37728,1.37651,1.37654
1765868400,1.37655,1.3772,1.37644,1.37704
1765872000,1.37702,1.37751,1.3764,1.37744
1765875600,1.37744,1.37785,1.3769,1.37756
1765879200,1.37756,1.37798,1.37716,1.37771
1765882800,1.37771,1.37802,1.37742,1.37744
1765886400,1.37742,1.37742,1.376,1.37601
1765890000,1.376,1.37646,1.37378,1.37536
1765893600,1.37537,1.37544,1.373,1.37368
1765897200,1.37366,1.3764,1.37356,1.3748
1765900800,1.37481,1.37556,1.37452,1.37504
1765904400,1.37504,1.37506,1.37362,1.37461
1765908000,1.37462,1.37575,1.37377,1.37422
1765911600,1.37424,1.37622,1.37417,1.37456
1765915200,1.37459,1.37564,1.37426,1.37558
1765918800,1.37559,1.3761,1.37501,1.37528
1765922400,1.3756,1.37574,1.37534,1.3756
1765926000,1.37559,1.37574,1.37527,1.37558
1765929600,1.37558,1.37642,1.37558,1.3764
1765933200,1.37636,1.37636,1.3759,1.37596
1765936800,1.37595,1.37704,1.37593,1.37686
1765940400,1.37686,1.37714,1.37646,1.37671
1765944000,1.37672,1.37764,1.3767,1.37758
1765947600,1.37758,1.37781,1.37725,1.37751
1765951200,1.37749,1.37815,1.37728,1.37807
1765954800,1.37805,1.37846,1.37764,1.37811
1765958400,1.37812,1.37859,1.37738,1.37754
1765962000,1.37755,1.37772,1.37715,1.37772
1765965600,1.37773,1.37848,1.37742,1.3783
1765969200,1.37828,1.37958,1.37818,1.37906
1765972800,1.37906,1.37917,1.37844,1.37848
1765976400,1.37848,1.37922,1.37768,1.37773
1765980000,1.37776,1.37812,1.37696,1.37724
1765983600,1.37724,1.37849,1.37622,1.37806
1765987200,1.37807,1.37982,1.37741,1.37944
1765990800,1.37942,1.37948,1.37827,1.37832
1765994400,1.37834,1.37924,1.37788,1.37904
1765998000,1.37904,1.37918,1.37851,1.37892
1766001600,1.37894,1.379,1.37758,1.37832
1766005200,1.37832,1.3789,1.37815,1.37876
1766008800,1.37846,1.37878,1.37844,1.3786
1766012400,1.37862,1.37866,1.37821,1.37841
1766016000,1.3784,1.37867,1.37829,1.37832
1766019600,1.37834,1.37892,1.37785,1.37866
1766023200,1.37864,1.37884,1.37815,1.37865
1766026800,1.37866,1.37876,1.37834,1.37863
1766030400,1.37864,1.37869,1.37798,1.37798
1766034000,1.37796,1.37816,1.3777,1.37776
1766037600,1.37775,1.37804,1.37722,1.3773
1766041200,1.3773,1.37742,1.37684,1.37728
1766044800,1.37728,1.3782,1.37726,1.37752
1766048400,1.37753,1.37838,1.37752,1.37822
1766052000,1.37825,1.3783,1.37764,1.37794
1766055600,1.37794,1.37882,1.37782,1.37826
1766059200,1.37826,1.37942,1.37806,1.37925
1766062800,1.37926,1.37962,1.37638,1.37768
1766066400,1.37768,1.37814,1.3768,1.37768
1766070000,1.37768,1.37812,1.37653,1.37664
1766073600,1.37664,1.37684,1.3756,1.37636
1766077200,1.37634,1.37812,1.3762,1.37724
1766080800,1.37722,1.37774,1.37662,1.37764
1766084400,1.37764,1.3783,1.37742,1.37809
1766088000,1.37808,1.37838,1.37776,1.37803
1766091600,1.37804,1.37841,1.37764,1.3778
1766095200,1.37748,1.37798,1.37745,1.37783
1766098800,1.37782,1.37798,1.37724,1.37778
1766102400,1.37778,1.37786,1.37722,1.37723
1766106000,1.37721,1.37812,1.37702,1.37788
1766109600,1.37788,1.37844,1.37756,1.3784
1766113200,1.3784,1.37868,1.37811,1.37836
1766116800,1.37835,1.37892,1.37828,1.3787
1766120400,1.37869,1.37892,1.37852,1.3789
1766124000,1.37888,1.37948,1.3788,1.37916
1766127600,1.37915,1.3797,1.37876,1.37952
1766131200,1.37952,1.37952,1.37862,1.37888
1766134800,1.3789,1.37973,1.37873,1.37944
1766138400,1.37944,1.37978,1.37916,1.37936
1766142000,1.37935,1.38015,1.37929,1.37968
1766145600,1.37969,1.37998,1.3784,1.37927
1766149200,1.37925,1.37957,1.37806,1.37826
1766152800,1.37824,1.37824,1.37552,1.37604
1766156400,1.37603,1.37868,1.37578,1.37846
1766160000,1.37846,1.37882,1.37737,1.37808
1766163600,1.37808,1.37862,1.3775,1.37796
1766167200,1.37796,1.37826,1.37734,1.37818
1766170800,1.3782,1.3787,1.37806,1.37866
1766174400,1.37865,1.3806,1.37857,1.37998
1766178000,1.37996,1.3806,1.37933,1.38018
1766354400,1.37953,1.38052,1.37945,1.37996
1766358000,1.37984,1.37993,1.37914,1.37918
1766361600,1.37917,1.37981,1.37902,1.37943
1766365200,1.37944,1.38012,1.37911,1.37986
1766368800,1.37985,1.37985,1.37936,1.37964
1766372400,1.37965,1.37988,1.37942,1.37986
1766376000,1.37984,1.37984,1.37927,1.37942
1766379600,1.37944,1.37951,1.37922,1.37926
1766383200,1.37926,1.37964,1.37913,1.37946
1766386800,1.37946,1.37946,1.37809,1.37818
1766390400,1.3782,1.37848,1.37768,1.37776
1766394000,1.37776,1.37795,1.37698,1.37716
1766397600,1.37716,1.37727,1.3767,1.37684
1766401200,1.37684,1.37705,1.37654,1.37672
1766404800,1.37671,1.37736,1.37652,1.3768
1766408400,1.37677,1.37694,1.37552,1.37554
1766412000,1.37554,1.37644,1.37432,1.37454
1766415600,1.37454,1.37491,1.37402,1.37424
1766419200,1.37424,1.37462,1.3736,1.37457
1766422800,1.37456,1.37474,1.37368,1.37384
1766426400,1.37384,1.3744,1.3736,1.37434
1766430000,1.37434,1.37488,1.37426,1.37474
1766433600,1.37474,1.37541,1.37455,1.37531
1766437200,1.37532,1.37534,1.37425,1.37472
1766440800,1.37519,1.37538,1.37481,1.37532
1766444400,1.37528,1.37536,1.37464,1.375
1766448000,1.375,1.375,1.37425,1.3745
1766451600,1.3745,1.37458,1.37392,1.3741
1766455200,1.3741,1.3741,1.37346,1.37358
1766458800,1.37358,1.37402,1.37341,1.37343
1766462400,1.37342,1.37384,1.37334,1.37374
1766466000,1.37374,1.374,1.37356,1.37396
1766469600,1.37397,1.37433,1.37376,1.37416
1766473200,1.37413,1.37428,1.37328,1.37354
1766476800,1.37356,1.37362,1.37208,1.37209
1766480400,1.37208,1.37209,1.3705,1.37051
1766484000,1.3705,1.37074,1.36981,1.36988
1766487600,1.36986,1.37113,1.36968,1.37086
1766491200,1.37088,1.37098,1.36988,1.37008
1766494800,1.37008,1.37017,1.36885,1.36993
1766498400,1.3699,1.37211,1.36962,1.37203
1766502000,1.372,1.37272,1.37077,1.37108
1766505600,1.37106,1.3717,1.37061,1.3713
1766509200,1.37131,1.37144,1.37004,1.37094
1766512800,1.37094,1.37134,1.36944,1.36951
1766516400,1.36949,1.36956,1.369,1.36942
1766520000,1.36941,1.36984,1.36912,1.3693
1766523600,1.36929,1.36941,1.36862,1.36878
1766527200,1.36904,1.36917,1.36887,1.36912
1766530800,1.36915,1.36924,1.36857,1.36859
1766534400,1.36858,1.36894,1.36844,1.36861
1766538000,1.3686,1.36885,1.36774,1.36776
1766541600,1.36776,1.3681,1.36748,1.36788
1766545200,1.36787,1.36817,1.3677,1.36809
1766548800,1.36808,1.36844,1.36794,1.3684
1766552400,1.36839,1.3684,1.36784,1.36804
1766556000,1.36803,1.36805,1.36759,1.36791
1766559600,1.36792,1.36846,1.36766,1.36839
1766563200,1.3684,1.36884,1.36787,1.36788
1766566800,1.36788,1.36794,1.36726,1.36748
1766570400,1.36746,1.36772,1.36721,1.36726
1766574000,1.36726,1.36742,1.3669,1.36694
1766577600,1.36694,1.36824,1.36664,1.3681
1766581200,1.36807,1.36863,1.36742,1.36754
1766584800,1.36753,1.3679,1.3665,1.36738
1766588400,1.36738,1.36776,1.36668,1.36683
1766592000,1.36683,1.36794,1.36656,1.36734
1766595600,1.36736,1.36803,1.36695,1.36714
1766599200,1.36717,1.36764,1.36676,1.36712
1766602800,1.36712,1.36762,1.36698,1.36756
1766606400,1.3676,1.3678,1.36747,1.36752
1766610000,1.36754,1.36796,1.3674,1.36785
1766700000,1.36825,1.36825,1.36732,1.36752
1766703600,1.36754,1.36764,1.3672,1.36742
1766707200,1.36743,1.36758,1.36701,1.36725
1766710800,1.36724,1.36767,1.36697,1.36757
1766714400,1.36758,1.36764,1.36702,1.36722
1766718000,1.36721,1.368,1.36718,1.36792
1766721600,1.36792,1.3682,1.36783,1.36796
1766725200,1.36795,1.36816,1.36746,1.36756
1766728800,1.36755,1.36761,1.36698,1.3673
1766732400,1.36732,1.36768,1.36662,1.36765
1766736000,1.36764,1.36809,1.36724,1.36732
1766739600,1.36734,1.36828,1.36725,1.36826
1766743200,1.36828,1.3685,1.3679,1.36833
1766746800,1.36834,1.36834,1.36786,1.36802
1766750400,1.36802,1.36852,1.3679,1.36829
1766754000,1.3683,1.3683,1.36494,1.36546
1766757600,1.36546,1.3656,1.36454,1.36528
1766761200,1.36528,1.36592,1.36426,1.36577
1766764800,1.36576,1.36734,1.36548,1.36658
1766768400,1.36656,1.36727,1.36637,1.36688
1766772000,1.36687,1.36724,1.36668,1.36706
1766775600,1.36705,1.36748,1.3669,1.36717
1766779200,1.36715,1.3673,1.36676,1.367
1766782800,1.36697,1.36766,1.3668,1.36714
1766959200,1.36649,1.36756,1.36608,1.36742
1766962800,1.36731,1.3676,1.36636,1.36688
1766966400,1.36687,1.36739,1.3666,1.3668
1766970000,1.36678,1.36696,1.3662,1.36624
1766973600,1.36623,1.36683,1.366,1.36637
1766977200,1.3664,1.36648,1.36576,1.36606
1766980800,1.36606,1.36674,1.36604,1.3667
1766984400,1.36671,1.36742,1.36671,1.36739
1766988000,1.36741,1.36822,1.36714,1.368
1766991600,1.36799,1.3688,1.3677,1.36874
1766995200,1.36874,1.3697,1.368,1.36842
1766998800,1.3684,1.36902,1.36766,1.36877
1767002400,1.36878,1.36904,1.36803,1.36904
1767006000,1.36904,1.36953,1.36896,1.36946
1767009600,1.36949,1.37014,1.3693,1.36954
1767013200,1.36954,1.36966,1.36806,1.36876
1767016800,1.36876,1.36975,1.36633,1.36782
1767020400,1.36782,1.36984,1.36698,1.36699
1767024000,1.367,1.36844,1.36654,1.36822
1767027600,1.36822,1.36943,1.36813,1.36911
1767031200,1.3691,1.36952,1.3689,1.36908
1767034800,1.36909,1.36924,1.36826,1.3684
1767038400,1.36844,1.3698,1.36828,1.36964
1767042000,1.36965,1.36988,1.36866,1.36888
1767045600,1.369,1.3692,1.36868,1.36898
1767049200,1.36898,1.36906,1.36874,1.36878
1767052800,1.3688,1.36958,1.3688,1.36914
1767056400,1.36916,1.36928,1.36845,1.36845
1767060000,1.36844,1.36907,1.36837,1.36879
1767063600,1.3688,1.36899,1.36849,1.36882
1767067200,1.36882,1.36893,1.36845,1.36859
1767070800,1.36858,1.36876,1.36832,1.36867
1767074400,1.36866,1.36877,1.36829,1.36846
1767078000,1.36846,1.36877,1.36834,1.36835
1767081600,1.36834,1.3692,1.36814,1.36873
1767085200,1.36872,1.36903,1.3679,1.3685
1767088800,1.36848,1.36882,1.36825,1.36873
1767092400,1.36872,1.36997,1.36869,1.3699
1767096000,1.36991,1.37086,1.3698,1.37048
1767099600,1.37049,1.37051,1.36925,1.37041
1767103200,1.37042,1.37068,1.3697,1.37016
1767106800,1.37014,1.3709,1.36816,1.36832
1767110400,1.36833,1.3688,1.36804,1.36806
1767114000,1.36807,1.36882,1.36798,1.36863
1767117600,1.36864,1.36932,1.36832,1.36915
1767121200,1.36914,1.36986,1.36898,1.36965
1767124800,1.36962,1.36994,1.36916,1.36989
1767128400,1.36988,1.36996,1.36944,1.36968
1767132000,1.3696,1.36975,1.36951,1.36972
1767135600,1.36967,1.36981,1.36944,1.36958
1767139200,1.36954,1.36994,1.36934,1.3696
1767142800,1.3696,1.36986,1.36923,1.36964
1767146400,1.36963,1.37016,1.3696,1.36981
1767150000,1.36982,1.37007,1.36958,1.36972
1767153600,1.36972,1.36986,1.36963,1.36981
1767157200,1.36982,1.37046,1.36964,1.37017
1767160800,1.37016,1.37056,1.37002,1.3701
1767164400,1.3701,1.37102,1.3701,1.37042
1767168000,1.37043,1.371,1.3702,1.37086
1767171600,1.37086,1.37087,1.36995,1.37032
1767175200,1.37032,1.37125,1.36994,1.37099
1767178800,1.37098,1.37106,1.37036,1.37052
1767182400,1.37052,1.37052,1.36936,1.36937
1767186000,1.36936,1.37026,1.36886,1.3698
1767189600,1.3698,1.37042,1.36926,1.36976
1767193200,1.36976,1.3727,1.36976,1.37076
1767196800,1.37076,1.37209,1.37057,1.37144
1767200400,1.37142,1.37249,1.37132,1.37208
1767204000,1.3721,1.37281,1.37196,1.37244
1767207600,1.37242,1.37243,1.37159,1.37208
1767211200,1.37208,1.37269,1.37146,1.37256
1767214800,1.37259,1.37284,1.37193,1.37254
1767304800,1.3722,1.37232,1.37193,1.37215
1767308400,1.37213,1.37226,1.37172,1.37178
1767312000,1.37178,1.37192,1.37114,1.37123
1767315600,1.37122,1.37122,1.3707,1.37086
1767319200,1.37084,1.37104,1.37048,1.37091
1767322800,1.37092,1.37102,1.37065,1.37092
1767326400,1.3709,1.37171,1.37086,1.37156
1767330000,1.37158,1.37178,1.37131,1.37165
1767333600,1.37168,1.3719,1.37146,1.37156
1767337200,1.37156,1.37162,1.37006,1.3702
1767340800,1.37022,1.37179,1.37016,1.3715
1767344400,1.37151,1.37224,1.37134,1.37214
1767348000,1.37213,1.37254,1.37199,1.37215
1767351600,1.37214,1.37299,1.37176,1.37266
1767355200,1.37265,1.37366,1.37226,1.37346
1767358800,1.37346,1.37417,1.37233,1.37398
1767362400,1.374,1.37476,1.37362,1.37424
1767366000,1.37424,1.37436,1.37211,1.37242
1767369600,1.37244,1.37409,1.37235,1.3739
1767373200,1.37392,1.3742,1.37246,1.37404
1767376800,1.37404,1.37478,1.3739,1.37448
1767380400,1.37447,1.37454,1.37326,1.37336
1767384000,1.37337,1.37377,1.37316,1.37331
1767387600,1.3733,1.37355,1.37271,1.37322
1767564000,1.37435,1.37442,1.37361,1.37418
1767567600,1.37402,1.3748,1.37386,1.37475
1767571200,1.37475,1.37486,1.37413,1.37466
1767574800,1.37467,1.37488,1.37432,1.3747
1767578400,1.37471,1.3754,1.3746,1.37502
1767582000,1.37503,1.37688,1.37496,1.37682
1767585600,1.37683,1.3778,1.37665,1.37709
1767589200,1.37708,1.37734,1.37674,1.3769
1767592800,1.3769,1.37728,1.37652,1.37669
1767596400,1.37668,1.37818,1.37648,1.37782
1767600000,1.37782,1.37845,1.37712,1.37832
1767603600,1.37834,1.3789,1.37778,1.3778
1767607200,1.3778,1.3778,1.37666,1.37678
1767610800,1.37677,1.37698,1.37628,1.37671
1767614400,1.3767,1.37842,1.37622,1.3783
1767618000,1.37828,1.38154,1.37828,1.37988
1767621600,1.37988,1.38002,1.37782,1.37872
1767625200,1.3787,1.37872,1.37456,1.37487
1767628800,1.37488,1.37586,1.37452,1.3758
1767632400,1.37579,1.3765,1.37561,1.37617
1767636000,1.37616,1.37644,1.37554,1.37611
1767639600,1.37612,1.37628,1.37551,1.37568
1767643200,1.37568,1.37671,1.37565,1.37628
1767646800,1.37628,1.37741,1.37606,1.37734
1767650400,1.3771,1.37729,1.37706,1.37717
1767654000,1.37716,1.37739,1.37694,1.37736
1767657600,1.37736,1.37764,1.37721,1.37723
1767661200,1.37722,1.37752,1.37643,1.37644
1767664800,1.37644,1.37703,1.37617,1.3762
1767668400,1.3762,1.37668,1.37608,1.37665
1767672000,1.37664,1.37675,1.37605,1.37641
1767675600,1.37643,1.3767,1.37607,1.37643
1767679200,1.37642,1.37662,1.37557,1.37571
1767682800,1.3757,1.37661,1.37517,1.37632
1767686400,1.37634,1.37656,1.37541,1.37624
1767690000,1.37624,1.37703,1.37614,1.37686
1767693600,1.37686,1.37716,1.37606,1.37629
1767697200,1.3763,1.37742,1.37629,1.37706
1767700800,1.37706,1.37855,1.3765,1.37812
1767704400,1.37812,1.37823,1.37708,1.37714
1767708000,1.37712,1.37736,1.3757,1.3766
1767711600,1.37662,1.37932,1.37656,1.3786
1767715200,1.3786,1.37968,1.37828,1.37909
1767718800,1.37909,1.37954,1.37868,1.37904
1767722400,1.37904,1.37992,1.37887,1.3798
1767726000,1.37976,1.38077,1.37969,1.3805
1767729600,1.3805,1.381,1.38015,1.38098
1767733200,1.38099,1.38171,1.3807,1.38146
1767736800,1.38128,1.38144,1.38108,1.38136
1767740400,1.38137,1.38169,1.38125,1.38164
1767744000,1.38161,1.38249,1.38151,1.38188
1767747600,1.38186,1.38252,1.38154,1.38202
1767751200,1.38202,1.38206,1.38106,1.38146
1767754800,1.38146,1.38168,1.38124,1.38164
1767758400,1.38163,1.38166,1.38117,1.38122
1767762000,1.38122,1.38164,1.38107,1.38134
1767765600,1.38134,1.38178,1.38118,1.38135
1767769200,1.38136,1.38261,1.38132,1.38252
1767772800,1.38252,1.38271,1.38173,1.38175
1767776400,1.38176,1.38202,1.38123,1.3814
1767780000,1.38142,1.38146,1.38056,1.38058
1767783600,1.38057,1.38082,1.38028,1.38064
1767787200,1.38063,1.3813,1.38041,1.38081
1767790800,1.38082,1.381,1.37946,1.3796
1767794400,1.3796,1.38055,1.37904,1.38038
1767798000,1.38037,1.38182,1.38021,1.38126
1767801600,1.38126,1.38329,1.38114,1.38298
1767805200,1.38298,1.3832,1.38249,1.38314
1767808800,1.38314,1.38392,1.38298,1.3839
1767812400,1.3839,1.38466,1.38379,1.38454
1767816000,1.38454,1.38562,1.38444,1.38542
1767819600,1.38544,1.38618,1.38538,1.38609
1767823200,1.38579,1.3859,1.38564,1.3857
1767826800,1.38561,1.3862,1.3856,1.38584
1767830400,1.38585,1.38623,1.38576,1.38608
1767834000,1.38608,1.38664,1.38589,1.38636
1767837600,1.38636,1.38666,1.38606,1.38663
1767841200,1.38664,1.38666,1.38585,1.38609
1767844800,1.3861,1.38658,1.38608,1.38658
1767848400,1.38654,1.38704,1.38654,1.38672
1767852000,1.38672,1.38794,1.38671,1.3868
1767855600,1.3868,1.388,1.38679,1.38794
1767859200,1.38794,1.38884,1.3872,1.38858
1767862800,1.38859,1.38876,1.38788,1.3879
1767866400,1.3879,1.38821,1.38701,1.38703
1767870000,1.38706,1.38752,1.3866,1.38664
1767873600,1.38667,1.38719,1.38602,1.38602
1767877200,1.38602,1.38668,1.38536,1.38636
1767880800,1.38636,1.38734,1.38506,1.38603
1767884400,1.38604,1.38648,1.38538,1.3859
1767888000,1.3859,1.38694,1.38587,1.38646
1767891600,1.38647,1.38757,1.38636,1.3869
1767895200,1.3869,1.38771,1.38688,1.3876
1767898800,1.38762,1.38764,1.38678,1.3868
1767902400,1.38681,1.38682,1.38606,1.38618
1767906000,1.38618,1.38668,1.38552,1.38664
1767909600,1.3863,1.38668,1.38626,1.3866
1767913200,1.38658,1.38658,1.38618,1.38646
1767916800,1.38648,1.38699,1.38648,1.3869
1767920400,1.38692,1.3873,1.38656,1.38724
1767924000,1.38724,1.38764,1.38701,1.38714
1767927600,1.38715,1.38754,1.38698,1.38704
1767931200,1.38704,1.38714,1.38681,1.3869
1767934800,1.38687,1.3874,1.38687,1.38706
1767938400,1.38706,1.38728,1.3865,1.38699
1767942000,1.387,1.38772,1.38688,1.38692
1767945600,1.38691,1.38793,1.38684,1.38706
1767949200,1.38704,1.38774,1.38672,1.38747
1767952800,1.38746,1.38746,1.38688,1.38718
1767956400,1.38718,1.3873,1.38686,1.38713
1767960000,1.38712,1.3883,1.3871,1.38822
1767963600,1.38822,1.38898,1.38674,1.3878
1767967200,1.3878,1.38879,1.38744,1.38814
1767970800,1.38819,1.39064,1.3881,1.38908
1767974400,1.38907,1.38982,1.38812,1.38942
1767978000,1.38942,1.39022,1.3893,1.39017
1767981600,1.39016,1.39085,1.3901,1.39076
1767985200,1.39076,1.39134,1.39067,1.39096
1767988800,1.39097,1.39129,1.39084,1.39127
1767992400,1.39129,1.39202,1.39094,1.39144
1768168800,1.39152,1.39182,1.39144,1.39153
1768172400,1.39152,1.39178,1.39107,1.3913
1768176000,1.39129,1.39148,1.38888,1.38892
1768179600,1.3889,1.38944,1.38836,1.38937
1768183200,1.38938,1.38952,1.38878,1.38947
1768186800,1.38948,1.38963,1.38922,1.38963
1768190400,1.38962,1.3899,1.38948,1.38962
1768194000,1.38962,1.38972,1.38888,1.38908
1768197600,1.38912,1.38938,1.38879,1.38914
1768201200,1.38916,1.38936,1.38762,1.38772
1768204800,1.38776,1.38784,1.38674,1.38726
1768208400,1.38725,1.38818,1.38725,1.38806
1768212000,1.38806,1.3884,1.38732,1.38765
1768215600,1.38764,1.38812,1.3873,1.38794
1768219200,1.38794,1.38846,1.3873,1.38776
1768222800,1.38778,1.38802,1.38686,1.38709
1768226400,1.3871,1.38948,1.38708,1.38827
1768230000,1.38828,1.38848,1.38691,1.38735
1768233600,1.38734,1.38777,1.38688,1.38773
1768237200,1.38772,1.3881,1.38714,1.38726
1768240800,1.38725,1.38792,1.38724,1.38783
1768244400,1.38786,1.38797,1.38685,1.38711
1768248000,1.3871,1.388,1.3869,1.38784
1768251600,1.38783,1.38811,1.38684,1.38804
1768255200,1.38784,1.38802,1.38752,1.3878
1768258800,1.38782,1.38799,1.38748,1.38768
1768262400,1.38768,1.3884,1.38744,1.38798
1768266000,1.38797,1.38816,1.38764,1.38804
1768269600,1.38804,1.3881,1.38727,1.3874
1768273200,1.3874,1.38752,1.38692,1.38726
1768276800,1.38724,1.38731,1.38688,1.38702
1768280400,1.387,1.38722,1.38675,1.38718
1768284000,1.3872,1.38768,1.38697,1.38741
1768287600,1.3874,1.38828,1.38732,1.38778
1768291200,1.38781,1.38879,1.38774,1.38799
1768294800,1.38798,1.388,1.3872,1.38761
1768298400,1.3876,1.3883,1.38746,1.38824
1768302000,1.38824,1.38847,1.38758,1.3876
1768305600,1.38762,1.3884,1.3875,1.38809
1768309200,1.38808,1.38838,1.38552,1.38712
1768312800,1.38713,1.38867,1.38631,1.38776
1768316400,1.38776,1.38942,1.38745,1.38794
1768320000,1.38795,1.38951,1.38772,1.38865
1768323600,1.38864,1.38984,1.38841,1.38948
1768327200,1.38948,1.38973,1.38852,1.38877
1768330800,1.38876,1.38964,1.38861,1.38872
1768334400,1.38871,1.38898,1.38816,1.38822
1768338000,1.38824,1.38908,1.38806,1.38908
1768341600,1.38896,1.389,1.3884,1.38866
1768345200,1.38857,1.38876,1.38854,1.38875
1768348800,1.38875,1.38952,1.3887,1.3894
1768352400,1.38936,1.38976,1.38908,1.38956
1768356000,1.38954,1.38981,1.38896,1.38898
1768359600,1.389,1.389,1.38839,1.38852
1768363200,1.38851,1.38878,1.38834,1.3887
1768366800,1.38869,1.38882,1.38857,1.38872
1768370400,1.38871,1.3888,1.38811,1.38812
1768374000,1.38811,1.38874,1.38804,1.3886
1768377600,1.38861,1.38968,1.38851,1.38911
1768381200,1.38912,1.38962,1.38852,1.3892
1768384800,1.3892,1.3894,1.38848,1.38874
1768388400,1.38875,1.38884,1.38818,1.38822
1768392000,1.3882,1.38824,1.38722,1.38724
1768395600,1.38723,1.38812,1.38706,1.3879
1768399200,1.3879,1.3882,1.38664,1.38762
1768402800,1.38762,1.3885,1.38738,1.38804
1768406400,1.38803,1.38812,1.38703,1.38722
1768410000,1.38722,1.38817,1.3871,1.38786
1768413600,1.38787,1.38838,1.38754,1.3877
1768417200,1.38772,1.38792,1.38714,1.38741
1768420800,1.3874,1.38865,1.38722,1.38842
1768424400,1.38843,1.38858,1.38798,1.38836
1768428000,1.388,1.3882,1.38797,1.38806
1768431600,1.38807,1.38876,1.38785,1.38872
1768435200,1.38872,1.38922,1.38852,1.3888
1768438800,1.38882,1.38932,1.38864,1.38894
1768442400,1.38896,1.38932,1.38886,1.38929
1768446000,1.38928,1.38987,1.38924,1.3897
1768449600,1.38969,1.3903,1.38965,1.3902
1768453200,1.3902,1.39029,1.38964,1.39004
1768456800,1.39004,1.39016,1.38966,1.39009
1768460400,1.39008,1.3904,1.38974,1.39004
1768464000,1.39003,1.3908,1.39001,1.39062
1768467600,1.39062,1.39077,1.39036,1.3905
1768471200,1.39052,1.39073,1.39002,1.39024
1768474800,1.39022,1.39044,1.38974,1.3901
1768478400,1.39009,1.3905,1.38962,1.39027
1768482000,1.39026,1.39138,1.38978,1.39112
1768485600,1.39112,1.39199,1.39027,1.39103
1768489200,1.39102,1.39103,1.38915,1.38918
1768492800,1.38918,1.39008,1.38898,1.38978
1768496400,1.38976,1.38998,1.38924,1.38973
1768500000,1.38974,1.38986,1.38872,1.38914
1768503600,1.38914,1.38964,1.38904,1.38927
1768507200,1.38926,1.38996,1.38915,1.38981
1768510800,1.3898,1.38998,1.3885,1.38944
1768514400,1.38921,1.38938,1.38903,1.38916
1768518000,1.3892,1.38923,1.38876,1.38905
1768521600,1.38906,1.3898,1.38899,1.38973
1768525200,1.38974,1.38985,1.38932,1.38956
1768528800,1.38956,1.38976,1.38876,1.38894
1768532400,1.38892,1.38896,1.38846,1.38862
1768536000,1.38862,1.38879,1.38848,1.38877
1768539600,1.38876,1.38928,1.38874,1.38918
1768543200,1.38918,1.3895,1.3891,1.38914
1768546800,1.38914,1.38948,1.38884,1.38945
1768550400,1.38946,1.38976,1.38924,1.38961
1768554000,1.38962,1.38966,1.38904,1.38952
1768557600,1.38952,1.38962,1.38902,1.38934
1768561200,1.38936,1.38936,1.38846,1.38882
1768564800,1.38882,1.38934,1.38846,1.38894
1768568400,1.38892,1.39006,1.38867,1.38998
1768572000,1.38999,1.39106,1.38986,1.39046
1768575600,1.39044,1.39202,1.38903,1.39146
1768579200,1.39146,1.39254,1.39034,1.39215
1768582800,1.39215,1.39285,1.39176,1.39248
1768586400,1.39248,1.39288,1.39232,1.3924
1768590000,1.39242,1.3926,1.39156,1.39166
1768593600,1.39165,1.39178,1.39142,1.39152
1768597200,1.39152,1.39192,1.39138,1.39154
1768773600,1.39108,1.3917,1.39107,1.39134
1768777200,1.39144,1.39187,1.39002,1.39005
1768780800,1.39006,1.39078,1.38931,1.38942
1768784400,1.3894,1.38978,1.38906,1.38971
1768788000,1.3897,1.39025,1.38959,1.39008
1768791600,1.39006,1.39026,1.3898,1.38994
1768795200,1.38994,1.38994,1.38924,1.3893
1768798800,1.38929,1.38954,1.38896,1.38929
1768802400,1.38931,1.3894,1.38902,1.3891
1768806000,1.38908,1.38986,1.38844,1.38982
1768809600,1.3898,1.3898,1.3887,1.38904
1768813200,1.38904,1.3896,1.38848,1.38866
1768816800,1.38866,1.38912,1.38842,1.38872
1768820400,1.38872,1.38936,1.3886,1.38906
1768824000,1.38907,1.38926,1.38848,1.3887
1768827600,1.38871,1.38881,1.38776,1.3884
1768831200,1.3884,1.38847,1.38681,1.38682
1768834800,1.38684,1.38724,1.38602,1.38652
1768838400,1.38654,1.38685,1.38598,1.38606
1768842000,1.38607,1.38688,1.38603,1.38666
1768845600,1.38667,1.387,1.38638,1.38696
1768849200,1.38698,1.387,1.38654,1.38688
1768852800,1.38688,1.38718,1.38674,1.38682
1768856400,1.38678,1.38739,1.38676,1.38698
1768860000,1.38679,1.387,1.38646,1.3867
1768863600,1.3868,1.3878,1.38666,1.38748
1768867200,1.38746,1.38792,1.38735,1.38754
1768870800,1.38754,1.38772,1.38686,1.38688
1768874400,1.38688,1.38737,1.38657,1.38675
1768878000,1.38676,1.38676,1.38542,1.38549
1768881600,1.38548,1.38562,1.38476,1.38514
1768885200,1.38514,1.3853,1.38448,1.38525
1768888800,1.38526,1.38656,1.38498,1.38578
1768892400,1.38578,1.38588,1.38376,1.38384
1768896000,1.38383,1.38402,1.38287,1.38324
1768899600,1.38322,1.38361,1.38242,1.38277
1768903200,1.38276,1.38321,1.38244,1.38261
1768906800,1.3826,1.38298,1.38154,1.38194
1768910400,1.38194,1.3831,1.38144,1.38267
1768914000,1.38266,1.38386,1.38172,1.38282
1768917600,1.38282,1.38411,1.38202,1.38371
1768921200,1.38373,1.38398,1.382,1.38301
1768924800,1.383,1.3832,1.38202,1.38224
1768928400,1.38225,1.38332,1.38182,1.38314
1768932000,1.38314,1.38338,1.38253,1.38306
1768935600,1.38306,1.38356,1.38279,1.38346
1768939200,1.38346,1.38372,1.38295,1.38324
1768942800,1.38325,1.38436,1.38297,1.38368
1768946400,1.3837,1.3838,1.38332,1.38376
1768950000,1.38379,1.38388,1.38328,1.3834
1768953600,1.38342,1.38407,1.38342,1.38358
1768957200,1.38356,1.38356,1.38238,1.38266
1768960800,1.38267,1.38323,1.3826,1.38322
1768964400,1.3832,1.3839,1.38302,1.38361
1768968000,1.38364,1.38409,1.3836,1.38382
1768971600,1.38384,1.38384,1.38336,1.3837
1768975200,1.3837,1.3838,1.38285,1.38317
1768978800,1.38316,1.38389,1.38286,1.38329
1768982400,1.3833,1.38386,1.3831,1.38372
1768986000,1.38372,1.3843,1.38317,1.3841
1768989600,1.38408,1.38421,1.38349,1.38372
1768993200,1.38372,1.38388,1.38249,1.38302
1768996800,1.38302,1.38304,1.3796,1.37964
1769000400,1.37965,1.38054,1.37912,1.3794
1769004000,1.37939,1.38058,1.37854,1.37982
1769007600,1.37982,1.38169,1.37878,1.37981
1769011200,1.3798,1.38228,1.37964,1.38158
1769014800,1.38158,1.38289,1.3814,1.38162
1769018400,1.38162,1.38274,1.3816,1.38217
1769022000,1.38216,1.38379,1.3819,1.38301
1769025600,1.383,1.3839,1.3827,1.38314
1769029200,1.38314,1.38402,1.3829,1.38321
1769032800,1.38335,1.38353,1.38324,1.38344
1769036400,1.38337,1.38442,1.38328,1.38441
1769040000,1.3844,1.3845,1.38274,1.38297
1769043600,1.38295,1.38318,1.38266,1.3827
1769047200,1.38272,1.38314,1.38224,1.38274
1769050800,1.38274,1.38277,1.38235,1.38239
1769054400,1.38238,1.3824,1.38168,1.38211
1769058000,1.38212,1.3826,1.3821,1.38212
1769061600,1.38212,1.3825,1.38189,1.38222
1769065200,1.38222,1.38236,1.38182,1.38206
1769068800,1.38205,1.38307,1.38198,1.38222
1769072400,1.3822,1.38278,1.38149,1.38256
1769076000,1.38256,1.38334,1.3823,1.38236
1769079600,1.38236,1.38298,1.38222,1.38284
1769083200,1.38284,1.38286,1.38112,1.38159
1769086800,1.38158,1.38174,1.3804,1.38083
1769090400,1.38084,1.3817,1.37966,1.38116
1769094000,1.38122,1.38212,1.37971,1.38024
1769097600,1.38024,1.38062,1.37912,1.38
1769101200,1.38,1.38084,1.37845,1.37855
1769104800,1.37857,1.37922,1.37832,1.37854
1769108400,1.37854,1.37918,1.37842,1.37917
1769112000,1.37916,1.37934,1.37863,1.37879
1769115600,1.37881,1.37902,1.37837,1.37872
1769119200,1.3788,1.37892,1.3786,1.3786
1769122800,1.37862,1.3787,1.3782,1.37849
1769126400,1.37851,1.37929,1.3785,1.37892
1769130000,1.37891,1.37902,1.37841,1.37882
1769133600,1.37881,1.37962,1.37878,1.37928
1769137200,1.37928,1.37959,1.37898,1.37948
1769140800,1.37948,1.37966,1.37889,1.37901
1769144400,1.37902,1.37908,1.37838,1.3789
1769148000,1.37892,1.37934,1.37878,1.37911
1769151600,1.37912,1.37972,1.37858,1.37944
1769155200,1.37944,1.37998,1.37856,1.37868
1769158800,1.37868,1.37927,1.3784,1.37924
1769162400,1.37922,1.37958,1.37822,1.37822
1769166000,1.3782,1.37868,1.37786,1.37797
1769169600,1.37796,1.37806,1.37681,1.37681
1769173200,1.37682,1.37682,1.3759,1.37662
1769176800,1.37664,1.37704,1.37501,1.37529
1769180400,1.3753,1.37534,1.37352,1.37352
1769184000,1.37352,1.37456,1.37237,1.37264
1769187600,1.37261,1.37282,1.3704,1.37136
1769191200,1.37136,1.3726,1.3713,1.37139
1769194800,1.37138,1.37149,1.37037,1.3707
1769198400,1.3707,1.37093,1.36948,1.36972
1769202000,1.36972,1.37066,1.3694,1.3703
1769378400,1.37001,1.371,1.36961,1.3702
1769382000,1.37018,1.371,1.3689,1.37009
1769385600,1.37006,1.37066,1.36897,1.369
1769389200,1.369,1.36912,1.36782,1.36844
1769392800,1.36843,1.36874,1.36755,1.36829
1769396400,1.36832,1.3688,1.36812,1.36864
1769400000,1.36866,1.36899,1.3678,1.3681
1769403600,1.36809,1.36832,1.36754,1.36811
1769407200,1.36812,1.36858,1.36753,1.36822
1769410800,1.36824,1.36966,1.36808,1.36964
1769414400,1.36963,1.36965,1.36798,1.36842
1769418000,1.3684,1.36856,1.36748,1.36769
1769421600,1.36768,1.36798,1.36716,1.36798
1769425200,1.36796,1.36878,1.36793,1.36847
1769428800,1.36846,1.36995,1.36826,1.36984
1769432400,1.36984,1.3713,1.3698,1.37034
1769436000,1.37034,1.37066,1.3682,1.3689
1769439600,1.36888,1.3701,1.36792,1.36801
1769443200,1.36802,1.36999,1.36758,1.36938
1769446800,1.36939,1.37118,1.36936,1.37036
1769450400,1.37036,1.3707,1.36998,1.37048
1769454000,1.3705,1.37202,1.3705,1.37165
1769457600,1.37164,1.3718,1.37108,1.3713
1769461200,1.3713,1.37158,1.37084,1.37086
1769464800,1.3707,1.37127,1.37066,1.37124
1769468400,1.37122,1.37148,1.37096,1.37148
1769472000,1.37148,1.37178,1.37131,1.37154
1769475600,1.37156,1.37206,1.3715,1.37186
1769479200,1.37186,1.37204,1.37086,1.37155
1769482800,1.37154,1.37247,1.37154,1.37244
1769486400,1.37242,1.37358,1.37224,1.37326
1769490000,1.37326,1.37394,1.37314,1.37351
1769493600,1.37354,1.37392,1.3733,1.37368
1769497200,1.37366,1.37394,1.37238,1.37323
1769500800,1.37322,1.37384,1.37265,1.37267
1769504400,1.37268,1.37286,1.37065,1.3708
1769508000,1.37082,1.37144,1.37061,1.37079
1769511600,1.37078,1.37116,1.37054,1.37066
1769515200,1.37066,1.37076,1.36804,1.36815
1769518800,1.36812,1.36812,1.36579,1.36712
1769522400,1.36712,1.36733,1.3632,1.36404
1769526000,1.36405,1.36405,1.36056,1.36104
1769529600,1.36104,1.36116,1.35914,1.36
1769533200,1.35998,1.36093,1.35966,1.35983
1769536800,1.35982,1.3615,1.35958,1.36102
1769540400,1.36102,1.36178,1.36068,1.36154
1769544000,1.36155,1.36236,1.3559,1.35816
1769547600,1.35816,1.35938,1.35739,1.35772
1769551200,1.3579,1.35813,1.35708,1.35758
1769554800,1.35756,1.35943,1.35745,1.35933
1769558400,1.35932,1.36064,1.35922,1.3603
1769562000,1.3603,1.36136,1.36012,1.36124
1769565600,1.36124,1.3615,1.36045,1.36064
1769569200,1.36063,1.36065,1.35964,1.36011
1769572800,1.3601,1.36048,1.35906,1.35943
1769576400,1.35941,1.3601,1.35843,1.35851
1769580000,1.3585,1.3587,1.35767,1.35854
1769583600,1.35854,1.35867,1.35673,1.35836
1769587200,1.35836,1.35836,1.3561,1.35777
1769590800,1.35776,1.3578,1.3561,1.35646
1769594400,1.35645,1.35662,1.35566,1.35588
1769598000,1.35584,1.35779,1.35584,1.35742
1769601600,1.35742,1.35746,1.35511,1.35586
1769605200,1.35584,1.35718,1.35534,1.3558
1769608800,1.3558,1.3558,1.35357,1.3555
1769612400,1.3555,1.35918,1.35422,1.35601
1769616000,1.35602,1.35872,1.35575,1.35776
1769619600,1.35774,1.3587,1.3571,1.35738
1769623200,1.35739,1.36027,1.35734,1.35918
1769626800,1.35915,1.3608,1.35687,1.3569
1769630400,1.35692,1.35706,1.35499,1.3558
1769634000,1.3558,1.35614,1.35464,1.3559
1769637600,1.35578,1.35714,1.35566,1.35618
1769641200,1.3562,1.35654,1.35366,1.35382
1769644800,1.35381,1.35468,1.35312,1.35396
1769648400,1.35397,1.35544,1.35396,1.35517
1769652000,1.35518,1.35584,1.35364,1.35395
1769655600,1.35394,1.35402,1.35206,1.35212
1769659200,1.35212,1.3528,1.35195,1.35219
1769662800,1.3522,1.35278,1.35163,1.35262
1769666400,1.35263,1.35288,1.35167,1.35186
1769670000,1.35184,1.35335,1.35096,1.35273
1769673600,1.35272,1.35372,1.35182,1.35304
1769677200,1.35304,1.3541,1.35248,1.35352
1769680800,1.35351,1.35621,1.35334,1.35603
1769684400,1.35601,1.35626,1.35476,1.35492
1769688000,1.35494,1.35522,1.35232,1.35242
1769691600,1.35242,1.35281,1.35072,1.352
1769695200,1.35198,1.35214,1.3492,1.35045
1769698800,1.35044,1.35781,1.35034,1.3555
1769702400,1.35552,1.3558,1.35092,1.35204
1769706000,1.35204,1.35211,1.35017,1.35152
1769709600,1.35154,1.35218,1.34914,1.35003
1769713200,1.35002,1.35064,1.3493,1.34984
1769716800,1.34982,1.3505,1.34872,1.34899
1769720400,1.34902,1.34982,1.3485,1.34894
1769724000,1.34908,1.34966,1.3486,1.34873
1769727600,1.34872,1.35066,1.34818,1.34916
1769731200,1.34917,1.35158,1.34847,1.35154
1769734800,1.35153,1.35294,1.35118,1.35288
1769738400,1.3529,1.35459,1.3522,1.35221
1769742000,1.3522,1.35274,1.3517,1.352
1769745600,1.35202,1.35226,1.35116,1.35184
1769749200,1.35184,1.35248,1.35099,1.35172
1769752800,1.35172,1.353,1.35112,1.3528
1769756400,1.35281,1.35284,1.35083,1.35139
1769760000,1.35136,1.35307,1.35075,1.352
1769763600,1.35199,1.35535,1.3517,1.35454
1769767200,1.35456,1.35475,1.3531,1.35372
1769770800,1.35373,1.35376,1.3505,1.35057
1769774400,1.35058,1.35306,1.34932,1.35292
1769778000,1.35292,1.35558,1.35216,1.35458
1769781600,1.35458,1.35458,1.35118,1.35249
1769785200,1.35248,1.35442,1.35168,1.35426
1769788800,1.35426,1.35652,1.35418,1.35568
1769792400,1.3557,1.35892,1.35558,1.35833
1769796000,1.35834,1.36175,1.35748,1.3579
1769799600,1.3579,1.35944,1.35714,1.35884
1769803200,1.35884,1.36178,1.35881,1.36168
1769806800,1.36168,1.3624,1.36098,1.36197
1769983200,1.36132,1.3622,1.36088,1.36144
1769986800,1.36134,1.3658,1.36113,1.3639
1769990400,1.36388,1.36388,1.36138,1.36177
1769994000,1.3618,1.36484,1.36179,1.36258
1769997600,1.36257,1.36462,1.36196,1.36442
1770001200,1.36443,1.36504,1.36372,1.36484
1770004800,1.36482,1.36512,1.36381,1.36441
1770008400,1.36443,1.36722,1.36436,1.36624
1770012000,1.36624,1.36752,1.36562,1.36594
1770015600,1.36593,1.36624,1.36496,1.36524
1770019200,1.36523,1.36551,1.36271,1.36438
1770022800,1.36439,1.36546,1.36309,1.36317
1770026400,1.3632,1.36406,1.36276,1.36338
1770030000,1.36338,1.3637,1.36252,1.36328
1770033600,1.36328,1.36422,1.36272,1.36372
1770037200,1.36372,1.36666,1.36368,1.36632
1770040800,1.36633,1.36714,1.36375,1.36559
1770044400,1.3656,1.36931,1.36531,1.3692
1770048000,1.3692,1.36933,1.36718,1.3677
1770051600,1.3677,1.36866,1.3673,1.36854
1770055200,1.36853,1.37028,1.36843,1.3694
1770058800,1.36939,1.36966,1.36802,1.36846
1770062400,1.36846,1.36896,1.36706,1.36727
1770066000,1.36726,1.36832,1.36676,1.3682
1770069600,1.36782,1.3683,1.3678,1.3682
1770073200,1.36824,1.3684,1.36734,1.36734
1770076800,1.36734,1.3674,1.36632,1.36638
1770080400,1.36638,1.36687,1.3659,1.36614
1770084000,1.36614,1.36803,1.36597,1.36773
1770087600,1.36772,1.36806,1.3655,1.36576
1770091200,1.36577,1.36672,1.36551,1.36628
1770094800,1.3663,1.36678,1.36588,1.36652
1770098400,1.36653,1.36659,1.36544,1.36619
1770102000,1.36622,1.36642,1.36515,1.36562
1770105600,1.36565,1.36728,1.36548,1.36725
1770109200,1.36724,1.36856,1.36698,1.36844
1770112800,1.36844,1.3686,1.36772,1.3682
1770116400,1.3682,1.36858,1.36754,1.36782
1770120000,1.36782,1.36795,1.36566,1.36566
1770123600,1.36568,1.36664,1.3647,1.3666
1770127200,1.3666,1.36807,1.3658,1.367
1770130800,1.367,1.3678,1.36454,1.36521
1770134400,1.36521,1.36538,1.36362,1.36456
1770138000,1.3646,1.36528,1.36366,1.36494
1770141600,1.36494,1.36536,1.364,1.36535
1770145200,1.36536,1.3659,1.36438,1.36514
1770148800,1.36514,1.36544,1.36335,1.36376
1770152400,1.36376,1.36432,1.36325,1.36424
1770156000,1.3639,1.36408,1.36372,1.364
1770159600,1.36386,1.3643,1.36372,1.36404
1770163200,1.36403,1.36458,1.36402,1.36456
1770166800,1.36456,1.3646,1.36334,1.36378
1770170400,1.36376,1.36486,1.36324,1.3647
1770174000,1.3647,1.36509,1.36442,1.36446
1770177600,1.36448,1.36468,1.36374,1.36378
1770181200,1.36376,1.36394,1.36336,1.36349
1770184800,1.36348,1.36374,1.36305,1.3636
1770188400,1.3636,1.36393,1.36322,1.36356
1770192000,1.36358,1.36426,1.36288,1.36352
1770195600,1.36351,1.36496,1.36331,1.36472
1770199200,1.36474,1.36643,1.36461,1.3663
1770202800,1.3663,1.36744,1.36613,1.36648
1770206400,1.36648,1.3666,1.36472,1.36534
1770210000,1.36537,1.36586,1.36441,1.36494
1770213600,1.36494,1.36676,1.36488,1.36643
1770217200,1.36644,1.36804,1.36545,1.36721
1770220800,1.36722,1.36835,1.36659,1.36673
1770224400,1.36674,1.36788,1.36592,1.36724
1770228000,1.36724,1.36799,1.36688,1.36772
1770231600,1.36772,1.36844,1.36646,1.36678
1770235200,1.36678,1.3675,1.36656,1.36666
1770238800,1.36667,1.36718,1.3658,1.36636
1770242400,1.36634,1.36677,1.36606,1.36658
1770246000,1.36664,1.36721,1.36626,1.3671
1770249600,1.36707,1.36707,1.36604,1.36634
1770253200,1.36631,1.36686,1.36608,1.36679
1770256800,1.36678,1.36933,1.36666,1.36914
1770260400,1.36914,1.3693,1.36828,1.36866
1770264000,1.36866,1.36876,1.36802,1.3683
1770267600,1.36831,1.36902,1.36828,1.36846
1770271200,1.36844,1.36892,1.36818,1.36846
1770274800,1.36846,1.36886,1.3677,1.36874
1770278400,1.36875,1.36924,1.36776,1.36869
1770282000,1.36868,1.37004,1.3686,1.36998
1770285600,1.36997,1.37006,1.36891,1.36926
1770289200,1.36927,1.36935,1.36827,1.36839
1770292800,1.3684,1.36928,1.36799,1.36836
1770296400,1.36837,1.3688,1.36626,1.36681
1770300000,1.3668,1.36716,1.36555,1.36592
1770303600,1.36592,1.36861,1.36526,1.36846
1770307200,1.36846,1.3694,1.36676,1.36719
1770310800,1.3672,1.3682,1.36664,1.3674
1770314400,1.36742,1.36826,1.36698,1.36792
1770318000,1.36794,1.36836,1.36753,1.3682
1770321600,1.36818,1.36966,1.36772,1.36965
1770325200,1.36968,1.37114,1.36938,1.37108
1770328800,1.37074,1.37112,1.37016,1.37082
1770332400,1.37079,1.37144,1.37058,1.3712
1770336000,1.37122,1.37248,1.37053,1.37056
1770339600,1.37058,1.37144,1.37016,1.37044
1770343200,1.37044,1.37045,1.36937,1.3701
1770346800,1.37011,1.37054,1.36962,1.3702
1770350400,1.3702,1.37022,1.36932,1.3695
1770354000,1.36952,1.36982,1.36888,1.36906
1770357600,1.36908,1.36929,1.36838,1.3688
1770361200,1.3688,1.3695,1.36864,1.36885
1770364800,1.36888,1.36919,1.36781,1.36811
1770368400,1.36812,1.36864,1.3678,1.36832
1770372000,1.36834,1.3691,1.36782,1.3687
1770375600,1.36872,1.36895,1.36765,1.36774
1770379200,1.36773,1.36834,1.36702,1.36704
1770382800,1.36703,1.36722,1.36475,1.36568
1770386400,1.36569,1.3658,1.36266,1.36294
1770390000,1.36295,1.36443,1.36246,1.36358
1770393600,1.36359,1.36502,1.36304,1.36457
1770397200,1.36458,1.36484,1.36402,1.36446
1770400800,1.36446,1.36516,1.364,1.3651
1770404400,1.36508,1.36598,1.36494,1.36582
1770408000,1.36581,1.36602,1.36533,1.36552
1770411600,1.36551,1.36778,1.36456,1.36742
1770588000,1.3674,1.36744,1.3661,1.36638
1770591600,1.3664,1.36742,1.36565,1.3659
1770595200,1.3659,1.36634,1.36512,1.3657
1770598800,1.3657,1.36615,1.36522,1.36602
1770602400,1.36603,1.36676,1.36571,1.36609
1770606000,1.36608,1.36644,1.36562,1.36636
1770609600,1.36636,1.36638,1.36572,1.36572
1770613200,1.36569,1.3659,1.36527,1.36554
1770616800,1.36552,1.3658,1.36424,1.36442
1770620400,1.36442,1.36484,1.36403,1.3643
1770624000,1.3643,1.36496,1.36393,1.36402
1770627600,1.36399,1.3645,1.36335,1.36444
1770631200,1.36443,1.36558,1.36424,1.36478
1770634800,1.36478,1.36524,1.3632,1.36346
1770638400,1.36346,1.36346,1.36051,1.3609
1770642000,1.36087,1.3614,1.36024,1.36034
1770645600,1.36034,1.36084,1.35792,1.35812
1770649200,1.35813,1.35891,1.35716,1.35722
1770652800,1.35722,1.35786,1.35675,1.35711
1770656400,1.35712,1.35782,1.3569,1.35706
1770660000,1.35706,1.35754,1.35592,1.35642
1770663600,1.35643,1.35662,1.35564,1.35605
1770667200,1.35606,1.35638,1.35548,1.35594
1770670800,1.35594,1.35603,1.35529,1.35567
1770674400,1.35635,1.35704,1.35578,1.35635
1770678000,1.3562,1.35652,1.3559,1.35614
1770681600,1.35614,1.35682,1.35606,1.35639
1770685200,1.35638,1.35684,1.3557,1.35589
1770688800,1.3559,1.3559,1.3549,1.35504
1770692400,1.35504,1.35548,1.35484,1.35523
1770696000,1.3552,1.35565,1.35503,1.35562
1770699600,1.3556,1.3559,1.35541,1.3557
1770703200,1.3557,1.35618,1.35542,1.35584
1770706800,1.35582,1.35666,1.35546,1.35605
1770710400,1.35606,1.35688,1.35603,1.35653
1770714000,1.35654,1.35663,1.35576,1.35644
1770717600,1.35642,1.3568,1.35596,1.35614
1770721200,1.35616,1.35676,1.3559,1.35632
1770724800,1.35631,1.35768,1.35607,1.35716
1770728400,1.35716,1.35736,1.35486,1.3549
1770732000,1.3549,1.35543,1.353,1.35318
1770735600,1.3532,1.35433,1.35242,1.35251
1770739200,1.35252,1.35418,1.35233,1.35334
1770742800,1.35334,1.35446,1.35326,1.3543
1770746400,1.3543,1.35553,1.35417,1.35522
1770750000,1.35522,1.35555,1.35429,1.35432
1770753600,1.35433,1.35564,1.35432,1.35558
1770757200,1.35557,1.35582,1.35468,1.35535
1770760800,1.35539,1.35539,1.35465,1.35502
1770764400,1.35505,1.35558,1.35491,1.35538
1770768000,1.35538,1.35546,1.35446,1.35471
1770771600,1.3547,1.35474,1.35398,1.35399
1770775200,1.354,1.354,1.35246,1.3526
1770778800,1.3526,1.35264,1.3519,1.35196
1770782400,1.35198,1.35262,1.35172,1.35262
1770786000,1.35263,1.35268,1.35188,1.35212
1770789600,1.35212,1.3526,1.35172,1.35254
1770793200,1.35252,1.3532,1.35206,1.35221
1770796800,1.3522,1.35269,1.35146,1.35152
1770800400,1.35153,1.35197,1.35092,1.35116
1770804000,1.35118,1.35138,1.35044,1.35084
1770807600,1.35084,1.35526,1.35084,1.35367
1770811200,1.35366,1.3558,1.3535,1.35534
1770814800,1.35536,1.36074,1.3553,1.35836
1770818400,1.3584,1.35896,1.35648,1.35817
1770822000,1.35818,1.36192,1.35772,1.36064
1770825600,1.36066,1.36137,1.35694,1.35702
1770829200,1.35702,1.35762,1.35518,1.35556
1770832800,1.35553,1.35648,1.35505,1.35566
1770836400,1.35566,1.35686,1.35566,1.35658
1770840000,1.35658,1.35742,1.35648,1.35736
1770843600,1.35736,1.35847,1.35716,1.35762
1770847200,1.35737,1.35754,1.35714,1.3573
1770850800,1.35731,1.35808,1.357,1.35762
1770854400,1.3576,1.3585,1.35718,1.35753
1770858000,1.35754,1.35798,1.35685,1.35692
1770861600,1.35692,1.35742,1.35651,1.35705
1770865200,1.35706,1.35772,1.35657,1.35728
1770868800,1.35728,1.35864,1.35686,1.35842
1770872400,1.3584,1.3586,1.35802,1.35802
1770876000,1.35802,1.35968,1.35778,1.35909
1770879600,1.3591,1.3592,1.35758,1.35787
1770883200,1.35786,1.35816,1.35706,1.35708
1770886800,1.35709,1.35737,1.35634,1.35644
1770890400,1.35644,1.35718,1.35632,1.35668
1770894000,1.35668,1.35703,1.35574,1.35574
1770897600,1.35574,1.3581,1.35555,1.35744
1770901200,1.35742,1.35824,1.3566,1.3567
1770904800,1.3567,1.35914,1.35594,1.35839
1770908400,1.3584,1.36067,1.35812,1.35978
1770912000,1.35978,1.36358,1.3597,1.36233
1770915600,1.36232,1.3634,1.36195,1.36258
1770919200,1.36257,1.36346,1.36195,1.36212
1770922800,1.36212,1.3623,1.3608,1.3611
1770926400,1.36111,1.36168,1.3609,1.3614
1770930000,1.36139,1.36152,1.36062,1.361
1770933600,1.36149,1.36178,1.36092,1.36092
1770937200,1.3609,1.36128,1.36078,1.36118
1770940800,1.36118,1.36165,1.36089,1.36122
1770944400,1.36122,1.36174,1.36079,1.36144
1770948000,1.36144,1.36174,1.36108,1.3613
1770951600,1.3613,1.36176,1.36118,1.36172
1770955200,1.36171,1.36226,1.36133,1.36184
1770958800,1.36185,1.36274,1.36123,1.36254
1770962400,1.36254,1.36318,1.36216,1.36296
1770966000,1.36298,1.36378,1.36239,1.3626
1770969600,1.3626,1.36264,1.36021,1.36028
1770973200,1.36028,1.36061,1.35975,1.3605
1770976800,1.36049,1.36188,1.36043,1.36174
1770980400,1.36173,1.36245,1.36152,1.36204
1770984000,1.36205,1.3632,1.36198,1.3625
1770987600,1.3625,1.36362,1.36002,1.36022
1770991200,1.36021,1.36272,1.36006,1.36224
1770994800,1.36224,1.36336,1.36094,1.3633
1770998400,1.36329,1.36366,1.36144,1.36198
1771002000,1.36196,1.36202,1.35936,1.36045
1771005600,1.36044,1.36068,1.35989,1.3605
1771009200,1.36049,1.36223,1.36024,1.36213
1771012800,1.36214,1.3626,1.36151,1.36184
1771016400,1.36183,1.36232,1.36142,1.36178
1771192800,1.36096,1.36212,1.36094,1.36156
1771196400,1.36158,1.36256,1.36158,1.36178
1771200000,1.36177,1.36198,1.36117,1.36151
1771203600,1.3615,1.3619,1.36136,1.36148
1771207200,1.36148,1.36188,1.36126,1.36136
1771210800,1.36136,1.36158,1.36112,1.36126
1771214400,1.36124,1.36184,1.36105,1.3617
1771218000,1.36169,1.36194,1.36151,1.3617
1771221600,1.36173,1.36178,1.36071,1.36118
1771225200,1.36118,1.36148,1.36074,1.36084
1771228800,1.36084,1.36162,1.36036,1.36088
1771232400,1.36088,1.36202,1.36042,1.36188
1771236000,1.36189,1.36204,1.36097,1.36163
1771239600,1.36162,1.36262,1.36159,1.36233
1771243200,1.36232,1.36296,1.3618,1.36281
1771246800,1.36284,1.36334,1.36243,1.36266
1771250400,1.3627,1.36332,1.3619,1.36292
1771254000,1.36292,1.36346,1.36268,1.36288
1771257600,1.36288,1.36349,1.36272,1.36347
1771261200,1.36348,1.36388,1.36329,1.36384
1771264800,1.36383,1.36388,1.36348,1.36364
1771268400,1.36363,1.36364,1.36345,1.36349
1771272000,1.36348,1.36366,1.3634,1.36349
1771275600,1.36352,1.36388,1.36347,1.36374
1771279200,1.36335,1.36354,1.36325,1.3633
1771282800,1.36331,1.3639,1.36324,1.36367
1771286400,1.36366,1.36422,1.36343,1.36415
1771290000,1.36416,1.36444,1.36394,1.36428
1771293600,1.3643,1.3646,1.36373,1.36426
1771297200,1.36426,1.36474,1.36406,1.36438
1771300800,1.36437,1.36452,1.36371,1.36382
1771304400,1.36382,1.36483,1.3638,1.36409
1771308000,1.36408,1.36412,1.36382,1.36395
1771311600,1.36396,1.36532,1.36396,1.36482
1771315200,1.36481,1.36492,1.364,1.36468
1771318800,1.36468,1.3649,1.36416,1.3644
1771322400,1.3644,1.36482,1.36375,1.36434
1771326000,1.36434,1.36484,1.3637,1.3646
1771329600,1.3646,1.36556,1.36426,1.36523
1771333200,1.36524,1.36719,1.36484,1.36714
1771336800,1.36714,1.36796,1.3661,1.36779
1771340400,1.36781,1.36931,1.36711,1.36844
1771344000,1.36844,1.36844,1.36503,1.36534
1771347600,1.36534,1.36604,1.36462,1.36486
1771351200,1.36486,1.36508,1.3635,1.36389
1771354800,1.36388,1.36442,1.36362,1.36385
1771358400,1.36388,1.3641,1.36358,1.36386
1771362000,1.36385,1.36422,1.36329,1.36365
1771365600,1.36366,1.36372,1.36346,1.36366
1771369200,1.36363,1.3641,1.36322,1.36394
1771372800,1.36397,1.3643,1.36382,1.36418
1771376400,1.36417,1.36484,1.36409,1.36458
1771380000,1.36458,1.36514,1.36444,1.36476
1771383600,1.36477,1.36522,1.36444,1.36521
1771387200,1.36522,1.36536,1.36503,1.36522
1771390800,1.36521,1.3655,1.3651,1.36528
1771394400,1.36528,1.36562,1.36495,1.36509
1771398000,1.36512,1.36656,1.365,1.36642
1771401600,1.36642,1.36686,1.36588,1.36668
1771405200,1.36668,1.36675,1.36522,1.36558
1771408800,1.36559,1.36598,1.36484,1.36562
1771412400,1.3656,1.36568,1.36416,1.36422
1771416000,1.36422,1.36486,1.36374,1.36486
1771419600,1.36488,1.36689,1.36408,1.36684
1771423200,1.36685,1.36786,1.36632,1.36672
1771426800,1.36673,1.36736,1.36607,1.3666
1771430400,1.3666,1.36784,1.36596,1.36762
1771434000,1.36762,1.36879,1.36735,1.368
1771437600,1.368,1.36974,1.36778,1.36894
1771441200,1.36894,1.37005,1.36878,1.36978
1771444800,1.36978,1.3699,1.3692,1.36984
1771448400,1.36984,1.37,1.36952,1.36955
1771452000,1.3695,1.36962,1.36927,1.3695
1771455600,1.36951,1.36982,1.36931,1.36972
1771459200,1.3697,1.37014,1.36946,1.36989
1771462800,1.3699,1.3699,1.36895,1.36898
1771466400,1.36897,1.36926,1.3687,1.36906
1771470000,1.36906,1.36984,1.36885,1.36973
1771473600,1.36974,1.37042,1.36965,1.3703
1771477200,1.37028,1.37046,1.37019,1.37019
1771480800,1.3702,1.37028,1.36858,1.36881
1771484400,1.36884,1.36907,1.36776,1.36812
1771488000,1.36812,1.36862,1.3676,1.36764
1771491600,1.36764,1.36787,1.36716,1.36738
1771495200,1.36739,1.36914,1.36678,1.36816
1771498800,1.36816,1.3693,1.36797,1.36918
1771502400,1.36917,1.36968,1.36832,1.36936
1771506000,1.36937,1.37068,1.36856,1.3686
1771509600,1.3686,1.3715,1.36854,1.37067
1771513200,1.37068,1.37108,1.36759,1.36832
1771516800,1.36834,1.37041,1.36796,1.37018
1771520400,1.37017,1.37025,1.36908,1.36964
1771524000,1.36963,1.3699,1.36894,1.3693
1771527600,1.3693,1.37075,1.36908,1.37019
1771531200,1.37018,1.3702,1.36934,1.36954
1771534800,1.36954,1.36958,1.36803,1.36817
1771538400,1.3681,1.36857,1.36807,1.36818
1771542000,1.36823,1.36885,1.36791,1.36884
1771545600,1.36883,1.36919,1.36858,1.36874
1771549200,1.36874,1.37024,1.36863,1.36978
1771552800,1.36978,1.37031,1.36955,1.36997
1771556400,1.36998,1.36998,1.369,1.36928
1771560000,1.36928,1.3695,1.3688,1.36942
1771563600,1.36941,1.36942,1.36843,1.36862
1771567200,1.36862,1.36902,1.36851,1.36866
1771570800,1.36866,1.36988,1.3681,1.36982
1771574400,1.36982,1.3703,1.36882,1.3692
1771578000,1.36921,1.36923,1.36824,1.36896
1771581600,1.36894,1.36948,1.36843,1.36885
1771585200,1.36886,1.3692,1.36814,1.36858
1771588800,1.3686,1.36944,1.36823,1.36917
1771592400,1.36918,1.36985,1.36825,1.36893
1771596000,1.36894,1.37058,1.3687,1.37012
1771599600,1.37008,1.37111,1.36698,1.36764
1771603200,1.36763,1.36997,1.3674,1.36894
1771606800,1.36894,1.37043,1.3683,1.36865
1771610400,1.36864,1.36935,1.36712,1.36786
1771614000,1.36786,1.36921,1.36768,1.36882
1771617600,1.36882,1.36908,1.3681,1.36838
1771621200,1.36837,1.3685,1.36694,1.36826
1771797600,1.36767,1.36782,1.36742,1.3677
1771801200,1.3677,1.36812,1.36487,1.36498
1771804800,1.36501,1.36616,1.36499,1.36574
1771808400,1.36572,1.3666,1.36566,1.36644
1771812000,1.36646,1.36682,1.36606,1.3665
1771815600,1.3665,1.36738,1.36646,1.36698
1771819200,1.36698,1.36726,1.3669,1.36708
1771822800,1.36707,1.36746,1.36682,1.36695
1771826400,1.36694,1.36718,1.36623,1.36666
1771830000,1.36667,1.36738,1.3666,1.36687
1771833600,1.3669,1.3673,1.36622,1.36638
1771837200,1.36639,1.36718,1.36622,1.36707
1771840800,1.36706,1.36775,1.36706,1.36749
1771844400,1.3675,1.36878,1.36738,1.3686
1771848000,1.3686,1.37004,1.3686,1.36914
1771851600,1.36915,1.36983,1.36782,1.36784
1771855200,1.36784,1.36831,1.36676,1.36758
1771858800,1.36757,1.36898,1.36712,1.36877
1771862400,1.36878,1.36946,1.36803,1.36862
1771866000,1.36862,1.36969,1.36826,1.36902
1771869600,1.36902,1.3696,1.36876,1.36922
1771873200,1.36924,1.36992,1.36895,1.36962
1771876800,1.36962,1.37022,1.36952,1.3702
1771880400,1.3702,1.37044,1.36956,1.36975
1771884000,1.36954,1.36982,1.36944,1.36954
1771887600,1.36954,1.36982,1.36922,1.36947
1771891200,1.36946,1.37009,1.36917,1.36996
1771894800,1.36998,1.37176,1.36998,1.37062
1771898400,1.37063,1.3708,1.36998,1.37001
1771902000,1.37002,1.3706,1.36965,1.37058
1771905600,1.37057,1.371,1.37039,1.37077
1771909200,1.37076,1.37089,1.36984,1.36992
1771912800,1.36992,1.3702,1.36965,1.36982
1771916400,1.36982,1.3708,1.36982,1.37039
1771920000,1.3704,1.37084,1.36972,1.37039
1771923600,1.37038,1.37044,1.36962,1.36982
1771927200,1.36982,1.37043,1.36962,1.3704
1771930800,1.37038,1.37136,1.37028,1.37118
1771934400,1.37118,1.37176,1.37086,1.37129
1771938000,1.37128,1.37168,1.37058,1.37142
1771941600,1.37143,1.37251,1.37123,1.37172
1771945200,1.37174,1.3722,1.37102,1.37152
1771948800,1.37152,1.3717,1.37011,1.37038
1771952400,1.3704,1.37089,1.37009,1.37054
1771956000,1.37056,1.37059,1.3701,1.3704
1771959600,1.37041,1.37068,1.36973,1.37038
1771963200,1.37037,1.37052,1.36946,1.37032
1771966800,1.37032,1.37062,1.36977,1.36994
1771970400,1.37,1.37049,1.36974,1.36986
1771974000,1.37009,1.37036,1.36992,1.37033
1771977600,1.37034,1.3706,1.36956,1.36967
1771981200,1.36967,1.36998,1.36933,1.36995
1771984800,1.36996,1.36999,1.36842,1.36844
1771988400,1.36844,1.36924,1.3681,1.36887
1771992000,1.36888,1.3691,1.36846,1.36852
1771995600,1.36853,1.36858,1.3676,1.36774
1771999200,1.36778,1.36828,1.36752,1.36759
1772002800,1.36758,1.3684,1.36743,1.36838
1772006400,1.36838,1.36916,1.368,1.3691
1772010000,1.3691,1.36974,1.36894,1.36924
1772013600,1.36922,1.36986,1.36888,1.3697
1772017200,1.3697,1.37068,1.3697,1.37032
1772020800,1.37031,1.37033,1.36892,1.36902
1772024400,1.36903,1.37018,1.36848,1.37005
1772028000,1.37006,1.37048,1.3691,1.36986
1772031600,1.36984,1.36988,1.36792,1.36813
1772035200,1.36814,1.3688,1.36748,1.3686
1772038800,1.3686,1.36868,1.3677,1.3684
1772042400,1.3684,1.3686,1.36748,1.36812
1772046000,1.36813,1.36836,1.36758,1.3678
1772049600,1.3678,1.36852,1.36769,1.36795
1772053200,1.36798,1.36828,1.36736,1.36747
1772056800,1.36792,1.36804,1.36715,1.36758
1772060400,1.3676,1.36774,1.36738,1.36763
1772064000,1.36764,1.36772,1.36705,1.36721
1772067600,1.36722,1.36728,1.36616,1.36624
1772071200,1.36624,1.3673,1.36592,1.36705
1772074800,1.36702,1.36736,1.36675,1.3673
1772078400,1.3673,1.36756,1.36697,1.36704
1772082000,1.36706,1.36721,1.36638,1.36658
1772085600,1.36658,1.367,1.36597,1.36631
1772089200,1.36632,1.36726,1.36602,1.36611
1772092800,1.3661,1.3679,1.36606,1.3677
1772096400,1.36768,1.3679,1.3673,1.36778
1772100000,1.36778,1.36838,1.36758,1.36806
1772103600,1.36807,1.36866,1.36751,1.36856
1772107200,1.36853,1.36888,1.36768,1.36778
1772110800,1.3678,1.36916,1.36724,1.36876
1772114400,1.36876,1.36939,1.36832,1.36884
1772118000,1.36886,1.37126,1.36832,1.36847
1772121600,1.36848,1.36904,1.36796,1.36846
1772125200,1.36846,1.37014,1.36822,1.36992
1772128800,1.36992,1.3703,1.36854,1.36886
1772132400,1.36885,1.36901,1.36807,1.36821
1772136000,1.3682,1.3686,1.36782,1.36804
1772139600,1.36804,1.36852,1.3679,1.36815
1772143200,1.36796,1.3685,1.36772,1.36804
1772146800,1.36807,1.36819,1.36764,1.36768
1772150400,1.36767,1.36816,1.36735,1.36796
1772154000,1.36795,1.36824,1.36746,1.368
1772157600,1.368,1.368,1.36722,1.36728
1772161200,1.36728,1.36736,1.36694,1.36709
1772164800,1.3671,1.36718,1.36644,1.36662
1772168400,1.36661,1.36689,1.3663,1.36642
1772172000,1.3664,1.36707,1.36622,1.36687
1772175600,1.36686,1.36748,1.36678,1.3671
1772179200,1.3671,1.36744,1.36654,1.36721
1772182800,1.36722,1.36778,1.3667,1.36693
1772186400,1.36692,1.36776,1.36673,1.36738
1772190000,1.36738,1.3678,1.36698,1.36728
1772193600,1.36725,1.36748,1.36644,1.3673
1772197200,1.36728,1.36849,1.36628,1.36746
1772200800,1.36744,1.36754,1.36513,1.36624
1772204400,1.36623,1.36663,1.36277,1.36382
1772208000,1.3638,1.36411,1.36288,1.36338
1772211600,1.36338,1.36353,1.36252,1.36304
1772215200,1.36302,1.36339,1.36258,1.36298
1772218800,1.36297,1.36352,1.36272,1.36324
1772222400,1.36324,1.36408,1.36303,1.36402
1772226000,1.364,1.36522,1.36398,1.36414
1772402400,1.36535,1.36582,1.3637,1.36451
1772406000,1.36468,1.36736,1.36456,1.36691
1772409600,1.36691,1.36738,1.36534,1.36538
1772413200,1.36535,1.36558,1.36422,1.36468
1772416800,1.36467,1.36564,1.36454,1.3648
1772420400,1.3648,1.3649,1.36409,1.36456
1772424000,1.36456,1.36522,1.36451,1.36494
1772427600,1.36495,1.36596,1.36494,1.36592
1772431200,1.36592,1.36638,1.36534,1.36604
1772434800,1.36604,1.36674,1.36572,1.36579
1772438400,1.3658,1.3687,1.36553,1.36678
1772442000,1.36678,1.36698,1.3642,1.36529
1772445600,1.36528,1.36536,1.36409,1.3651
1772449200,1.36505,1.36611,1.36503,1.36582
1772452800,1.36581,1.3668,1.36504,1.36656
1772456400,1.36654,1.36856,1.36608,1.3684
1772460000,1.36841,1.36887,1.36653,1.36754
1772463600,1.36756,1.37042,1.36722,1.37009
1772467200,1.3701,1.3719,1.37008,1.37074
1772470800,1.37074,1.37158,1.36982,1.37024
1772474400,1.37023,1.37118,1.36936,1.36972
1772478000,1.36973,1.36978,1.36602,1.36622
1772481600,1.36622,1.36896,1.36612,1.3674
1772485200,1.36741,1.36816,1.36664,1.36778
1772488800,1.36782,1.36792,1.36752,1.3677
1772492400,1.36774,1.3679,1.36704,1.36726
1772496000,1.36726,1.36768,1.36688,1.36698
1772499600,1.36698,1.36718,1.36612,1.36693
1772503200,1.36694,1.36771,1.36604,1.36642
1772506800,1.36638,1.36706,1.36626,1.36678
1772510400,1.36678,1.36738,1.36646,1.3672
1772514000,1.3672,1.36802,1.3664,1.36762
1772517600,1.36762,1.36838,1.3671,1.36722
1772521200,1.36722,1.36812,1.36674,1.36792
1772524800,1.36792,1.36998,1.36774,1.36951
1772528400,1.3695,1.37108,1.3687,1.37003
1772532000,1.37002,1.37119,1.36932,1.37114
1772535600,1.37114,1.37224,1.37031,1.37032
1772539200,1.37032,1.3705,1.36826,1.36862
1772542800,1.36863,1.37099,1.36832,1.37083
1772546400,1.37082,1.37362,1.36966,1.37333
1772550000,1.37334,1.3753,1.36966,1.37038
1772553600,1.37038,1.37058,1.36591,1.36646
1772557200,1.36647,1.36798,1.36644,1.36765
1772560800,1.36764,1.36768,1.36534,1.36691
1772564400,1.36691,1.36754,1.36572,1.36706
1772568000,1.36707,1.36717,1.36596,1.36699
1772571600,1.36698,1.36862,1.36674,1.36781
1772575200,1.36735,1.36812,1.3673,1.36794
1772578800,1.36791,1.36824,1.36723,1.36756
1772582400,1.36755,1.36844,1.36716,1.36832
1772586000,1.36832,1.37002,1.36802,1.36896
1772589600,1.36896,1.36912,1.36798,1.36866
1772593200,1.36866,1.36934,1.36804,1.36808
1772596800,1.36808,1.3695,1.36774,1.36918
1772600400,1.36918,1.36952,1.36862,1.36893
1772604000,1.36894,1.36954,1.36712,1.36745
1772607600,1.36744,1.36768,1.36484,1.36597
1772611200,1.36596,1.36802,1.36574,1.36785
1772614800,1.36784,1.36818,1.36674,1.36757
1772618400,1.36756,1.36771,1.36476,1.36703
1772622000,1.36704,1.3673,1.36585,1.36646
1772625600,1.36646,1.36758,1.36442,1.36736
1772629200,1.36736,1.36791,1.36536,1.36715
1772632800,1.36716,1.36907,1.36702,1.36815
1772636400,1.36823,1.36864,1.36556,1.36598
1772640000,1.36596,1.3673,1.36514,1.36626
1772643600,1.36626,1.3673,1.36586,1.36638
1772647200,1.36636,1.36733,1.36633,1.36687
1772650800,1.36684,1.36684,1.36347,1.36348
1772654400,1.3635,1.36444,1.36272,1.36436
1772658000,1.36436,1.36454,1.36302,1.36442
1772661600,1.36435,1.3649,1.36382,1.36468
1772665200,1.36463,1.36463,1.3638,1.36443
1772668800,1.36442,1.3647,1.36334,1.36348
1772672400,1.36348,1.36466,1.36306,1.36452
1772676000,1.36453,1.3648,1.36402,1.3644
1772679600,1.3644,1.36568,1.36412,1.36535
1772683200,1.36538,1.36574,1.36463,1.36501
1772686800,1.36502,1.36642,1.36483,1.36638
1772690400,1.36638,1.3668,1.36532,1.36546
1772694000,1.36545,1.36546,1.364,1.36452
1772697600,1.36452,1.36707,1.36452,1.36596
1772701200,1.36596,1.36611,1.36278,1.36467
1772704800,1.36466,1.36508,1.36402,1.36427
1772708400,1.36424,1.36453,1.36292,1.36326
1772712000,1.36324,1.36366,1.36216,1.36216
1772715600,1.36218,1.36492,1.36148,1.36483
1772719200,1.36486,1.36579,1.36384,1.36412
1772722800,1.36409,1.36926,1.36348,1.36818
1772726400,1.3682,1.37164,1.36794,1.36942
1772730000,1.36942,1.3711,1.36899,1.37015
1772733600,1.37016,1.37054,1.3687,1.36883
1772737200,1.36885,1.3702,1.3684,1.36918
1772740800,1.36918,1.36955,1.36654,1.36695
1772744400,1.36696,1.3678,1.36654,1.36751
1772748000,1.36756,1.36796,1.36738,1.36764
1772751600,1.36764,1.36774,1.36684,1.3672
1772755200,1.3672,1.3672,1.36589,1.36646
1772758800,1.36646,1.36658,1.36566,1.36578
1772762400,1.36578,1.36627,1.36535,1.36618
1772766000,1.36618,1.36628,1.36572,1.3658
1772769600,1.3658,1.3662,1.36545,1.36609
1772773200,1.3661,1.3665,1.36567,1.36644
1772776800,1.36643,1.36656,1.36576,1.36604
1772780400,1.36604,1.36614,1.36483,1.36511
1772784000,1.36509,1.36546,1.36448,1.36532
1772787600,1.36533,1.36728,1.36528,1.36698
1772791200,1.36698,1.3672,1.36581,1.36608
1772794800,1.36607,1.36704,1.3654,1.36684
1772798400,1.36684,1.367,1.36514,1.36585
1772802000,1.36586,1.36601,1.36286,1.3649
1772805600,1.36488,1.36746,1.3647,1.36494
1772809200,1.36494,1.36498,1.36164,1.36258
1772812800,1.36257,1.36282,1.35971,1.35991
1772816400,1.35992,1.36134,1.35952,1.35989
1772820000,1.3599,1.36014,1.35813,1.35884
1772823600,1.35882,1.35904,1.358,1.35858
1772827200,1.35858,1.35901,1.35756,1.3586
1772830800,1.35862,1.35894,1.35642,1.35654
1773003600,1.36009,1.36075,1.35982,1.36063
1773007200,1.36056,1.3606,1.35544,1.35918
1773010800,1.35916,1.36058,1.35878,1.36018
1773014400,1.36018,1.3607,1.3595,1.35992
1773018000,1.35992,1.36063,1.35902,1.3591
1773021600,1.35911,1.35918,1.35668,1.35686
1773025200,1.35687,1.35696,1.35582,1.35591
1773028800,1.3559,1.35614,1.35512,1.35528
1773032400,1.35528,1.35564,1.35454,1.35526
1773036000,1.35524,1.35594,1.3548,1.35575
1773039600,1.35576,1.3564,1.35492,1.35522
1773043200,1.3552,1.35815,1.35498,1.35744
1773046800,1.35744,1.35788,1.35468,1.35502
1773050400,1.355,1.35522,1.35355,1.3539
1773054000,1.35388,1.35432,1.35256,1.35377
1773057600,1.35376,1.35712,1.35376,1.35685
1773061200,1.35686,1.35788,1.35532,1.3573
1773064800,1.3573,1.35834,1.35648,1.35788
1773068400,1.35789,1.35908,1.35698,1.35749
1773072000,1.3575,1.35788,1.35638,1.35706
1773075600,1.35704,1.3586,1.35704,1.3585
1773079200,1.3585,1.35916,1.35762,1.35804
1773082800,1.35802,1.35878,1.35602,1.35822
1773086400,1.35824,1.35988,1.35806,1.35866
1773090000,1.35855,1.35877,1.35748,1.35768
1773093600,1.35758,1.35872,1.35728,1.35806
1773097200,1.35806,1.35896,1.35778,1.35874
1773100800,1.35874,1.35951,1.35846,1.35915
1773104400,1.35914,1.36016,1.35892,1.35959
1773108000,1.35958,1.35991,1.35932,1.35974
1773111600,1.35973,1.35993,1.35944,1.35972
1773115200,1.35972,1.3601,1.35892,1.35897
1773118800,1.35896,1.3593,1.35842,1.35842
1773122400,1.35838,1.35852,1.35731,1.3575
1773126000,1.3575,1.35774,1.35658,1.35702
1773129600,1.35702,1.35868,1.357,1.35841
1773133200,1.35842,1.35851,1.35696,1.35823
1773136800,1.35824,1.35859,1.35722,1.35728
1773140400,1.35729,1.35732,1.35583,1.35642
1773144000,1.35642,1.35732,1.35423,1.35497
1773147600,1.35498,1.35793,1.35466,1.35766
1773151200,1.35765,1.35802,1.35464,1.35522
1773154800,1.35522,1.35697,1.3548,1.35632
1773158400,1.35632,1.3575,1.35632,1.35708
1773162000,1.35705,1.35756,1.3566,1.35695
1773165600,1.35694,1.35817,1.35676,1.35778
1773169200,1.35777,1.35842,1.3574,1.35807
1773172800,1.35806,1.35858,1.35775,1.358
1773176400,1.35801,1.3581,1.35752,1.35794
1773180000,1.35795,1.3585,1.3579,1.35827
1773183600,1.35826,1.35856,1.35818,1.35834
1773187200,1.35833,1.35852,1.3576,1.3579
1773190800,1.35791,1.35811,1.35694,1.35718
1773194400,1.35718,1.3573,1.35555,1.35602
1773198000,1.35603,1.35616,1.35555,1.35579
1773201600,1.35578,1.35619,1.35562,1.35593
1773205200,1.35592,1.35616,1.35568,1.35607
1773208800,1.35604,1.35679,1.35549,1.35655
1773212400,1.35656,1.35734,1.35627,1.35636
1773216000,1.35636,1.35734,1.35602,1.35643
1773219600,1.35641,1.35749,1.35616,1.35729
1773223200,1.3573,1.35766,1.35679,1.35698
1773226800,1.35698,1.35746,1.35604,1.35672
1773230400,1.35672,1.35934,1.35633,1.35924
1773234000,1.35922,1.35964,1.35842,1.35872
1773237600,1.35872,1.35898,1.35738,1.35805
1773241200,1.35806,1.3604,1.35762,1.3603
1773244800,1.3603,1.36052,1.35838,1.35838
1773248400,1.35838,1.35908,1.35748,1.35847
1773252000,1.35846,1.35938,1.35837,1.35912
1773255600,1.35913,1.35957,1.35844,1.3585
1773259200,1.3585,1.35946,1.35838,1.35918
1773262800,1.3594,1.35967,1.359,1.35912
1773266400,1.35912,1.35995,1.35878,1.35993
1773270000,1.35995,1.36044,1.35968,1.36032
1773273600,1.3603,1.36049,1.35864,1.35875
1773277200,1.35876,1.35927,1.35786,1.35824
1773280800,1.3582,1.35925,1.35785,1.35886
1773284400,1.35885,1.35918,1.35873,1.35894
1773288000,1.35894,1.35932,1.35867,1.35923
1773291600,1.35921,1.35945,1.35866,1.35938
1773295200,1.35937,1.35938,1.35836,1.3587
1773298800,1.3587,1.35917,1.35821,1.35868
1773302400,1.3587,1.359,1.35768,1.35878
1773306000,1.35878,1.35902,1.3584,1.35862
1773309600,1.35862,1.35938,1.3586,1.3592
1773313200,1.35922,1.35956,1.35868,1.35924
1773316800,1.35922,1.36046,1.35916,1.36008
1773320400,1.36008,1.36116,1.35946,1.36084
1773324000,1.36082,1.36151,1.35977,1.36126
1773327600,1.36128,1.3634,1.36108,1.36194
1773331200,1.36194,1.36316,1.36114,1.36282
1773334800,1.36284,1.36324,1.36196,1.3626
1773338400,1.36258,1.36284,1.36192,1.36228
1773342000,1.36226,1.363,1.3621,1.36294
1773345600,1.36294,1.36429,1.36264,1.36378
1773349200,1.3641,1.36452,1.36356,1.36368
1773352800,1.3637,1.3646,1.36356,1.36362
1773356400,1.3636,1.36372,1.36301,1.3633
1773360000,1.3633,1.36334,1.3623,1.36264
1773363600,1.36264,1.36336,1.36212,1.36316
1773367200,1.36316,1.36396,1.36265,1.36372
1773370800,1.36372,1.36426,1.36355,1.36389
1773374400,1.3639,1.36472,1.36382,1.36452
1773378000,1.3645,1.36481,1.36432,1.36465
1773381600,1.36466,1.36554,1.36436,1.36528
1773385200,1.3653,1.36657,1.36514,1.36608
1773388800,1.36606,1.3672,1.36602,1.36636
1773392400,1.36638,1.36712,1.36602,1.367
1773396000,1.36701,1.368,1.36646,1.36783
1773399600,1.36784,1.36836,1.36654,1.36662
1773403200,1.36661,1.37036,1.3655,1.37024
1773406800,1.37026,1.37159,1.36809,1.3686
1773410400,1.3686,1.37147,1.36835,1.37133
1773414000,1.37136,1.37371,1.37124,1.37368
1773417600,1.37367,1.37418,1.37295,1.37338
1773421200,1.37337,1.37389,1.37276,1.37324
1773424800,1.37326,1.3735,1.37187,1.37225
1773428400,1.37223,1.37332,1.37217,1.37288
1773432000,1.37288,1.37341,1.37206,1.37206
1773608400,1.37254,1.37296,1.37228,1.3727
1773612000,1.37277,1.37285,1.37133,1.3714
1773615600,1.37139,1.37158,1.3709,1.3713
1773619200,1.3713,1.37132,1.37064,1.37072
1773622800,1.37072,1.3715,1.37052,1.37058
1773626400,1.37058,1.37124,1.37048,1.37123
1773630000,1.3712,1.37142,1.37084,1.3712
1773633600,1.37121,1.37172,1.371,1.37171
1773637200,1.37172,1.37192,1.37142,1.37172
1773640800,1.37173,1.37232,1.37116,1.3719
1773644400,1.37188,1.372,1.37038,1.37072
1773648000,1.37072,1.37092,1.36982,1.36986
1773651600,1.36986,1.37046,1.3698,1.36996
1773655200,1.36998,1.37024,1.36911,1.36928
1773658800,1.36928,1.36934,1.36791,1.36831
1773662400,1.3683,1.36946,1.36739,1.36924
1773666000,1.36921,1.36921,1.36586,1.36616
1773669600,1.36618,1.36765,1.36531,1.3667
1773673200,1.36671,1.36878,1.36613,1.36842
1773676800,1.36844,1.3689,1.36741,1.36788
1773680400,1.36788,1.36843,1.3671,1.36799
1773684000,1.368,1.368,1.36692,1.36748
1773687600,1.36747,1.3687,1.36716,1.36802
1773691200,1.36806,1.36859,1.36782,1.36856
1773694800,1.36868,1.36891,1.3682,1.36825
1773698400,1.36827,1.36881,1.36812,1.36874
1773702000,1.36874,1.36894,1.36856,1.36873
1773705600,1.36872,1.36908,1.36853,1.36867
1773709200,1.36866,1.36902,1.36824,1.3683
1773712800,1.36829,1.36871,1.36818,1.36868
1773716400,1.36867,1.36884,1.36798,1.36874
1773720000,1.36874,1.36894,1.36818,1.36848
1773723600,1.3685,1.36992,1.36834,1.36978
1773727200,1.36978,1.37016,1.36938,1.36948
1773730800,1.36949,1.36962,1.36849,1.36896
1773734400,1.36896,1.36966,1.36866,1.36894
1773738000,1.36894,1.36991,1.36866,1.3696
1773741600,1.36958,1.37024,1.36917,1.37016
1773745200,1.37018,1.37069,1.36954,1.37066
1773748800,1.3707,1.37099,1.36953,1.37029
1773752400,1.37028,1.37096,1.36872,1.369
1773756000,1.369,1.37022,1.36806,1.3701
1773759600,1.37011,1.3723,1.36988,1.37074
1773763200,1.37076,1.37138,1.36996,1.37007
1773766800,1.37008,1.37016,1.36897,1.36914
1773770400,1.36914,1.36996,1.36906,1.36969
1773774000,1.36968,1.36996,1.36945,1.36976
1773777600,1.36976,1.36977,1.3689,1.36905
1773781200,1.36922,1.36934,1.36904,1.3692
1773784800,1.36922,1.36938,1.36904,1.36936
1773788400,1.36935,1.36946,1.36902,1.36904
1773792000,1.36906,1.36969,1.36882,1.36927
1773795600,1.36928,1.3697,1.36874,1.3693
1773799200,1.36929,1.3699,1.36904,1.3698
1773802800,1.36981,1.37008,1.36956,1.36992
1773806400,1.36992,1.37019,1.36974,1.37004
1773810000,1.37006,1.3701,1.36977,1.3699
1773813600,1.3699,1.37096,1.36982,1.37062
1773817200,1.37062,1.37128,1.37044,1.371
1773820800,1.371,1.37114,1.36954,1.36968
1773824400,1.36968,1.37004,1.36912,1.3692
1773828000,1.3692,1.37007,1.36889,1.36978
1773831600,1.3698,1.36986,1.36882,1.3689
1773835200,1.36889,1.37086,1.36882,1.37085
1773838800,1.37084,1.37244,1.37072,1.37114
1773842400,1.37118,1.37156,1.36972,1.36973
1773846000,1.36974,1.37076,1.36937,1.36974
1773849600,1.36975,1.37032,1.36878,1.3698
1773853200,1.36981,1.37074,1.36944,1.36972
1773856800,1.36958,1.37178,1.36923,1.37176
1773860400,1.37176,1.37262,1.37138,1.37254
1773864000,1.37254,1.37378,1.37247,1.37324
1773867600,1.37342,1.37342,1.37218,1.37231
1773871200,1.37234,1.37384,1.37234,1.37353
1773874800,1.37354,1.37364,1.3729,1.3731
1773878400,1.3731,1.3732,1.37198,1.37199
1773882000,1.37198,1.3722,1.37148,1.37217
1773885600,1.37218,1.3726,1.37142,1.37234
1773889200,1.37235,1.3727,1.372,1.3727
1773892800,1.3727,1.373,1.37264,1.37279
1773896400,1.3728,1.37318,1.37252,1.37302
1773900000,1.37303,1.37315,1.37227,1.37232
1773903600,1.37234,1.37392,1.37216,1.37368
1773907200,1.37366,1.37476,1.3731,1.37446
1773910800,1.37446,1.37446,1.37281,1.37344
1773914400,1.37344,1.37426,1.37323,1.37351
1773918000,1.3735,1.37442,1.3731,1.37362
1773921600,1.37362,1.37486,1.37263,1.37264
1773925200,1.37263,1.3738,1.37152,1.37189
1773928800,1.37192,1.37405,1.3706,1.3729
1773932400,1.3729,1.37329,1.37148,1.37233
1773936000,1.3723,1.37358,1.37104,1.37284
1773939600,1.37285,1.37348,1.3715,1.37274
1773943200,1.37272,1.3738,1.37252,1.37252
1773946800,1.37253,1.37398,1.37048,1.37382
1773950400,1.37379,1.37452,1.37344,1.37397
1773954000,1.37368,1.37369,1.37339,1.37344
1773957600,1.37346,1.37414,1.3734,1.37373
1773961200,1.37372,1.37386,1.37324,1.37377
1773964800,1.37377,1.3743,1.3736,1.37378
1773968400,1.37378,1.37397,1.37296,1.37335
1773972000,1.37334,1.37351,1.37251,1.3726
1773975600,1.37257,1.37328,1.37254,1.37312
1773979200,1.37312,1.37334,1.37293,1.37323
1773982800,1.37322,1.37398,1.37294,1.37396
1773986400,1.37397,1.37399,1.37336,1.37378
1773990000,1.37378,1.3741,1.37202,1.37214
1773993600,1.37215,1.3725,1.37131,1.37164
1773997200,1.37165,1.37206,1.37113,1.37196
1774000800,1.37196,1.3729,1.37196,1.37254
1774004400,1.37253,1.37262,1.37096,1.37096
1774008000,1.37094,1.37211,1.36998,1.37144
1774011600,1.37142,1.37246,1.37042,1.37245
1774015200,1.37248,1.3742,1.3716,1.37304
1774018800,1.37304,1.3748,1.37174,1.37324
1774022400,1.37325,1.37346,1.37128,1.37144
1774026000,1.37144,1.37198,1.37044,1.3708
1774029600,1.37079,1.37288,1.37044,1.3726
1774033200,1.3726,1.37278,1.37086,1.37193
1774036800,1.37192,1.3726,1.37144,1.37235
1774213200,1.37183,1.3727,1.37133,1.37133
1774216800,1.37138,1.37329,1.37134,1.37262
1774220400,1.37262,1.37272,1.37051,1.37098
1774224000,1.37098,1.3726,1.37073,1.37206
1774227600,1.37206,1.37208,1.3704,1.37092
1774231200,1.3709,1.37188,1.3701,1.37152
1774234800,1.37152,1.37182,1.37111,1.37166
1774238400,1.37168,1.37189,1.37138,1.37164
1774242000,1.37165,1.37324,1.37152,1.37317
1774245600,1.37318,1.37366,1.37291,1.3732
1774249200,1.3732,1.37394,1.37244,1.37302
1774252800,1.37304,1.37344,1.37244,1.37344
1774256400,1.37344,1.37522,1.37331,1.375
1774260000,1.375,1.37551,1.3748,1.37532
1774263600,1.37528,1.37528,1.36836,1.37324
1774267200,1.37324,1.37447,1.3691,1.36973
1774270800,1.3697,1.3728,1.36955,1.37096
1774274400,1.37096,1.37099,1.36697,1.36994
1774278000,1.36995,1.37241,1.3691,1.37188
1774281600,1.37188,1.37294,1.3712,1.37243
1774285200,1.37242,1.37306,1.37146,1.37282
1774288800,1.37282,1.37358,1.37134,1.37172
1774292400,1.37172,1.3729,1.37156,1.37224
1774296000,1.37224,1.37312,1.37216,1.37275
1774299600,1.37274,1.37274,1.37222,1.37236
1774303200,1.37227,1.37288,1.37209,1.37242
1774306800,1.37242,1.3732,1.37231,1.37309
1774310400,1.37308,1.3743,1.37296,1.37424
1774314000,1.37425,1.37504,1.37397,1.37498
1774317600,1.37496,1.37527,1.37462,1.37522
1774321200,1.3752,1.37553,1.37502,1.37549
1774324800,1.37546,1.37596,1.3754,1.3757
1774328400,1.37569,1.37608,1.37536,1.37565
1774332000,1.37566,1.37618,1.37504,1.37508
1774335600,1.3751,1.37524,1.37256,1.37408
1774339200,1.37408,1.37542,1.37401,1.37479
1774342800,1.37478,1.37534,1.37385,1.3741
1774346400,1.37408,1.3744,1.37305,1.37332
1774350000,1.37333,1.37476,1.37286,1.37468
1774353600,1.37469,1.37568,1.37364,1.37441
1774357200,1.37443,1.37621,1.37374,1.37432
1774360800,1.37433,1.3758,1.37299,1.37497
1774364400,1.37498,1.37656,1.37473,1.37654
1774368000,1.37654,1.37748,1.37584,1.37728
1774371600,1.37728,1.37856,1.3772,1.3779
1774375200,1.37789,1.37836,1.3763,1.37702
1774378800,1.37703,1.37703,1.37612,1.37644
1774382400,1.37644,1.3769,1.37416,1.37653
1774386000,1.3763,1.3765,1.37576,1.37592
1774389600,1.37596,1.37672,1.37595,1.37622
1774393200,1.37622,1.37664,1.37578,1.37586
1774396800,1.37585,1.37637,1.37503,1.37564
1774400400,1.37564,1.37674,1.37546,1.37671
1774404000,1.3767,1.37747,1.37658,1.37726
1774407600,1.37727,1.37746,1.3769,1.37695
1774411200,1.37696,1.37732,1.3769,1.37729
1774414800,1.37728,1.3778,1.37726,1.3778
1774418400,1.3778,1.3781,1.3776,1.3778
1774422000,1.37782,1.37848,1.37716,1.37831
1774425600,1.37832,1.37875,1.37778,1.37872
1774429200,1.37871,1.37955,1.3785,1.3794
1774432800,1.37938,1.37986,1.37918,1.37938
1774436400,1.37937,1.38006,1.37888,1.37957
1774440000,1.37956,1.38005,1.3785,1.3786
1774443600,1.37858,1.3793,1.37727,1.37898
1774447200,1.37895,1.3798,1.37822,1.37946
1774450800,1.37946,1.38078,1.37918,1.37988
1774454400,1.3799,1.38098,1.37967,1.38092
1774458000,1.38092,1.38102,1.37995,1.38099
1774461600,1.38098,1.38158,1.38061,1.38112
1774465200,1.38112,1.382,1.3811,1.38165
1774468800,1.38165,1.3817,1.38068,1.38116
1774472400,1.38076,1.38123,1.38052,1.38095
1774476000,1.38088,1.38158,1.38088,1.38127
1774479600,1.38126,1.38164,1.3812,1.3815
1774483200,1.3815,1.3825,1.38143,1.3823
1774486800,1.38232,1.38249,1.3818,1.38236
1774490400,1.38236,1.3832,1.38234,1.38283
1774494000,1.38282,1.38287,1.3817,1.38202
1774497600,1.38202,1.38219,1.38176,1.38206
1774501200,1.38205,1.38267,1.38198,1.38258
1774504800,1.38259,1.38269,1.38176,1.38182
1774508400,1.38182,1.3832,1.38182,1.38303
1774512000,1.38302,1.38386,1.38293,1.38319
1774515600,1.38322,1.38348,1.38269,1.38286
1774519200,1.38284,1.38326,1.38248,1.38314
1774522800,1.38313,1.38498,1.38288,1.38467
1774526400,1.38464,1.38494,1.38332,1.38356
1774530000,1.38352,1.38375,1.38214,1.38282
1774533600,1.38278,1.3841,1.38254,1.38366
1774537200,1.38366,1.3858,1.38347,1.38512
1774540800,1.38512,1.3855,1.38412,1.38434
1774544400,1.38436,1.38554,1.38434,1.38548
1774548000,1.38548,1.38562,1.38461,1.3847
1774551600,1.38468,1.38576,1.38458,1.38576
1774555200,1.38574,1.3866,1.38362,1.38603
1774558800,1.38602,1.38632,1.38578,1.38585
1774562400,1.3859,1.3859,1.38499,1.38518
1774566000,1.3852,1.38544,1.38453,1.38541
1774569600,1.3854,1.38621,1.385,1.38588
1774573200,1.38587,1.38609,1.38472,1.38478
1774576800,1.38476,1.38532,1.38454,1.38532
1774580400,1.38532,1.38565,1.38522,1.38554
1774584000,1.38555,1.38566,1.38508,1.3852
1774587600,1.38522,1.38554,1.38483,1.38551
1774591200,1.38552,1.38564,1.38483,1.38531
1774594800,1.3853,1.38542,1.3848,1.38512
1774598400,1.38512,1.38534,1.38462,1.38515
1774602000,1.38518,1.38561,1.38472,1.38531
1774605600,1.38533,1.38547,1.38478,1.38509
1774609200,1.38506,1.3867,1.3847,1.3865
1774612800,1.38654,1.38707,1.38606,1.38686
1774616400,1.38686,1.3871,1.38562,1.38632
1774620000,1.38635,1.38682,1.38508,1.38654
1774623600,1.38656,1.3881,1.38592,1.3881
1774627200,1.3881,1.38844,1.38716,1.38806
1774630800,1.38806,1.38908,1.38762,1.38869
1774634400,1.3887,1.38918,1.38817,1.3886
1774638000,1.38861,1.38908,1.3879,1.38821
1774641600,1.38824,1.38958,1.38823,1.3894
1774818000,1.38832,1.38876,1.38832,1.38848
1774821600,1.3885,1.39032,1.38846,1.39006
1774825200,1.39006,1.39032,1.38954,1.39002
1774828800,1.39002,1.39024,1.3887,1.38872
1774832400,1.38872,1.3893,1.3886,1.38897
1774836000,1.38898,1.38956,1.38898,1.38932
1774839600,1.38932,1.38944,1.38892,1.38926
1774843200,1.38924,1.38938,1.38892,1.38936
1774846800,1.38936,1.38945,1.38862,1.38892
1774850400,1.38892,1.39002,1.38882,1.3892
1774854000,1.3892,1.39106,1.3892,1.39098
1774857600,1.39099,1.39192,1.39085,1.39184
1774861200,1.39184,1.39197,1.39118,1.39145
1774864800,1.39146,1.39162,1.39073,1.39116
1774868400,1.39116,1.39226,1.39112,1.39221
1774872000,1.3922,1.39265,1.39172,1.39258
1774875600,1.39258,1.39318,1.39222,1.39312
1774879200,1.39312,1.39456,1.39196,1.39207
1774882800,1.39204,1.393,1.3915,1.39228
1774886400,1.39228,1.39282,1.3917,1.39242
1774890000,1.39241,1.39276,1.39181,1.39228
1774893600,1.39227,1.3928,1.3917,1.39266
1774897200,1.39269,1.39314,1.39242,1.393
1774900800,1.39302,1.39308,1.39244,1.39248
1774904400,1.39234,1.39268,1.39193,1.3925
1774908000,1.39253,1.39294,1.39252,1.3928
1774911600,1.39282,1.3931,1.3926,1.39289
1774915200,1.3929,1.3936,1.39212,1.39222
1774918800,1.39224,1.39274,1.39166,1.3922
1774922400,1.39222,1.39264,1.39212,1.39259
1774926000,1.3926,1.39323,1.39249,1.39312
1774929600,1.39312,1.39324,1.39274,1.39312
1774933200,1.39312,1.39342,1.39261,1.39288
1774936800,1.39286,1.3938,1.39286,1.39341
1774940400,1.39344,1.39394,1.39318,1.39336
1774944000,1.39336,1.39422,1.3933,1.39403
1774947600,1.39402,1.3944,1.39382,1.39427
1774951200,1.39426,1.39452,1.39419,1.39442
1774954800,1.39442,1.3945,1.39314,1.39358
1774958400,1.39356,1.39422,1.39314,1.39399
1774962000,1.394,1.3942,1.39243,1.39295
1774965600,1.39294,1.3967,1.39264,1.39556
1774969200,1.39555,1.39668,1.39492,1.39544
1774972800,1.39542,1.3957,1.39262,1.39346
1774976400,1.39345,1.39398,1.39284,1.39369
1774980000,1.3937,1.39381,1.39318,1.39348
1774983600,1.39348,1.39381,1.39095,1.39142
1774987200,1.3914,1.39175,1.39058,1.39144
1774990800,1.39115,1.39148,1.39081,1.39094
1774994400,1.39093,1.39188,1.39083,1.39122
1774998000,1.3912,1.39127,1.3903,1.3904
1775001600,1.3904,1.39074,1.3897,1.38988
1775005200,1.38988,1.39118,1.38982,1.39078
1775008800,1.39076,1.39094,1.38999,1.39026
1775012400,1.39026,1.39122,1.39015,1.39107
1775016000,1.39106,1.39118,1.39076,1.39095
1775019600,1.39093,1.39109,1.38987,1.3906
1775023200,1.39058,1.39117,1.3893,1.38932
1775026800,1.38931,1.39108,1.38924,1.39086
1775030400,1.39086,1.39098,1.38868,1.38902
1775034000,1.389,1.38974,1.38861,1.38892
1775037600,1.3889,1.38967,1.38878,1.38942
1775041200,1.38942,1.38992,1.38892,1.38914
1775044800,1.38914,1.38988,1.38838,1.38954
1775048400,1.38952,1.38999,1.38772,1.38964
1775052000,1.38966,1.39048,1.38862,1.38872
1775055600,1.38872,1.38933,1.38762,1.38769
1775059200,1.3877,1.38868,1.38738,1.38752
1775062800,1.3875,1.38876,1.38721,1.38872
1775066400,1.38871,1.3896,1.38859,1.38948
1775070000,1.38946,1.3895,1.38796,1.3885
1775073600,1.38849,1.38853,1.38732,1.38744
1775077200,1.38739,1.38784,1.38738,1.38752
1775080800,1.38752,1.38775,1.3872,1.38748
1775084400,1.38748,1.38782,1.38732,1.38778
1775088000,1.38778,1.38798,1.38708,1.38727
1775091600,1.38728,1.39006,1.38693,1.38952
1775095200,1.38952,1.3902,1.3891,1.3901
1775098800,1.3901,1.39112,1.38998,1.39102
1775102400,1.39101,1.39152,1.39096,1.39116
1775106000,1.39115,1.39189,1.39098,1.39176
1775109600,1.39176,1.39176,1.39093,1.39134
1775113200,1.39132,1.39179,1.39064,1.39106
1775116800,1.39105,1.39219,1.39098,1.39207
1775120400,1.39208,1.39217,1.39132,1.39176
1775124000,1.39174,1.39292,1.39155,1.39292
1775127600,1.39292,1.39336,1.39166,1.39182
1775131200,1.39182,1.39226,1.39069,1.39188
1775134800,1.39187,1.39236,1.3915,1.39188
1775138400,1.39188,1.39266,1.3909,1.39237
1775142000,1.39238,1.39254,1.39116,1.39172
1775145600,1.39172,1.39246,1.39115,1.3914
1775149200,1.39141,1.39179,1.391,1.3915
1775152800,1.39149,1.39218,1.39138,1.39177
1775156400,1.39178,1.39228,1.39146,1.39186
1775160000,1.39185,1.39212,1.39143,1.39204
1775163600,1.3919,1.3921,1.39143,1.39172
1775167200,1.3917,1.39226,1.39161,1.392
1775170800,1.39199,1.39202,1.39168,1.3918
1775174400,1.3918,1.39225,1.39154,1.3921
1775178000,1.3921,1.39243,1.39206,1.39238
1775181600,1.39237,1.3926,1.3922,1.39246
1775185200,1.39246,1.39259,1.39232,1.39248
1775188800,1.39246,1.39252,1.39236,1.39252
1775192400,1.39252,1.39272,1.39217,1.39218
1775196000,1.39219,1.39252,1.39203,1.39214
1775199600,1.39216,1.3923,1.39186,1.39211
1775203200,1.39212,1.39252,1.39198,1.39198
1775206800,1.39201,1.39212,1.3918,1.39206
1775210400,1.39206,1.39241,1.39198,1.39241
1775214000,1.39242,1.3927,1.39226,1.39262
1775217600,1.39263,1.39433,1.3926,1.394
1775221200,1.39402,1.3943,1.39351,1.39379
1775224800,1.39378,1.39494,1.39377,1.39452
1775228400,1.39452,1.39454,1.39404,1.3943
1775232000,1.39432,1.39461,1.39413,1.39426
1775235600,1.39426,1.39451,1.3941,1.39442
1775239200,1.39444,1.3945,1.3943,1.39447
1775242800,1.39446,1.39486,1.39438,1.3947
1775246400,1.3947,1.39478,1.39372,1.39464
1775422800,1.39368,1.39406,1.3936,1.39396
1775426400,1.39371,1.3948,1.39368,1.3945
1775430000,1.39451,1.39482,1.39444,1.39463
1775433600,1.39464,1.39466,1.39396,1.39447
1775437200,1.39444,1.3948,1.39432,1.39477
1775440800,1.39476,1.39476,1.39358,1.394
1775444400,1.394,1.39432,1.39386,1.39389
1775448000,1.3939,1.39391,1.39364,1.39381
1775451600,1.3938,1.39398,1.39357,1.39396
1775455200,1.39396,1.39426,1.39354,1.39356
1775458800,1.39355,1.39426,1.39184,1.39198
1775462400,1.39198,1.3923,1.39161,1.3922
1775466000,1.39222,1.39232,1.39161,1.39212
1775469600,1.3921,1.39293,1.39176,1.39244
1775473200,1.39242,1.39262,1.39188,1.39194
1775476800,1.39193,1.39247,1.39094,1.39116
1775480400,1.39116,1.39136,1.39024,1.39067
1775484000,1.39066,1.39174,1.39028,1.3915
1775487600,1.3915,1.3924,1.39148,1.39156
1775491200,1.39158,1.39194,1.39112,1.39174
1775494800,1.39173,1.3924,1.39154,1.39184
1775498400,1.39184,1.39206,1.39118,1.39181
1775502000,1.39182,1.39195,1.39142,1.3917
1775505600,1.3917,1.39184,1.39094,1.39096
1775509200,1.39108,1.39132,1.3906,1.39086
1775512800,1.39086,1.39118,1.39078,1.39112
1775516400,1.39111,1.39145,1.39092,1.39126
1775520000,1.39127,1.39192,1.39122,1.3919
1775523600,1.3919,1.39293,1.39163,1.39268
1775527200,1.39267,1.39302,1.39248,1.39254
1775530800,1.39254,1.39258,1.39196,1.39208
1775534400,1.39206,1.3921,1.39154,1.39178
1775538000,1.39178,1.39244,1.39171,1.39196
1775541600,1.39198,1.39244,1.3916,1.3921
1775545200,1.39207,1.39268,1.39184,1.39226
1775548800,1.39226,1.39228,1.39092,1.39108
1775552400,1.39107,1.39246,1.39087,1.39185
1775556000,1.39184,1.39293,1.39178,1.39214
1775559600,1.39213,1.3924,1.39106,1.39116
1775563200,1.39116,1.3918,1.39064,1.39147
1775566800,1.39146,1.39256,1.39145,1.39164
1775570400,1.39165,1.39214,1.3891,1.39094
1775574000,1.39094,1.39198,1.39058,1.39061
1775577600,1.39065,1.39082,1.38993,1.39019
1775581200,1.39019,1.39043,1.3893,1.39016
1775584800,1.39013,1.39048,1.38971,1.39028
1775588400,1.39028,1.39059,1.38888,1.38954
1775592000,1.38955,1.38963,1.38857,1.38858
1775595600,1.38878,1.38912,1.38849,1.3889
1775599200,1.3889,1.39003,1.38562,1.38612
1775602800,1.38612,1.38624,1.38408,1.38428
1775606400,1.38428,1.38526,1.38346,1.38494
1775610000,1.38494,1.38504,1.38322,1.3842
1775613600,1.3842,1.38437,1.38355,1.38393
1775617200,1.38393,1.38434,1.38371,1.38396
1775620800,1.38396,1.38425,1.38334,1.38344
1775624400,1.38346,1.38374,1.38239,1.38328
1775628000,1.38328,1.38478,1.38327,1.38438
1775631600,1.38437,1.38574,1.38424,1.38464
1775635200,1.38464,1.38664,1.38424,1.38664
1775638800,1.38665,1.38723,1.38614,1.38721
1775642400,1.38722,1.3875,1.38628,1.38686
1775646000,1.38685,1.3872,1.38544,1.38632
1775649600,1.38631,1.38739,1.38354,1.38416
1775653200,1.38416,1.38696,1.38396,1.38577
1775656800,1.38578,1.38602,1.38398,1.38399
1775660400,1.38398,1.3856,1.38398,1.38544
1775664000,1.38542,1.38599,1.38422,1.38423
1775667600,1.3842,1.38532,1.38393,1.38419
1775671200,1.38419,1.38602,1.38392,1.38564
1775674800,1.38566,1.3861,1.38372,1.38392
1775678400,1.38393,1.38456,1.38356,1.38452
1775682000,1.38449,1.38496,1.38412,1.3848
1775685600,1.38476,1.38502,1.3844,1.38467
1775689200,1.38468,1.38518,1.3846,1.38513
1775692800,1.38512,1.38558,1.38504,1.38536
1775696400,1.38537,1.38596,1.3852,1.38526
1775700000,1.38526,1.38556,1.38488,1.38498
1775703600,1.38497,1.38528,1.38487,1.38497
1775707200,1.38498,1.38498,1.3845,1.38494
1775710800,1.38493,1.38548,1.38455,1.38517
1775714400,1.38515,1.38585,1.38512,1.38538
1775718000,1.38535,1.38608,1.38527,1.38562
1775721600,1.38563,1.38576,1.38492,1.38496
1775725200,1.38498,1.3857,1.38497,1.38564
1775728800,1.38563,1.38574,1.38515,1.38542
1775732400,1.38544,1.38546,1.38339,1.38356
1775736000,1.38358,1.38445,1.38307,1.38348
1775739600,1.38348,1.38352,1.38168,1.38295
1775743200,1.38295,1.38334,1.38101,1.38241
1775746800,1.3824,1.38348,1.38063,1.38084
1775750400,1.38084,1.38194,1.38048,1.38174
1775754000,1.38174,1.38186,1.3813,1.3814
1775757600,1.3814,1.38246,1.38132,1.38196
1775761200,1.382,1.38205,1.38092,1.38132
1775764800,1.38132,1.38212,1.3812,1.38176
1775768400,1.38158,1.38172,1.38138,1.3814
1775772000,1.38146,1.38193,1.38144,1.38172
1775775600,1.38172,1.38242,1.38166,1.38229
1775779200,1.38228,1.3827,1.38228,1.38246
1775782800,1.38246,1.38278,1.38184,1.38209
1775786400,1.38208,1.38273,1.38202,1.3824
1775790000,1.38239,1.38252,1.38219,1.38236
1775793600,1.38236,1.38259,1.3821,1.38252
1775797200,1.38252,1.38285,1.38248,1.38266
1775800800,1.38267,1.38318,1.38235,1.38313
1775804400,1.38314,1.38437,1.38306,1.38434
1775808000,1.38434,1.38443,1.38356,1.38374
1775811600,1.38374,1.38417,1.38302,1.38352
1775815200,1.38349,1.384,1.38347,1.38383
1775818800,1.38382,1.3839,1.3823,1.38238
1775822400,1.38238,1.38273,1.38113,1.38203
1775826000,1.38203,1.38238,1.38063,1.38173
1775829600,1.38174,1.38315,1.37992,1.38312
1775833200,1.38314,1.38356,1.38231,1.38286
1775836800,1.38287,1.38389,1.38285,1.38342
1775840400,1.38341,1.38376,1.38286,1.38305
1775844000,1.38306,1.38368,1.38218,1.38278
1775847600,1.3828,1.38367,1.38266,1.38364
1775851200,1.38364,1.38446,1.38344,1.38431
1776027600,1.38644,1.38668,1.38592,1.38639
1776031200,1.38634,1.3873,1.38634,1.38694
1776034800,1.38694,1.3878,1.38692,1.38732
1776038400,1.38732,1.3877,1.38627,1.38628
1776042000,1.38628,1.38676,1.38582,1.38632
1776045600,1.38632,1.38646,1.38594,1.38619
1776049200,1.38616,1.38649,1.38578,1.3861
1776052800,1.38609,1.38622,1.38584,1.38596
1776056400,1.38596,1.38638,1.38591,1.38618
1776060000,1.38617,1.38617,1.38533,1.38548
1776063600,1.38546,1.38572,1.38436,1.38449
1776067200,1.3845,1.38478,1.38422,1.38426
1776070800,1.38425,1.38474,1.38404,1.38442
1776074400,1.38442,1.38458,1.38392,1.38414
1776078000,1.38413,1.38478,1.38346,1.3847
1776081600,1.3847,1.38522,1.38394,1.38423
1776085200,1.38424,1.38427,1.38251,1.38326
1776088800,1.38326,1.38329,1.3805,1.3811
1776092400,1.38108,1.3817,1.3806,1.38122
1776096000,1.38122,1.3816,1.3797,1.37977
1776099600,1.37976,1.3799,1.37906,1.37969
1776103200,1.3797,1.37996,1.379,1.37906
1776106800,1.37908,1.37944,1.37862,1.37877
1776110400,1.37876,1.37945,1.37866,1.37934
1776114000,1.37924,1.37932,1.37908,1.37923
1776117600,1.37922,1.37926,1.37862,1.37884
1776121200,1.37884,1.37888,1.37862,1.37866
1776124800,1.37864,1.37895,1.37854,1.3786
1776128400,1.3786,1.379,1.3785,1.37894
1776132000,1.37896,1.37896,1.37864,1.37868
1776135600,1.3787,1.37876,1.37824,1.37829
1776139200,1.37828,1.37838,1.37816,1.37832
1776142800,1.37831,1.37888,1.37828,1.37864
1776146400,1.37864,1.3788,1.37743,1.37744
1776150000,1.37742,1.37752,1.37645,1.37697
1776153600,1.377,1.37724,1.37616,1.37633
1776157200,1.37632,1.37668,1.37599,1.37621
1776160800,1.37622,1.37626,1.3754,1.37557
1776164400,1.37558,1.37576,1.37467,1.37516
1776168000,1.37514,1.37596,1.37372,1.37373
1776171600,1.37374,1.3749,1.37311,1.37446
1776175200,1.37444,1.37484,1.37368,1.37482
1776178800,1.37482,1.37625,1.37474,1.37588
1776182400,1.37589,1.37634,1.37564,1.37617
1776186000,1.37618,1.37646,1.3757,1.37642
1776189600,1.37642,1.37777,1.3762,1.37764
1776193200,1.37765,1.37785,1.37684,1.37706
1776196800,1.37704,1.3771,1.37651,1.3767
1776200400,1.37688,1.37694,1.3767,1.37674
1776204000,1.37676,1.37692,1.37596,1.37666
1776207600,1.37666,1.37698,1.37655,1.37667
1776211200,1.37669,1.37708,1.37652,1.37676
1776214800,1.37676,1.3772,1.37649,1.37714
1776218400,1.37714,1.37825,1.37706,1.37788
1776222000,1.37787,1.37813,1.37746,1.37757
1776225600,1.37758,1.37776,1.37748,1.37754
1776229200,1.37753,1.37762,1.37691,1.3772
1776232800,1.3772,1.37764,1.3769,1.37761
1776236400,1.37763,1.37764,1.37618,1.37682
1776240000,1.37682,1.37703,1.3761,1.37663
1776243600,1.37664,1.37768,1.37652,1.3773
1776247200,1.3773,1.37809,1.3767,1.37809
1776250800,1.37808,1.37886,1.37758,1.37852
1776254400,1.37852,1.37862,1.37674,1.37746
1776258000,1.37746,1.37762,1.37622,1.37626
1776261600,1.37625,1.37626,1.37394,1.37482
1776265200,1.37484,1.37498,1.37337,1.37414
1776268800,1.37413,1.37438,1.37341,1.37344
1776272400,1.37344,1.37377,1.37318,1.37331
1776276000,1.37333,1.37342,1.37269,1.37302
1776279600,1.37302,1.37338,1.37278,1.37311
1776283200,1.37308,1.37432,1.37308,1.3742
1776286800,1.37375,1.37406,1.37365,1.37373
1776290400,1.37373,1.374,1.3734,1.3734
1776294000,1.37341,1.37356,1.37315,1.37318
1776297600,1.37318,1.37344,1.37286,1.37288
1776301200,1.37288,1.37346,1.37266,1.37289
1776304800,1.37288,1.37294,1.37192,1.37203
1776308400,1.37204,1.37204,1.37132,1.37163
1776312000,1.37164,1.37196,1.37152,1.37189
1776315600,1.37188,1.37248,1.3718,1.37242
1776319200,1.37242,1.37316,1.37174,1.37174
1776322800,1.37173,1.37276,1.37146,1.37258
1776326400,1.37257,1.37346,1.37202,1.37286
1776330000,1.37285,1.3735,1.37272,1.37293
1776333600,1.37294,1.37383,1.37286,1.37338
1776337200,1.3734,1.3734,1.37226,1.37244
1776340800,1.37244,1.37354,1.37204,1.37233
1776344400,1.37234,1.37252,1.37116,1.37168
1776348000,1.37167,1.37204,1.37075,1.37149
1776351600,1.37148,1.37185,1.3706,1.3706
1776355200,1.3706,1.3712,1.37019,1.37031
1776358800,1.3703,1.3709,1.37012,1.3706
1776362400,1.3706,1.37064,1.36998,1.37019
1776366000,1.37018,1.3705,1.36955,1.37048
1776369600,1.37044,1.37066,1.36981,1.37035
1776373200,1.37047,1.3709,1.37024,1.37035
1776376800,1.37033,1.37038,1.36984,1.36984
1776380400,1.36984,1.37014,1.36982,1.37012
1776384000,1.37012,1.37039,1.37001,1.3701
1776387600,1.3701,1.37038,1.37,1.3702
1776391200,1.3702,1.37023,1.36976,1.36982
1776394800,1.36984,1.36996,1.36934,1.36946
1776398400,1.36946,1.36946,1.36878,1.3688
1776402000,1.36879,1.36888,1.36812,1.36828
1776405600,1.36829,1.36872,1.36792,1.3687
1776409200,1.36871,1.3689,1.3681,1.36822
1776412800,1.36822,1.36822,1.36702,1.36728
1776416400,1.36729,1.36813,1.3672,1.3678
1776420000,1.36778,1.3684,1.36778,1.36832
1776423600,1.36832,1.36832,1.36708,1.36726
1776427200,1.36724,1.36801,1.36604,1.36611
1776430800,1.3661,1.36752,1.36494,1.36689
1776434400,1.3669,1.36736,1.36507,1.36665
1776438000,1.36665,1.36745,1.36628,1.36684
1776441600,1.36684,1.36764,1.3667,1.3668
1776445200,1.36681,1.368,1.3668,1.36714
1776448800,1.36712,1.36856,1.36708,1.36794
1776452400,1.36794,1.3695,1.3675,1.36926
1776456000,1.36926,1.36947,1.36802,1.36934
1776632400,1.36863,1.3698,1.3685,1.3698
1776636000,1.36978,1.37098,1.36977,1.37036
1776639600,1.37037,1.37099,1.37026,1.37062
1776643200,1.37059,1.3708,1.36943,1.36951
1776646800,1.36951,1.37026,1.3695,1.37006
1776650400,1.37006,1.37014,1.36949,1.36977
1776654000,1.36978,1.3699,1.36928,1.36949
1776657600,1.36948,1.36952,1.36928,1.3695
1776661200,1.3695,1.37034,1.36942,1.37008
1776664800,1.37007,1.37016,1.36953,1.36967
1776668400,1.36966,1.36971,1.36874,1.36938
1776672000,1.36938,1.36966,1.36897,1.36934
1776675600,1.36934,1.36939,1.36896,1.369
1776679200,1.36898,1.36956,1.36874,1.36922
1776682800,1.36921,1.36923,1.3683,1.36904
1776686400,1.36906,1.37008,1.36884,1.36922
1776690000,1.36919,1.36988,1.36739,1.36785
1776693600,1.36786,1.36819,1.36611,1.36616
1776697200,1.36616,1.36661,1.3642,1.36504
1776700800,1.36501,1.36504,1.364,1.36452
1776704400,1.36451,1.36484,1.36416,1.36416
1776708000,1.36414,1.36448,1.3635,1.36438
1776711600,1.3644,1.36478,1.36399,1.36472
1776715200,1.36472,1.36511,1.36434,1.36446
1776718800,1.36491,1.36531,1.3644,1.36492
1776722400,1.36493,1.36493,1.36388,1.36388
1776726000,1.36388,1.36459,1.36387,1.36447
1776729600,1.36448,1.36462,1.3641,1.36434
1776733200,1.36434,1.36456,1.36412,1.36434
1776736800,1.36434,1.36478,1.36432,1.36464
1776740400,1.36462,1.36514,1.36456,1.36482
1776744000,1.36482,1.36488,1.3647,1.36482
1776747600,1.36482,1.36494,1.36434,1.36492
1776751200,1.36491,1.36522,1.36456,1.36478
1776754800,1.36478,1.36559,1.36438,1.36559
1776758400,1.3656,1.36639,1.3654,1.36578
1776762000,1.36577,1.36626,1.36559,1.36608
1776765600,1.36608,1.36615,1.3654,1.36601
1776769200,1.36599,1.3661,1.3654,1.36553
1776772800,1.36552,1.36596,1.36512,1.36512
1776776400,1.36512,1.36536,1.36372,1.36392
1776780000,1.36388,1.36504,1.36312,1.36496
1776783600,1.36495,1.36536,1.36392,1.36436
1776787200,1.36436,1.36592,1.36402,1.3659
1776790800,1.3659,1.3677,1.36497,1.36604
1776794400,1.36604,1.3669,1.36577,1.36594
1776798000,1.36593,1.36759,1.36548,1.3672
1776801600,1.3672,1.36731,1.36512,1.3662
1776805200,1.36646,1.36656,1.36617,1.3663
1776808800,1.3663,1.36644,1.36616,1.3663
1776812400,1.36631,1.36638,1.36572,1.36586
1776816000,1.36587,1.36589,1.36543,1.36565
1776819600,1.36564,1.36636,1.36561,1.36596
1776823200,1.36596,1.36606,1.36564,1.36598
1776826800,1.36598,1.36616,1.36572,1.36604
1776830400,1.36605,1.36612,1.36561,1.36568
1776834000,1.36567,1.36575,1.36458,1.36508
1776837600,1.36507,1.36612,1.36503,1.36556
1776841200,1.36556,1.36594,1.36517,1.36525
1776844800,1.36526,1.36526,1.36434,1.36472
1776848400,1.3647,1.36549,1.36449,1.36536
1776852000,1.36536,1.36566,1.36515,1.36538
1776855600,1.36536,1.36657,1.36536,1.36641
1776859200,1.36642,1.36725,1.36616,1.36682
1776862800,1.36681,1.36696,1.36494,1.36508
1776866400,1.36509,1.36672,1.36464,1.36659
1776870000,1.3666,1.36685,1.36579,1.36612
1776873600,1.3661,1.36638,1.36566,1.36578
1776877200,1.36579,1.36631,1.36546,1.3663
1776880800,1.36631,1.3668,1.36625,1.36658
1776884400,1.36657,1.36738,1.36616,1.36726
1776888000,1.36724,1.36749,1.36694,1.3672
1776891600,1.36694,1.36757,1.36684,1.36715
1776895200,1.36708,1.36716,1.36688,1.367
1776898800,1.367,1.3672,1.36687,1.36703
1776902400,1.36704,1.36798,1.36643,1.36657
1776906000,1.36658,1.36689,1.3665,1.36672
1776909600,1.36671,1.36746,1.36664,1.36729
1776913200,1.3673,1.36768,1.36704,1.3676
1776916800,1.36759,1.3677,1.36707,1.36714
1776920400,1.36715,1.36743,1.36684,1.36694
1776924000,1.36696,1.36724,1.36665,1.36706
1776927600,1.36705,1.36744,1.36657,1.36674
1776931200,1.36674,1.36686,1.36604,1.36639
1776934800,1.36641,1.36716,1.36626,1.36677
1776938400,1.36676,1.36804,1.36675,1.36783
1776942000,1.36782,1.368,1.36638,1.36678
1776945600,1.36679,1.36846,1.36659,1.36802
1776949200,1.36802,1.36882,1.3677,1.36832
1776952800,1.36831,1.36875,1.36673,1.36768
1776956400,1.36772,1.36894,1.3675,1.36832
1776960000,1.36833,1.36956,1.36826,1.36937
1776963600,1.36934,1.37146,1.36926,1.36956
1776967200,1.36954,1.36968,1.36894,1.36949
1776970800,1.3695,1.37004,1.36933,1.36949
1776974400,1.3695,1.37013,1.36945,1.3699
1776978000,1.37036,1.37054,1.36944,1.36952
1776981600,1.36952,1.3701,1.36948,1.36974
1776985200,1.36972,1.37006,1.36967,1.36988
1776988800,1.3699,1.37006,1.36965,1.36984
1776992400,1.36984,1.37004,1.36968,1.36982
1776996000,1.36983,1.37088,1.3698,1.37077
1776999600,1.37074,1.37146,1.3707,1.37104
1777003200,1.37106,1.37126,1.37086,1.371
1777006800,1.371,1.3712,1.37038,1.37053
1777010400,1.37052,1.37126,1.37046,1.371
1777014000,1.37101,1.37139,1.36973,1.36977
1777017600,1.36978,1.37023,1.3687,1.36894
1777021200,1.36894,1.36921,1.3687,1.36889
1777024800,1.36888,1.3692,1.36813,1.36818
1777028400,1.36817,1.36911,1.3679,1.36802
1777032000,1.36802,1.36866,1.36784,1.36812
1777035600,1.36813,1.3698,1.36812,1.36928
1777039200,1.36928,1.36996,1.36827,1.36858
1777042800,1.36858,1.36871,1.36754,1.3676
1777046400,1.3676,1.3681,1.36728,1.36741
1777050000,1.36739,1.36744,1.36672,1.36696
1777053600,1.36697,1.36736,1.36634,1.36666
1777057200,1.36665,1.36673,1.36632,1.36659
1777060800,1.36658,1.36721,1.36643,1.36692
1777237200,1.36743,1.36825,1.36704,1.36777
1777240800,1.36776,1.36814,1.36745,1.36776
1777244400,1.36776,1.36786,1.36763,1.36782
1777248000,1.36784,1.3679,1.36691,1.367
1777251600,1.367,1.367,1.36618,1.36626
1777255200,1.36628,1.36686,1.36612,1.36639
1777258800,1.36638,1.36646,1.36611,1.36632
1777262400,1.36632,1.36654,1.36612,1.36643
1777266000,1.36644,1.36676,1.3663,1.36644
1777269600,1.36644,1.36655,1.36566,1.36566
1777273200,1.36564,1.36564,1.36348,1.36362
1777276800,1.36363,1.36372,1.36106,1.36169
1777280400,1.36168,1.3618,1.36086,1.3609
1777284000,1.3609,1.36125,1.36066,1.36086
1777287600,1.36085,1.36164,1.36057,1.36101
1777291200,1.361,1.36104,1.35976,1.36027
1777294800,1.36026,1.36118,1.35987,1.36095
1777298400,1.36096,1.3622,1.36012,1.36146
1777302000,1.36146,1.36224,1.36144,1.36162
1777305600,1.36162,1.36196,1.36146,1.36176
1777309200,1.36176,1.36238,1.36169,1.36209
1777312800,1.3621,1.3628,1.36152,1.36272
1777316400,1.36274,1.36352,1.3625,1.36341
1777320000,1.36343,1.36361,1.36236,1.36266
1777323600,1.36265,1.36294,1.36254,1.36264
1777327200,1.36262,1.3629,1.36224,1.36234
1777330800,1.36234,1.36248,1.36222,1.36222
1777334400,1.36222,1.36252,1.3613,1.3625
1777338000,1.36251,1.36366,1.36248,1.36359
1777341600,1.3636,1.36408,1.36353,1.36386
1777345200,1.36387,1.36394,1.36318,1.3632
1777348800,1.36322,1.36354,1.3631,1.36334
1777352400,1.36333,1.3639,1.36327,1.36376
1777356000,1.36376,1.3648,1.36334,1.36472
1777359600,1.36474,1.36474,1.36302,1.36388
1777363200,1.36389,1.36488,1.36376,1.36471
1777366800,1.3647,1.3658,1.36452,1.36544
1777370400,1.36545,1.36668,1.36516,1.36652
1777374000,1.36653,1.36745,1.36602,1.36732
1777377600,1.36732,1.36799,1.36682,1.36748
1777381200,1.36748,1.36792,1.3664,1.36659
1777384800,1.3666,1.36916,1.36646,1.36897
1777388400,1.36897,1.36902,1.36718,1.3672
1777392000,1.36718,1.36848,1.36712,1.36814
1777395600,1.36814,1.3684,1.36742,1.36774
1777399200,1.36774,1.36863,1.36752,1.36846
1777402800,1.36846,1.36872,1.3681,1.36854
1777406400,1.36852,1.36882,1.36796,1.36842
1777410000,1.368,1.36802,1.36761,1.36796
1777413600,1.36784,1.3683,1.3678,1.36817
1777417200,1.36816,1.3683,1.36804,1.36806
1777420800,1.36802,1.36812,1.36766,1.3681
1777424400,1.36811,1.36897,1.368,1.36831
1777428000,1.36828,1.36867,1.36788,1.36848
1777431600,1.36848,1.36888,1.36821,1.36866
1777435200,1.36866,1.36878,1.36846,1.36862
1777438800,1.3686,1.36912,1.36858,1.36894
1777442400,1.36894,1.36924,1.36866,1.36893
1777446000,1.36895,1.36896,1.36781,1.36801
1777449600,1.36802,1.36848,1.36762,1.36846
1777453200,1.36848,1.36922,1.36822,1.3692
1777456800,1.36922,1.36934,1.36837,1.36837
1777460400,1.36836,1.36859,1.36772,1.36798
1777464000,1.36795,1.36801,1.36732,1.36772
1777467600,1.36771,1.37111,1.36715,1.36986
1777471200,1.36986,1.37052,1.36734,1.36775
1777474800,1.36775,1.36842,1.367,1.3673
1777478400,1.36732,1.3677,1.36674,1.36758
1777482000,1.36758,1.36831,1.36742,1.36746
1777485600,1.36746,1.3692,1.36746,1.36864
1777489200,1.36864,1.36896,1.368,1.36827
1777492800,1.36828,1.36872,1.36779,1.36838
1777496400,1.36896,1.369,1.3681,1.3683
1777500000,1.3683,1.36846,1.3677,1.36816
1777503600,1.36813,1.36819,1.36714,1.36722
1777507200,1.36721,1.36762,1.36672,1.36758
1777510800,1.36759,1.36797,1.36744,1.36765
1777514400,1.36767,1.36843,1.36756,1.36807
1777518000,1.36808,1.36809,1.36764,1.36788
1777521600,1.36789,1.3689,1.36784,1.36862
1777525200,1.3686,1.36874,1.36794,1.3687
1777528800,1.36868,1.3689,1.3678,1.36804
1777532400,1.36806,1.36812,1.36656,1.36694
1777536000,1.36693,1.36746,1.36643,1.36712
1777539600,1.36712,1.36725,1.36623,1.36638
1777543200,1.36637,1.36688,1.3652,1.36534
1777546800,1.36534,1.36663,1.36474,1.36626
1777550400,1.36626,1.36766,1.366,1.36712
1777554000,1.36712,1.36716,1.36597,1.36621
1777557600,1.36622,1.36622,1.361,1.36122
1777561200,1.36122,1.36178,1.36037,1.36113
1777564800,1.36114,1.36136,1.36056,1.36124
1777568400,1.36125,1.36156,1.3608,1.36114
1777572000,1.36114,1.36114,1.35853,1.35862
1777575600,1.35864,1.35906,1.35808,1.35838
1777579200,1.3584,1.35858,1.35802,1.35822
1777582800,1.35842,1.35864,1.35838,1.3586
1777586400,1.35855,1.35855,1.35802,1.3581
1777590000,1.3581,1.35824,1.35769,1.35804
1777593600,1.35802,1.35816,1.35724,1.35798
1777597200,1.35803,1.35831,1.35761,1.35767
1777600800,1.35766,1.35789,1.35728,1.35756
1777604400,1.35755,1.3581,1.35731,1.35804
1777608000,1.35803,1.3587,1.35802,1.35867
1777611600,1.35868,1.35883,1.35851,1.3586
1777615200,1.3586,1.35878,1.35704,1.35784
1777618800,1.35783,1.35824,1.35758,1.3578
1777622400,1.35781,1.35825,1.35718,1.35728
1777626000,1.35727,1.35807,1.35706,1.35793
1777629600,1.35792,1.35806,1.35693,1.35712
1777633200,1.35711,1.35711,1.35618,1.3568
1777636800,1.35682,1.35698,1.35501,1.35642
1777640400,1.35642,1.35722,1.35544,1.35634
1777644000,1.35632,1.3577,1.35599,1.35738
1777647600,1.35738,1.35804,1.35665,1.35749
1777651200,1.3575,1.35883,1.35738,1.3588
1777654800,1.35882,1.35893,1.35844,1.3587
1777658400,1.35868,1.35936,1.35852,1.35854
1777662000,1.35854,1.35918,1.35842,1.35917
1777665600,1.35917,1.35946,1.35877,1.35938
1777842000,1.35882,1.359,1.35842,1.3589
1777845600,1.35884,1.35884,1.35778,1.35856
1777849200,1.35856,1.35896,1.35845,1.35886
1777852800,1.35888,1.35898,1.35826,1.35884
1777856400,1.35884,1.35961,1.35881,1.359
1777860000,1.35898,1.35954,1.35886,1.35908
1777863600,1.3591,1.35939,1.35841,1.35856
1777867200,1.35856,1.3591,1.3585,1.35902
1777870800,1.35902,1.35923,1.3588,1.359
1777874400,1.35899,1.3599,1.35894,1.35962
1777878000,1.35966,1.36074,1.35962,1.36056
1777881600,1.36056,1.3608,1.36006,1.36016
1777885200,1.36016,1.36052,1.3598,1.36042
1777888800,1.36043,1.36196,1.36018,1.3604
1777892400,1.3604,1.36184,1.36016,1.36169
1777896000,1.36172,1.36179,1.3608,1.36172
1777899600,1.36172,1.36198,1.36086,1.3609
1777903200,1.3609,1.36118,1.36029,1.36081
1777906800,1.36082,1.36166,1.36013,1.36102
1777910400,1.36104,1.3618,1.36085,1.36159
1777914000,1.3616,1.36162,1.3609,1.36115
1777917600,1.36114,1.36114,1.36038,1.36044
1777921200,1.36044,1.36141,1.3604,1.36133
1777924800,1.36136,1.36264,1.36136,1.36246
1777928400,1.36238,1.3624,1.36192,1.3621
1777932000,1.36208,1.36262,1.36197,1.36248
1777935600,1.36246,1.36248,1.36204,1.3621
1777939200,1.36209,1.36276,1.36179,1.36262
1777942800,1.36263,1.36284,1.36207,1.3622
1777946400,1.3622,1.36226,1.36191,1.36226
1777950000,1.36226,1.36252,1.36206,1.36246
1777953600,1.36248,1.36286,1.3621,1.36283
1777957200,1.36284,1.36304,1.36241,1.36251
1777960800,1.36252,1.36264,1.3617,1.36192
1777964400,1.36192,1.36218,1.3613,1.362
1777968000,1.36202,1.36204,1.36118,1.36174
1777971600,1.36176,1.36206,1.36108,1.36118
1777975200,1.3612,1.36144,1.36044,1.36126
1777978800,1.36126,1.36198,1.36082,1.36132
1777982400,1.36133,1.36274,1.36122,1.36228
1777986000,1.36228,1.3623,1.36082,1.36124
1777989600,1.36122,1.36184,1.3607,1.36178
1777993200,1.36179,1.36208,1.36071,1.36097
1777996800,1.36098,1.3622,1.36067,1.36203
1778000400,1.36202,1.36266,1.36182,1.36195
1778004000,1.36192,1.36202,1.36163,1.36172
1778007600,1.36171,1.36248,1.36163,1.36238
1778011200,1.3624,1.36252,1.36178,1.36203
1778014800,1.36163,1.36223,1.36154,1.36196
1778018400,1.36196,1.3622,1.36088,1.361
1778022000,1.36102,1.36115,1.35962,1.36048
1778025600,1.36047,1.36082,1.3597,1.35974
1778029200,1.35976,1.3601,1.35956,1.35979
1778032800,1.3598,1.36036,1.35964,1.36016
1778036400,1.36015,1.36022,1.35974,1.36006
1778040000,1.36007,1.36013,1.35834,1.35874
1778043600,1.35877,1.35934,1.35854,1.35896
1778047200,1.35896,1.35996,1.3586,1.35871
1778050800,1.3587,1.35974,1.35832,1.35922
1778054400,1.35921,1.35979,1.35781,1.35854
1778058000,1.35856,1.35964,1.35835,1.3591
1778061600,1.35909,1.36031,1.35834,1.35892
1778065200,1.35892,1.36052,1.35892,1.35961
1778068800,1.35962,1.3614,1.35955,1.3611
1778072400,1.36112,1.36186,1.36072,1.36184
1778076000,1.36185,1.36242,1.36129,1.36162
1778079600,1.36163,1.3626,1.36158,1.36228
1778083200,1.36229,1.3636,1.36227,1.36347
1778086800,1.36349,1.36415,1.3633,1.36388
1778090400,1.36386,1.36416,1.36342,1.36364
1778094000,1.36364,1.36374,1.36308,1.3636
1778097600,1.3636,1.36392,1.3629,1.36336
1778101200,1.36315,1.36356,1.36286,1.36328
1778104800,1.36329,1.36348,1.36318,1.36333
1778108400,1.36334,1.36384,1.36316,1.36371
1778112000,1.3637,1.3642,1.36349,1.36385
1778115600,1.36384,1.36403,1.3628,1.36322
1778119200,1.36322,1.36424,1.36312,1.36372
1778122800,1.36372,1.36404,1.3636,1.36398
1778126400,1.364,1.36402,1.36323,1.36356
1778130000,1.36356,1.36397,1.36341,1.36376
1778133600,1.36378,1.36438,1.36315,1.3637
1778137200,1.36371,1.36391,1.3625,1.36265
1778140800,1.36264,1.363,1.36234,1.36258
1778144400,1.36261,1.36299,1.36202,1.36249
1778148000,1.36251,1.36292,1.36206,1.36267
1778151600,1.36266,1.36328,1.36218,1.36296
1778155200,1.36296,1.36358,1.36241,1.36346
1778158800,1.36348,1.36416,1.36305,1.36395
1778162400,1.36396,1.36452,1.36286,1.36349
1778166000,1.36348,1.3643,1.36315,1.36376
1778169600,1.36376,1.36424,1.36294,1.36314
1778173200,1.36314,1.36392,1.36266,1.36359
1778176800,1.36356,1.3644,1.36343,1.3637
1778180400,1.3637,1.3654,1.36316,1.36539
1778184000,1.3654,1.36658,1.36463,1.3665
1778187600,1.366,1.36637,1.36562,1.36596
1778191200,1.36602,1.36645,1.36596,1.36634
1778194800,1.36635,1.36648,1.36595,1.3661
1778198400,1.36608,1.36634,1.36567,1.366
1778202000,1.36598,1.36598,1.36558,1.36578
1778205600,1.36578,1.36643,1.36574,1.36598
1778209200,1.36598,1.36608,1.36557,1.36589
1778212800,1.3659,1.36607,1.36548,1.3656
1778216400,1.3656,1.36568,1.3652,1.36552
1778220000,1.3655,1.36558,1.36501,1.36538
1778223600,1.36538,1.3657,1.3652,1.36568
1778227200,1.36566,1.36595,1.36512,1.36514
1778230800,1.36512,1.36516,1.36454,1.36458
1778234400,1.36458,1.36534,1.36438,1.36512
1778238000,1.36514,1.36526,1.36428,1.36438
1778241600,1.36438,1.36932,1.36434,1.36906
1778245200,1.36907,1.37096,1.36907,1.37069
1778248800,1.37066,1.37104,1.36886,1.3691
1778252400,1.3691,1.36956,1.36772,1.368
1778256000,1.368,1.36912,1.36788,1.36896
1778259600,1.36898,1.369,1.36832,1.3685
1778263200,1.3685,1.36858,1.3679,1.36807
1778266800,1.36809,1.36852,1.3676,1.3682
1778270400,1.36818,1.3683,1.36707,1.36764
1778446800,1.36863,1.36888,1.36794,1.36882
1778450400,1.36868,1.36921,1.36865,1.36888
1778454000,1.3689,1.3689,1.36822,1.36836
1778457600,1.36839,1.36871,1.36791,1.36836
1778461200,1.36834,1.36904,1.36825,1.36862
1778464800,1.36863,1.36884,1.36826,1.36876
1778468400,1.36877,1.3689,1.36852,1.3689
1778472000,1.3689,1.36951,1.36887,1.36942
1778475600,1.36942,1.36944,1.36904,1.36924
1778479200,1.36924,1.36924,1.36761,1.36799
1778482800,1.36798,1.368,1.36672,1.36718
1778486400,1.36718,1.36734,1.36669,1.36696
1778490000,1.36694,1.36734,1.3668,1.36694
1778493600,1.36694,1.36714,1.3661,1.36617
1778497200,1.36618,1.36702,1.36614,1.36672
1778500800,1.36672,1.36828,1.36644,1.36672
1778504400,1.36672,1.36702,1.3658,1.36593
1778508000,1.36594,1.36682,1.36482,1.3665
1778511600,1.3665,1.36694,1.36632,1.36656
1778515200,1.36655,1.36694,1.36606,1.36642
1778518800,1.36642,1.36691,1.36626,1.36657
1778522400,1.36658,1.36756,1.36635,1.36728
1778526000,1.36726,1.368,1.36704,1.36778
1778529600,1.36778,1.3682,1.36774,1.36782
1778533200,1.36765,1.36795,1.36747,1.36774
1778536800,1.36774,1.36776,1.36718,1.36768
1778540400,1.36768,1.368,1.36764,1.36792
1778544000,1.36794,1.36888,1.36794,1.36884
1778547600,1.36884,1.36943,1.3687,1.36896
1778551200,1.36896,1.36928,1.36878,1.36894
1778554800,1.36896,1.36946,1.36882,1.36938
1778558400,1.36938,1.36942,1.36909,1.36928
1778562000,1.36929,1.3694,1.3687,1.36876
1778565600,1.36876,1.36964,1.3684,1.36931
1778569200,1.36934,1.37064,1.36918,1.37038
1778572800,1.37038,1.37098,1.37022,1.3705
1778576400,1.37048,1.37112,1.37004,1.371
1778580000,1.37101,1.37114,1.37056,1.37096
1778583600,1.37095,1.37126,1.37014,1.37036
1778587200,1.37036,1.37126,1.37007,1.37016
1778590800,1.37015,1.37192,1.36988,1.37161
1778594400,1.3716,1.37183,1.37078,1.37088
1778598000,1.37089,1.37246,1.37081,1.37138
1778601600,1.37136,1.3717,1.37098,1.37134
1778605200,1.37138,1.37162,1.371,1.37119
1778608800,1.37118,1.3714,1.37004,1.37006
1778612400,1.37007,1.37018,1.36938,1.36995
1778616000,1.36996,1.37019,1.36933,1.3697
1778619600,1.36968,1.36984,1.36956,1.36966
1778623200,1.36969,1.36972,1.3694,1.36954
1778626800,1.36954,1.36986,1.36938,1.36982
1778630400,1.36981,1.36997,1.36948,1.3695
1778634000,1.36948,1.36982,1.36871,1.36886
1778637600,1.36885,1.36886,1.36844,1.36878
1778641200,1.36878,1.36934,1.36876,1.36903
1778644800,1.36902,1.36963,1.36902,1.36948
1778648400,1.3695,1.3699,1.36938,1.36964
1778652000,1.36965,1.3705,1.36947,1.37027
1778655600,1.37028,1.37108,1.37027,1.37054
1778659200,1.37056,1.37096,1.36997,1.36998
1778662800,1.36998,1.37088,1.3699,1.36993
1778666400,1.36994,1.36996,1.36907,1.36914
1778670000,1.36914,1.36966,1.36898,1.36945
1778673600,1.36946,1.37043,1.36898,1.36963
1778677200,1.36962,1.37124,1.3693,1.3708
1778680800,1.37082,1.37117,1.36932,1.37048
1778684400,1.37048,1.37052,1.36925,1.37031
1778688000,1.3703,1.37059,1.36962,1.37056
1778691600,1.37056,1.37098,1.37024,1.37088
1778695200,1.37086,1.37188,1.3706,1.37138
1778698800,1.3714,1.3714,1.37029,1.37053
1778702400,1.37051,1.37082,1.37033,1.37064
1778706000,1.37087,1.37101,1.37061,1.37067
1778709600,1.37064,1.37068,1.37016,1.37046
1778713200,1.37046,1.37061,1.37036,1.37054
1778716800,1.37054,1.37078,1.37044,1.37057
1778720400,1.37058,1.37094,1.37041,1.37086
1778724000,1.37086,1.37092,1.37064,1.3707
1778727600,1.37071,1.3709,1.37064,1.37088
1778731200,1.37088,1.37096,1.37024,1.37048
1778734800,1.37048,1.37078,1.37028,1.37062
1778738400,1.3706,1.3709,1.37016,1.37032
1778742000,1.37034,1.3716,1.3703,1.37153
1778745600,1.37154,1.37156,1.37044,1.37056
1778749200,1.37058,1.37098,1.37044,1.37087
1778752800,1.37086,1.3718,1.37072,1.37175
1778756400,1.37174,1.37222,1.37169,1.37218
1778760000,1.37217,1.37277,1.37197,1.3725
1778763600,1.3725,1.37284,1.3718,1.37276
1778767200,1.37279,1.37316,1.37136,1.37305
1778770800,1.37306,1.3738,1.37233,1.37254
1778774400,1.37254,1.37305,1.37222,1.37224
1778778000,1.37224,1.37289,1.37196,1.37248
1778781600,1.3725,1.37305,1.37226,1.37244
1778785200,1.37242,1.37296,1.3723,1.37244
1778788800,1.37244,1.3727,1.37179,1.37202
1778792400,1.37226,1.37256,1.37206,1.37209
1778796000,1.3721,1.37212,1.37154,1.3717
1778799600,1.37169,1.37251,1.37169,1.37246
1778803200,1.37245,1.37374,1.37242,1.37355
1778806800,1.37357,1.37431,1.37353,1.37418
1778810400,1.3742,1.37427,1.37358,1.37386
1778814000,1.37386,1.37406,1.37373,1.37402
1778817600,1.37402,1.37472,1.37399,1.37461
1778821200,1.37462,1.37576,1.37458,1.37534
1778824800,1.37536,1.37537,1.37393,1.37524
1778828400,1.37524,1.37556,1.37393,1.37474
1778832000,1.37472,1.37542,1.3745,1.37481
1778835600,1.37478,1.37582,1.37478,1.37534
1778839200,1.37536,1.37544,1.37348,1.37428
1778842800,1.3743,1.37546,1.37416,1.37521
1778846400,1.3752,1.37598,1.3751,1.3754
1778850000,1.37539,1.37674,1.37518,1.37586
1778853600,1.37584,1.37652,1.37516,1.37598
1778857200,1.37596,1.37648,1.37512,1.37512
1778860800,1.37512,1.3754,1.37332,1.37352
1778864400,1.37354,1.37434,1.3731,1.37414
1778868000,1.37413,1.3758,1.37412,1.37532
1778871600,1.3753,1.37586,1.37505,1.3754
1778875200,1.37537,1.37585,1.37468,1.37495
1779051600,1.37497,1.37562,1.37493,1.37522
1779055200,1.37508,1.37537,1.37488,1.37533
1779058800,1.3753,1.37638,1.37512,1.37628
1779062400,1.37626,1.37636,1.37564,1.37608
1779066000,1.37609,1.37632,1.37542,1.37551
1779069600,1.37552,1.37614,1.37533,1.37584
1779073200,1.37584,1.37584,1.37506,1.37526
1779076800,1.37527,1.3755,1.375,1.37538
1779080400,1.37536,1.37562,1.37502,1.37524
1779084000,1.37526,1.37538,1.37412,1.37437
1779087600,1.37436,1.37498,1.3739,1.37458
1779091200,1.37459,1.37468,1.37336,1.37372
1779094800,1.37373,1.37442,1.37362,1.3744
1779098400,1.3744,1.37465,1.37396,1.37454
1779102000,1.37456,1.37539,1.37404,1.3747
1779105600,1.37468,1.37482,1.37324,1.37395
1779109200,1.37394,1.37454,1.37346,1.37448
1779112800,1.37449,1.3752,1.3738,1.3742
1779116400,1.3742,1.37509,1.3741,1.37434
1779120000,1.37434,1.37472,1.37379,1.37414
1779123600,1.37416,1.3743,1.37391,1.37398
1779127200,1.37397,1.37506,1.37392,1.37504
1779130800,1.37503,1.37508,1.37363,1.37394
1779134400,1.37391,1.37406,1.37358,1.37396
1779138000,1.37386,1.37436,1.37378,1.37414
1779141600,1.37413,1.3743,1.37362,1.37376
1779145200,1.37376,1.37392,1.37367,1.37392
1779148800,1.37391,1.37485,1.37372,1.37481
1779152400,1.37482,1.3751,1.37442,1.37486
1779156000,1.37487,1.3752,1.37461,1.37466
1779159600,1.37469,1.37482,1.37437,1.37469
1779163200,1.37466,1.37532,1.37464,1.37524
1779166800,1.37524,1.37542,1.3746,1.37466
1779170400,1.37466,1.37484,1.37432,1.37466
1779174000,1.37466,1.375,1.37439,1.37496
1779177600,1.37496,1.37607,1.37496,1.37604
1779181200,1.37606,1.37665,1.37599,1.37641
1779184800,1.37638,1.37721,1.376,1.37623
1779188400,1.37621,1.37628,1.37438,1.37525
1779192000,1.37526,1.37742,1.375,1.37656
1779195600,1.37657,1.37704,1.37594,1.37648
1779199200,1.37651,1.37722,1.37582,1.37706
1779202800,1.37706,1.37716,1.37558,1.3756
1779206400,1.3756,1.37618,1.3747,1.37492
1779210000,1.37491,1.37534,1.37481,1.3752
1779213600,1.37519,1.3752,1.37466,1.37495
1779217200,1.37496,1.37525,1.37436,1.375
1779220800,1.375,1.37537,1.37436,1.37445
1779224400,1.37444,1.37456,1.37442,1.37448
1779228000,1.3745,1.37466,1.37436,1.37438
1779231600,1.3744,1.37494,1.37422,1.37493
1779235200,1.37494,1.37585,1.37494,1.37578
1779238800,1.37582,1.3761,1.37522,1.37556
1779242400,1.37556,1.3758,1.37522,1.37561
1779246000,1.3756,1.37574,1.37522,1.37554
1779249600,1.37555,1.376,1.37517,1.37595
1779253200,1.37594,1.37606,1.37562,1.37582
1779256800,1.37582,1.37665,1.37566,1.37651
1779260400,1.3765,1.37728,1.37603,1.37726
1779264000,1.37728,1.37728,1.3765,1.37728
1779267600,1.37728,1.37788,1.37691,1.37777
1779271200,1.37778,1.37786,1.37678,1.3769
1779274800,1.37688,1.37708,1.37534,1.37538
1779278400,1.3754,1.37666,1.37528,1.3762
1779282000,1.3762,1.37741,1.37566,1.37727
1779285600,1.37726,1.37763,1.3739,1.37408
1779289200,1.3741,1.37538,1.37312,1.37476
1779292800,1.37476,1.37496,1.37376,1.37478
1779296400,1.37478,1.37554,1.37466,1.37538
1779300000,1.37538,1.37562,1.37433,1.37485
1779303600,1.37484,1.37494,1.37418,1.37432
1779307200,1.37432,1.37466,1.37405,1.37454
1779310800,1.37432,1.37472,1.37376,1.3745
1779314400,1.3745,1.37477,1.37439,1.37464
1779318000,1.37462,1.37496,1.37456,1.37488
1779321600,1.37486,1.37518,1.3747,1.37496
1779325200,1.37495,1.37594,1.3746,1.37575
1779328800,1.37573,1.37668,1.37555,1.37647
1779332400,1.37646,1.37654,1.37612,1.3764
1779336000,1.37638,1.37646,1.3761,1.3763
1779339600,1.37629,1.37678,1.37614,1.37636
1779343200,1.37637,1.37654,1.37596,1.37642
1779346800,1.37642,1.37745,1.37632,1.3774
1779350400,1.37741,1.37768,1.37624,1.3768
1779354000,1.3768,1.37703,1.37619,1.37671
1779357600,1.37672,1.37741,1.37632,1.3766
1779361200,1.3766,1.37697,1.37608,1.37693
1779364800,1.37694,1.37754,1.37658,1.37753
1779368400,1.37754,1.37895,1.37736,1.37854
1779372000,1.37852,1.38004,1.37836,1.37895
1779375600,1.37896,1.3795,1.37846,1.37891
1779379200,1.37892,1.37932,1.37843,1.3786
1779382800,1.3786,1.37884,1.37742,1.37778
1779386400,1.37782,1.37852,1.37675,1.37829
1779390000,1.3783,1.37838,1.37769,1.37793
1779393600,1.37793,1.37812,1.37768,1.37786
1779397200,1.37804,1.37804,1.37762,1.37777
1779400800,1.37778,1.37788,1.37741,1.37759
1779404400,1.3776,1.3778,1.37746,1.37764
1779408000,1.37764,1.3788,1.37763,1.37837
1779411600,1.3784,1.37896,1.37834,1.37894
1779415200,1.37896,1.37904,1.3786,1.37886
1779418800,1.37888,1.37928,1.37882,1.3792
1779422400,1.3792,1.37928,1.37878,1.37894
1779426000,1.37894,1.37938,1.3784,1.37932
1779429600,1.37932,1.37954,1.379,1.37902
1779433200,1.37902,1.37956,1.37896,1.37906
1779436800,1.37906,1.37918,1.37838,1.37848
1779440400,1.3785,1.37939,1.37842,1.37917
1779444000,1.37915,1.37992,1.37908,1.37978
1779447600,1.37978,1.38022,1.37954,1.3801
1779451200,1.38011,1.38072,1.37972,1.3804
1779454800,1.38039,1.38051,1.3791,1.37981
1779458400,1.37984,1.382,1.37981,1.38194
1779462000,1.38196,1.38224,1.38144,1.38186
1779465600,1.38187,1.38226,1.38082,1.38083
1779469200,1.38083,1.38144,1.38053,1.38108
1779472800,1.38108,1.38128,1.38046,1.38094
1779476400,1.38093,1.38148,1.38058,1.38148
1779480000,1.38148,1.38246,1.38116,1.38212
1779656400,1.38054,1.38147,1.38042,1.38145
1779660000,1.38128,1.38152,1.37994,1.3802
1779663600,1.38022,1.38046,1.37986,1.38028
1779667200,1.38028,1.38082,1.38017,1.38039
1779670800,1.3804,1.38062,1.37957,1.37994
1779674400,1.37992,1.38015,1.3796,1.38006
1779678000,1.38006,1.38104,1.37995,1.38088
1779681600,1.38088,1.38109,1.38052,1.38062
1779685200,1.38061,1.38114,1.3804,1.38102
1779688800,1.38102,1.3814,1.38083,1.38101
1779692400,1.381,1.38207,1.381,1.38157
1779696000,1.38156,1.38207,1.38122,1.38129
1779699600,1.38128,1.38162,1.38114,1.38146
1779703200,1.38146,1.38162,1.38126,1.38148
1779706800,1.38148,1.38183,1.38074,1.38116
1779710400,1.38118,1.38142,1.38049,1.38071
1779714000,1.3807,1.38106,1.38021,1.38094
1779717600,1.38091,1.38098,1.37988,1.3801
1779721200,1.38012,1.38032,1.3795,1.37974
1779724800,1.37973,1.38042,1.37965,1.38031
1779728400,1.38031,1.38054,1.38012,1.38033
1779732000,1.38032,1.38054,1.38018,1.38044
1779735600,1.38044,1.38053,1.37999,1.38002
1779739200,1.38002,1.38034,1.37992,1.38032
1779742800,1.38032,1.38073,1.38019,1.38066
1779746400,1.38065,1.38065,1.38026,1.38034
1779750000,1.38034,1.38074,1.38024,1.38064
1779753600,1.38064,1.3809,1.38034,1.38038
1779757200,1.38037,1.38098,1.38026,1.3808
1779760800,1.38083,1.38112,1.38072,1.38094
1779764400,1.38094,1.38096,1.38066,1.38067
1779768000,1.38066,1.38114,1.38064,1.38114
1779771600,1.38115,1.38146,1.38111,1.38142
1779775200,1.38143,1.38154,1.38076,1.38118
1779778800,1.38118,1.38152,1.38024,1.38048
1779782400,1.38046,1.38064,1.3799,1.38032
1779786000,1.38032,1.38064,1.37996,1.37996
1779789600,1.37998,1.38059,1.37994,1.38006
1779793200,1.38006,1.38126,1.38002,1.38123
1779796800,1.38124,1.38215,1.38118,1.38182
1779800400,1.38182,1.38191,1.38044,1.38068
1779804000,1.38066,1.3812,1.37999,1.38068
1779807600,1.38068,1.38148,1.38046,1.38048
1779811200,1.38046,1.38135,1.38008,1.38124
1779814800,1.38124,1.38198,1.38086,1.38182
1779818400,1.38182,1.3819,1.38122,1.38132
1779822000,1.38132,1.38169,1.38101,1.38102
1779825600,1.38104,1.38144,1.38087,1.38126
1779829200,1.38097,1.38148,1.38091,1.38094
1779832800,1.38099,1.38134,1.38091,1.38097
1779836400,1.38098,1.38113,1.38039,1.38083
1779840000,1.38086,1.38103,1.38038,1.38073
1779843600,1.38074,1.3815,1.38065,1.38138
1779847200,1.38138,1.38138,1.38084,1.38114
1779850800,1.38112,1.38128,1.3808,1.3812
1779854400,1.3812,1.38122,1.3809,1.38093
1779858000,1.38092,1.38146,1.38087,1.38143
1779861600,1.38144,1.38199,1.3813,1.38193
1779865200,1.38192,1.38282,1.38159,1.38278
1779868800,1.38277,1.38296,1.38222,1.38284
1779872400,1.38284,1.38293,1.38211,1.3824
1779876000,1.38241,1.3837,1.38239,1.38356
1779879600,1.38354,1.38397,1.38317,1.38332
1779883200,1.38332,1.38369,1.38203,1.38283
1779886800,1.38283,1.38378,1.38247,1.3827
1779890400,1.38268,1.38522,1.3823,1.38494
1779894000,1.38494,1.38504,1.38297,1.38304
1779897600,1.38304,1.38354,1.38241,1.38265
1779901200,1.38266,1.38348,1.38265,1.38306
1779904800,1.38306,1.38367,1.38304,1.38348
1779908400,1.38348,1.38356,1.38288,1.38322
1779912000,1.3832,1.38412,1.3829,1.38407
1779915600,1.38386,1.38424,1.38382,1.38414
1779919200,1.38414,1.38416,1.38369,1.38388
1779922800,1.38392,1.38454,1.38378,1.38449
1779926400,1.38451,1.38497,1.38442,1.38478
1779930000,1.38478,1.38549,1.38472,1.38542
1779933600,1.38542,1.38555,1.3852,1.38525
1779937200,1.38526,1.38696,1.3851,1.38691
1779940800,1.38694,1.38698,1.38607,1.38618
1779944400,1.38616,1.38652,1.38556,1.38586
1779948000,1.38585,1.38593,1.385,1.38522
1779951600,1.38521,1.3858,1.38456,1.38551
1779955200,1.38549,1.3863,1.38512,1.38601
1779958800,1.38603,1.38687,1.3855,1.3866
1779962400,1.3866,1.387,1.38627,1.3864
1779966000,1.3864,1.38648,1.38484,1.385
1779969600,1.38498,1.38542,1.38402,1.3844
1779973200,1.38438,1.38522,1.38362,1.38478
1779976800,1.38477,1.38509,1.38165,1.38186
1779980400,1.38184,1.38185,1.37988,1.37996
1779984000,1.37996,1.38018,1.37894,1.37918
1779987600,1.37918,1.37924,1.37826,1.3786
1779991200,1.37859,1.37876,1.37804,1.37837
1779994800,1.37838,1.37846,1.37739,1.37832
1779998400,1.37832,1.37873,1.37806,1.3784
1780002000,1.37811,1.37876,1.37782,1.37855
1780005600,1.37853,1.37862,1.37828,1.37839
1780009200,1.37839,1.37842,1.37817,1.37834
1780012800,1.37833,1.37861,1.37798,1.37843
1780016400,1.37842,1.37856,1.37782,1.37852
1780020000,1.37851,1.37862,1.37822,1.37857
1780023600,1.37858,1.37917,1.37857,1.37896
1780027200,1.37894,1.3791,1.37872,1.37894
1780030800,1.37894,1.37908,1.37851,1.37874
1780034400,1.37874,1.37963,1.37849,1.37934
1780038000,1.37935,1.38032,1.37935,1.3801
1780041600,1.38011,1.38078,1.37996,1.38058
1780045200,1.38057,1.38096,1.38042,1.3808
1780048800,1.3808,1.3811,1.38048,1.38086
1780052400,1.38086,1.38148,1.37998,1.38006
1780056000,1.38006,1.38296,1.37998,1.38181
1780059600,1.3818,1.3821,1.3802,1.38126
1780063200,1.38128,1.38164,1.37702,1.3776
1780066800,1.37762,1.3789,1.37744,1.37848
1780070400,1.3785,1.38022,1.37836,1.37992
1780074000,1.3799,1.38013,1.37918,1.37932
1780077600,1.37932,1.37968,1.37867,1.37966
1780081200,1.37968,1.37981,1.37854,1.37904
1780084800,1.37903,1.37998,1.3785,1.37958
1780261200,1.38018,1.38028,1.37918,1.3797
1780264800,1.37966,1.38019,1.37954,1.37958
1780268400,1.37958,1.37984,1.37898,1.37975
1780272000,1.37976,1.38066,1.37972,1.38051
1780275600,1.3805,1.38098,1.38046,1.38089
1780279200,1.38088,1.38119,1.38061,1.38091
1780282800,1.38088,1.38138,1.38072,1.38135
1780286400,1.38132,1.38136,1.38084,1.38085
1780290000,1.38084,1.38097,1.38065,1.3809
1780293600,1.38089,1.3809,1.38019,1.38044
1780297200,1.38046,1.38204,1.38046,1.38146
1780300800,1.38144,1.3819,1.38131,1.38151
1780304400,1.38154,1.38228,1.38123,1.38188
1780308000,1.38188,1.38252,1.38172,1.38242
1780311600,1.38242,1.38356,1.38242,1.38308
1780315200,1.38306,1.38385,1.38243,1.38264
1780318800,1.38266,1.3849,1.38264,1.3843
1780322400,1.38432,1.38496,1.38403,1.38413
1780326000,1.38412,1.38422,1.3827,1.38382
1780329600,1.38383,1.38436,1.38278,1.38286
1780333200,1.38285,1.38326,1.38275,1.38318
1780336800,1.3832,1.38422,1.38314,1.3842
1780340400,1.38419,1.3843,1.38352,1.38383
1780344000,1.38386,1.38421,1.38362,1.38412
1780347600,1.38446,1.38448,1.3835,1.38375
1780351200,1.3838,1.38432,1.38375,1.38402
1780354800,1.38402,1.38432,1.38393,1.38415
1780358400,1.38414,1.38458,1.38404,1.3845
1780362000,1.38449,1.38486,1.38426,1.38468
1780365600,1.38468,1.38478,1.38454,1.38476
1780369200,1.38476,1.38476,1.38446,1.38448
1780372800,1.38448,1.38462,1.38444,1.38447
1780376400,1.38448,1.38462,1.38426,1.38458
1780380000,1.3846,1.38468,1.38357,1.38372
1780383600,1.38373,1.38418,1.38355,1.384
1780387200,1.384,1.38486,1.38366,1.38478
1780390800,1.38476,1.38544,1.38474,1.38505
1780394400,1.38504,1.3854,1.3848,1.38528
1780398000,1.38528,1.3854,1.38402,1.3841
1780401600,1.38412,1.38464,1.38358,1.3837
1780405200,1.3837,1.38377,1.38151,1.38315
1780408800,1.38314,1.38438,1.38254,1.38318
1780412400,1.38318,1.38354,1.3823,1.38236
1780416000,1.38236,1.38346,1.38231,1.38332
1780419600,1.38332,1.38398,1.38321,1.38391
1780423200,1.3839,1.38407,1.38295,1.38318
1780426800,1.38318,1.38372,1.38308,1.3836
1780430400,1.38362,1.384,1.38341,1.38399
1780434000,1.38382,1.38412,1.38337,1.38404
1780437600,1.38406,1.38424,1.38364,1.38411
1780441200,1.38408,1.38468,1.38397,1.38458
1780444800,1.3846,1.38471,1.38386,1.3841
1780448400,1.3841,1.3842,1.38366,1.38402
1780452000,1.38402,1.38469,1.38374,1.38448
1780455600,1.38448,1.38479,1.38435,1.38478
1780459200,1.38478,1.38506,1.38468,1.38489
1780462800,1.38488,1.38546,1.38484,1.38514
1780466400,1.38514,1.38587,1.38486,1.38524
1780470000,1.38526,1.38566,1.38464,1.38514
1780473600,1.38516,1.38596,1.38493,1.38574
1780477200,1.38576,1.38584,1.38516,1.38572
1780480800,1.3857,1.38574,1.38472,1.38524
1780484400,1.38522,1.38556,1.38501,1.38544
1780488000,1.38546,1.38702,1.38539,1.38678
1780491600,1.38677,1.38764,1.38634,1.38744
1780495200,1.38746,1.38799,1.38653,1.38786
1780498800,1.38788,1.38928,1.38782,1.38918
1780502400,1.38918,1.38986,1.38918,1.38944
1780506000,1.38944,1.38974,1.38896,1.38964
1780509600,1.38965,1.38998,1.38929,1.38953
1780513200,1.38952,1.3897,1.38924,1.3897
1780516800,1.38969,1.38983,1.38935,1.38976
1780520400,1.38956,1.38966,1.38902,1.38911
1780524000,1.38912,1.38998,1.38894,1.38916
1780527600,1.38918,1.3896,1.38904,1.3894
1780531200,1.3894,1.3895,1.38896,1.3894
1780534800,1.38942,1.38984,1.38932,1.38966
1780538400,1.38966,1.39038,1.38964,1.38984
1780542000,1.38985,1.39045,1.38982,1.39006
1780545600,1.39005,1.39046,1.3899,1.39038
1780549200,1.39038,1.39095,1.39031,1.39042
1780552800,1.39041,1.39134,1.39018,1.391
1780556400,1.39098,1.39255,1.39076,1.39228
1780560000,1.39227,1.39228,1.39142,1.39167
1780563600,1.39168,1.3917,1.38998,1.39003
1780567200,1.39002,1.39037,1.3897,1.39006
1780570800,1.39005,1.39006,1.38901,1.38946
1780574400,1.38948,1.38984,1.38882,1.3891
1780578000,1.3891,1.38952,1.38811,1.38874
1780581600,1.38874,1.38979,1.38853,1.38942
1780585200,1.38944,1.39052,1.38904,1.38908
1780588800,1.38908,1.3899,1.38895,1.38968
1780592400,1.38968,1.39026,1.38956,1.39011
1780596000,1.39013,1.39019,1.38956,1.38994
1780599600,1.38996,1.39052,1.38978,1.39038
1780603200,1.39038,1.39116,1.39038,1.39107
1780606800,1.39018,1.39119,1.39008,1.39044
1780610400,1.39061,1.39092,1.39038,1.39082
1780614000,1.3908,1.39089,1.39064,1.39074
1780617600,1.39073,1.39088,1.39048,1.39068
1780621200,1.39066,1.39126,1.3903,1.39042
1780624800,1.3904,1.39051,1.39006,1.39019
1780628400,1.39018,1.39061,1.39012,1.39054
1780632000,1.39055,1.39058,1.39026,1.39038
1780635600,1.39038,1.39062,1.39024,1.3906
1780639200,1.39057,1.39092,1.38972,1.38998
1780642800,1.38999,1.39006,1.38838,1.3888
1780646400,1.3888,1.38904,1.3883,1.38888
1780650000,1.38889,1.38896,1.38732,1.38755
1780653600,1.38756,1.38772,1.38682,1.38767
1780657200,1.38767,1.38833,1.38762,1.388
1780660800,1.38798,1.38956,1.38666,1.38948
1780664400,1.38946,1.39046,1.38881,1.39038
1780668000,1.39038,1.39197,1.38994,1.39173
1780671600,1.39172,1.39388,1.39138,1.39329
1780675200,1.3933,1.39444,1.3932,1.39366
1780678800,1.39364,1.39442,1.39352,1.39428
1780682400,1.3943,1.39497,1.39418,1.39497
1780686000,1.39498,1.39509,1.39406,1.3943
1780689600,1.39432,1.39506,1.39386,1.39402
1780866000,1.3939,1.39459,1.39373,1.39448
1780869600,1.39446,1.39527,1.39429,1.3952
1780873200,1.39522,1.39522,1.39439,1.39454
1780876800,1.39454,1.39464,1.39384,1.39388
1780880400,1.39387,1.39524,1.39384,1.39468
1780884000,1.39467,1.39512,1.39444,1.39468
1780887600,1.39468,1.39499,1.39458,1.39458
1780891200,1.39458,1.39478,1.3943,1.39436
1780894800,1.39435,1.3949,1.39362,1.39472
1780898400,1.39473,1.395,1.39428,1.39457
1780902000,1.39454,1.39516,1.39373,1.39515
1780905600,1.39516,1.39524,1.39462,1.39512
1780909200,1.39512,1.39538,1.3944,1.3947
1780912800,1.3947,1.3949,1.39403,1.39422
1780916400,1.39424,1.3944,1.393,1.39385
1780920000,1.39384,1.39389,1.39264,1.39314
1780923600,1.39312,1.39437,1.3927,1.39403
1780927200,1.39405,1.39505,1.3936,1.39424
1780930800,1.39422,1.39536,1.39374,1.39507
1780934400,1.39508,1.39542,1.39486,1.39538
1780938000,1.3954,1.39613,1.39524,1.3953
1780941600,1.39529,1.39566,1.3946,1.39558
1780945200,1.39558,1.39566,1.39503,1.3952
1780948800,1.39518,1.39545,1.395,1.39538
1780952400,1.39488,1.39524,1.39444,1.39464
1780956000,1.39464,1.39544,1.39464,1.39521
1780959600,1.39522,1.39584,1.39521,1.3958
1780963200,1.39581,1.39596,1.39522,1.39528
1780966800,1.39528,1.39562,1.3946,1.39462
1780970400,1.39462,1.39486,1.39448,1.39475
1780974000,1.39474,1.3951,1.39456,1.3948
1780977600,1.3948,1.39496,1.39425,1.39444
1780981200,1.39443,1.39476,1.39361,1.39372
1780984800,1.39372,1.39386,1.39306,1.39368
1780988400,1.39369,1.39412,1.3936,1.39392
1780992000,1.39393,1.39441,1.39376,1.3938
1780995600,1.3938,1.39388,1.39335,1.39366
1780999200,1.39366,1.39389,1.39315,1.39334
1781002800,1.39332,1.39346,1.39199,1.39217
1781006400,1.39216,1.39242,1.39192,1.39216
1781010000,1.39216,1.39394,1.39204,1.39386
1781013600,1.39388,1.39569,1.3934,1.39474
1781017200,1.39474,1.39638,1.3942,1.39585
1781020800,1.39586,1.39694,1.39554,1.39609
1781024400,1.39608,1.39624,1.39512,1.39524
1781028000,1.39524,1.39555,1.39481,1.39526
1781031600,1.39525,1.39566,1.39474,1.39474
1781035200,1.39472,1.3952,1.39456,1.39496
1781038800,1.39499,1.39528,1.39461,1.39472
1781042400,1.39476,1.39541,1.39471,1.3954
1781046000,1.39538,1.39571,1.39514,1.39538
1781049600,1.39536,1.39575,1.3948,1.39488
1781053200,1.39487,1.39546,1.39484,1.39516
1781056800,1.39514,1.39518,1.39462,1.3951
1781060400,1.3951,1.39514,1.39453,1.39463
1781064000,1.39462,1.39502,1.39456,1.39481
1781067600,1.3948,1.39494,1.39414,1.39424
1781071200,1.39424,1.39438,1.3937,1.39424
1781074800,1.39426,1.39448,1.39328,1.39376
1781078400,1.39377,1.39406,1.39296,1.39324
1781082000,1.39324,1.39354,1.3924,1.39268
1781085600,1.39268,1.3931,1.39258,1.39309
1781089200,1.39308,1.39356,1.39268,1.39336
1781092800,1.39336,1.39371,1.39234,1.39365
1781096400,1.39366,1.39386,1.38992,1.39161
1781100000,1.39161,1.39294,1.39123,1.39284
1781103600,1.39284,1.39386,1.39224,1.39295
1781107200,1.39294,1.39324,1.39252,1.39314
1781110800,1.39314,1.39358,1.39284,1.39303
1781114400,1.39301,1.39372,1.39256,1.39368
1781118000,1.39368,1.39456,1.39357,1.39454
1781121600,1.39454,1.39505,1.39418,1.39439
1781125200,1.39446,1.3948,1.39426,1.39453
1781128800,1.3945,1.39489,1.39432,1.39457
1781132400,1.39458,1.39504,1.39443,1.39476
1781136000,1.39475,1.39476,1.39402,1.39406
1781139600,1.39407,1.3941,1.39316,1.39332
1781143200,1.39332,1.39388,1.3933,1.39384
1781146800,1.39386,1.39402,1.39356,1.39389
1781150400,1.3939,1.39404,1.39363,1.39384
1781154000,1.39382,1.39429,1.39354,1.39426
1781157600,1.39424,1.39564,1.39423,1.39554
1781161200,1.39553,1.39642,1.39541,1.39626
1781164800,1.39625,1.39768,1.39625,1.39766
1781168400,1.39768,1.39806,1.39735,1.39778
1781172000,1.3978,1.39838,1.39764,1.39794
1781175600,1.39792,1.39814,1.39736,1.39774
1781179200,1.39774,1.399,1.39762,1.39856
1781182800,1.39855,1.40012,1.39846,1.40008
1781186400,1.40009,1.40241,1.40008,1.40168
1781190000,1.40168,1.40188,1.39984,1.40048
1781193600,1.40047,1.40096,1.40022,1.40062
1781197200,1.40063,1.40158,1.39721,1.3983
1781200800,1.39829,1.39883,1.39744,1.39806
1781204400,1.39806,1.39809,1.39534,1.39594
1781208000,1.39594,1.39686,1.3956,1.39661
1781211600,1.39593,1.3969,1.39581,1.39679
1781215200,1.3968,1.39714,1.39625,1.39638
1781218800,1.39638,1.39744,1.39615,1.3973
1781222400,1.39731,1.39782,1.39714,1.39772
1781226000,1.39772,1.39806,1.3977,1.39796
1781229600,1.39797,1.398,1.39749,1.39778
1781233200,1.39778,1.39786,1.39716,1.39728
1781236800,1.39728,1.39759,1.3971,1.3974
1781240400,1.39738,1.3986,1.39724,1.39856
1781244000,1.39856,1.39856,1.39741,1.3976
1781247600,1.3976,1.3996,1.39753,1.3988
1781251200,1.39877,1.39894,1.39738,1.39839
1781254800,1.3984,1.39883,1.39753,1.39818
1781258400,1.39819,1.39907,1.39788,1.3986
1781262000,1.3986,1.39914,1.398,1.39891
1781265600,1.39892,1.39941,1.39813,1.39832
1781269200,1.39832,1.3988,1.3974,1.39813
1781272800,1.3981,1.39846,1.39674,1.3968
1781276400,1.3968,1.39728,1.39592,1.39712
1781280000,1.39714,1.39787,1.39664,1.39726
1781283600,1.39725,1.39786,1.39701,1.39782
1781287200,1.39781,1.39817,1.39761,1.39792
1781290800,1.39792,1.39852,1.39753,1.39816
1781294400,1.39816,1.39921,1.39812,1.39894
1781470800,1.39906,1.39921,1.39646,1.39678
1781474400,1.39678,1.39698,1.39555,1.39606
1781478000,1.39607,1.39663,1.39596,1.39644
1781481600,1.39644,1.3971,1.39571,1.39708
1781485200,1.39709,1.39769,1.39704,1.39732
1781488800,1.39734,1.39763,1.3969,1.39692
1781492400,1.39692,1.3971,1.39646,1.39666
1781496000,1.39667,1.39682,1.3961,1.39612
1781499600,1.3961,1.39614,1.39506,1.3958
1781503200,1.3958,1.39784,1.39578,1.39721
1781506800,1.3972,1.39811,1.39714,1.39775
1781510400,1.39776,1.39786,1.39687,1.39746
1781514000,1.39746,1.3975,1.39677,1.3973
1781517600,1.39728,1.39762,1.39668,1.39705
1781521200,1.39704,1.39832,1.39682,1.3983
1781524800,1.3983,1.39841,1.39708,1.39734
1781528400,1.39734,1.39842,1.39725,1.39784
1781532000,1.39784,1.39927,1.39706,1.39742
1781535600,1.39743,1.3989,1.3972,1.39842
1781539200,1.39841,1.39882,1.39812,1.39816
1781542800,1.39814,1.39857,1.39805,1.39823
1781546400,1.39825,1.39878,1.39813,1.39867
1781550000,1.39868,1.3994,1.39829,1.39929
1781553600,1.39928,1.39942,1.39882,1.39908
1781557200,1.39884,1.3993,1.39863,1.39869
1781560800,1.3987,1.39958,1.39867,1.39934
1781564400,1.39934,1.39936,1.39898,1.3993
1781568000,1.39929,1.3996,1.39913,1.39916
1781571600,1.39917,1.39956,1.39898,1.39956
1781575200,1.39956,1.40002,1.39944,1.39952
1781578800,1.39954,1.40006,1.39948,1.3999
1781582400,1.3999,1.40171,1.39987,1.40116
1781586000,1.40116,1.40166,1.40089,1.40152
1781589600,1.40152,1.40186,1.40072,1.40092
1781593200,1.40094,1.40121,1.40026,1.40046
1781596800,1.40046,1.40126,1.40019,1.40032
1781600400,1.40032,1.40054,1.40009,1.40042
1781604000,1.40044,1.40044,1.39924,1.3995
1781607600,1.3995,1.4008,1.39949,1.40072
1781611200,1.40074,1.40158,1.4007,1.40128
1781614800,1.4013,1.4016,1.39992,1.40032
1781618400,1.40035,1.40057,1.39849,1.3986
1781622000,1.3986,1.39951,1.39802,1.39832
1781625600,1.39831,1.39886,1.39808,1.3986
1781629200,1.39859,1.39956,1.3984,1.39947
1781632800,1.39948,1.39959,1.39918,1.3993
1781636400,1.39928,1.39999,1.39888,1.39993
1781640000,1.39995,1.40028,1.39935,1.39951
1781643600,1.39954,1.39973,1.39902,1.39945
1781647200,1.39943,1.39944,1.39918,1.39932
1781650800,1.39932,1.39974,1.39916,1.39969
1781654400,1.39968,1.39987,1.39908,1.3993
1781658000,1.3993,1.39996,1.39928,1.39968
1781661600,1.3997,1.4,1.39948,1.4
1781665200,1.4,1.4002,1.39984,1.40019
1781668800,1.4002,1.4002,1.39966,1.39974
1781672400,1.39974,1.40001,1.39958,1.39994
1781676000,1.39993,1.40078,1.39984,1.40063
1781679600,1.40064,1.40074,1.39966,1.39975
1781683200,1.39976,1.40068,1.39971,1.39995
1781686800,1.39996,1.40027,1.39956,1.40019
1781690400,1.4002,1.40121,1.40006,1.40104
1781694000,1.40102,1.40172,1.40102,1.40108
1781697600,1.40108,1.40136,1.40051,1.4012
1781701200,1.40121,1.40198,1.40046,1.40176
1781704800,1.40176,1.40218,1.40095,1.40209
1781708400,1.4021,1.40338,1.40185,1.40307
1781712000,1.40306,1.40368,1.40298,1.40312
1781715600,1.40312,1.40326,1.40278,1.40305
1781719200,1.40306,1.40727,1.40294,1.4071
1781722800,1.40711,1.4123,1.40674,1.41178
1781726400,1.41176,1.41192,1.40962,1.41005
1781730000,1.4099,1.41054,1.4097,1.41018
1781733600,1.41023,1.41023,1.40956,1.40984
1781737200,1.40984,1.41039,1.40966,1.4102
1781740800,1.4102,1.4103,1.40945,1.40975
1781744400,1.40976,1.41049,1.40952,1.41036
1781748000,1.41036,1.41096,1.40965,1.41016
1781751600,1.41016,1.41024,1.40976,1.41002
1781755200,1.41001,1.41028,1.40974,1.41016
1781758800,1.41017,1.41124,1.41006,1.41112
1781762400,1.41114,1.41129,1.41012,1.41039
1781766000,1.4104,1.41126,1.40984,1.41034
1781769600,1.41035,1.41226,1.41021,1.41215
1781773200,1.41213,1.41255,1.41168,1.4124
1781776800,1.4124,1.41328,1.4118,1.41242
1781780400,1.4124,1.41342,1.41209,1.41318
1781784000,1.41318,1.41329,1.41106,1.41174
1781787600,1.41174,1.41252,1.41118,1.41172
1781791200,1.41173,1.41288,1.41171,1.412
1781794800,1.41198,1.41467,1.41174,1.41437
1781798400,1.41436,1.41448,1.41334,1.41372
1781802000,1.41372,1.41434,1.41316,1.41418
1781805600,1.41419,1.41448,1.4133,1.414
1781809200,1.414,1.41434,1.4129,1.41366
1781812800,1.41368,1.4139,1.41297,1.41372
1781816400,1.4135,1.41367,1.41312,1.41326
1781820000,1.41322,1.41377,1.41322,1.41342
1781823600,1.41342,1.41426,1.41337,1.41416
1781827200,1.41415,1.4142,1.41366,1.41388
1781830800,1.41388,1.41486,1.41382,1.41478
1781834400,1.41478,1.41482,1.41402,1.41426
1781838000,1.41425,1.4152,1.41423,1.41517
1781841600,1.41516,1.41582,1.41491,1.41576
1781845200,1.41576,1.41598,1.41476,1.41492
1781848800,1.41493,1.41496,1.41362,1.41416
1781852400,1.41416,1.41494,1.41376,1.41464
1781856000,1.41464,1.41474,1.41348,1.41348
1781859600,1.41349,1.41424,1.41348,1.41418
1781863200,1.41419,1.4147,1.41398,1.41454
1781866800,1.41454,1.41526,1.41432,1.41493
1781870400,1.41492,1.4157,1.41474,1.41533
1781874000,1.41532,1.4172,1.4153,1.41685
1781877600,1.41684,1.41782,1.41668,1.41776
1781881200,1.41776,1.41834,1.41723,1.41778
1781884800,1.41778,1.41788,1.41728,1.41768
1781888400,1.41769,1.41771,1.41696,1.41736
1781892000,1.41736,1.41768,1.41716,1.41744
1781895600,1.41741,1.41766,1.41718,1.41752
1781899200,1.41751,1.41786,1.41518,1.41536
1782075600,1.41691,1.41716,1.41633,1.41673
1782079200,1.41648,1.41786,1.41648,1.4178
1782082800,1.4178,1.41786,1.41738,1.41749
1782086400,1.41749,1.41772,1.41706,1.41722
1782090000,1.4172,1.41798,1.41678,1.41797
1782093600,1.41798,1.41826,1.41764,1.4178
1782097200,1.41782,1.41874,1.41759,1.41862
1782100800,1.41861,1.4191,1.41854,1.41886
1782104400,1.41884,1.41886,1.41792,1.41882
1782108000,1.41882,1.41936,1.418,1.41829
1782111600,1.4183,1.41836,1.41749,1.41781
1782115200,1.41782,1.41826,1.4172,1.41798
1782118800,1.41796,1.41798,1.41668,1.41716
1782122400,1.41714,1.41726,1.4166,1.41722
1782126000,1.41721,1.41784,1.41719,1.41722
1782129600,1.41722,1.41724,1.41449,1.41562
1782133200,1.41561,1.41782,1.4153,1.41692
1782136800,1.41694,1.41702,1.41478,1.41514
1782140400,1.41516,1.4172,1.41481,1.41686
1782144000,1.41684,1.41694,1.41598,1.41645
1782147600,1.41646,1.41686,1.41613,1.41613
1782151200,1.41614,1.41633,1.41541,1.4157
1782154800,1.4157,1.41662,1.41569,1.41605
1782158400,1.41604,1.41656,1.41591,1.41594
1782162000,1.41603,1.41644,1.41566,1.41616
1782165600,1.41621,1.41622,1.41528,1.4154
1782169200,1.41544,1.41602,1.41511,1.4159
1782172800,1.41592,1.41652,1.41568,1.41593
1782176400,1.41592,1.41682,1.41584,1.41634
1782180000,1.41634,1.4168,1.4158,1.41676
1782183600,1.41677,1.41722,1.41652,1.41658
1782187200,1.41656,1.41753,1.41648,1.41743
1782190800,1.41742,1.41766,1.4172,1.41744
1782194400,1.41744,1.4186,1.41711,1.41798
1782198000,1.41796,1.41803,1.41677,1.41757
1782201600,1.41756,1.41819,1.41718,1.41818
1782205200,1.41819,1.41838,1.41776,1.41812
1782208800,1.4181,1.41882,1.41783,1.41878
1782212400,1.41878,1.41906,1.41825,1.41904
1782216000,1.41906,1.41918,1.41833,1.41872
1782219600,1.41875,1.41911,1.41691,1.41801
1782223200,1.418,1.41998,1.41782,1.41966
1782226800,1.41966,1.42042,1.41926,1.41992
1782230400,1.41989,1.42082,1.41952,1.4208
1782234000,1.42081,1.42122,1.4206,1.42092
1782237600,1.42091,1.42173,1.42077,1.42142
1782241200,1.42142,1.42144,1.42067,1.4209
1782244800,1.4209,1.42123,1.42083,1.42104
1782248400,1.42104,1.42124,1.42058,1.42096
1782252000,1.4209,1.42151,1.42068,1.42115
1782255600,1.42114,1.4213,1.42076,1.42104
1782259200,1.42102,1.42149,1.4207,1.4211
1782262800,1.42109,1.42156,1.42062,1.42074
1782266400,1.42074,1.42176,1.42065,1.42176
1782270000,1.42179,1.42242,1.42138,1.42148
1782273600,1.42148,1.42185,1.42122,1.42151
1782277200,1.42151,1.4218,1.42118,1.42168
1782280800,1.4217,1.42249,1.4214,1.42234
1782284400,1.42236,1.42287,1.42208,1.42282
1782288000,1.42282,1.4239,1.42266,1.42288
1782291600,1.42287,1.42378,1.42274,1.42328
1782295200,1.42328,1.42362,1.42256,1.42259
1782298800,1.42258,1.42306,1.42214,1.42287
1782302400,1.42288,1.4245,1.42236,1.424
1782306000,1.42399,1.42484,1.4226,1.42298
1782309600,1.42299,1.42457,1.42258,1.42412
1782313200,1.42412,1.42428,1.42276,1.42382
1782316800,1.42382,1.42388,1.42155,1.4219
1782320400,1.42193,1.42364,1.42178,1.42354
1782324000,1.42354,1.42394,1.42297,1.4237
1782327600,1.42369,1.42414,1.42316,1.42328
1782331200,1.42328,1.42351,1.42296,1.42334
1782334800,1.42309,1.42356,1.42282,1.42331
1782338400,1.42324,1.42354,1.42313,1.4235
1782342000,1.4235,1.42366,1.42327,1.42358
1782345600,1.42359,1.42435,1.42356,1.42368
1782349200,1.42368,1.42376,1.42277,1.42356
1782352800,1.42355,1.42372,1.42304,1.42327
1782356400,1.42328,1.42335,1.4228,1.42292
1782360000,1.42291,1.42312,1.4228,1.42304
1782363600,1.42306,1.42397,1.42302,1.42396
1782367200,1.42396,1.42429,1.42369,1.42393
1782370800,1.42394,1.42433,1.42312,1.42312
1782374400,1.42311,1.42318,1.42227,1.42284
1782378000,1.42286,1.4236,1.42274,1.42341
1782381600,1.42342,1.4245,1.42332,1.42426
1782385200,1.42424,1.42486,1.42416,1.42418
1782388800,1.42417,1.42482,1.42214,1.42364
1782392400,1.42364,1.42387,1.42085,1.42146
1782396000,1.42146,1.4215,1.41953,1.42038
1782399600,1.42039,1.4207,1.41904,1.41914
1782403200,1.41913,1.41938,1.41776,1.41904
1782406800,1.41904,1.41983,1.41882,1.41956
1782410400,1.41956,1.42014,1.4192,1.4197
1782414000,1.4197,1.42028,1.41913,1.41954
1782417600,1.41957,1.42023,1.41935,1.42012
1782421200,1.42024,1.42026,1.41926,1.41957
1782424800,1.41958,1.42022,1.41896,1.41909
1782428400,1.41908,1.42029,1.41899,1.42014
1782432000,1.42014,1.42026,1.41951,1.41978
1782435600,1.4198,1.4203,1.41926,1.41989
1782439200,1.41986,1.42098,1.41973,1.42046
1782442800,1.42046,1.42062,1.41934,1.41946
1782446400,1.41944,1.41958,1.41906,1.41916
1782450000,1.41918,1.41931,1.41854,1.41876
1782453600,1.41877,1.41981,1.41873,1.41914
1782457200,1.41914,1.42012,1.419,1.4198
1782460800,1.41982,1.41998,1.41814,1.41864
1782464400,1.41864,1.41898,1.41798,1.41853
1782468000,1.41854,1.41858,1.41792,1.41804
1782471600,1.41804,1.41908,1.4179,1.41867
1782475200,1.4187,1.41878,1.41743,1.41778
1782478800,1.41778,1.41812,1.41694,1.41748
1782482400,1.41744,1.42005,1.41706,1.42002
1782486000,1.42002,1.42006,1.41806,1.4184
1782489600,1.4184,1.41972,1.41802,1.41925
1782493200,1.41923,1.4193,1.41874,1.41917
1782496800,1.41914,1.41927,1.41858,1.41924
1782500400,1.41928,1.41934,1.4178,1.41808
1782504000,1.41807,1.41962,1.41788,1.41958
1782680400,1.41944,1.41944,1.41864,1.41916
1782684000,1.41914,1.41964,1.41894,1.41908
1782687600,1.41908,1.41948,1.41878,1.41904
1782691200,1.41906,1.41984,1.41901,1.41922
1782694800,1.41924,1.41973,1.41876,1.41912
1782698400,1.41912,1.41922,1.4182,1.41894
1782702000,1.41893,1.4192,1.41858,1.41915
1782705600,1.41916,1.41934,1.419,1.41926
1782709200,1.41923,1.41926,1.41832,1.41849
1782712800,1.4185,1.41893,1.41754,1.41769
1782716400,1.41768,1.41904,1.41768,1.41892
1782720000,1.41892,1.41994,1.41868,1.41972
1782723600,1.4197,1.41976,1.4189,1.41892
1782727200,1.41891,1.41951,1.41886,1.41948
1782730800,1.41946,1.4208,1.41906,1.42048
1782734400,1.42047,1.42101,1.4199,1.42047
1782738000,1.42046,1.42144,1.42033,1.42098
1782741600,1.42098,1.4218,1.42024,1.42102
1782745200,1.421,1.42152,1.42069,1.42122
1782748800,1.4212,1.42132,1.4196,1.42024
1782752400,1.42024,1.42099,1.41962,1.41988
1782756000,1.41986,1.42044,1.41978,1.42031
1782759600,1.4203,1.42069,1.42002,1.42034
1782763200,1.42034,1.42141,1.42018,1.4212
1782766800,1.42087,1.42125,1.42074,1.42079
1782770400,1.4208,1.42112,1.42014,1.42021
1782774000,1.42018,1.42112,1.42004,1.42112
1782777600,1.42111,1.42233,1.42107,1.42168
1782781200,1.42168,1.42286,1.42142,1.42272
1782784800,1.42274,1.4232,1.42267,1.4229
1782788400,1.42289,1.42357,1.42278,1.42324
1782792000,1.42324,1.4237,1.42308,1.4237
1782795600,1.42372,1.42377,1.42314,1.42353
1782799200,1.42353,1.42397,1.42276,1.42277
1782802800,1.42278,1.42322,1.42238,1.42297
1782806400,1.42298,1.42368,1.42282,1.42332
1782810000,1.42332,1.42402,1.42306,1.42355
1782813600,1.42356,1.42394,1.4231,1.4231
1782817200,1.4231,1.42478,1.42303,1.42367
1782820800,1.42368,1.42403,1.4224,1.4228
1782824400,1.4228,1.42282,1.4214,1.42246
1782828000,1.42246,1.42267,1.41842,1.41882
1782831600,1.41886,1.42078,1.41836,1.4206
1782835200,1.42062,1.42117,1.4204,1.4208
1782838800,1.4208,1.42126,1.42016,1.42036
1782842400,1.42036,1.42058,1.41986,1.42038
1782846000,1.42042,1.42064,1.41816,1.41833
1782849600,1.41834,1.4198,1.41784,1.41963
1782853200,1.4197,1.41972,1.41947,1.41964
1782856800,1.41959,1.41976,1.41938,1.41962
1782860400,1.41962,1.42084,1.41949,1.42082
1782864000,1.42082,1.42148,1.42054,1.42134
1782867600,1.42136,1.4222,1.42125,1.42194
1782871200,1.42194,1.4222,1.42156,1.42191
1782874800,1.4219,1.42206,1.42164,1.42176
1782878400,1.42176,1.42196,1.42118,1.42145
1782882000,1.42146,1.42164,1.42094,1.42114
1782885600,1.42114,1.42208,1.42111,1.42162
1782889200,1.42164,1.42228,1.42143,1.42174
1782892800,1.42176,1.42254,1.42171,1.42221
1782896400,1.42224,1.42256,1.42202,1.42246
1782900000,1.42246,1.42254,1.42134,1.42149
1782903600,1.42151,1.42222,1.42141,1.42219
1782907200,1.42218,1.42346,1.4218,1.4232
1782910800,1.42318,1.42353,1.41918,1.42102
1782914400,1.421,1.42146,1.41938,1.42038
1782918000,1.42035,1.42122,1.42014,1.42062
1782921600,1.42062,1.42108,1.41979,1.42092
1782925200,1.42092,1.42146,1.42064,1.42135
1782928800,1.42132,1.42184,1.42112,1.42155
1782932400,1.42156,1.42174,1.42134,1.42148
1782936000,1.42148,1.42186,1.42142,1.42159
1782939600,1.42125,1.42164,1.42102,1.4215
1782943200,1.42147,1.42188,1.42142,1.42183
1782946800,1.42183,1.42218,1.42182,1.42194
1782950400,1.42195,1.42246,1.42179,1.42187
1782954000,1.42188,1.42189,1.42114,1.42154
1782957600,1.42154,1.42169,1.42082,1.42162
1782961200,1.42162,1.42208,1.42147,1.42176
1782964800,1.42176,1.42178,1.42132,1.42144
1782968400,1.42144,1.42186,1.42136,1.42152
1782972000,1.42151,1.42152,1.41938,1.4202
1782975600,1.42021,1.42087,1.4198,1.42004
1782979200,1.42006,1.42008,1.41862,1.41904
1782982800,1.41904,1.42022,1.41904,1.41963
1782986400,1.41962,1.42072,1.41954,1.42064
1782990000,1.42063,1.42177,1.42046,1.42144
1782993600,1.42144,1.42192,1.41502,1.41755
1782997200,1.41752,1.4186,1.41616,1.41716
1783000800,1.41716,1.41902,1.41627,1.418
1783004400,1.418,1.41873,1.41758,1.41835
1783008000,1.41836,1.41879,1.41766,1.41796
1783011600,1.41796,1.41862,1.41794,1.41823
1783015200,1.41822,1.41824,1.41752,1.41818
1783018800,1.41819,1.41871,1.4181,1.41825
1783022400,1.41826,1.41844,1.41802,1.41816
1783026000,1.41834,1.4188,1.41794,1.418
1783029600,1.418,1.41866,1.41795,1.41849
1783033200,1.41852,1.41912,1.4184,1.4191
1783036800,1.41913,1.41978,1.41854,1.41857
1783040400,1.41857,1.41886,1.41733,1.4179
1783044000,1.41789,1.418,1.4166,1.41712
1783047600,1.41714,1.41741,1.41697,1.41714
1783051200,1.41716,1.4172,1.41644,1.41657
1783054800,1.41658,1.41664,1.41594,1.41632
1783058400,1.41634,1.4172,1.41603,1.4171
1783062000,1.41712,1.41782,1.41678,1.41762
1783065600,1.4176,1.41818,1.41749,1.41804
1783069200,1.41806,1.41858,1.41792,1.41856
1783072800,1.41858,1.41882,1.4182,1.41866
1783076400,1.41866,1.41971,1.41853,1.41943
1783080000,1.41944,1.42046,1.41944,1.42024
1783083600,1.42025,1.42048,1.41972,1.41996
1783087200,1.41996,1.42022,1.4192,1.41984
1783090800,1.41983,1.42059,1.41978,1.42007
1783094400,1.42008,1.42068,1.42005,1.42023
1783098000,1.42024,1.42043,1.42002,1.42018
1783101600,1.42016,1.42018,1.41966,1.41984
1783105200,1.41984,1.42044,1.4198,1.4202
1783108800,1.4202,1.42104,1.41992,1.42004
1783285200,1.41958,1.42012,1.41953,1.41991
1783288800,1.41994,1.42078,1.4198,1.42045
1783292400,1.42046,1.42067,1.42034,1.42048
1783296000,1.42048,1.42118,1.42028,1.42057
1783299600,1.42056,1.42125,1.42036,1.42114
1783303200,1.42112,1.42122,1.42078,1.42082
1783306800,1.42081,1.42137,1.42067,1.42102
1783310400,1.42102,1.42107,1.4206,1.42078
1783314000,1.42079,1.42116,1.42056,1.4211
1783317600,1.4211,1.42192,1.42086,1.42166
1783321200,1.42168,1.422,1.42138,1.42188
1783324800,1.42188,1.42286,1.42178,1.42282
1783328400,1.42282,1.42324,1.42263,1.42291
1783332000,1.42292,1.42306,1.42128,1.42182
1783335600,1.4218,1.42271,1.42162,1.42218
1783339200,1.42219,1.42389,1.42182,1.42353
1783342800,1.42351,1.4237,1.4216,1.42263
1783346400,1.42264,1.42352,1.42231,1.42246
1783350000,1.42248,1.42254,1.42118,1.42158
1783353600,1.42155,1.4219,1.42108,1.42165
1783357200,1.42165,1.42182,1.42118,1.42151
1783360800,1.4215,1.4215,1.42078,1.4209
1783364400,1.42088,1.42118,1.42038,1.42061
1783368000,1.42062,1.42095,1.42053,1.42058
1783371600,1.4204,1.42129,1.42038,1.42064
1783375200,1.42064,1.4208,1.42007,1.42062
1783378800,1.42064,1.4209,1.42037,1.42083
1783382400,1.42084,1.42138,1.42081,1.42136
1783386000,1.42136,1.42186,1.42086,1.42116
1783389600,1.42116,1.42158,1.42094,1.42157
1783393200,1.42158,1.42188,1.42118,1.42173
1783396800,1.42171,1.4218,1.42147,1.4218
1783400400,1.42182,1.42222,1.42154,1.42182
1783404000,1.42181,1.42186,1.42135,1.42136
1783407600,1.42135,1.4222,1.42113,1.4221
1783411200,1.42211,1.42214,1.42093,1.42136
1783414800,1.42136,1.42155,1.4211,1.42148
1783418400,1.42148,1.4218,1.42106,1.42111
1783422000,1.4211,1.42177,1.42032,1.42151
1783425600,1.4215,1.42229,1.42121,1.42196
1783429200,1.42196,1.42264,1.42012,1.42046
1783432800,1.42047,1.42098,1.41914,1.41953
1783436400,1.41952,1.41976,1.41884,1.41952
1783440000,1.41955,1.4198,1.4188,1.41924
1783443600,1.41924,1.41955,1.41854,1.41866
1783447200,1.41866,1.41963,1.41838,1.41956
1783450800,1.41957,1.42066,1.4194,1.41962
1783454400,1.41962,1.42037,1.41961,1.42004
1783458000,1.41974,1.42052,1.41944,1.42018
1783461600,1.4202,1.42072,1.41997,1.41998
1783465200,1.42,1.42064,1.41988,1.42049
1783468800,1.42048,1.42066,1.41968,1.42018
1783472400,1.4202,1.42086,1.41996,1.42019
1783476000,1.4202,1.4203,1.41927,1.41965
1783479600,1.41966,1.4198,1.41918,1.41964
1783483200,1.41964,1.41994,1.41927,1.4193
1783486800,1.4193,1.41932,1.41832,1.41858
1783490400,1.4186,1.4187,1.41736,1.41786
1783494000,1.41786,1.41811,1.41615,1.4163
1783497600,1.4163,1.41772,1.41588,1.4164
1783501200,1.41641,1.4173,1.4155,1.41603
1783504800,1.41604,1.41684,1.41563,1.41677
1783508400,1.41676,1.41906,1.41676,1.4188
1783512000,1.41882,1.4189,1.41772,1.41872
1783515600,1.41871,1.41871,1.4169,1.41754
1783519200,1.41754,1.41784,1.41644,1.4175
1783522800,1.4175,1.41963,1.41686,1.41895
1783526400,1.41896,1.41896,1.41706,1.4174
1783530000,1.41738,1.41762,1.41671,1.41762
1783533600,1.41762,1.41768,1.4165,1.41688
1783537200,1.41688,1.41688,1.41614,1.41649
1783540800,1.4165,1.41762,1.41628,1.41738
1783544400,1.41671,1.41752,1.41663,1.4174
1783548000,1.41741,1.41762,1.41698,1.41701
1783551600,1.41702,1.41712,1.4168,1.41685
1783555200,1.41685,1.41692,1.41606,1.41638
1783558800,1.41638,1.41688,1.41628,1.41632
1783562400,1.4163,1.41684,1.41621,1.41657
1783566000,1.4166,1.41668,1.41619,1.41664
1783569600,1.41664,1.41683,1.4164,1.41641
1783573200,1.4164,1.41651,1.41598,1.4165
1783576800,1.41648,1.41678,1.41528,1.41606
1783580400,1.41606,1.41822,1.416,1.41784
1783584000,1.41783,1.41886,1.41779,1.41885
1783587600,1.41886,1.41899,1.4177,1.41776
1783591200,1.41778,1.41812,1.41738,1.4176
1783594800,1.4176,1.41844,1.41743,1.41748
1783598400,1.41749,1.41769,1.41647,1.41768
1783602000,1.41768,1.4182,1.41688,1.418
1783605600,1.418,1.418,1.41675,1.41716
1783609200,1.41717,1.41756,1.4164,1.4164
1783612800,1.4164,1.41684,1.41588,1.41647
1783616400,1.41646,1.41666,1.41604,1.41648
1783620000,1.41648,1.41698,1.41647,1.41674
1783623600,1.41672,1.41733,1.4167,1.41725
1783627200,1.41727,1.41732,1.41674,1.4168
1783630800,1.4167,1.41744,1.41662,1.41725
1783634400,1.41724,1.41724,1.4168,1.41697
1783638000,1.41695,1.41706,1.41676,1.41676
1783641600,1.41676,1.41728,1.41604,1.41616
1783645200,1.41616,1.41632,1.41506,1.4152
1783648800,1.4152,1.41526,1.4136,1.4138
1783652400,1.41382,1.41486,1.41372,1.41477
1783656000,1.41478,1.41582,1.41478,1.4156
1783659600,1.41559,1.41655,1.41536,1.41616
1783663200,1.41616,1.41642,1.41544,1.41558
1783666800,1.41558,1.41666,1.41556,1.4165
1783670400,1.41649,1.41694,1.41626,1.41688
1783674000,1.41689,1.41706,1.41662,1.41702
1783677600,1.41701,1.41706,1.41613,1.41648
1783681200,1.41648,1.41717,1.41544,1.41566
1783684800,1.41565,1.41594,1.4141,1.41447
1783688400,1.41448,1.41664,1.41446,1.41634
1783692000,1.41633,1.41698,1.415,1.41508
1783695600,1.41508,1.4155,1.41331,1.41335
1783699200,1.41337,1.41356,1.41176,1.41242
1783702800,1.41245,1.41452,1.41228,1.41448
1783706400,1.4145,1.41536,1.41439,1.41516
1783710000,1.41517,1.41581,1.41511,1.41563
1783713600,1.41564,1.41601,1.41544,1.41574
1783890000,1.41578,1.41634,1.41572,1.4162
1783893600,1.4162,1.41708,1.41618,1.41699
1783897200,1.417,1.41708,1.41638,1.4164
1783900800,1.4164,1.41717,1.41632,1.41694
1783904400,1.41696,1.41749,1.4162,1.4162
1783908000,1.4162,1.41684,1.41616,1.41684
1783911600,1.41684,1.41712,1.41614,1.41614
1783915200,1.41614,1.4163,1.41534,1.4154
1783918800,1.4154,1.41652,1.41512,1.41642
1783922400,1.41644,1.41652,1.41561,1.41623
1783926000,1.41624,1.41638,1.41427,1.41438
1783929600,1.41436,1.41444,1.41326,1.41356
1783933200,1.41356,1.41436,1.41354,1.41407
1783936800,1.41406,1.41426,1.4128,1.41283
1783940400,1.41284,1.4135,1.41252,1.41344
1783944000,1.41342,1.4142,1.41323,1.41347
1783947600,1.41347,1.41482,1.41314,1.41426
1783951200,1.41428,1.41526,1.4136,1.41428
1783954800,1.41429,1.41446,1.41336,1.41414
1783958400,1.41414,1.41553,1.41382,1.4149
1783962000,1.41488,1.41527,1.41456,1.41477
1783965600,1.41474,1.41522,1.41464,1.41507
1783969200,1.41506,1.41602,1.41497,1.41554
1783972800,1.41552,1.41593,1.4154,1.41568
1783976400,1.4154,1.4157,1.41512,1.41556
1783980000,1.41554,1.41557,1.41519,1.41531
1783983600,1.4153,1.4154,1.41482,1.41496
1783987200,1.41493,1.41546,1.41449,1.4148
1783990800,1.4148,1.4149,1.41423,1.41433
1783994400,1.41432,1.41436,1.41318,1.41334
1783998000,1.41332,1.41361,1.41288,1.4132
1784001600,1.41322,1.41344,1.4129,1.4132
1784005200,1.41319,1.41338,1.41292,1.41319
1784008800,1.41322,1.41356,1.41286,1.41344
1784012400,1.41342,1.4135,1.4102,1.41051
1784016000,1.41053,1.4107,1.40904,1.40926
1784019600,1.40925,1.40925,1.40818,1.40853
1784023200,1.40851,1.41076,1.40842,1.41072
1784026800,1.41071,1.41162,1.4107,1.41146
1784030400,1.41144,1.41156,1.40544,1.40737
1784034000,1.40735,1.40749,1.40552,1.40704
1784037600,1.40704,1.40704,1.40518,1.4057
1784041200,1.40572,1.407,1.40477,1.4068
1784044800,1.4068,1.40734,1.40582,1.40602
1784048400,1.406,1.40736,1.40592,1.40694
1784052000,1.40694,1.40749,1.40664,1.40664
1784055600,1.40664,1.40706,1.40633,1.4067
1784059200,1.4067,1.40696,1.40583,1.40604
1784062800,1.40651,1.40686,1.40622,1.40648
1784066400,1.40645,1.40647,1.40586,1.40597
1784070000,1.40598,1.40609,1.405,1.40522
1784073600,1.40522,1.4056,1.4047,1.40472
1784077200,1.40474,1.40496,1.40442,1.4046
1784080800,1.4046,1.4048,1.40396,1.4041
1784084400,1.4041,1.40503,1.40398,1.40466
1784088000,1.40463,1.40496,1.4045,1.40494
1784091600,1.40492,1.4053,1.40477,1.40528
1784095200,1.40528,1.40592,1.40498,1.40587
1784098800,1.40586,1.40586,1.40436,1.40525
1784102400,1.40524,1.40581,1.40462,1.40552
1784106000,1.40552,1.40614,1.40537,1.40598
1784109600,1.40598,1.40702,1.40596,1.40658
1784113200,1.40656,1.4072,1.40636,1.40694
1784116800,1.40692,1.40772,1.40525,1.40536
1784120400,1.40536,1.4068,1.40508,1.40662
1784124000,1.40661,1.40678,1.40508,1.40518
1784127600,1.40514,1.40576,1.40456,1.40484
1784131200,1.40485,1.40554,1.40462,1.4049
1784134800,1.4049,1.40492,1.40312,1.40321
1784138400,1.40322,1.40432,1.40247,1.40428
1784142000,1.40429,1.40452,1.40358,1.40419
1784145600,1.4042,1.40456,1.40384,1.40412
1784149200,1.40378,1.4042,1.40337,1.40412
1784152800,1.40404,1.40416,1.40374,1.40412
1784156400,1.40411,1.40412,1.40358,1.40381
1784160000,1.40378,1.40442,1.40368,1.4039
1784163600,1.4039,1.40502,1.40376,1.4049
1784167200,1.4049,1.4054,1.40487,1.40505
1784170800,1.40504,1.40514,1.40453,1.40472
1784174400,1.40472,1.40487,1.40447,1.40472
1784178000,1.4047,1.4051,1.40452,1.40504
1784181600,1.40503,1.40518,1.40413,1.40421
1784185200,1.40424,1.4047,1.40404,1.40468
1784188800,1.40467,1.4049,1.40415,1.4042
1784192400,1.4042,1.40482,1.40408,1.4041
1784196000,1.4041,1.40416,1.40352,1.40376
1784199600,1.40376,1.40384,1.40307,1.40327
1784203200,1.40326,1.40329,1.40206,1.40286
1784206800,1.40286,1.40316,1.40103,1.40222
1784210400,1.40222,1.40338,1.40186,1.40324
1784214000,1.40325,1.40417,1.40325,1.40344
1784217600,1.40346,1.40516,1.40334,1.40506
1784221200,1.40505,1.40584,1.40498,1.40535
1784224800,1.40534,1.40566,1.40483,1.40486
1784228400,1.40487,1.40522,1.40464,1.40486
1784232000,1.40484,1.40532,1.40415,1.40426
1784235600,1.40459,1.40474,1.40422,1.40432
1784239200,1.4044,1.4044,1.40388,1.40425
1784242800,1.40424,1.40426,1.40372,1.40382
1784246400,1.40381,1.40404,1.40338,1.40346
1784250000,1.40348,1.40404,1.40296,1.40385
1784253600,1.40386,1.40414,1.4037,1.40409
1784257200,1.40408,1.40414,1.40361,1.40364
1784260800,1.40364,1.40385,1.40337,1.40373
1784264400,1.40376,1.4038,1.40317,1.40368
1784268000,1.40369,1.40402,1.4029,1.40312
1784271600,1.40312,1.40339,1.4026,1.4029
1784275200,1.40292,1.40383,1.4027,1.40314
1784278800,1.40314,1.40356,1.4029,1.4031
1784282400,1.4031,1.40388,1.40264,1.40378
1784286000,1.40376,1.40403,1.40214,1.40264
1784289600,1.40264,1.40296,1.40202,1.40256
1784293200,1.40256,1.40268,1.40086,1.40108
1784296800,1.40107,1.40179,1.40064,1.40128
1784300400,1.40128,1.40208,1.40066,1.4016
1784304000,1.4016,1.40188,1.40055,1.40098
1784307600,1.40098,1.40165,1.40094,1.40156
1784311200,1.40156,1.40166,1.40086,1.40116
1784314800,1.40118,1.40222,1.40092,1.40106
1784318400,1.40108,1.40237,1.40088,1.40223
1784494800,1.40144,1.40199,1.40138,1.40179
1784498400,1.40178,1.40236,1.40172,1.40199
1784502000,1.40198,1.40234,1.40188,1.402
1784505600,1.40198,1.40212,1.40124,1.40126
1784509200,1.40128,1.40134,1.40074,1.40076
1784512800,1.40074,1.40096,1.40052,1.40078
1784516400,1.4008,1.40099,1.4006,1.40068
1784520000,1.40068,1.40082,1.40044,1.40056
1784523600,1.40055,1.40116,1.40052,1.40108
1784527200,1.40109,1.40113,1.40054,1.40096
1784530800,1.40096,1.40158,1.40032,1.4015
1784534400,1.40149,1.40263,1.40133,1.40228
1784538000,1.40227,1.40352,1.40222,1.40308
1784541600,1.4031,1.40311,1.40221,1.40262
1784545200,1.40261,1.40371,1.40188,1.4036
1784548800,1.4036,1.40524,1.40292,1.40455
1784552400,1.40454,1.40525,1.40406,1.40425
1784556000,1.40426,1.4058,1.40396,1.40574
1784559600,1.40574,1.40663,1.4054,1.40604
1784563200,1.40604,1.40608,1.40511,1.40574
1784566800,1.40572,1.40604,1.40548,1.40566
1784570400,1.40565,1.40606,1.40535,1.40591
1784574000,1.40588,1.40665,1.40576,1.40654
1784577600,1.40654,1.40723,1.40636,1.40706
1784581200,1.40766,1.40866,1.40766,1.40834
1784584800,1.40834,1.40867,1.40765,1.40786
1784588400,1.40783,1.40792,1.4071,1.40718
1784592000,1.40719,1.40786,1.40698,1.40746
1784595600,1.40746,1.4077,1.40727,1.4075
1784599200,1.40749,1.40806,1.4072,1.40806
1784602800,1.40804,1.40812,1.40764,1.40794
1784606400,1.40794,1.40798,1.40716,1.40716
1784610000,1.40716,1.40732,1.40676,1.4071
1784613600,1.4071,1.4078,1.40627,1.4064
1784617200,1.40639,1.40674,1.40583,1.40652
1784620800,1.40654,1.40694,1.4064,1.40664
1784624400,1.40664,1.40674,1.40558,1.40575
1784628000,1.40576,1.4063,1.40544,1.40608
1784631600,1.40608,1.40704,1.40576,1.40662
1784635200,1.40661,1.40818,1.40656,1.40755
1784638800,1.40755,1.40898,1.40748,1.40888
1784642400,1.40888,1.40996,1.40768,1.40918
1784646000,1.40917,1.4102,1.40898,1.4098
1784649600,1.4098,1.4105,1.4097,1.40982
1784653200,1.40982,1.41054,1.40955,1.41022
1784656800,1.4102,1.41108,1.4102,1.41074
1784660400,1.41074,1.41112,1.41054,1.4106
1784664000,1.41058,1.41112,1.41039,1.41095
1784667600,1.411,1.4111,1.41089,1.41098
1784671200,1.41102,1.41114,1.41058,1.41098
1784674800,1.41099,1.41114,1.41056,1.41056
1784678400,1.41057,1.41082,1.41013,1.41052
1784682000,1.4105,1.41066,1.40992,1.4104
1784685600,1.41039,1.41074,1.41022,1.4105
1784689200,1.4105,1.41068,1.41026,1.41052
1784692800,1.41053,1.41084,1.41047,1.41053
1784696400,1.41052,1.41066,1.41028,1.41032
1784700000,1.41034,1.41048,1.40979,1.40986
1784703600,1.40984,1.40994,1.40825,1.409
1784707200,1.40899,1.40965,1.40898,1.40942
1784710800,1.40942,1.41,1.40918,1.4096
1784714400,1.40962,1.41054,1.40958,1.41013
1784718000,1.41013,1.41016,1.40898,1.40904
1784721600,1.40902,1.40946,1.40812,1.40916
1784725200,1.40917,1.40932,1.40766,1.40901
1784728800,1.409,1.40907,1.40792,1.40844
1784732400,1.40844,1.40878,1.40813,1.40854
1784736000,1.40853,1.40948,1.40846,1.40935
1784739600,1.40934,1.4095,1.40904,1.40926
1784743200,1.40925,1.40936,1.40854,1.40854
1784746800,1.40854,1.40884,1.40842,1.40845
1784750400,1.40842,1.40882,1.40808,1.40874
1784754000,1.40865,1.40886,1.40838,1.40867
1784757600,1.4086,1.409,1.40859,1.40882
1784761200,1.40882,1.40884,1.4086,1.40864
1784764800,1.40862,1.40868,1.40798,1.40798
1784768400,1.40796,1.40796,1.40726,1.40746
1784772000,1.40746,1.40752,1.40651,1.40653
1784775600,1.40651,1.407,1.40625,1.40644
1784779200,1.40646,1.40658,1.4061,1.4065
1784782800,1.40648,1.40702,1.40634,1.40644
1784786400,1.40644,1.40676,1.4057,1.40666
1784790000,1.40662,1.40738,1.40581,1.40698
1784793600,1.40698,1.40778,1.4068,1.40761
1784797200,1.40762,1.40826,1.40733,1.40814
1784800800,1.40813,1.40879,1.4081,1.4084
1784804400,1.40842,1.40915,1.40751,1.40793
1784808000,1.40794,1.40904,1.40712,1.40832
1784811600,1.40832,1.40886,1.407,1.40794
1784815200,1.40793,1.4092,1.40762,1.40862
1784818800,1.40863,1.40999,1.40846,1.40881
1784822400,1.40878,1.40903,1.40771,1.40771
1784826000,1.40774,1.40813,1.40754,1.40808
1784829600,1.4081,1.40831,1.40759,1.4076
1784833200,1.40759,1.40843,1.40758,1.40836
1784836800,1.40836,1.40896,1.40822,1.40848
1784840400,1.40853,1.40853,1.40795,1.40824
1784844000,1.40818,1.40849,1.40814,1.40831
1784847600,1.4083,1.40868,1.40824,1.40856
1784851200,1.40855,1.40866,1.40708,1.40708
1784854800,1.40706,1.40738,1.40682,1.40728
1784858400,1.40729,1.40789,1.40726,1.40788
1784862000,1.40786,1.40799,1.40764,1.40773
1784865600,1.40772,1.4084,1.40762,1.4082
1784869200,1.4082,1.40838,1.40768,1.40833
1784872800,1.40835,1.40848,1.40742,1.40754
1784876400,1.40754,1.40776,1.40664,1.40763
1784880000,1.40764,1.40801,1.40741,1.40792
1784883600,1.40789,1.40874,1.40782,1.40802
1784887200,1.408,1.40817,1.40728,1.40788
1784890800,1.4079,1.40906,1.40776,1.40884
1784894400,1.40884,1.41067,1.40844,1.41067
1784898000,1.4107,1.41152,1.40964,1.40982
1784901600,1.40983,1.40993,1.40791,1.4082
1784905200,1.4082,1.40868,1.40745,1.408
1784908800,1.408,1.40882,1.4078,1.40853
1784912400,1.40855,1.40997,1.40855,1.40977
1784916000,1.40975,1.4099,1.40953,1.40966
1784919600,1.40965,1.41026,1.40959,1.4101
1784923200,1.4101,1.4104,1.40935,1.40942
1785099600,1.40884,1.40895,1.40839,1.40866
1785103200,1.40867,1.40918,1.40804,1.40906
1785106800,1.40906,1.40908,1.40864,1.40873
1785110400,1.40872,1.40872,1.40734,1.40815
1785114000,1.40813,1.40815,1.40714,1.40714
1785117600,1.40713,1.4079,1.40707,1.40783
1785121200,1.40782,1.40856,1.40769,1.40829
1785124800,1.4083,1.4087,1.40824,1.40837
1785128400,1.40838,1.4086,1.4081,1.40853
1785132000,1.40854,1.41027,1.40849,1.40972
1785135600,1.40975,1.4101,1.40928,1.40978
1785139200,1.40978,1.41001,1.40915,1.40989
1785142800,1.4099,1.41064,1.40978,1.41062
1785146400,1.41062,1.41078,1.41016,1.41068
1785150000,1.41068,1.41093,1.41002,1.41082
1785153600,1.41078,1.41094,1.41036,1.41088
1785157200,1.41088,1.41127,1.40995,1.41012
1785160800,1.41012,1.41185,1.41012,1.41135
1785164400,1.41136,1.41152,1.4108,1.41121
1785168000,1.4112,1.41156,1.4108,1.41123
1785171600,1.41126,1.4121,1.41124,1.4121
1785175200,1.41208,1.41266,1.41208,1.4125
1785178800,1.4125,1.41253,1.41198,1.41216
1785182400,1.41217,1.41264,1.41209,1.41241
1785186000,1.41241,1.41254,1.41208,1.41227
1785189600,1.41226,1.41244,1.41218,1.4123
1785193200,1.41229,1.41266,1.4122,1.41252
1785196800,1.4125,1.41292,1.41171,1.41175
1785200400,1.41174,1.41228,1.41132,1.41214
1785204000,1.41214,1.41221,1.41154,1.4117
1785207600,1.41169,1.41197,1.41112,1.4116
1785211200,1.4116,1.41202,1.41156,1.4119
1785214800,1.4119,1.41269,1.4117,1.41184
1785218400,1.41186,1.41226,1.41134,1.41225
1785222000,1.41226,1.41246,1.41102,1.41186
1785225600,1.41186,1.41188,1.41114,1.41114
1785229200,1.41112,1.41172,1.41079,1.41162
1785232800,1.41164,1.4118,1.41076,1.41088
1785236400,1.41087,1.41142,1.41044,1.41078
1785240000,1.41078,1.41175,1.41064,1.41135
1785243600,1.41136,1.41136,1.40991,1.40998
1785247200,1.40999,1.41082,1.40964,1.4105
1785250800,1.41048,1.41063,1.40869,1.40924
1785254400,1.40924,1.40936,1.40862,1.40884
1785258000,1.40884,1.41065,1.40881,1.41054
1785261600,1.41054,1.41076,1.41012,1.41054
1785265200,1.41054,1.41108,1.41024,1.41106
1785268800,1.41106,1.41116,1.41058,1.41082
1785272400,1.41044,1.41074,1.4102,1.41045
1785276000,1.4105,1.41068,1.41024,1.41056
1785279600,1.41054,1.4108,1.41046,1.4107
1785283200,1.41068,1.411,1.41012,1.41013
1785286800,1.41014,1.4106,1.40968,1.40986
1785290400,1.40986,1.41014,1.40928,1.40972
1785294000,1.40972,1.40974,1.40908,1.4093
1785297600,1.4093,1.40944,1.40883,1.40908
1785301200,1.40906,1.4094,1.40886,1.40913
1785304800,1.40912,1.41008,1.40847,1.40973
1785308400,1.40976,1.40996,1.40898,1.40954
1785312000,1.40954,1.4099,1.40928,1.40984
1785315600,1.40983,1.41025,1.40952,1.41025
1785319200,1.41024,1.41066,1.40996,1.41002
1785322800,1.41,1.41015,1.40946,1.40994
1785326400,1.40992,1.4106,1.4091,1.4093
1785330000,1.40928,1.4101,1.40804,1.40809
1785333600,1.40808,1.40956,1.40775,1.40918
1785337200,1.40916,1.40928,1.40864,1.40879
1785340800,1.40878,1.40998,1.40873,1.40952
1785344400,1.40954,1.40981,1.40894,1.4092
1785348000,1.40922,1.40955,1.404,1.40404
1785351600,1.40404,1.40579,1.40234,1.40578
1785355200,1.40576,1.40578,1.40452,1.40476
1785358800,1.40462,1.40474,1.40427,1.4044
1785362400,1.40434,1.40466,1.40398,1.40404
1785366000,1.40405,1.40421,1.40339,1.40364
1785369600,1.40366,1.40478,1.40312,1.4044
1785373200,1.40438,1.40514,1.404,1.40498
1785376800,1.405,1.40514,1.4048,1.40502
1785380400,1.40502,1.40543,1.40482,1.4053
1785384000,1.40528,1.40563,1.40511,1.40554
1785387600,1.40554,1.40556,1.4049,1.40533
1785391200,1.40532,1.40593,1.40512,1.4055
1785394800,1.4055,1.40682,1.40534,1.40667
1785398400,1.4067,1.40678,1.4055,1.4058
1785402000,1.40582,1.40586,1.40476,1.40477
1785405600,1.4048,1.40514,1.40368,1.4044
1785409200,1.4044,1.40519,1.40386,1.4043
1785412800,1.4043,1.40557,1.40372,1.40556
1785416400,1.40556,1.4059,1.40086,1.40104
1785420000,1.40104,1.40268,1.40036,1.40182
1785423600,1.40181,1.40221,1.40015,1.4004
1785427200,1.40042,1.40054,1.39952,1.39952
1785430800,1.39951,1.40076,1.39921,1.39954
1785434400,1.39954,1.4001,1.3991,1.39954
1785438000,1.39956,1.40061,1.39954,1.40032
1785441600,1.40031,1.40112,1.40011,1.40108
1785445200,1.40103,1.40154,1.40098,1.40139
1785448800,1.40137,1.40139,1.4003,1.40058
1785452400,1.40058,1.40121,1.40046,1.40119
1785456000,1.40118,1.40152,1.40074,1.40148
1785459600,1.40145,1.40185,1.40104,1.40178
1785463200,1.40178,1.40188,1.40097,1.4017
1785466800,1.40172,1.40238,1.40172,1.4019
1785470400,1.4019,1.40205,1.4016,1.40196
1785474000,1.40198,1.40231,1.40166,1.40204
1785477600,1.40202,1.40205,1.40109,1.40146
1785481200,1.40147,1.40223,1.40122,1.40209
1785484800,1.40208,1.40222,1.40074,1.40098
1785488400,1.40099,1.40172,1.40036,1.4014
1785492000,1.40142,1.40234,1.40142,1.4022
1785495600,1.40219,1.40366,1.40202,1.40359
1785499200,1.4036,1.405,1.40349,1.40366
1785502800,1.40366,1.40402,1.40159,1.40399
1785506400,1.40396,1.40588,1.40253,1.40304
1785510000,1.40305,1.40354,1.40203,1.40301
1785513600,1.403,1.4032,1.4023,1.403
1785517200,1.40301,1.40311,1.40114,1.40189
1785520800,1.4019,1.40242,1.40178,1.4019
1785524400,1.40189,1.4019,1.40098,1.40176
1785528000,1.40176,1.40206,1.40102,1.40136
1785704400,1.40108,1.40132,1.40059,1.40112
1785708000,1.40114,1.40151,1.40059,1.40108
1785711600,1.40108,1.40154,1.40094,1.40136
1785715200,1.40136,1.4022,1.4005,1.40217
1785718800,1.40218,1.40326,1.40197,1.40318
1785722400,1.40317,1.40354,1.40296,1.40326
1785726000,1.40327,1.40356,1.40322,1.40344
1785729600,1.40342,1.40352,1.40321,1.40332
1785733200,1.40333,1.40358,1.4028,1.4029
1785736800,1.40289,1.40406,1.40275,1.40384
1785740400,1.40386,1.40447,1.4035,1.40422
1785744000,1.40422,1.40438,1.40372,1.40418
1785747600,1.40419,1.40436,1.40367,1.40425
1785751200,1.40426,1.40456,1.40394,1.40442
1785754800,1.40444,1.40448,1.4029,1.40294
1785758400,1.40294,1.40418,1.40272,1.40392
1785762000,1.40393,1.40497,1.4034,1.4043
1785765600,1.4043,1.40459,1.40342,1.40361
1785769200,1.40362,1.40481,1.40358,1.40408
1785772800,1.40407,1.40456,1.40376,1.40435
1785776400,1.40436,1.40517,1.4043,1.40515
1785780000,1.40514,1.40538,1.40428,1.40449
1785783600,1.40447,1.40462,1.40422,1.40452
1785787200,1.40452,1.40482,1.4044,1.40465
1785790800,1.40467,1.40473,1.4044,1.40462
1785794400,1.40465,1.40484,1.40446,1.40456
1785798000,1.40456,1.40484,1.40435,1.40469
1785801600,1.40468,1.4047,1.4039,1.40436
1785805200,1.40437,1.40482,1.40423,1.4045
1785808800,1.4045,1.40482,1.4043,1.40475
1785812400,1.40474,1.40476,1.40398,1.40438
1785816000,1.4044,1.40464,1.40432,1.40446
1785819600,1.40446,1.40534,1.40442,1.40514
1785823200,1.40514,1.40656,1.4051,1.4062
1785826800,1.40619,1.40644,1.40493,1.4051
1785830400,1.40509,1.4051,1.40392,1.40393
1785834000,1.40392,1.40412,1.40352,1.40378
1785837600,1.40376,1.40422,1.40357,1.40421
1785841200,1.40422,1.40589,1.40419,1.40574
1785844800,1.40576,1.40648,1.40528,1.40634
1785848400,1.40636,1.40736,1.40617,1.40654
1785852000,1.40652,1.4066,1.40519,1.40574
1785855600,1.40576,1.40767,1.40564,1.40727
1785859200,1.40726,1.40802,1.40694,1.40764
1785862800,1.40762,1.40769,1.40707,1.40731
1785866400,1.4073,1.40788,1.40646,1.40657
1785870000,1.40656,1.40677,1.40627,1.40674
1785873600,1.40673,1.40684,1.40608,1.40614
1785877200,1.40655,1.40702,1.40629,1.4067
1785880800,1.4067,1.4067,1.40633,1.40634
1785884400,1.40635,1.40691,1.40631,1.40659
1785888000,1.40662,1.40688,1.40635,1.40676
1785891600,1.40677,1.40734,1.40664,1.40732
1785895200,1.40731,1.40759,1.40696,1.40728
1785898800,1.40726,1.40728,1.40642,1.40713
1785902400,1.40714,1.40736,1.4067,1.40731
1785906000,1.40734,1.40762,1.40713,1.40728
1785909600,1.40725,1.40802,1.40711,1.40736
1785913200,1.40738,1.4075,1.40667,1.40672
1785916800,1.40672,1.4076,1.40656,1.40692
1785920400,1.40692,1.40702,1.40632,1.40644
1785924000,1.40643,1.40692,1.40625,1.40658
1785927600,1.40657,1.40658,1.40516,1.40523
1785931200,1.4052,1.40526,1.4041,1.40514
1785934800,1.40514,1.40562,1.40423,1.40452
1785938400,1.4045,1.40462,1.40176,1.40192
1785942000,1.40192,1.40222,1.40146,1.40196
1785945600,1.40196,1.4028,1.40149,1.40266
1785949200,1.40262,1.40287,1.40097,1.4011
1785952800,1.40112,1.40118,1.40052,1.4008
1785956400,1.40081,1.4015,1.4007,1.40123
1785960000,1.40122,1.40138,1.40087,1.40118
1785963600,1.40132,1.40154,1.40117,1.40125
1785967200,1.40126,1.40131,1.40096,1.40106
1785970800,1.40106,1.40128,1.4009,1.40107
1785974400,1.40106,1.40112,1.40062,1.4008
1785978000,1.4008,1.40092,1.40027,1.40064
1785981600,1.40064,1.40094,1.40044,1.40087
1785985200,1.40089,1.4015,1.40083,1.40138
1785988800,1.40139,1.4016,1.40128,1.40142
1785992400,1.40143,1.4018,1.40114,1.40126
1785996000,1.40126,1.40168,1.40094,1.40134
1785999600,1.40138,1.40162,1.40114,1.40133
1786003200,1.40132,1.40154,1.40067,1.40104
1786006800,1.40104,1.40123,1.40073,1.40118
1786010400,1.40118,1.4012,1.39987,1.39996
1786014000,1.39996,1.40022,1.3992,1.3992
1786017600,1.3992,1.40076,1.39906,1.4007
1786021200,1.4007,1.40213,1.40056,1.40156
1786024800,1.40155,1.40247,1.4013,1.4021
1786028400,1.4021,1.4038,1.40208,1.40312
1786032000,1.40312,1.40324,1.40214,1.40224
1786035600,1.40226,1.40236,1.40142,1.40166
1786039200,1.40165,1.40166,1.40118,1.40136
1786042800,1.40136,1.40202,1.40125,1.4015
1786046400,1.40149,1.40184,1.40126,1.40134
1786050000,1.4014,1.40152,1.40103,1.40142
1786053600,1.40144,1.40166,1.4014,1.40152
1786057200,1.40152,1.40152,1.40128,1.40142
1786060800,1.40142,1.402,1.40126,1.40189
1786064400,1.40188,1.40191,1.40131,1.4016
1786068000,1.4016,1.40208,1.40149,1.40202
1786071600,1.40204,1.40214,1.40184,1.40188
1786075200,1.40188,1.40204,1.40168,1.40195
1786078800,1.40194,1.4025,1.40188,1.40248
1786082400,1.4025,1.40284,1.40213,1.40237
1786086000,1.40236,1.40262,1.40204,1.40239
1786089600,1.4024,1.40292,1.40212,1.40232
1786093200,1.40232,1.40236,1.40139,1.4016
1786096800,1.40161,1.4023,1.40161,1.40216
1786100400,1.40215,1.40218,1.4011,1.40116
1786104000,1.40118,1.40128,1.39428,1.39479
1786107600,1.39481,1.39588,1.39427,1.39498
1786111200,1.39498,1.39499,1.39324,1.39433
1786114800,1.39434,1.39474,1.39256,1.39343
1786118400,1.39342,1.39381,1.39302,1.3935
1786122000,1.39352,1.39404,1.39317,1.39378
1786125600,1.39376,1.394,1.39349,1.39367
1786129200,1.39368,1.39442,1.39348,1.39426
1786132800,1.39427,1.39537,1.39374,1.39402
1786309200,1.395,1.39522,1.39482,1.39504
1786312800,1.39493,1.39493,1.39422,1.39464
1786316400,1.39462,1.39529,1.39454,1.39529
1786320000,1.39528,1.39536,1.39478,1.39498
1786323600,1.395,1.39563,1.39498,1.39526
1786327200,1.39526,1.39571,1.39518,1.39566
1786330800,1.39566,1.3963,1.39564,1.39624
1786334400,1.39624,1.3964,1.39602,1.39609
1786338000,1.39608,1.3963,1.39574,1.39578
1786341600,1.39582,1.39588,1.39526,1.39544
1786345200,1.39546,1.39562,1.3942,1.39424
1786348800,1.39422,1.39443,1.39334,1.39406
1786352400,1.39406,1.39452,1.39396,1.39435
1786356000,1.39436,1.39464,1.39389,1.39401
1786359600,1.39404,1.39436,1.39375,1.39402
1786363200,1.39403,1.3951,1.39394,1.39484
1786366800,1.39481,1.39577,1.39472,1.3951
1786370400,1.39508,1.39548,1.39382,1.39432
1786374000,1.39433,1.39484,1.39284,1.39286
1786377600,1.39287,1.39346,1.39267,1.39338
1786381200,1.39338,1.39472,1.39328,1.39456
1786384800,1.39454,1.39458,1.39389,1.39425
1786388400,1.39424,1.3944,1.39363,1.39399
1786392000,1.39396,1.39413,1.39374,1.3941
1786395600,1.3939,1.39436,1.3937,1.39398
1786399200,1.39393,1.39414,1.39371,1.39375
1786402800,1.39376,1.39404,1.39336,1.3934
1786406400,1.39341,1.39342,1.39298,1.39329
1786410000,1.39328,1.3938,1.39298,1.39324
1786413600,1.39322,1.3937,1.3932,1.3935
1786417200,1.3935,1.3936,1.39296,1.39314
1786420800,1.39314,1.3934,1.3929,1.39309
1786424400,1.3931,1.39324,1.3928,1.39286
1786428000,1.39286,1.39356,1.3928,1.39325
1786431600,1.39326,1.39454,1.39317,1.39446
1786435200,1.39448,1.39462,1.39339,1.39342
1786438800,1.39342,1.3937,1.39321,1.39326
1786442400,1.39329,1.39356,1.39299,1.39323
1786446000,1.39325,1.39408,1.39296,1.39393
1786449600,1.39395,1.39418,1.39301,1.39342
1786453200,1.39342,1.39392,1.3932,1.39379
1786456800,1.3938,1.3939,1.3925,1.3927
1786460400,1.3927,1.39364,1.39243,1.39244
1786464000,1.39242,1.3927,1.39166,1.39168
1786467600,1.39166,1.39252,1.39154,1.39224
1786471200,1.39223,1.39237,1.39166,1.39198
1786474800,1.39196,1.39253,1.3919,1.3925
1786478400,1.39249,1.3927,1.39234,1.39252
1786482000,1.39246,1.39272,1.39234,1.39246
1786485600,1.3924,1.39248,1.39194,1.39194
1786489200,1.39195,1.39234,1.39194,1.39207
1786492800,1.39206,1.39238,1.39186,1.39232
1786496400,1.39231,1.39295,1.3923,1.39288
1786500000,1.39288,1.39316,1.39268,1.39274
1786503600,1.39273,1.39298,1.39268,1.39287
1786507200,1.39286,1.39314,1.39283,1.39305
1786510800,1.39306,1.39338,1.39305,1.39307
1786514400,1.39308,1.39336,1.39284,1.393
1786518000,1.39297,1.39346,1.39287,1.39299
1786521600,1.39298,1.39336,1.39283,1.39312
1786525200,1.39312,1.39384,1.39282,1.39364
1786528800,1.39365,1.39367,1.39316,1.39336
1786532400,1.39334,1.39378,1.39258,1.39266
1786536000,1.39265,1.39303,1.39112,1.39116
1786539600,1.39115,1.39213,1.391,1.39146
1786543200,1.39146,1.39255,1.39081,1.39232
1786546800,1.39233,1.39257,1.39174,1.39208
1786550400,1.39207,1.39422,1.39203,1.39415
1786554000,1.39416,1.39472,1.39402,1.39452
1786557600,1.39451,1.39468,1.3939,1.39464
1786561200,1.39467,1.3947,1.39406,1.39409
1786564800,1.3941,1.39438,1.3938,1.39394
1786568400,1.39418,1.39418,1.39376,1.39416
1786572000,1.39416,1.39435,1.39402,1.39402
1786575600,1.39402,1.39426,1.39396,1.39412
1786579200,1.3941,1.39422,1.3937,1.39396
1786582800,1.39396,1.39466,1.3939,1.39454
1786586400,1.39456,1.39506,1.39454,1.39478
1786590000,1.39476,1.39512,1.39468,1.39487
1786593600,1.39486,1.39504,1.39448,1.39456
1786597200,1.39457,1.39476,1.39444,1.3946
1786600800,1.3946,1.39587,1.39447,1.39544
1786604400,1.39545,1.39556,1.3951,1.39528
1786608000,1.3953,1.39562,1.39508,1.39539
1786611600,1.39538,1.39562,1.39385,1.3939
1786615200,1.3939,1.39424,1.3936,1.39408
1786618800,1.39408,1.39458,1.39388,1.39458
1786622400,1.39457,1.39516,1.39311,1.39318
1786626000,1.39317,1.39534,1.39297,1.39531
1786629600,1.3953,1.39542,1.39394,1.3944
1786633200,1.3944,1.39452,1.39354,1.39373
1786636800,1.39374,1.39408,1.39308,1.39318
1786640400,1.39318,1.39376,1.393,1.39364
1786644000,1.39365,1.3939,1.39348,1.39358
1786647600,1.39358,1.39358,1.39284,1.39288
1786651200,1.39288,1.39341,1.3928,1.39315
1786654800,1.39326,1.39362,1.39284,1.39342
1786658400,1.39338,1.39344,1.39287,1.393
1786662000,1.393,1.39317,1.3927,1.39277
1786665600,1.39278,1.3928,1.3921,1.39214
1786669200,1.39216,1.39306,1.39214,1.39294
1786672800,1.39296,1.39302,1.39225,1.39248
1786676400,1.3925,1.39257,1.39204,1.39206
1786680000,1.39206,1.39221,1.39184,1.3919
1786683600,1.3919,1.39194,1.39116,1.3912
1786687200,1.39118,1.39122,1.39032,1.39034
1786690800,1.39034,1.39042,1.3889,1.38895
1786694400,1.38896,1.38939,1.3886,1.38921
1786698000,1.38922,1.38926,1.38891,1.38892
1786701600,1.38892,1.38906,1.38868,1.38886
1786705200,1.38886,1.38886,1.38799,1.38824
1786708800,1.38825,1.38831,1.38671,1.38815
1786712400,1.38812,1.38836,1.38664,1.38694
1786716000,1.38695,1.3881,1.38644,1.38794
1786719600,1.38794,1.3881,1.38664,1.38737
1786723200,1.38738,1.38766,1.38681,1.38728
1786726800,1.38728,1.38812,1.38727,1.38779
1786730400,1.38778,1.38789,1.38738,1.38768
1786734000,1.38766,1.38788,1.3873,1.38766
1786737600,1.38764,1.38781,1.38712,1.38745
1786914000,1.38785,1.3879,1.38743,1.38754
1786917600,1.38761,1.38766,1.38706,1.38706
1786921200,1.38706,1.38732,1.38702,1.38723
1786924800,1.38722,1.38724,1.38636,1.38667
1786928400,1.38668,1.38722,1.38661,1.38664
1786932000,1.38668,1.38686,1.38645,1.38684
1786935600,1.38683,1.387,1.38652,1.38652
1786939200,1.3865,1.38656,1.3862,1.38642
1786942800,1.38641,1.38648,1.38604,1.38629
1786946400,1.3863,1.3867,1.38578,1.38582
1786950000,1.38583,1.38612,1.3853,1.38573
1786953600,1.38572,1.38614,1.38524,1.38582
1786957200,1.38582,1.38599,1.38542,1.38573
1786960800,1.38572,1.38614,1.38556,1.38609
1786964400,1.38608,1.38672,1.38584,1.38619
1786968000,1.3862,1.38623,1.38508,1.38516
1786971600,1.38515,1.3859,1.38508,1.38524
1786975200,1.38524,1.38681,1.38447,1.38681
1786978800,1.3868,1.38745,1.38654,1.38685
1786982400,1.38686,1.38728,1.38674,1.38692
1786986000,1.38694,1.38744,1.38664,1.38706
1786989600,1.38706,1.38774,1.38686,1.38766
1786993200,1.38765,1.3878,1.38718,1.38738
1786996800,1.38738,1.38766,1.38722,1.38748
1787000400,1.38713,1.38772,1.38692,1.38767
1787004000,1.38766,1.38774,1.3872,1.38721
1787007600,1.38722,1.3873,1.38698,1.38708
1787011200,1.38707,1.38754,1.38661,1.38704
1787014800,1.38702,1.3874,1.38682,1.38712
1787018400,1.38713,1.38724,1.38661,1.38664
1787022000,1.38664,1.3875,1.38664,1.38728
1787025600,1.38728,1.38778,1.3872,1.38764
1787029200,1.38764,1.3879,1.38745,1.38757
1787032800,1.38758,1.38774,1.38684,1.38724
1787036400,1.38723,1.38741,1.38636,1.38657
1787040000,1.38658,1.3872,1.38651,1.38676
1787043600,1.38676,1.38696,1.38618,1.3867
1787047200,1.38672,1.38729,1.38664,1.38728
1787050800,1.38728,1.3878,1.38726,1.3875
1787054400,1.3875,1.3877,1.38681,1.38744
1787058000,1.38742,1.38812,1.3867,1.38744
1787061600,1.38744,1.38878,1.38692,1.38863
1787065200,1.38861,1.38954,1.38816,1.38906
1787068800,1.38908,1.38979,1.389,1.38972
1787072400,1.38972,1.39048,1.38963,1.39038
1787076000,1.39038,1.39105,1.39038,1.39059
1787079600,1.39062,1.39078,1.38934,1.38992
1787083200,1.38992,1.39023,1.3896,1.38964
1787086800,1.38918,1.3895,1.38912,1.38948
1787090400,1.38948,1.39,1.38948,1.38983
1787094000,1.38982,1.39025,1.38964,1.38992
1787097600,1.3899,1.39022,1.38934,1.39021
1787101200,1.39024,1.39081,1.38981,1.3899
1787104800,1.3899,1.38996,1.3872,1.38784
1787108400,1.38782,1.38836,1.38758,1.38834
1787112000,1.38832,1.38834,1.38786,1.3881
1787115600,1.38811,1.38828,1.38786,1.38806
1787119200,1.38806,1.38814,1.38752,1.38792
1787122800,1.3879,1.38794,1.38722,1.38754
1787126400,1.38755,1.38844,1.38703,1.38781
1787130000,1.3878,1.3879,1.38698,1.38718
1787133600,1.38716,1.38725,1.38636,1.38707
1787137200,1.38704,1.38772,1.38686,1.38738
1787140800,1.38738,1.38756,1.38571,1.38608
1787144400,1.38609,1.3861,1.38212,1.38218
1787148000,1.3822,1.38268,1.38034,1.38139
1787151600,1.38138,1.38297,1.38128,1.38218
1787155200,1.38218,1.38222,1.38094,1.38126
1787158800,1.38126,1.38266,1.38088,1.38241
1787162400,1.3824,1.38243,1.38086,1.38106
1787166000,1.38104,1.38164,1.38074,1.38112
1787169600,1.38112,1.38136,1.38074,1.38082
1787173200,1.38083,1.38087,1.38062,1.38072
1787176800,1.3807,1.38098,1.38062,1.38084
1787180400,1.38085,1.38109,1.38057,1.38105
1787184000,1.38104,1.38107,1.38032,1.38098
1787187600,1.38098,1.38128,1.38008,1.38019
1787191200,1.3802,1.3809,1.37997,1.38084
1787194800,1.38082,1.3809,1.37991,1.37991
1787198400,1.37992,1.38039,1.37935,1.3803
1787202000,1.38029,1.38038,1.37959,1.37974
1787205600,1.37972,1.38006,1.3789,1.37906
1787209200,1.37906,1.37964,1.37784,1.37809
1787212800,1.37808,1.3782,1.37701,1.37706
1787216400,1.37704,1.37778,1.37614,1.37644
1787220000,1.37644,1.37694,1.37556,1.37685
1787223600,1.37686,1.3773,1.37626,1.3769
1787227200,1.3769,1.37863,1.37672,1.37786
1787230800,1.37784,1.37856,1.37661,1.37828
1787234400,1.37827,1.37876,1.37764,1.37822
1787238000,1.37821,1.37902,1.37738,1.3782
1787241600,1.3782,1.37958,1.37818,1.37912
1787245200,1.37915,1.37946,1.37867,1.3788
1787248800,1.37879,1.37946,1.37871,1.379
1787252400,1.37901,1.3795,1.37897,1.37948
1787256000,1.37949,1.37949,1.37861,1.37898
1787259600,1.37904,1.37904,1.37856,1.37862
1787263200,1.37862,1.37893,1.37837,1.37842
1787266800,1.37842,1.37843,1.37802,1.37822
1787270400,1.37819,1.37822,1.37764,1.37778
1787274000,1.37779,1.37808,1.37712,1.37722
1787277600,1.37722,1.37746,1.37608,1.37643
1787281200,1.37644,1.37664,1.37613,1.37652
1787284800,1.37654,1.37666,1.37634,1.37665
1787288400,1.37664,1.37686,1.37587,1.376
1787292000,1.37598,1.37675,1.37596,1.37606
1787295600,1.37606,1.37666,1.37578,1.37592
1787299200,1.37591,1.37601,1.37464,1.37468
1787302800,1.37469,1.37515,1.37438,1.37499
1787306400,1.37502,1.37502,1.37351,1.37418
1787310000,1.37417,1.3744,1.37372,1.37382
1787313600,1.37382,1.37506,1.37322,1.37459
1787317200,1.37458,1.37526,1.37438,1.37498
1787320800,1.37498,1.37776,1.37498,1.37732
1787324400,1.37733,1.37756,1.3766,1.37662
1787328000,1.3766,1.37703,1.37624,1.37656
1787331600,1.37657,1.37677,1.37555,1.37624
1787335200,1.3762,1.37648,1.37589,1.37616
1787338800,1.37614,1.37696,1.37608,1.37694
1787342400,1.37692,1.37698,1.3764,1.37669
1787518800,1.38156,1.38166,1.37988,1.38032
1787522400,1.38032,1.38036,1.37898,1.37944
1787526000,1.37945,1.37997,1.37924,1.37928
1787529600,1.37928,1.37961,1.37828,1.37877
1787533200,1.37877,1.3799,1.37874,1.37935
1787536800,1.37936,1.37961,1.37893,1.37926
1787540400,1.37926,1.37944,1.37902,1.37918
1787544000,1.37917,1.37982,1.3791,1.37951
1787547600,1.3795,1.38004,1.37941,1.37982
1787551200,1.37981,1.38228,1.37981,1.38204
1787554800,1.38203,1.38381,1.3817,1.3837
1787558400,1.38369,1.38442,1.38358,1.38429
1787562000,1.38428,1.38429,1.38308,1.38333
1787565600,1.38334,1.3841,1.38294,1.38403
1787569200,1.38404,1.38475,1.3838,1.3846
1787572800,1.3846,1.3851,1.38308,1.38356
1787576400,1.38355,1.3836,1.38212,1.38274
1787580000,1.38276,1.38443,1.38225,1.38399
1787583600,1.38398,1.38427,1.38311,1.38414
1787587200,1.38414,1.38486,1.38381,1.38482
1787590800,1.3848,1.38602,1.3847,1.38571
1787594400,1.38573,1.38584,1.38496,1.38501
1787598000,1.38502,1.38515,1.38436,1.38456
1787601600,1.38457,1.3849,1.38437,1.3845
1787605200,1.38426,1.38467,1.38424,1.38456
1787608800,1.38454,1.38494,1.38402,1.38434
1787612400,1.38432,1.38452,1.3841,1.38412
1787616000,1.38413,1.38462,1.38403,1.38458
1787619600,1.38458,1.38538,1.38448,1.38531
1787623200,1.38532,1.38542,1.3849,1.38516
1787626800,1.38514,1.38548,1.385,1.38539
1787630400,1.38538,1.38604,1.38536,1.38598
1787634000,1.38597,1.38625,1.38576,1.38604
1787637600,1.38606,1.38672,1.38558,1.38656
1787641200,1.38656,1.38668,1.38568,1.38606
1787644800,1.38606,1.38636,1.38571,1.38606
1787648400,1.38603,1.38614,1.3853,1.38548
1787652000,1.3855,1.38648,1.38545,1.38592
1787655600,1.38592,1.3861,1.38538,1.38606
1787659200,1.3861,1.38628,1.38514,1.38516
1787662800,1.38516,1.3856,1.38339,1.3834
1787666400,1.3834,1.38391,1.38261,1.3835
1787670000,1.38349,1.38446,1.38343,1.38348
1787673600,1.38348,1.38407,1.38325,1.38388
1787677200,1.38389,1.38412,1.3833,1.38339
1787680800,1.3834,1.38341,1.38286,1.38294
1787684400,1.38295,1.38312,1.38254,1.38302
1787688000,1.38302,1.38466,1.38294,1.38412
1787691600,1.38368,1.3842,1.38356,1.3837
1787695200,1.38373,1.38405,1.38336,1.38346
1787698800,1.38346,1.3839,1.38338,1.38372
1787702400,1.38372,1.38436,1.38364,1.38424
1787706000,1.38426,1.38497,1.38421,1.38454
1787709600,1.38453,1.38566,1.3843,1.38552
1787713200,1.38552,1.38606,1.38548,1.38594
1787716800,1.38594,1.3866,1.38583,1.3865
1787720400,1.38649,1.38669,1.38598,1.38616
1787724000,1.38617,1.38656,1.38558,1.3863
1787727600,1.3863,1.38649,1.38583,1.38632
1787731200,1.38634,1.38676,1.3858,1.38662
1787734800,1.38661,1.38704,1.38653,1.38673
1787738400,1.38671,1.38706,1.38656,1.38691
1787742000,1.38692,1.38744,1.38624,1.38624
1787745600,1.38624,1.38732,1.38548,1.3872
1787749200,1.3872,1.38788,1.38661,1.38697
1787752800,1.38698,1.3893,1.38688,1.38915
1787756400,1.38916,1.38931,1.38768,1.3877
1787760000,1.3877,1.38794,1.38702,1.38779
1787763600,1.38776,1.3881,1.38715,1.38747
1787767200,1.38745,1.38792,1.38714,1.38786
1787770800,1.38786,1.38796,1.38756,1.38774
1787774400,1.38773,1.38804,1.38748,1.38768
1787778000,1.3877,1.3879,1.38741,1.38762
1787781600,1.38764,1.38782,1.38752,1.38764
1787785200,1.38764,1.38788,1.38734,1.38752
1787788800,1.38752,1.38816,1.38732,1.38738
1787792400,1.38738,1.38798,1.38734,1.3879
1787796000,1.3879,1.38835,1.38773,1.38826
1787799600,1.38826,1.3885,1.38804,1.38844
1787803200,1.38843,1.38856,1.38816,1.38822
1787806800,1.38822,1.38857,1.38804,1.3885
1787810400,1.38852,1.38884,1.38836,1.38881
1787814000,1.38882,1.38914,1.38823,1.38838
1787817600,1.38834,1.38856,1.38775,1.38816
1787821200,1.38816,1.38868,1.38773,1.38848
1787824800,1.38848,1.3888,1.38786,1.38862
1787828400,1.38862,1.38864,1.38685,1.38722
1787832000,1.38722,1.3878,1.3867,1.38728
1787835600,1.38729,1.3874,1.3853,1.38616
1787839200,1.38614,1.38665,1.38528,1.38613
1787842800,1.38614,1.38667,1.38546,1.38558
1787846400,1.38558,1.38612,1.38544,1.3857
1787850000,1.38569,1.38621,1.38552,1.38563
1787853600,1.38562,1.38622,1.38552,1.38581
1787857200,1.3858,1.386,1.38522,1.38544
1787860800,1.38544,1.38584,1.38528,1.38558
1787864400,1.38526,1.38579,1.3852,1.38536
1787868000,1.38537,1.38549,1.38508,1.38516
1787871600,1.38516,1.38538,1.38506,1.38514
1787875200,1.38515,1.38527,1.38482,1.38491
1787878800,1.38492,1.38558,1.38488,1.38548
1787882400,1.38546,1.38556,1.38481,1.38492
1787886000,1.38492,1.38522,1.38484,1.38512
1787889600,1.38512,1.38537,1.38505,1.38528
1787893200,1.38527,1.38551,1.38506,1.3852
1787896800,1.38519,1.38532,1.38472,1.38492
1787900400,1.38496,1.38576,1.38495,1.38537
1787904000,1.38536,1.38586,1.38518,1.38558
1787907600,1.38556,1.38591,1.3854,1.38586
1787911200,1.38586,1.38592,1.38453,1.38456
1787914800,1.38453,1.38532,1.38448,1.38516
1787918400,1.38516,1.38608,1.38477,1.38538
1787922000,1.38538,1.38628,1.38486,1.38624
1787925600,1.38622,1.38972,1.3843,1.3882
1787929200,1.38819,1.38994,1.38813,1.3897
1787932800,1.38972,1.39087,1.38972,1.39022
1787936400,1.39021,1.39082,1.38999,1.3906
1787940000,1.39061,1.39101,1.39044,1.39072
1787943600,1.39074,1.3908,1.38994,1.3903
1787947200,1.3903,1.39096,1.39016,1.39047
1788123600,1.391,1.39125,1.39094,1.39122
1788127200,1.39121,1.39124,1.3903,1.39043
1788130800,1.39044,1.39046,1.38982,1.39004
1788134400,1.39003,1.3908,1.38968,1.3899
1788138000,1.3899,1.39038,1.38898,1.38916
1788141600,1.38917,1.38956,1.38888,1.38908
1788145200,1.38907,1.38927,1.3889,1.38905
1788148800,1.38908,1.38921,1.38889,1.38902
1788152400,1.38902,1.38966,1.38902,1.38942
1788156000,1.38941,1.38988,1.38934,1.38974
1788159600,1.38974,1.39011,1.38921,1.3893
1788163200,1.38933,1.3902,1.38884,1.38987
1788166800,1.38985,1.38996,1.38912,1.38919
1788170400,1.38918,1.38954,1.38864,1.38954
1788174000,1.38953,1.38962,1.38836,1.38874
1788177600,1.38874,1.38887,1.38803,1.38807
1788181200,1.38806,1.38838,1.38718,1.38766
1788184800,1.38766,1.38793,1.38562,1.38638
1788188400,1.38638,1.38686,1.38588,1.38622
1788192000,1.3862,1.3863,1.38589,1.38602
1788195600,1.386,1.38626,1.38544,1.38571
1788199200,1.38568,1.38597,1.38546,1.38557
1788202800,1.38558,1.38602,1.38542,1.38594
1788206400,1.38593,1.386,1.38528,1.38552
1788210000,1.38568,1.38608,1.38545,1.38554
1788213600,1.38554,1.38577,1.38542,1.38553
1788217200,1.38552,1.38574,1.38524,1.38525
1788220800,1.38524,1.38547,1.38453,1.38544
1788224400,1.38546,1.38642,1.38538,1.38618
1788228000,1.38617,1.38662,1.38613,1.38626
1788231600,1.38626,1.38684,1.38622,1.38682
1788235200,1.38684,1.38708,1.38666,1.38666
1788238800,1.38667,1.38672,1.38636,1.38664
1788242400,1.38666,1.38706,1.38596,1.38673
1788246000,1.38671,1.3875,1.38632,1.38728
1788249600,1.38728,1.3877,1.38695,1.38712
1788253200,1.38711,1.38727,1.38662,1.38694
1788256800,1.38694,1.3876,1.38676,1.38735
1788260400,1.38737,1.38828,1.38734,1.38808
1788264000,1.3881,1.38881,1.38773,1.38834
1788267600,1.38836,1.38953,1.38816,1.38884
1788271200,1.38888,1.39046,1.38804,1.39038
1788274800,1.39037,1.39068,1.38972,1.39037
1788278400,1.39036,1.39063,1.38979,1.3905
1788282000,1.39051,1.39067,1.39008,1.39054
1788285600,1.39053,1.39058,1.38937,1.3894
1788289200,1.38938,1.38984,1.38922,1.3897
1788292800,1.3897,1.38982,1.38956,1.38964
1788296400,1.38942,1.3903,1.38931,1.39016
1788300000,1.39017,1.39017,1.3894,1.38954
1788303600,1.38956,1.38971,1.3894,1.38962
1788307200,1.38964,1.38998,1.38948,1.38993
1788310800,1.38995,1.39028,1.38968,1.3902
1788314400,1.3902,1.39122,1.39018,1.39098
1788318000,1.39096,1.39172,1.39078,1.39157
1788321600,1.39158,1.39222,1.39154,1.39217
1788325200,1.39218,1.39232,1.3913,1.39146
1788328800,1.39144,1.39238,1.39106,1.39233
1788332400,1.39232,1.39278,1.39218,1.39266
1788336000,1.39266,1.39368,1.39246,1.39362
1788339600,1.39362,1.39383,1.39332,1.3937
1788343200,1.39371,1.39401,1.39306,1.39307
1788346800,1.39307,1.39315,1.39254,1.39269
1788350400,1.3927,1.39278,1.39108,1.39169
1788354000,1.39168,1.39198,1.38685,1.38685
1788357600,1.38686,1.38847,1.38488,1.38488
1788361200,1.38488,1.38534,1.3838,1.38517
1788364800,1.38514,1.38577,1.38434,1.38464
1788368400,1.38464,1.38494,1.38413,1.38436
1788372000,1.38434,1.3844,1.3835,1.38416
1788375600,1.38415,1.38432,1.38369,1.3839
1788379200,1.3839,1.38464,1.38364,1.38446
1788382800,1.38396,1.3845,1.38394,1.38446
1788386400,1.38446,1.3848,1.38434,1.38442
1788390000,1.38444,1.38466,1.38438,1.38458
1788393600,1.38459,1.38468,1.38358,1.38392
1788397200,1.3839,1.3841,1.3832,1.38371
1788400800,1.3837,1.38392,1.38268,1.38324
1788404400,1.38326,1.38342,1.38288,1.383
1788408000,1.38299,1.38339,1.38275,1.3832
1788411600,1.3832,1.3836,1.38301,1.38348
1788415200,1.38348,1.38372,1.38244,1.383
1788418800,1.383,1.38306,1.3815,1.38182
1788422400,1.38182,1.38188,1.38038,1.38072
1788426000,1.38069,1.3814,1.3805,1.38086
1788429600,1.38086,1.38133,1.38036,1.38045
1788433200,1.38044,1.38082,1.37927,1.37929
1788436800,1.37928,1.38045,1.37858,1.37922
1788440400,1.37922,1.38072,1.37892,1.3799
1788444000,1.38004,1.38034,1.37884,1.37902
1788447600,1.379,1.37904,1.37828,1.3783
1788451200,1.3783,1.37846,1.37654,1.37711
1788454800,1.37712,1.37863,1.37708,1.37856
1788458400,1.37857,1.37895,1.37844,1.37884
1788462000,1.37884,1.37962,1.37867,1.37878
1788465600,1.37878,1.37944,1.37831,1.37938
1788469200,1.37923,1.37984,1.3788,1.37968
1788472800,1.37971,1.37978,1.37918,1.37924
1788476400,1.37924,1.37926,1.37893,1.379
1788480000,1.379,1.37941,1.37875,1.379
1788483600,1.37898,1.3794,1.3787,1.3787
1788487200,1.37868,1.37917,1.37848,1.37911
1788490800,1.37912,1.37956,1.37895,1.37928
1788494400,1.37928,1.3793,1.37891,1.37915
1788498000,1.37916,1.3794,1.37898,1.37907
1788501600,1.37908,1.37946,1.37885,1.37924
1788505200,1.37926,1.38044,1.37904,1.3804
1788508800,1.38042,1.38062,1.37998,1.38012
1788512400,1.38011,1.3806,1.37998,1.38042
1788516000,1.38042,1.38076,1.3801,1.38075
1788519600,1.38074,1.38094,1.38012,1.38022
1788523200,1.3802,1.38724,1.3793,1.38666
1788526800,1.38668,1.3872,1.38365,1.3856
1788530400,1.38561,1.38613,1.38416,1.38427
1788534000,1.38428,1.38468,1.38308,1.3836
1788537600,1.38362,1.38404,1.38344,1.38367
1788541200,1.38368,1.38408,1.38324,1.38394
1788544800,1.38394,1.38418,1.38359,1.38396
1788548400,1.38392,1.38394,1.38274,1.3832
1788552000,1.38319,1.38398,1.38316,1.38365
1788728400,1.38335,1.38344,1.38292,1.38336
1788732000,1.38338,1.38369,1.38332,1.38354
1788735600,1.38354,1.38356,1.3832,1.38354
1788739200,1.38354,1.38388,1.38299,1.38316
1788742800,1.38315,1.38378,1.38306,1.3837
1788746400,1.38368,1.38416,1.38358,1.38403
1788750000,1.38402,1.38414,1.38366,1.38367
1788753600,1.3837,1.38392,1.38348,1.38354
1788757200,1.38354,1.38375,1.38309,1.38312
1788760800,1.38314,1.38358,1.38294,1.38346
1788764400,1.38346,1.38381,1.38295,1.38302
1788768000,1.38301,1.38316,1.38192,1.3826
1788771600,1.38261,1.38278,1.38228,1.38244
1788775200,1.38244,1.38254,1.38156,1.3818
1788778800,1.3818,1.3824,1.38155,1.38216
1788782400,1.38216,1.38226,1.38101,1.38128
1788786000,1.38129,1.38194,1.38094,1.38098
1788789600,1.38098,1.38119,1.38052,1.38076
1788793200,1.38078,1.38132,1.38064,1.38118
1788796800,1.38118,1.38143,1.38094,1.38104
1788800400,1.38102,1.38137,1.38102,1.38126
1788804000,1.38128,1.38164,1.38124,1.38154
1788807600,1.38155,1.38181,1.38155,1.38163
1788811200,1.38164,1.38171,1.38118,1.38146
1788814800,1.38155,1.38194,1.38133,1.38174
1788818400,1.38162,1.38164,1.38118,1.38122
1788822000,1.38122,1.38122,1.38046,1.38047
1788825600,1.38046,1.38096,1.38026,1.38081
1788829200,1.38082,1.38086,1.38008,1.38014
1788832800,1.38012,1.3812,1.37998,1.38087
1788836400,1.38088,1.381,1.38023,1.38046
1788840000,1.38046,1.38075,1.38029,1.38034
1788843600,1.38032,1.38036,1.37922,1.37922
1788847200,1.37922,1.37978,1.37758,1.3797
1788850800,1.3797,1.3798,1.37885,1.37958
1788854400,1.3796,1.38038,1.37911,1.38022
1788858000,1.38023,1.38064,1.37996,1.38007
1788861600,1.38008,1.38149,1.38007,1.38116
1788865200,1.38117,1.38122,1.37983,1.38034
1788868800,1.38035,1.38124,1.37894,1.37894
1788872400,1.37894,1.37912,1.37752,1.37858
1788876000,1.3786,1.37862,1.37598,1.37788
1788879600,1.37789,1.37817,1.37686,1.37806
1788883200,1.37806,1.37936,1.37803,1.37884
1788886800,1.37882,1.37906,1.37834,1.37834
1788890400,1.37834,1.37848,1.37768,1.37814
1788894000,1.37813,1.37874,1.37782,1.37834
1788897600,1.37832,1.3792,1.37798,1.37832
1788901200,1.37837,1.37902,1.37829,1.37877
1788904800,1.37876,1.37878,1.37825,1.37842
1788908400,1.37844,1.37844,1.37764,1.37764
1788912000,1.37764,1.37787,1.37742,1.37748
1788915600,1.37747,1.3783,1.37747,1.37778
1788919200,1.3778,1.37818,1.37762,1.37762
1788922800,1.37763,1.3778,1.37733,1.37758
1788926400,1.37756,1.37763,1.37728,1.3773
1788930000,1.37732,1.37754,1.37693,1.37744
1788933600,1.37741,1.37756,1.37692,1.37705
1788937200,1.37706,1.37756,1.37668,1.37738
1788940800,1.37738,1.37799,1.37734,1.37792
1788944400,1.37794,1.3784,1.37768,1.37826
1788948000,1.37826,1.37871,1.37791,1.3783
1788951600,1.37828,1.37832,1.37687,1.37712
1788955200,1.37712,1.37813,1.37661,1.37783
1788958800,1.37784,1.37904,1.37782,1.37895
1788962400,1.37894,1.38011,1.37844,1.37953
1788966000,1.37954,1.38205,1.37925,1.38068
1788969600,1.38068,1.38098,1.37996,1.38066
1788973200,1.38068,1.38074,1.38017,1.38028
1788976800,1.38026,1.38072,1.38016,1.3806
1788980400,1.38057,1.38107,1.3805,1.3809
1788984000,1.38091,1.38126,1.38046,1.38056
1788987600,1.38073,1.38088,1.37982,1.38026
1788991200,1.38025,1.38068,1.38006,1.38007
1788994800,1.38006,1.38062,1.38,1.3805
1788998400,1.38048,1.38092,1.38046,1.38086
1789002000,1.38084,1.38122,1.38048,1.38049
1789005600,1.3805,1.38114,1.38042,1.38053
1789009200,1.38054,1.38091,1.3805,1.38068
1789012800,1.38068,1.38092,1.38047,1.3809
1789016400,1.3809,1.381,1.38028,1.38031
1789020000,1.38026,1.38108,1.38026,1.38072
1789023600,1.38072,1.38114,1.38061,1.38087
1789027200,1.38086,1.38118,1.38047,1.38052
1789030800,1.3805,1.38148,1.38014,1.38098
1789034400,1.38098,1.3819,1.38069,1.38172
1789038000,1.38174,1.38242,1.38148,1.38174
1789041600,1.38175,1.38352,1.3808,1.38262
1789045200,1.3826,1.3832,1.38147,1.38201
1789048800,1.38202,1.38328,1.38127,1.3818
1789052400,1.38179,1.38216,1.3807,1.38071
1789056000,1.38072,1.3818,1.38048,1.3818
1789059600,1.3818,1.38259,1.38134,1.38232
1789063200,1.38233,1.38328,1.38229,1.38294
1789066800,1.38295,1.38344,1.38295,1.38338
1789070400,1.38338,1.38396,1.38336,1.38336
1789074000,1.38302,1.3836,1.38277,1.38282
1789077600,1.38282,1.3836,1.3828,1.38356
1789081200,1.38357,1.38376,1.38348,1.38354
1789084800,1.38354,1.38372,1.38345,1.38351
1789088400,1.38352,1.38387,1.38341,1.38368
1789092000,1.38368,1.38442,1.38368,1.38413
1789095600,1.38414,1.38467,1.38408,1.38435
1789099200,1.38436,1.38444,1.38378,1.38404
1789102800,1.38406,1.38408,1.38365,1.38372
1789106400,1.38371,1.38428,1.38356,1.38373
1789110000,1.38374,1.384,1.38346,1.38376
1789113600,1.38376,1.38474,1.38354,1.38469
1789117200,1.3847,1.38504,1.38432,1.38485
1789120800,1.38484,1.38608,1.38474,1.38604
1789124400,1.38603,1.38623,1.38576,1.38595
1789128000,1.38593,1.38835,1.38556,1.38624
1789131600,1.38624,1.38728,1.386,1.3865
1789135200,1.38648,1.38804,1.38598,1.38736
1789138800,1.38734,1.38842,1.38656,1.38658
1789142400,1.38658,1.38674,1.38603,1.38636
1789146000,1.38636,1.38656,1.3861,1.38648
1789149600,1.3865,1.38698,1.38618,1.3865
1789153200,1.3865,1.3871,1.38643,1.38649
1789156800,1.38652,1.38743,1.38634,1.38722
1789333200,1.3869,1.38737,1.38685,1.3869
1789336800,1.38692,1.38728,1.38676,1.38718
1789340400,1.38716,1.3872,1.38668,1.38684
1789344000,1.38683,1.38718,1.38649,1.38674
1789347600,1.38673,1.38714,1.38673,1.38695
1789351200,1.38694,1.38722,1.38679,1.38716
1789354800,1.38716,1.38753,1.38712,1.38736
1789358400,1.38736,1.38754,1.38726,1.38746
1789362000,1.38748,1.3876,1.38717,1.38737
1789365600,1.38735,1.38812,1.38721,1.38792
1789369200,1.38792,1.38812,1.38748,1.38796
1789372800,1.38799,1.38978,1.38791,1.38974
1789376400,1.38974,1.39023,1.38922,1.38934
1789380000,1.38936,1.38982,1.38928,1.38958
1789383600,1.38958,1.3896,1.38862,1.38872
1789387200,1.38872,1.39172,1.38866,1.39164
1789390800,1.39165,1.3928,1.39142,1.39253
1789394400,1.39254,1.393,1.39097,1.39203
1789398000,1.392,1.39235,1.39116,1.3913
1789401600,1.39131,1.39132,1.39002,1.3903
1789405200,1.39028,1.39068,1.3898,1.39013
1789408800,1.39013,1.3904,1.38978,1.3902
1789412400,1.3902,1.39044,1.39,1.39035
1789416000,1.39033,1.39058,1.39,1.3901
1789419600,1.3903,1.3903,1.38996,1.38997
1789423200,1.38999,1.39016,1.38973,1.38973
1789426800,1.38976,1.39022,1.38976,1.39008
1789430400,1.39007,1.39054,1.38992,1.39033
1789434000,1.39032,1.39099,1.3903,1.39079
1789437600,1.39078,1.39122,1.39071,1.39083
1789441200,1.3908,1.39146,1.39074,1.39142
1789444800,1.39141,1.39164,1.39124,1.39138
1789448400,1.39139,1.39146,1.39092,1.39114
1789452000,1.39112,1.3912,1.39028,1.39034
1789455600,1.39033,1.39049,1.38988,1.39024
1789459200,1.39024,1.39064,1.38984,1.39053
1789462800,1.39054,1.39074,1.39025,1.39062
1789466400,1.39062,1.39169,1.3904,1.39166
1789470000,1.39166,1.39242,1.39123,1.39236
1789473600,1.39238,1.39295,1.39178,1.39257
1789477200,1.39254,1.39284,1.39068,1.39086
1789480800,1.39086,1.39202,1.39084,1.39134
1789484400,1.39134,1.39224,1.39132,1.39182
1789488000,1.39182,1.39196,1.39108,1.39116
1789491600,1.39118,1.39162,1.39104,1.39122
1789495200,1.39122,1.39179,1.39116,1.39166
1789498800,1.39169,1.39207,1.39165,1.39182
1789502400,1.39182,1.39251,1.39156,1.39208
1789506000,1.39161,1.39236,1.39148,1.39192
1789509600,1.39195,1.39212,1.3918,1.39196
1789513200,1.39196,1.39259,1.39196,1.39252
1789516800,1.39253,1.39312,1.39246,1.39296
1789520400,1.39298,1.39351,1.39284,1.39348
1789524000,1.39348,1.39371,1.39302,1.39308
1789527600,1.39308,1.39342,1.39301,1.39338
1789531200,1.39338,1.39338,1.39276,1.3929
1789534800,1.39292,1.39297,1.39217,1.39232
1789538400,1.39232,1.39356,1.39212,1.39329
1789542000,1.3933,1.39385,1.39318,1.39369
1789545600,1.3937,1.39372,1.39278,1.39291
1789549200,1.39289,1.39308,1.39239,1.39294
1789552800,1.39294,1.39336,1.39268,1.39292
1789556400,1.39292,1.39408,1.3927,1.39405
1789560000,1.39408,1.3944,1.3934,1.39362
1789563600,1.39365,1.39423,1.39357,1.39387
1789567200,1.39387,1.39408,1.39294,1.39358
1789570800,1.39358,1.394,1.39322,1.39354
1789574400,1.39352,1.39422,1.39314,1.39402
1789578000,1.39404,1.39472,1.39357,1.39358
1789581600,1.39362,1.3994,1.39309,1.3994
1789585200,1.39938,1.39951,1.39828,1.39892
1789588800,1.39892,1.39922,1.39848,1.39892
1789592400,1.39898,1.39921,1.39898,1.39908
1789596000,1.39906,1.39932,1.39868,1.39882
1789599600,1.39882,1.39912,1.39864,1.39894
1789603200,1.39891,1.39953,1.3986,1.39933
1789606800,1.39931,1.39984,1.39892,1.39936
1789610400,1.39936,1.39959,1.39923,1.39939
1789614000,1.39938,1.39944,1.39902,1.39926
1789617600,1.39926,1.39938,1.39888,1.39892
1789621200,1.39892,1.39903,1.3987,1.39891
1789624800,1.3989,1.39968,1.39812,1.39829
1789628400,1.39832,1.39898,1.39823,1.39857
1789632000,1.39858,1.39929,1.3985,1.39893
1789635600,1.39894,1.39948,1.3985,1.39948
1789639200,1.39949,1.3996,1.39886,1.39938
1789642800,1.3994,1.40016,1.39924,1.39994
1789646400,1.39996,1.40004,1.39816,1.39828
1789650000,1.39829,1.39928,1.39798,1.39809
1789653600,1.3981,1.39884,1.3974,1.39862
1789657200,1.3986,1.39968,1.3982,1.39923
1789660800,1.39925,1.39976,1.39822,1.39856
1789664400,1.39854,1.39894,1.39854,1.3987
1789668000,1.39871,1.39932,1.39864,1.39921
1789671600,1.39922,1.39922,1.39857,1.3989
1789675200,1.39888,1.3993,1.39874,1.39915
1789678800,1.39896,1.39952,1.39885,1.3991
1789682400,1.3991,1.39924,1.39894,1.39908
1789686000,1.3991,1.39918,1.39886,1.39908
1789689600,1.39908,1.39938,1.39884,1.39889
1789693200,1.3989,1.39908,1.39856,1.39859
1789696800,1.3986,1.3989,1.39842,1.39842
1789700400,1.39842,1.39858,1.39791,1.39792
1789704000,1.39794,1.3983,1.39764,1.3983
1789707600,1.3983,1.3993,1.39812,1.39926
1789711200,1.39926,1.3999,1.39911,1.39962
1789714800,1.39962,1.40044,1.39945,1.39992
1789718400,1.39992,1.40028,1.39945,1.40006
1789722000,1.40006,1.40059,1.39965,1.39978
1789725600,1.39976,1.40078,1.39973,1.40053
1789729200,1.40052,1.40146,1.40016,1.40108
1789732800,1.40109,1.40146,1.40034,1.40056
1789736400,1.40059,1.40126,1.4,1.40087
1789740000,1.40088,1.40118,1.40022,1.4008
1789743600,1.4008,1.40142,1.40064,1.40087
1789747200,1.40086,1.4009,1.39996,1.40008
1789750800,1.40007,1.40007,1.3994,1.39947
1789754400,1.39944,1.39968,1.39918,1.39924
1789758000,1.39925,1.39934,1.39876,1.39918
1789761600,1.39916,1.39917,1.39816,1.39843
1789938000,1.399,1.39903,1.39831,1.39868
1789941600,1.39865,1.39908,1.39834,1.39906
1789945200,1.39906,1.3995,1.39904,1.39948
1789948800,1.39946,1.39962,1.39907,1.39961
1789952400,1.39962,1.39982,1.39945,1.39982
1789956000,1.3998,1.4004,1.39978,1.40028
1789959600,1.40029,1.40049,1.40018,1.40032
1789963200,1.40029,1.4007,1.40013,1.40051
1789966800,1.4005,1.401,1.40046,1.40091
1789970400,1.40092,1.40224,1.40084,1.40173
1789974000,1.40176,1.40236,1.40111,1.40149
1789977600,1.4015,1.40156,1.40078,1.40144
1789981200,1.40144,1.4022,1.4013,1.40206
1789984800,1.40204,1.40228,1.40168,1.40168
1789988400,1.4017,1.40179,1.39984,1.40012
1789992000,1.40011,1.40068,1.39966,1.39968
1789995600,1.39969,1.40138,1.39968,1.40129
1789999200,1.40128,1.40214,1.4011,1.40153
1790002800,1.40152,1.40248,1.40104,1.40232
1790006400,1.40234,1.40322,1.40218,1.40316
1790010000,1.40316,1.40336,1.4028,1.40314
1790013600,1.40314,1.4039,1.40292,1.40386
1790017200,1.40386,1.40393,1.40314,1.4035
1790020800,1.40351,1.40384,1.40339,1.40351
1790024400,1.40323,1.4034,1.40282,1.40294
1790028000,1.40294,1.40348,1.40294,1.40327
1790031600,1.40328,1.40342,1.40319,1.40338
1790035200,1.40337,1.4034,1.40291,1.40314
1790038800,1.40314,1.40439,1.40314,1.40418
1790042400,1.40417,1.40428,1.40327,1.40336
1790046000,1.40334,1.4034,1.40274,1.40284
1790049600,1.40286,1.40298,1.40246,1.4025
1790053200,1.40251,1.40291,1.40248,1.40269
1790056800,1.40268,1.4031,1.40257,1.40259
1790060400,1.4026,1.40401,1.40246,1.40401
1790064000,1.404,1.405,1.40327,1.40395
1790067600,1.40396,1.4044,1.40278,1.40295
1790071200,1.40296,1.40374,1.40281,1.40332
1790074800,1.40331,1.40438,1.40322,1.4043
1790078400,1.4043,1.40482,1.40406,1.40481
1790082000,1.40482,1.40565,1.40452,1.40532
1790085600,1.40532,1.40668,1.40532,1.40627
1790089200,1.40628,1.40753,1.40618,1.40721
1790092800,1.4072,1.4079,1.40704,1.40708
1790096400,1.40711,1.40844,1.4071,1.40756
1790100000,1.40758,1.40773,1.40649,1.40682
1790103600,1.40681,1.40684,1.40606,1.40658
1790107200,1.40657,1.40662,1.4062,1.40652
1790110800,1.40614,1.40646,1.40602,1.40606
1790114400,1.40605,1.4068,1.40605,1.4066
1790118000,1.40662,1.40668,1.4064,1.4066
1790121600,1.4066,1.40702,1.40643,1.40676
1790125200,1.40676,1.4076,1.40674,1.4074
1790128800,1.40742,1.40818,1.40742,1.40812
1790132400,1.4081,1.4085,1.40803,1.40848
1790136000,1.4085,1.40858,1.40795,1.40835
1790139600,1.40838,1.40852,1.40801,1.40827
1790143200,1.40828,1.40886,1.4081,1.40845
1790146800,1.40846,1.40902,1.40822,1.409
1790150400,1.409,1.40908,1.40886,1.40904
