t,o,h,l,c
1764727200,155.658,155.808,155.652,155.713
1764730800,155.712,155.732,155.63,155.658
1764734400,155.657,155.75,155.656,155.664
1764738000,155.664,155.706,155.63,155.694
1764741600,155.694,155.694,155.512,155.612
1764745200,155.61,155.711,155.515,155.688
1764748800,155.688,155.757,155.664,155.678
1764752400,155.678,155.683,155.53,155.622
1764756000,155.62,155.644,155.504,155.528
1764759600,155.528,155.529,155.414,155.418
1764763200,155.418,155.434,155.362,155.416
1764766800,155.417,155.528,155.22,155.49
1764770400,155.492,155.524,155.28,155.368
1764774000,155.37,155.611,155.212,155.22
1764777600,155.219,155.251,155.01,155.17
1764781200,155.17,155.217,155.09,155.128
1764784800,155.128,155.178,155.073,155.126
1764788400,155.124,155.169,155.081,155.151
1764792000,155.152,155.252,155.126,155.24
1764795600,155.24,155.32,155.21,155.229
1764799200,155.268,155.268,155.16,155.228
1764802800,155.207,155.241,155.088,155.115
1764806400,155.116,155.251,155.022,155.12
1764810000,155.12,155.412,155.098,155.262
1764813600,155.262,155.432,155.254,155.414
1764817200,155.414,155.542,155.384,155.392
1764820800,155.392,155.47,155.324,155.464
1764824400,155.466,155.506,155.186,155.224
1764828000,155.224,155.452,155.213,155.298
1764831600,155.296,155.354,155.208,155.244
1764835200,155.245,155.252,154.775,154.99
1764838800,154.99,155.058,154.798,154.815
1764842400,154.814,154.895,154.74,154.752
1764846000,154.752,154.794,154.524,154.53
1764849600,154.53,154.782,154.509,154.672
1764853200,154.67,155.062,154.663,154.804
1764856800,154.804,154.856,154.56,154.763
1764860400,154.766,154.898,154.556,154.634
1764864000,154.633,154.919,154.632,154.908
1764867600,154.908,154.968,154.888,154.938
1764871200,154.94,154.995,154.897,154.987
1764874800,154.988,155.042,154.956,155.018
1764878400,155.017,155.134,154.996,155.105
1764882000,155.106,155.146,155.078,155.12
1764885600,155.079,155.09,155.024,155.062
1764889200,155.063,155.166,155.058,155.134
1764892800,155.134,155.231,154.952,154.971
1764896400,154.972,155.1,154.916,155.018
1764900000,155.016,155.104,155.005,155.054
1764903600,155.054,155.159,155.04,155.122
1764907200,155.122,155.127,154.802,154.92
1764910800,154.922,154.922,154.545,154.601
1764914400,154.598,154.701,154.46,154.573
1764918000,154.572,154.652,154.343,154.63
1764921600,154.63,154.896,154.607,154.86
1764925200,154.859,154.966,154.834,154.916
1764928800,154.917,155.176,154.891,155.138
1764932400,155.137,155.226,155.117,155.148
1764936000,155.148,155.265,155.084,155.172
1764939600,155.173,155.262,155.106,155.198
1764943200,155.198,155.285,155.115,155.226
1764946800,155.225,155.358,155.117,155.254
1764950400,155.253,155.494,155.209,155.3
1764954000,155.3,155.346,155.258,155.286
1764957600,155.287,155.322,155.242,155.284
1764961200,155.282,155.324,155.262,155.291
1764964800,155.292,155.326,155.272,155.303
1764968400,155.304,155.381,155.292,155.34
1765144800,155.219,155.256,155.179,155.239
1765148400,155.236,155.386,155.226,155.313
1765152000,155.312,155.328,155.062,155.072
1765155600,155.074,155.153,154.914,154.921
1765159200,154.916,155.071,154.9,155.007
1765162800,155.004,155.116,154.976,155.106
1765166400,155.106,155.124,155.058,155.077
1765170000,155.075,155.268,155.071,155.202
1765173600,155.203,155.291,155.104,155.23
1765177200,155.229,155.357,155.168,155.356
1765180800,155.356,155.464,155.262,155.394
1765184400,155.396,155.546,155.396,155.477
1765188000,155.476,155.534,155.411,155.513
1765191600,155.514,155.59,155.476,155.587
1765195200,155.586,155.66,155.544,155.56
1765198800,155.56,155.662,155.476,155.628
1765202400,155.627,155.88,155.391,155.826
1765206000,155.828,155.986,155.756,155.858
1765209600,155.856,155.959,155.828,155.9
1765213200,155.898,155.926,155.727,155.752
1765216800,155.75,155.786,155.706,155.752
1765220400,155.753,155.917,155.738,155.912
1765224000,155.911,155.937,155.851,155.932
1765227600,155.934,155.962,155.91,155.928
1765231200,155.875,155.942,155.863,155.918
1765234800,155.918,155.98,155.839,155.845
1765238400,155.846,156.024,155.769,156.012
1765242000,156.014,156.039,155.769,155.8
1765245600,155.8,155.908,155.744,155.87
1765249200,155.868,155.893,155.802,155.826
1765252800,155.826,155.988,155.812,155.936
1765256400,155.936,156.116,155.861,156.012
1765260000,156.012,156.128,155.96,156.008
1765263600,156.01,156.2,155.984,156.194
1765267200,156.195,156.434,156.184,156.335
1765270800,156.336,156.341,155.978,156.086
1765274400,156.088,156.204,156.045,156.076
1765278000,156.075,156.198,156.07,156.189
1765281600,156.189,156.357,156.187,156.356
1765285200,156.356,156.516,156.285,156.342
1765288800,156.342,156.535,156.312,156.416
1765292400,156.415,156.916,156.413,156.868
1765296000,156.868,156.92,156.81,156.86
1765299600,156.859,156.926,156.832,156.918
1765303200,156.919,156.928,156.88,156.897
1765306800,156.896,156.956,156.812,156.836
1765310400,156.836,156.924,156.822,156.904
1765314000,156.906,156.942,156.887,156.894
1765317600,156.838,156.932,156.822,156.842
1765321200,156.845,156.914,156.802,156.806
1765324800,156.804,156.94,156.704,156.715
1765328400,156.716,156.772,156.67,156.71
1765332000,156.712,156.728,156.633,156.656
1765335600,156.657,156.684,156.56,156.592
1765339200,156.591,156.663,156.582,156.628
1765342800,156.632,156.722,156.597,156.708
1765346400,156.707,156.766,156.661,156.674
1765350000,156.674,156.755,156.638,156.652
1765353600,156.653,156.71,156.581,156.676
1765357200,156.678,156.89,156.677,156.819
1765360800,156.82,156.86,156.738,156.769
1765364400,156.768,156.777,156.688,156.711
1765368000,156.71,156.76,156.673,156.717
1765371600,156.716,156.718,156.55,156.551
1765375200,156.55,156.63,156.44,156.5
1765378800,156.498,156.535,156.353,156.48
1765382400,156.482,156.492,156.326,156.339
1765386000,156.337,156.398,156.248,156.308
1765389600,156.309,156.478,156.298,156.424
1765393200,156.424,156.684,156.104,156.263
1765396800,156.262,156.312,155.795,155.935
1765400400,155.933,156.102,155.93,156.023
1765404000,155.959,156.038,155.94,156.027
1765407600,156.026,156.032,155.632,155.752
1765411200,155.752,155.888,155.57,155.806
1765414800,155.805,155.825,155.57,155.719
1765418400,155.718,155.778,155.487,155.776
1765422000,155.776,155.79,155.636,155.698
1765425600,155.701,155.86,155.618,155.847
1765429200,155.846,156.073,155.838,156.066
1765432800,156.067,156.164,155.943,155.966
1765436400,155.966,156.056,155.869,156.032
1765440000,156.034,156.07,155.784,155.886
1765443600,155.885,156.034,155.848,155.866
1765447200,155.866,155.951,155.802,155.868
1765450800,155.868,155.884,155.758,155.764
1765454400,155.763,155.819,155.52,155.588
1765458000,155.588,155.626,155.23,155.286
1765461600,155.287,155.298,154.945,154.982
1765465200,154.982,155.179,154.955,155.17
1765468800,155.17,155.291,155.111,155.154
1765472400,155.154,155.294,155.073,155.242
1765476000,155.242,155.415,155.214,155.362
1765479600,155.362,155.602,155.362,155.596
1765483200,155.595,155.674,155.507,155.594
1765486800,155.595,155.626,155.552,155.572
1765490400,155.582,155.587,155.524,155.54
1765494000,155.536,155.621,155.448,155.506
1765497600,155.507,155.73,155.46,155.695
1765501200,155.695,155.771,155.548,155.668
1765504800,155.668,155.748,155.654,155.678
1765508400,155.677,155.728,155.632,155.713
1765512000,155.712,155.766,155.688,155.746
1765515600,155.746,155.773,155.674,155.743
1765519200,155.744,155.827,155.651,155.653
1765522800,155.654,155.729,155.542,155.651
1765526400,155.652,155.845,155.62,155.838
1765530000,155.84,155.911,155.756,155.888
1765533600,155.888,155.966,155.85,155.917
1765537200,155.918,155.996,155.91,155.913
1765540800,155.914,156.13,155.774,156.036
1765544400,156.036,156.064,155.902,156.046
1765548000,156.047,156.102,155.844,155.908
1765551600,155.908,156.063,155.81,155.885
1765555200,155.886,155.886,155.676,155.815
1765558800,155.814,155.906,155.754,155.782
1765562400,155.782,155.818,155.719,155.784
1765566000,155.784,155.939,155.784,155.902
1765569600,155.902,155.912,155.774,155.88
1765573200,155.881,155.893,155.798,155.838
1765749600,155.877,155.925,155.764,155.812
1765753200,155.812,155.898,155.764,155.869
1765756800,155.87,155.986,155.866,155.897
1765760400,155.898,155.898,155.605,155.614
1765764000,155.617,155.651,155.36,155.434
1765767600,155.435,155.478,155.304,155.421
1765771200,155.42,155.422,155.184,155.256
1765774800,155.256,155.256,155.031,155.034
1765778400,155.035,155.16,154.95,155.094
1765782000,155.094,155.295,155.074,155.263
1765785600,155.264,155.287,155.104,155.188
1765789200,155.188,155.202,154.938,154.966
1765792800,154.968,155.154,154.962,155.084
1765796400,155.086,155.103,154.854,154.925
1765800000,154.926,155.096,154.889,155.079
1765803600,155.081,155.161,154.969,155.161
1765807200,155.163,155.226,154.852,154.914
1765810800,154.912,155.158,154.837,155.156
1765814400,155.156,155.33,155.148,155.292
1765818000,155.291,155.368,155.256,155.31
1765821600,155.309,155.388,155.28,155.358
1765825200,155.357,155.4,155.22,155.244
1765828800,155.244,155.27,155.22,155.253
1765832400,155.254,155.262,155.193,155.206
1765836000,155.217,155.25,155.195,155.226
1765839600,155.229,155.242,154.981,155.036
1765843200,155.037,155.104,154.736,155.006
1765846800,155.008,155.122,154.85,154.864
1765850400,154.862,154.925,154.765,154.783
1765854000,154.784,154.912,154.704,154.893
1765857600,154.892,154.918,154.772,154.819
1765861200,154.818,154.858,154.684,154.844
1765864800,154.845,154.948,154.82,154.856
1765868400,154.856,154.979,154.838,154.886
1765872000,154.884,154.942,154.798,154.866
1765875600,154.865,154.899,154.772,154.838
1765879200,154.838,154.905,154.776,154.872
1765882800,154.872,154.904,154.791,154.818
1765886400,154.817,154.858,154.602,154.611
1765890000,154.609,154.873,154.396,154.718
1765893600,154.716,154.998,154.599,154.603
1765897200,154.602,154.782,154.465,154.778
1765900800,154.779,154.908,154.752,154.81
1765904400,154.808,154.841,154.57,154.681
1765908000,154.682,154.806,154.674,154.748
1765911600,154.75,154.926,154.606,154.67
1765915200,154.669,154.804,154.57,154.804
1765918800,154.803,154.838,154.706,154.721
1765922400,154.711,154.805,154.708,154.74
1765926000,154.744,154.814,154.71,154.774
1765929600,154.772,154.874,154.567,154.584
1765933200,154.584,154.708,154.513,154.676
1765936800,154.677,155.028,154.676,155.012
1765940400,155.011,155.03,154.865,154.889
1765944000,154.89,155.152,154.876,155.136
1765947600,155.136,155.175,155.071,155.152
1765951200,155.152,155.447,155.128,155.37
1765954800,155.369,155.57,155.358,155.502
1765958400,155.504,155.599,155.429,155.518
1765962000,155.518,155.56,155.459,155.532
1765965600,155.532,155.551,155.442,155.464
1765969200,155.466,155.599,155.456,155.545
1765972800,155.545,155.576,155.454,155.489
1765976400,155.488,155.64,155.385,155.438
1765980000,155.437,155.634,155.35,155.488
1765983600,155.488,155.546,155.353,155.404
1765987200,155.403,155.601,155.385,155.598
1765990800,155.599,155.611,155.53,155.534
1765994400,155.535,155.676,155.496,155.644
1765998000,155.642,155.692,155.594,155.646
1766001600,155.646,155.752,155.622,155.703
1766005200,155.706,155.748,155.668,155.693
1766008800,155.648,155.661,155.586,155.618
1766012400,155.612,155.648,155.474,155.489
1766016000,155.488,155.586,155.426,155.482
1766019600,155.482,155.774,155.46,155.772
1766023200,155.771,155.808,155.663,155.782
1766026800,155.783,155.796,155.709,155.764
1766030400,155.766,155.784,155.702,155.736
1766034000,155.736,155.888,155.708,155.81
1766037600,155.806,155.91,155.77,155.909
1766041200,155.908,155.956,155.814,155.926
1766044800,155.929,155.946,155.801,155.854
1766048400,155.855,155.953,155.804,155.93
1766052000,155.93,155.978,155.852,155.86
1766055600,155.86,155.873,155.722,155.792
1766059200,155.791,155.864,155.741,155.822
1766062800,155.824,155.836,155.38,155.594
1766066400,155.592,155.605,155.284,155.492
1766070000,155.493,155.695,155.444,155.524
1766073600,155.524,155.58,155.364,155.532
1766077200,155.532,155.69,155.529,155.642
1766080800,155.638,155.71,155.58,155.636
1766084400,155.636,155.667,155.494,155.516
1766088000,155.516,155.633,155.503,155.616
1766091600,155.615,155.636,155.552,155.562
1766095200,155.531,155.568,155.502,155.558
1766098800,155.558,155.646,155.52,155.582
1766102400,155.582,155.786,155.56,155.754
1766106000,155.753,155.795,155.692,155.741
1766109600,155.742,155.855,155.684,155.832
1766113200,155.832,156.18,155.589,155.876
1766116800,155.875,156.09,155.732,156.068
1766120400,156.068,156.072,155.887,155.995
1766124000,155.996,156.446,155.85,156.014
1766127600,156.014,156.744,155.964,156.734
1766131200,156.734,156.94,156.722,156.934
1766134800,156.934,157.214,156.853,157.202
1766138400,157.203,157.402,157.133,157.32
1766142000,157.32,157.38,157.235,157.319
1766145600,157.32,157.352,157.186,157.244
1766149200,157.242,157.382,157.209,157.326
1766152800,157.325,157.426,156.932,157.421
1766156400,157.422,157.492,157.356,157.475
1766160000,157.475,157.49,157.406,157.43
1766163600,157.431,157.67,157.414,157.438
1766167200,157.438,157.531,157.402,157.522
1766170800,157.523,157.59,157.502,157.53
1766174400,157.532,157.702,157.477,157.692
1766178000,157.692,157.786,157.638,157.723
1766354400,157.547,157.674,157.442,157.492
1766358000,157.493,157.714,157.49,157.628
1766361600,157.63,157.663,157.514,157.56
1766365200,157.557,157.572,157.255,157.294
1766368800,157.293,157.426,157.23,157.424
1766372400,157.424,157.472,157.277,157.332
1766376000,157.333,157.365,157.264,157.313
1766379600,157.312,157.392,157.265,157.364
1766383200,157.365,157.436,157.27,157.345
1766386800,157.346,157.566,157.312,157.494
1766390400,157.495,157.552,157.374,157.546
1766394000,157.548,157.571,157.418,157.462
1766397600,157.462,157.466,157.354,157.396
1766401200,157.396,157.428,157.338,157.414
1766404800,157.415,157.434,157.358,157.398
1766408400,157.398,157.398,156.872,157.188
1766412000,157.188,157.224,156.908,157.018
1766415600,157.019,157.122,156.914,156.976
1766419200,156.977,157.046,156.86,156.938
1766422800,156.942,156.944,156.705,156.848
1766426400,156.848,157.024,156.848,156.949
1766430000,156.95,157.034,156.888,156.902
1766433600,156.903,157.007,156.902,156.992
1766437200,156.991,157.048,156.976,157.036
1766440800,157.018,157.051,156.974,157.03
1766444400,157.022,157.026,156.822,156.92
1766448000,156.918,156.928,156.604,156.616
1766451600,156.616,156.656,156.422,156.462
1766455200,156.462,156.484,156.276,156.352
1766458800,156.353,156.353,156.19,156.191
1766462400,156.19,156.19,155.961,155.994
1766466000,155.994,156.078,155.914,156.012
1766469600,156.012,156.189,155.996,156.116
1766473200,156.116,156.174,155.95,156.076
1766476800,156.074,156.116,155.953,155.957
1766480400,155.957,156.022,155.65,155.97
1766484000,155.969,156.046,155.866,155.923
1766487600,155.924,156.035,155.875,155.974
1766491200,155.973,156.034,155.874,156.024
1766494800,156.025,156.366,155.952,156.341
1766498400,156.34,156.545,156.336,156.408
1766502000,156.408,156.45,156.208,156.39
1766505600,156.39,156.436,156.303,156.338
1766509200,156.336,156.351,156.253,156.298
1766512800,156.296,156.344,156.228,156.234
1766516400,156.231,156.253,156.181,156.195
1766520000,156.196,156.314,156.18,156.304
1766523600,156.304,156.32,156.196,156.235
1766527200,156.258,156.264,156.178,156.191
1766530800,156.192,156.283,156.096,156.174
1766534400,156.174,156.282,155.978,155.99
1766538000,155.991,156.154,155.601,155.656
1766541600,155.655,155.745,155.555,155.743
1766545200,155.74,155.994,155.74,155.982
1766548800,155.983,156.068,155.802,155.838
1766552400,155.838,155.845,155.746,155.798
1766556000,155.798,155.8,155.662,155.736
1766559600,155.735,155.872,155.707,155.83
1766563200,155.83,155.972,155.751,155.756
1766566800,155.754,155.882,155.688,155.835
1766570400,155.836,155.972,155.82,155.937
1766574000,155.936,155.974,155.868,155.928
1766577600,155.929,156.046,155.878,156.045
1766581200,156.044,156.072,155.972,156.012
1766584800,156.012,156.036,155.68,155.75
1766588400,155.75,155.903,155.726,155.818
1766592000,155.818,155.923,155.754,155.836
1766595600,155.836,156.026,155.826,155.972
1766599200,155.972,156.02,155.945,155.968
1766602800,155.967,155.984,155.836,155.886
1766606400,155.887,155.952,155.872,155.952
1766610000,155.952,155.968,155.868,155.952
1766700000,155.94,155.948,155.846,155.896
1766703600,155.896,156.132,155.752,156.108
1766707200,156.108,156.492,156.106,156.411
1766710800,156.412,156.444,156.168,156.284
1766714400,156.284,156.31,156.171,156.226
1766718000,156.226,156.257,156.046,156.056
1766721600,156.056,156.191,155.988,156.167
1766725200,156.166,156.284,156.092,156.206
1766728800,156.206,156.32,156.092,156.284
1766732400,156.284,156.446,156.218,156.374
1766736000,156.374,156.45,156.3,156.336
1766739600,156.337,156.474,156.317,156.462
1766743200,156.464,156.47,156.362,156.402
1766746800,156.402,156.424,156.324,156.404
1766750400,156.403,156.49,156.396,156.42
1766754000,156.417,156.444,156.228,156.324
1766757600,156.324,156.486,156.276,156.454
1766761200,156.454,156.536,156.312,156.426
1766764800,156.426,156.656,156.37,156.636
1766768400,156.636,156.73,156.555,156.571
1766772000,156.57,156.589,156.439,156.546
1766775600,156.545,156.596,156.504,156.505
1766779200,156.504,156.534,156.445,156.496
1766782800,156.497,156.61,156.492,156.569
1766959200,156.526,156.577,156.488,156.5
1766962800,156.505,156.542,156.406,156.485
1766966400,156.483,156.483,156.056,156.28
1766970000,156.28,156.376,156.192,156.314
1766973600,156.32,156.512,156.302,156.433
1766977200,156.432,156.446,156.322,156.38
1766980800,156.38,156.473,156.248,156.374
1766984400,156.376,156.4,156.244,156.309
1766988000,156.312,156.324,156.172,156.188
1766991600,156.188,156.243,156.052,156.081
1766995200,156.082,156.312,156.078,156.278
1766998800,156.28,156.4,156.11,156.326
1767002400,156.328,156.347,156.208,156.331
1767006000,156.332,156.414,156.288,156.4
1767009600,156.401,156.424,156.31,156.334
1767013200,156.333,156.368,156.194,156.233
1767016800,156.232,156.242,156.012,156.147
1767020400,156.146,156.292,155.916,155.936
1767024000,155.934,156.118,155.931,156.106
1767027600,156.107,156.218,156.067,156.185
1767031200,156.186,156.226,156.122,156.222
1767034800,156.223,156.249,156.008,156.036
1767038400,156.037,156.084,155.987,156.07
1767042000,156.067,156.09,156.003,156.042
1767045600,156.069,156.094,155.999,156.044
1767049200,156.042,156.136,155.956,155.992
1767052800,155.994,156.329,155.926,156.26
1767056400,156.261,156.328,156.215,156.226
1767060000,156.224,156.34,156.157,156.306
1767063600,156.306,156.334,156.216,156.27
1767067200,156.272,156.286,156.052,156.082
1767070800,156.082,156.104,156.012,156.043
1767074400,156.042,156.099,155.94,156.04
1767078000,156.04,156.105,155.92,155.982
1767081600,155.978,156.029,155.856,155.983
1767085200,155.983,156.01,155.869,155.923
1767088800,155.926,155.93,155.744,155.853
1767092400,155.854,155.948,155.827,155.894
1767096000,155.892,156.012,155.886,155.952
1767099600,155.952,156.214,155.948,156.196
1767103200,156.197,156.32,156.124,156.271
1767106800,156.272,156.568,156.272,156.329
1767110400,156.328,156.376,156.224,156.263
1767114000,156.262,156.408,156.249,156.337
1767117600,156.337,156.432,156.311,156.404
1767121200,156.404,156.525,156.378,156.498
1767124800,156.493,156.5,156.429,156.466
1767128400,156.466,156.467,156.403,156.421
1767132000,156.367,156.403,156.361,156.4
1767135600,156.39,156.467,156.334,156.402
1767139200,156.4,156.468,156.332,156.394
1767142800,156.395,156.452,156.356,156.434
1767146400,156.435,156.492,156.424,156.486
1767150000,156.486,156.498,156.45,156.496
1767153600,156.496,156.64,156.495,156.614
1767157200,156.613,156.634,156.55,156.593
1767160800,156.594,156.654,156.582,156.614
1767164400,156.612,156.646,156.57,156.571
1767168000,156.57,156.61,156.509,156.598
1767171600,156.597,156.651,156.558,156.633
1767175200,156.632,156.676,156.596,156.658
1767178800,156.66,156.676,156.605,156.61
1767182400,156.611,156.644,156.552,156.602
1767186000,156.601,156.836,156.588,156.812
1767189600,156.813,156.95,156.796,156.928
1767193200,156.926,156.996,156.718,156.743
1767196800,156.742,156.851,156.644,156.814
1767200400,156.814,156.858,156.766,156.826
1767204000,156.826,156.923,156.802,156.891
1767207600,156.892,156.892,156.678,156.752
1767211200,156.752,156.754,156.631,156.632
1767214800,156.632,156.732,156.616,156.684
1767304800,156.725,156.766,156.718,156.766
1767308400,156.772,156.887,156.705,156.723
1767312000,156.724,156.766,156.544,156.569
1767315600,156.568,156.658,156.522,156.635
1767319200,156.636,156.687,156.594,156.684
1767322800,156.685,156.726,156.65,156.718
1767326400,156.719,156.862,156.718,156.824
1767330000,156.825,156.946,156.82,156.912
1767333600,156.912,156.998,156.91,156.955
1767337200,156.956,156.996,156.832,156.862
1767340800,156.863,157,156.82,156.88
1767344400,156.878,156.919,156.77,156.914
1767348000,156.912,156.928,156.804,156.846
1767351600,156.845,156.95,156.827,156.92
1767355200,156.921,157.004,156.873,156.941
1767358800,156.94,156.961,156.832,156.908
1767362400,156.907,156.922,156.81,156.854
1767366000,156.855,156.894,156.563,156.591
1767369600,156.592,156.773,156.563,156.726
1767373200,156.724,156.784,156.708,156.772
1767376800,156.773,156.948,156.764,156.894
1767380400,156.892,156.956,156.846,156.856
1767384000,156.857,156.914,156.846,156.876
1767387600,156.876,156.89,156.812,156.837
1767564000,156.756,156.83,156.711,156.776
1767567600,156.784,157.028,156.72,157.002
1767571200,157,157.252,156.924,157.146
1767574800,157.147,157.183,156.942,157.014
1767578400,157.016,157.206,156.952,157.149
1767582000,157.15,157.24,157.129,157.234
1767585600,157.236,157.3,157.222,157.282
1767589200,157.282,157.293,157.117,157.184
1767592800,157.186,157.234,157.014,157.034
1767596400,157.032,157.083,156.977,156.993
1767600000,156.992,157.042,156.69,156.833
1767603600,156.832,157.001,156.784,156.928
1767607200,156.927,156.94,156.576,156.605
1767610800,156.604,156.663,156.532,156.624
1767614400,156.624,156.686,156.468,156.649
1767618000,156.65,156.979,156.642,156.824
1767621600,156.824,156.856,156.706,156.746
1767625200,156.748,156.75,156.454,156.58
1767628800,156.58,156.59,156.305,156.326
1767632400,156.325,156.385,156.268,156.332
1767636000,156.332,156.36,156.183,156.188
1767639600,156.186,156.246,156.116,156.231
1767643200,156.231,156.34,156.182,156.34
1767646800,156.34,156.424,156.324,156.404
1767650400,156.377,156.532,156.325,156.523
1767654000,156.524,156.648,156.49,156.617
1767657600,156.616,156.798,156.527,156.536
1767661200,156.536,156.712,156.453,156.454
1767664800,156.453,156.503,156.272,156.31
1767668400,156.31,156.44,156.294,156.36
1767672000,156.361,156.44,156.24,156.382
1767675600,156.383,156.448,156.29,156.43
1767679200,156.43,156.48,156.332,156.372
1767682800,156.372,156.374,156.232,156.336
1767686400,156.336,156.391,156.164,156.322
1767690000,156.32,156.484,156.232,156.378
1767693600,156.378,156.465,156.28,156.448
1767697200,156.448,156.538,156.408,156.452
1767700800,156.451,156.517,156.297,156.5
1767704400,156.499,156.582,156.353,156.371
1767708000,156.371,156.479,156.301,156.408
1767711600,156.408,156.692,156.404,156.578
1767715200,156.577,156.736,156.572,156.707
1767718800,156.706,156.744,156.672,156.692
1767722400,156.691,156.75,156.664,156.738
1767726000,156.738,156.746,156.612,156.63
1767729600,156.63,156.654,156.571,156.652
1767733200,156.652,156.688,156.62,156.663
1767736800,156.634,156.657,156.618,156.633
1767740400,156.632,156.704,156.62,156.664
1767744000,156.663,156.81,156.542,156.636
1767747600,156.635,156.748,156.562,156.72
1767751200,156.721,156.731,156.644,156.648
1767754800,156.648,156.655,156.51,156.563
1767758400,156.564,156.586,156.514,156.54
1767762000,156.54,156.542,156.367,156.387
1767765600,156.388,156.394,156.306,156.343
1767769200,156.342,156.516,156.294,156.486
1767772800,156.486,156.586,156.461,156.528
1767776400,156.527,156.576,156.432,156.464
1767780000,156.464,156.54,156.444,156.532
1767783600,156.53,156.582,156.512,156.515
1767787200,156.514,156.566,156.477,156.511
1767790800,156.512,156.598,156.362,156.419
1767794400,156.418,156.557,156.393,156.412
1767798000,156.433,156.725,156.408,156.682
1767801600,156.682,156.802,156.643,156.734
1767805200,156.731,156.731,156.574,156.62
1767808800,156.621,156.704,156.596,156.697
1767812400,156.696,156.762,156.684,156.744
1767816000,156.744,156.79,156.726,156.778
1767819600,156.778,156.802,156.752,156.757
1767823200,156.748,156.752,156.643,156.689
1767826800,156.691,156.76,156.661,156.7
1767830400,156.7,156.802,156.676,156.789
1767834000,156.788,156.945,156.714,156.913
1767837600,156.912,156.955,156.824,156.838
1767841200,156.838,156.84,156.634,156.719
1767844800,156.718,156.732,156.666,156.693
1767848400,156.695,156.733,156.644,156.672
1767852000,156.671,156.69,156.502,156.582
1767855600,156.579,156.698,156.468,156.47
1767859200,156.47,156.716,156.46,156.708
1767862800,156.708,156.784,156.631,156.746
1767866400,156.746,156.781,156.68,156.681
1767870000,156.68,156.782,156.666,156.762
1767873600,156.764,156.782,156.69,156.724
1767877200,156.724,156.964,156.666,156.964
1767880800,156.966,157.072,156.941,156.974
1767884400,156.974,157.056,156.853,156.865
1767888000,156.866,156.986,156.848,156.904
1767891600,156.902,156.908,156.775,156.811
1767895200,156.81,156.894,156.796,156.894
1767898800,156.894,156.985,156.892,156.966
1767902400,156.967,156.994,156.916,156.954
1767906000,156.956,156.992,156.818,156.882
1767909600,156.846,156.874,156.795,156.859
1767913200,156.858,156.932,156.834,156.87
1767916800,156.87,157.062,156.868,157.006
1767920400,157.006,157.17,156.992,157.162
1767924000,157.163,157.261,157.122,157.184
1767927600,157.183,157.242,157.158,157.238
1767931200,157.24,157.297,157.195,157.214
1767934800,157.213,157.392,157.213,157.378
1767938400,157.377,157.44,157.34,157.402
1767942000,157.403,157.572,157.388,157.48
1767945600,157.48,157.67,157.458,157.646
1767949200,157.646,157.736,157.576,157.709
1767952800,157.712,157.724,157.638,157.654
1767956400,157.65,157.682,157.566,157.579
1767960000,157.578,157.71,157.562,157.648
1767963600,157.648,157.841,157.374,157.49
1767967200,157.49,158.054,157.371,157.929
1767970800,157.93,158.188,157.819,157.87
1767974400,157.871,158.132,157.83,158.078
1767978000,158.079,158.106,157.99,158.053
1767981600,158.054,158.068,157.864,157.917
1767985200,157.916,157.927,157.835,157.886
1767988800,157.886,157.912,157.858,157.889
1767992400,157.886,157.963,157.861,157.933
1768168800,158.076,158.119,158.018,158.064
1768172400,158.059,158.184,157.982,158.139
1768176000,158.138,158.21,157.557,157.576
1768179600,157.573,157.756,157.517,157.751
1768183200,157.749,158.077,157.67,158.051
1768186800,158.05,158.122,157.944,158.122
1768190400,158.122,158.186,158.117,158.12
1768194000,158.12,158.152,157.998,158.007
1768197600,158.007,158.07,157.964,158.014
1768201200,158.014,158.034,157.802,157.846
1768204800,157.846,157.865,157.676,157.78
1768208400,157.779,157.902,157.724,157.895
1768212000,157.896,157.963,157.834,157.854
1768215600,157.854,157.929,157.788,157.896
1768219200,157.898,157.959,157.812,157.858
1768222800,157.856,157.898,157.709,157.844
1768226400,157.845,158.049,157.834,157.939
1768230000,157.94,157.977,157.854,157.974
1768233600,157.974,158.159,157.944,158.156
1768237200,158.157,158.174,158.065,158.088
1768240800,158.088,158.146,158.054,158.132
1768244400,158.134,158.151,158.094,158.14
1768248000,158.14,158.201,158.116,158.186
1768251600,158.186,158.196,158.124,158.16
1768255200,158.128,158.14,158.08,158.114
1768258800,158.115,158.176,157.898,157.978
1768262400,157.977,158.288,157.962,158.162
1768266000,158.162,158.504,158.16,158.485
1768269600,158.484,158.69,158.337,158.672
1768273200,158.671,158.827,158.645,158.814
1768276800,158.814,158.922,158.628,158.72
1768280400,158.72,158.831,158.71,158.786
1768284000,158.786,158.974,158.745,158.76
1768287600,158.761,158.954,158.734,158.944
1768291200,158.944,159.05,158.87,158.938
1768294800,158.938,159.02,158.818,158.891
1768298400,158.892,158.946,158.803,158.806
1768302000,158.806,158.946,158.805,158.858
1768305600,158.857,158.936,158.842,158.894
1768309200,158.894,158.958,158.583,158.882
1768312800,158.884,158.999,158.804,158.916
1768316400,158.916,159.092,158.858,158.925
1768320000,158.928,159.192,158.907,159.069
1768323600,159.068,159.142,158.978,159.024
1768327200,159.024,159.094,159.002,159.044
1768330800,159.044,159.146,159.04,159.117
1768334400,159.118,159.16,159.09,159.12
1768338000,159.12,159.177,159.116,159.172
1768341600,159.146,159.171,159.104,159.149
1768345200,159.15,159.206,159.116,159.2
1768348800,159.199,159.289,159.096,159.195
1768352400,159.194,159.454,159.194,159.339
1768356000,159.34,159.394,159.181,159.207
1768359600,159.208,159.208,159.082,159.164
1768363200,159.164,159.243,159.127,159.206
1768366800,159.205,159.342,159.166,159.336
1768370400,159.335,159.35,159.134,159.145
1768374000,159.146,159.198,159.11,159.174
1768377600,159.175,159.193,158.865,158.928
1768381200,158.928,158.947,158.668,158.762
1768384800,158.762,158.816,158.584,158.686
1768388400,158.686,158.824,158.574,158.716
1768392000,158.715,158.719,158.136,158.558
1768395600,158.558,158.742,158.507,158.598
1768399200,158.598,158.675,158.16,158.21
1768402800,158.21,158.421,158.105,158.124
1768406400,158.124,158.285,158.094,158.138
1768410000,158.138,158.344,158.122,158.302
1768413600,158.303,158.47,158.302,158.469
1768417200,158.47,158.521,158.422,158.506
1768420800,158.506,158.601,158.46,158.594
1768424400,158.594,158.602,158.436,158.436
1768428000,158.423,158.456,158.222,158.279
1768431600,158.278,158.434,158.253,158.422
1768435200,158.424,158.577,158.38,158.409
1768438800,158.408,158.438,158.226,158.356
1768442400,158.371,158.547,158.31,158.523
1768446000,158.522,158.646,158.494,158.514
1768449600,158.514,158.648,158.477,158.594
1768453200,158.596,158.616,158.382,158.434
1768456800,158.433,158.652,158.396,158.614
1768460400,158.614,158.734,158.454,158.584
1768464000,158.584,158.714,158.539,158.692
1768467600,158.693,158.704,158.303,158.4
1768471200,158.399,158.473,158.347,158.468
1768474800,158.466,158.567,158.433,158.566
1768478400,158.567,158.606,158.489,158.597
1768482000,158.597,158.857,158.554,158.828
1768485600,158.829,158.881,158.648,158.742
1768489200,158.742,158.744,158.474,158.537
1768492800,158.536,158.57,158.414,158.5
1768496400,158.501,158.539,158.446,158.51
1768500000,158.51,158.524,158.476,158.492
1768503600,158.493,158.562,158.466,158.528
1768507200,158.528,158.646,158.513,158.644
1768510800,158.643,158.676,158.606,158.622
1768514400,158.633,158.644,158.6,158.622
1768518000,158.622,158.672,158.568,158.594
1768521600,158.593,158.706,158.52,158.654
1768525200,158.655,158.682,158.472,158.602
1768528800,158.601,158.634,157.954,158.304
1768532400,158.304,158.312,158.108,158.108
1768536000,158.108,158.293,158.1,158.279
1768539600,158.279,158.381,158.227,158.379
1768543200,158.38,158.452,158.336,158.388
1768546800,158.388,158.408,158.098,158.168
1768550400,158.169,158.256,158.01,158.21
1768554000,158.21,158.216,158.075,158.197
1768557600,158.197,158.219,158.078,158.127
1768561200,158.126,158.153,158.054,158.094
1768564800,158.094,158.226,158.077,158.153
1768568400,158.154,158.154,157.944,158.019
1768572000,158.018,158.12,157.844,157.912
1768575600,157.91,158.269,157.823,158.064
1768579200,158.065,158.103,157.938,158.025
1768582800,158.026,158.164,158.022,158.143
1768586400,158.142,158.246,158.128,158.18
1768590000,158.18,158.212,158.1,158.122
1768593600,158.121,158.122,158.04,158.08
1768597200,158.079,158.144,158.061,158.103
1768773600,157.92,157.969,157.822,157.874
1768777200,157.874,157.886,157.501,157.554
1768780800,157.556,157.879,157.448,157.475
1768784400,157.476,157.7,157.425,157.688
1768788000,157.686,157.931,157.684,157.864
1768791600,157.868,157.946,157.81,157.88
1768795200,157.881,157.918,157.824,157.829
1768798800,157.826,157.948,157.755,157.901
1768802400,157.902,157.936,157.792,157.816
1768806000,157.814,158.124,157.745,158.08
1768809600,158.08,158.154,157.999,158.028
1768813200,158.027,158.166,157.858,157.925
1768816800,157.926,157.994,157.828,157.886
1768820400,157.885,158.108,157.884,158.04
1768824000,158.042,158.064,157.922,158.022
1768827600,158.021,158.032,157.88,157.926
1768831200,157.928,157.95,157.866,157.906
1768834800,157.907,158.08,157.863,158.062
1768838400,158.059,158.139,158.038,158.078
1768842000,158.077,158.11,158.013,158.033
1768845600,158.032,158.076,158.006,158.075
1768849200,158.076,158.113,158.076,158.08
1768852800,158.082,158.154,158.081,158.128
1768856400,158.13,158.142,158.106,158.127
1768860000,158.087,158.124,158.076,158.11
1768863600,158.107,158.228,158.107,158.166
1768867200,158.164,158.284,157.904,157.94
1768870800,157.94,158.194,157.848,157.95
1768874400,157.951,158.08,157.946,158.033
1768878000,158.032,158.034,157.906,157.972
1768881600,157.973,158.104,157.898,158.033
1768885200,158.032,158.127,157.954,158.1
1768888800,158.1,158.469,158.1,158.418
1768892400,158.418,158.605,158.306,158.374
1768896000,158.373,158.396,157.75,157.818
1768899600,157.817,157.817,157.558,157.734
1768903200,157.73,157.94,157.698,157.815
1768906800,157.814,157.913,157.688,157.751
1768910400,157.75,157.896,157.656,157.864
1768914000,157.864,157.976,157.471,157.844
1768917600,157.843,158.079,157.741,158.038
1768921200,158.037,158.11,157.852,157.926
1768924800,157.928,158.078,157.857,157.894
1768928400,157.896,157.988,157.858,157.958
1768932000,157.959,158.058,157.952,158.052
1768935600,158.056,158.301,158.046,158.288
1768939200,158.289,158.29,158.188,158.212
1768942800,158.214,158.233,158.136,158.138
1768946400,158.148,158.173,158.135,158.165
1768950000,158.162,158.208,158.042,158.154
1768953600,158.156,158.28,158.11,158.112
1768957200,158.112,158.173,157.858,157.961
1768960800,157.963,158.078,157.888,157.917
1768964400,157.917,158.152,157.891,158.09
1768968000,158.09,158.133,157.998,158.036
1768971600,158.037,158.24,158.032,158.206
1768975200,158.204,158.258,158.082,158.144
1768978800,158.147,158.166,157.876,157.927
1768982400,157.928,157.989,157.822,157.872
1768986000,157.873,158.04,157.834,158.004
1768989600,158.004,158.089,157.99,158.024
1768993200,158.024,158.078,157.913,157.914
1768996800,157.912,157.941,157.748,157.796
1769000400,157.796,157.942,157.761,157.886
1769004000,157.887,158.154,157.874,158.11
1769007600,158.113,158.31,158.062,158.217
1769011200,158.219,158.26,158.069,158.168
1769014800,158.167,158.215,158.039,158.143
1769018400,158.144,158.244,158.116,158.218
1769022000,158.219,158.534,158.143,158.384
1769025600,158.382,158.502,158.33,158.378
1769029200,158.376,158.424,158.271,158.294
1769032800,158.312,158.344,158.294,158.33
1769036400,158.326,158.489,158.272,158.462
1769040000,158.461,158.496,158.18,158.242
1769043600,158.242,158.368,158.218,158.352
1769047200,158.351,158.481,158.341,158.469
1769050800,158.468,158.591,158.405,158.56
1769054400,158.56,158.704,158.556,158.647
1769058000,158.648,158.734,158.63,158.716
1769061600,158.718,158.85,158.706,158.778
1769065200,158.78,158.894,158.76,158.78
1769068800,158.782,158.858,158.733,158.771
1769072400,158.77,158.779,158.61,158.696
1769076000,158.698,158.764,158.628,158.636
1769079600,158.636,158.704,158.536,158.597
1769083200,158.598,158.828,158.543,158.82
1769086800,158.821,158.865,158.626,158.702
1769090400,158.703,158.762,158.536,158.616
1769094000,158.616,158.652,158.352,158.397
1769097600,158.396,158.427,158.259,158.364
1769101200,158.366,158.51,158.238,158.31
1769104800,158.31,158.338,158.28,158.31
1769108400,158.312,158.471,158.298,158.408
1769112000,158.406,158.445,158.339,158.441
1769115600,158.44,158.476,158.381,158.428
1769119200,158.409,158.423,158.378,158.422
1769122800,158.428,158.534,158.367,158.487
1769126400,158.486,158.583,158.438,158.525
1769130000,158.524,158.664,158.484,158.64
1769133600,158.638,158.686,158.51,158.594
1769137200,158.597,158.746,158.507,158.633
1769140800,158.632,158.667,158.539,158.55
1769144400,158.55,158.641,158.476,158.626
1769148000,158.627,158.952,158.546,158.872
1769151600,158.872,159.228,157.317,158.392
1769155200,158.394,158.494,158.104,158.136
1769158800,158.136,158.148,157.864,158.006
1769162400,158.006,158.25,157.993,158.197
1769166000,158.196,158.318,158.132,158.136
1769169600,158.135,158.269,158.096,158.159
1769173200,158.16,158.28,158.096,158.27
1769176800,158.269,158.341,158.206,158.264
1769180400,158.266,158.31,158.1,158.116
1769184000,158.114,158.227,157.369,157.566
1769187600,157.568,157.62,156.126,156.362
1769191200,156.363,156.637,156.018,156.168
1769194800,156.167,156.266,155.671,155.891
1769198400,155.892,155.964,155.736,155.819
1769202000,155.82,155.872,155.606,155.736
1769378400,154.876,155.206,154.208,154.599
1769382000,154.593,155.28,154.5,155.152
1769385600,155.151,155.348,154.668,154.844
1769389200,154.844,154.934,154.306,154.426
1769392800,154.426,154.484,153.888,153.994
1769396400,153.994,154.34,153.952,154.213
1769400000,154.212,154.278,153.812,154.033
1769403600,154.034,154.115,153.925,154.109
1769407200,154.108,154.422,154.03,154.245
1769410800,154.244,154.326,153.912,154.252
1769414400,154.252,154.348,153.398,153.922
1769418000,153.922,154.144,153.527,153.67
1769421600,153.669,153.887,153.528,153.56
1769425200,153.558,153.828,153.304,153.74
1769428800,153.736,154.192,153.734,154.132
1769432400,154.133,154.342,154.026,154.058
1769436000,154.06,154.134,153.695,153.744
1769439600,153.743,153.886,153.618,153.816
1769443200,153.816,154.03,153.717,153.888
1769446800,153.887,154.113,153.863,153.972
1769450400,153.971,154.195,153.897,154.165
1769454000,154.164,154.277,154.03,154.043
1769457600,154.041,154.151,153.863,154.09
1769461200,154.09,154.266,154.062,154.221
1769464800,154.181,154.279,154.159,154.187
1769468400,154.17,154.43,154.111,154.391
1769472000,154.388,154.457,154.124,154.292
1769475600,154.293,154.412,154.241,154.35
1769479200,154.35,154.364,154.087,154.264
1769482800,154.264,154.473,154.241,154.418
1769486400,154.419,154.624,154.416,154.594
1769490000,154.594,154.644,154.431,154.504
1769493600,154.503,154.613,154.37,154.536
1769497200,154.536,154.766,154.469,154.734
1769500800,154.734,154.88,154.641,154.704
1769504400,154.703,154.736,153.174,153.743
1769508000,153.746,154.2,153.556,153.747
1769511600,153.748,153.77,153.569,153.732
1769515200,153.732,153.798,153.256,153.304
1769518800,153.302,153.425,152.994,153.248
1769522400,153.249,153.376,152.929,153.224
1769526000,153.224,153.344,152.878,153.244
1769529600,153.244,153.268,152.948,153.04
1769533200,153.042,153.152,152.61,152.771
1769536800,152.77,152.888,152.574,152.766
1769540400,152.767,152.838,152.706,152.715
1769544000,152.716,152.843,152.09,152.386
1769547600,152.384,152.484,152.179,152.204
1769551200,152.251,152.442,152.206,152.3
1769554800,152.308,152.622,152.27,152.5
1769558400,152.498,152.718,152.442,152.637
1769562000,152.636,152.997,152.6,152.993
1769565600,152.994,153.072,152.815,152.842
1769569200,152.842,152.842,152.648,152.721
1769572800,152.72,152.838,152.528,152.562
1769576400,152.562,152.738,152.477,152.63
1769580000,152.63,152.728,152.56,152.648
1769583600,152.644,152.736,152.28,152.648
1769587200,152.645,152.81,152.408,152.64
1769590800,152.64,152.766,152.568,152.717
1769594400,152.716,152.728,152.348,152.572
1769598000,152.57,152.722,152.552,152.606
1769601600,152.607,152.642,152.393,152.573
1769605200,152.57,152.916,152.547,152.85
1769608800,152.85,152.995,152.652,152.828
1769612400,152.828,153.739,152.77,153.464
1769616000,153.464,153.789,153.413,153.604
1769619600,153.604,153.76,153.528,153.532
1769623200,153.532,153.952,153.528,153.852
1769626800,153.85,154.051,153.464,153.494
1769630400,153.494,153.576,153.305,153.386
1769634000,153.385,153.467,153.301,153.404
1769637600,153.405,153.442,153.399,153.423
1769641200,153.432,153.432,153.035,153.084
1769644800,153.084,153.216,152.77,153.095
1769648400,153.094,153.358,153.073,153.261
1769652000,153.267,153.393,153.03,153.115
1769655600,153.116,153.185,152.906,152.928
1769659200,152.927,153.235,152.904,152.978
1769662800,152.98,153.094,152.908,153.021
1769666400,153.02,153.156,152.924,153.055
1769670000,153.052,153.422,152.989,153.311
1769673600,153.312,153.46,153.16,153.322
1769677200,153.324,153.384,153.142,153.316
1769680800,153.313,153.453,153.278,153.437
1769684400,153.436,153.538,153.38,153.464
1769688000,153.463,153.476,153.226,153.227
1769691600,153.226,153.406,153.178,153.334
1769695200,153.334,153.394,153.008,153.074
1769698800,153.073,153.514,152.682,152.811
1769702400,152.81,153.049,152.722,152.89
1769706000,152.891,152.978,152.804,152.907
1769709600,152.908,153.149,152.905,153.02
1769713200,153.02,153.168,153.016,153.076
1769716800,153.076,153.216,153.02,153.117
1769720400,153.116,153.176,153.056,153.114
1769724000,152.975,153.142,152.975,153.02
1769727600,153.006,153.19,152.865,153.14
1769731200,153.141,153.651,153.083,153.504
1769734800,153.503,153.793,153.46,153.756
1769738400,153.757,153.982,153.653,153.808
1769742000,153.807,153.978,153.764,153.956
1769745600,153.956,153.971,153.843,153.926
1769749200,153.926,154.142,153.771,153.921
1769752800,153.92,153.988,153.754,153.908
1769756400,153.908,154.056,153.714,153.809
1769760000,153.808,153.958,153.712,153.946
1769763600,153.947,154.287,153.935,154.282
1769767200,154.282,154.389,154.086,154.166
1769770800,154.166,154.174,153.856,153.86
1769774400,153.86,154.075,153.798,154.037
1769778000,154.038,154.376,153.978,154.366
1769781600,154.366,154.524,154.247,154.466
1769785200,154.467,154.764,154.22,154.224
1769788800,154.224,154.396,154.166,154.334
1769792400,154.335,154.532,154.318,154.445
1769796000,154.449,154.643,154.29,154.4
1769799600,154.401,154.69,154.358,154.534
1769803200,154.534,154.778,154.53,154.764
1769806800,154.764,154.798,154.714,154.782
1769983200,154.903,155.433,154.899,155.283
1769986800,155.292,155.512,155.083,155.22
1769990400,155.217,155.272,154.824,155.232
1769994000,155.233,155.391,155.01,155.04
1769997600,155.039,155.144,154.848,155.142
1770001200,155.142,155.146,154.902,154.978
1770004800,154.977,154.986,154.756,154.84
1770008400,154.841,154.968,154.758,154.894
1770012000,154.881,154.992,154.552,154.594
1770015600,154.594,154.92,154.576,154.908
1770019200,154.906,155.072,154.755,154.975
1770022800,154.974,154.993,154.754,154.774
1770026400,154.774,154.886,154.724,154.764
1770030000,154.761,154.884,154.724,154.752
1770033600,154.752,155.008,154.711,154.943
1770037200,154.942,155.297,154.936,155.228
1770040800,155.227,155.404,155.144,155.301
1770044400,155.326,155.704,155.326,155.668
1770048000,155.667,155.682,155.494,155.506
1770051600,155.506,155.56,155.418,155.508
1770055200,155.508,155.744,155.503,155.664
1770058800,155.664,155.79,155.624,155.629
1770062400,155.628,155.669,155.524,155.588
1770066000,155.588,155.628,155.528,155.606
1770069600,155.66,155.66,155.551,155.566
1770073200,155.554,155.6,155.418,155.472
1770076800,155.472,155.596,155.439,155.47
1770080400,155.471,155.618,155.412,155.47
1770084000,155.472,155.548,155.384,155.542
1770087600,155.538,155.558,155.404,155.474
1770091200,155.474,155.503,155.295,155.414
1770094800,155.414,155.48,155.34,155.43
1770098400,155.432,155.478,155.357,155.422
1770102000,155.422,155.526,155.308,155.406
1770105600,155.406,155.583,155.367,155.534
1770109200,155.534,155.878,155.511,155.874
1770112800,155.874,155.954,155.788,155.926
1770116400,155.926,155.985,155.877,155.952
1770120000,155.952,155.96,155.854,155.878
1770123600,155.879,155.896,155.772,155.886
1770127200,155.886,156.086,155.798,155.867
1770130800,155.868,155.938,155.706,155.714
1770134400,155.714,155.778,155.665,155.716
1770138000,155.715,155.733,155.528,155.723
1770141600,155.724,155.802,155.606,155.652
1770145200,155.652,155.804,155.65,155.776
1770148800,155.774,155.81,155.698,155.731
1770152400,155.732,155.796,155.698,155.795
1770156000,155.791,155.832,155.748,155.764
1770159600,155.764,155.858,155.689,155.804
1770163200,155.806,156.038,155.806,156.026
1770166800,156.026,156.19,156.016,156.139
1770170400,156.14,156.292,156.125,156.264
1770174000,156.264,156.394,156.247,156.32
1770177600,156.32,156.362,156.248,156.277
1770181200,156.278,156.355,156.239,156.302
1770184800,156.302,156.388,156.236,156.356
1770188400,156.356,156.467,156.316,156.426
1770192000,156.427,156.497,156.395,156.467
1770195600,156.468,156.671,156.398,156.647
1770199200,156.648,156.807,156.612,156.734
1770202800,156.736,156.858,156.714,156.82
1770206400,156.822,156.824,156.598,156.63
1770210000,156.63,156.766,156.463,156.479
1770213600,156.48,156.594,156.412,156.446
1770217200,156.465,156.708,156.354,156.656
1770220800,156.655,156.738,156.552,156.62
1770224400,156.619,156.694,156.462,156.672
1770228000,156.674,156.788,156.633,156.781
1770231600,156.782,156.892,156.74,156.822
1770235200,156.822,156.943,156.808,156.926
1770238800,156.926,156.948,156.866,156.87
1770242400,156.815,156.876,156.781,156.835
1770246000,156.826,156.942,156.816,156.908
1770249600,156.907,156.987,156.708,156.786
1770253200,156.786,156.944,156.782,156.864
1770256800,156.863,156.971,156.786,156.885
1770260400,156.886,156.918,156.688,156.796
1770264000,156.796,156.874,156.794,156.816
1770267600,156.816,156.988,156.814,156.978
1770271200,156.98,157.067,156.854,157.012
1770274800,157.012,157.197,156.919,157.102
1770278400,157.103,157.164,157.004,157.007
1770282000,157.008,157.339,157.002,157.329
1770285600,157.324,157.337,157.164,157.246
1770289200,157.244,157.282,157.122,157.152
1770292800,157.152,157.288,156.864,156.952
1770296400,156.951,156.953,156.526,156.596
1770300000,156.596,156.92,156.596,156.88
1770303600,156.88,156.88,156.55,156.835
1770307200,156.832,157.02,156.796,156.916
1770310800,156.918,156.935,156.802,156.806
1770314400,156.805,156.905,156.768,156.849
1770318000,156.847,156.911,156.795,156.9
1770321600,156.899,157.053,156.875,157.044
1770325200,157.044,157.096,157.022,157.044
1770328800,156.998,157.072,156.932,157.048
1770332400,157.046,157.062,156.716,156.804
1770336000,156.804,156.835,156.59,156.653
1770339600,156.652,156.792,156.512,156.658
1770343200,156.658,156.83,156.652,156.734
1770346800,156.734,156.773,156.68,156.737
1770350400,156.736,156.752,156.63,156.646
1770354000,156.648,156.77,156.594,156.762
1770357600,156.762,156.904,156.758,156.788
1770361200,156.788,156.895,156.675,156.89
1770364800,156.888,156.99,156.794,156.99
1770368400,156.99,157.076,156.973,157.052
1770372000,157.053,157.082,156.906,156.96
1770375600,156.96,157.157,156.95,157.047
1770379200,157.048,157.136,156.992,157.082
1770382800,157.082,157.126,156.904,156.934
1770386400,156.934,156.954,156.784,156.866
1770390000,156.869,157.114,156.834,156.84
1770393600,156.842,157.12,156.836,157.103
1770397200,157.104,157.134,156.992,157.053
1770400800,157.054,157.112,157.002,157.088
1770404400,157.088,157.136,157.072,157.103
1770408000,157.102,157.141,157.074,157.102
1770411600,157.104,157.274,157.096,157.24
1770588000,157.53,157.53,156.822,157.412
1770591600,157.415,157.662,157.087,157.254
1770595200,157.254,157.296,156.663,156.888
1770598800,156.887,156.908,156.212,156.632
1770602400,156.633,156.94,156.629,156.835
1770606000,156.836,156.918,156.773,156.87
1770609600,156.871,156.885,156.652,156.692
1770613200,156.692,156.71,156.522,156.611
1770616800,156.612,156.612,156.295,156.524
1770620400,156.525,156.686,156.306,156.6
1770624000,156.599,156.782,156.56,156.594
1770627600,156.593,156.702,156.394,156.644
1770631200,156.642,156.746,156.573,156.682
1770634800,156.682,156.749,156.415,156.47
1770638400,156.47,156.558,156.336,156.384
1770642000,156.384,156.396,155.912,155.932
1770645600,155.931,155.944,155.524,155.607
1770649200,155.605,155.89,155.572,155.852
1770652800,155.852,156.146,155.833,156.09
1770656400,156.09,156.141,155.959,155.964
1770660000,155.966,156.032,155.9,155.906
1770663600,155.907,155.945,155.64,155.713
1770667200,155.714,155.89,155.711,155.878
1770670800,155.878,155.934,155.852,155.899
1770674400,155.86,156.107,155.766,155.866
1770678000,155.866,156.148,155.856,156.127
1770681600,156.128,156.294,155.966,155.986
1770685200,155.986,156.061,155.674,155.734
1770688800,155.734,155.836,155.366,155.372
1770692400,155.373,155.398,155.152,155.33
1770696000,155.33,155.366,155.141,155.264
1770699600,155.264,155.325,155.086,155.306
1770703200,155.308,155.449,155.279,155.41
1770706800,155.412,155.611,155.288,155.56
1770710400,155.562,155.637,155.49,155.553
1770714000,155.552,155.556,155.249,155.286
1770717600,155.286,155.286,155.05,155.141
1770721200,155.142,155.305,155.11,155.271
1770724800,155.269,155.309,155.068,155.177
1770728400,155.178,155.232,154.731,154.762
1770732000,154.762,154.8,154.214,154.389
1770735600,154.391,154.466,154.072,154.212
1770739200,154.211,154.33,154.055,154.286
1770742800,154.287,154.422,154.159,154.38
1770746400,154.38,154.544,154.367,154.5
1770750000,154.502,154.588,154.3,154.318
1770753600,154.318,154.37,154.245,154.348
1770757200,154.346,154.44,154.318,154.379
1770760800,154.4,154.419,154.363,154.406
1770764400,154.406,154.51,154.392,154.504
1770768000,154.504,154.522,153.998,154.051
1770771600,154.05,154.07,153.837,153.983
1770775200,153.982,153.982,153.616,153.616
1770778800,153.614,153.736,153.55,153.562
1770782400,153.562,153.586,153.264,153.316
1770786000,153.316,153.395,152.998,153.043
1770789600,153.044,153.188,152.8,153.148
1770793200,153.148,153.322,153.086,153.109
1770796800,153.11,153.318,153.026,153.147
1770800400,153.146,153.41,153.107,153.208
1770804000,153.209,153.333,153.178,153.309
1770807600,153.31,153.526,153.31,153.495
1770811200,153.498,153.662,153.468,153.598
1770814800,153.6,154.654,152.853,153.838
1770818400,153.839,153.966,153.342,153.45
1770822000,153.449,153.69,153.17,153.62
1770825600,153.62,153.687,152.936,152.938
1770829200,152.937,153.02,152.55,152.83
1770832800,152.83,152.966,152.566,152.714
1770836400,152.714,152.949,152.714,152.948
1770840000,152.948,153.256,152.924,153.218
1770843600,153.218,153.315,153.205,153.27
1770847200,153.173,153.267,153.12,153.146
1770850800,153.139,153.284,153.086,153.267
1770854400,153.268,153.447,153.094,153.111
1770858000,153.11,153.165,152.792,152.852
1770861600,152.854,152.898,152.52,152.541
1770865200,152.542,152.644,152.27,152.562
1770868800,152.562,152.859,152.433,152.857
1770872400,152.855,153.192,152.82,153.104
1770876000,153.105,153.554,152.948,153.314
1770879600,153.315,153.356,152.86,153.034
1770883200,153.033,153.068,152.811,152.919
1770886800,152.92,153.016,152.804,152.914
1770890400,152.914,153.118,152.902,153.115
1770894000,153.116,153.336,153.038,153.312
1770897600,153.311,153.762,153.28,153.669
1770901200,153.668,153.728,153.224,153.268
1770904800,153.269,153.4,152.957,153.03
1770908400,153.028,153.067,152.626,152.648
1770912000,152.647,152.819,152.366,152.654
1770915600,152.653,152.892,152.55,152.854
1770919200,152.853,152.973,152.749,152.932
1770922800,152.934,152.99,152.875,152.902
1770926400,152.906,152.929,152.686,152.688
1770930000,152.688,152.789,152.668,152.738
1770933600,152.752,152.813,152.674,152.72
1770937200,152.72,152.876,152.698,152.792
1770940800,152.792,152.963,152.734,152.766
1770944400,152.766,153.35,152.763,153.268
1770948000,153.266,153.312,153.05,153.158
1770951600,153.158,153.16,152.844,152.952
1770955200,152.95,153.257,152.846,153.254
1770958800,153.254,153.399,153.068,153.296
1770962400,153.296,153.418,153.116,153.404
1770966000,153.402,153.598,153.322,153.398
1770969600,153.402,153.655,153.364,153.583
1770973200,153.584,153.668,153.452,153.508
1770976800,153.508,153.596,153.44,153.444
1770980400,153.444,153.468,153.234,153.361
1770984000,153.362,153.396,153.24,153.248
1770987600,153.247,153.34,152.92,153.068
1770991200,153.068,153.126,152.786,153.046
1770994800,153.046,153.154,152.906,153.132
1770998400,153.133,153.226,152.744,152.789
1771002000,152.79,152.87,152.596,152.808
1771005600,152.806,152.888,152.764,152.834
1771009200,152.835,152.86,152.729,152.778
1771012800,152.784,152.842,152.667,152.76
1771016400,152.759,152.77,152.627,152.711
1771192800,152.728,152.728,152.632,152.676
1771196400,152.688,152.866,152.664,152.798
1771200000,152.799,153.118,152.766,153.102
1771203600,153.104,153.166,152.964,153.022
1771207200,153.022,153.114,152.972,153.012
1771210800,153.011,153.104,152.998,153.07
1771214400,153.07,153.248,152.988,153.235
1771218000,153.236,153.248,153.146,153.198
1771221600,153.199,153.226,153.078,153.136
1771225200,153.136,153.388,153.132,153.345
1771228800,153.344,153.462,153.212,153.344
1771232400,153.342,153.616,153.296,153.572
1771236000,153.573,153.638,153.518,153.528
1771239600,153.529,153.555,153.358,153.372
1771243200,153.37,153.414,153.324,153.375
1771246800,153.374,153.451,153.3,153.336
1771250400,153.336,153.396,153.255,153.356
1771254000,153.356,153.48,153.3,153.464
1771257600,153.466,153.574,153.406,153.491
1771261200,153.49,153.566,153.458,153.473
1771264800,153.472,153.522,153.46,153.506
1771268400,153.506,153.53,153.472,153.484
1771272000,153.484,153.51,153.452,153.509
1771275600,153.508,153.54,153.499,153.52
1771279200,153.462,153.533,153.452,153.526
1771282800,153.525,153.761,153.52,153.56
1771286400,153.56,153.589,153.165,153.186
1771290000,153.186,153.398,153.134,153.149
1771293600,153.148,153.26,153.055,153.136
1771297200,153.136,153.182,153.022,153.18
1771300800,153.183,153.224,152.991,153.088
1771304400,153.09,153.152,152.901,152.956
1771308000,152.953,152.97,152.843,152.959
1771311600,152.956,153.112,152.828,153.084
1771315200,153.084,153.184,152.722,152.723
1771318800,152.722,152.946,152.7,152.906
1771322400,152.906,153.097,152.852,152.994
1771326000,152.994,153.185,152.954,153.132
1771329600,153.13,153.188,153.063,153.066
1771333200,153.064,153.392,153.024,153.278
1771336800,153.276,153.532,153.27,153.455
1771340400,153.456,153.927,153.45,153.799
1771344000,153.8,153.848,153.498,153.57
1771347600,153.57,153.585,153.434,153.47
1771351200,153.472,153.484,153.304,153.356
1771354800,153.356,153.4,153.232,153.257
1771358400,153.256,153.301,153.186,153.29
1771362000,153.29,153.306,153.229,153.299
1771365600,153.246,153.282,153.242,153.278
1771369200,153.278,153.307,153.106,153.134
1771372800,153.135,153.306,153.071,153.23
1771376400,153.23,153.466,153.227,153.442
1771380000,153.444,153.703,153.442,153.518
1771383600,153.519,153.605,153.466,153.604
1771387200,153.606,153.62,153.514,153.599
1771390800,153.6,153.616,153.454,153.46
1771394400,153.46,153.534,153.393,153.423
1771398000,153.424,153.716,153.416,153.67
1771401600,153.672,153.79,153.578,153.721
1771405200,153.722,153.798,153.642,153.729
1771408800,153.728,153.858,153.698,153.812
1771412400,153.812,153.818,153.656,153.709
1771416000,153.708,153.804,153.554,153.686
1771419600,153.686,153.946,153.617,153.944
1771423200,153.943,154.443,153.916,154.378
1771426800,154.38,154.436,154.248,154.284
1771430400,154.284,154.492,154.235,154.455
1771434000,154.454,154.606,154.414,154.534
1771437600,154.535,154.796,154.526,154.742
1771441200,154.742,154.874,154.328,154.723
1771444800,154.725,154.837,154.702,154.817
1771448400,154.82,154.854,154.777,154.824
1771452000,154.782,154.804,154.748,154.763
1771455600,154.76,154.796,154.686,154.686
1771459200,154.688,154.838,154.62,154.735
1771462800,154.736,154.985,154.656,154.951
1771466400,154.952,155.048,154.756,155.002
1771470000,155.001,155.268,154.928,155.139
1771473600,155.138,155.298,155.103,155.122
1771477200,155.123,155.334,155.102,155.305
1771480800,155.306,155.344,154.962,155.072
1771484400,155.074,155.196,154.934,154.977
1771488000,154.978,155.028,154.706,154.816
1771491600,154.816,154.976,154.754,154.81
1771495200,154.808,154.858,154.66,154.708
1771498800,154.708,154.724,154.576,154.628
1771502400,154.627,154.817,154.544,154.804
1771506000,154.803,155.044,154.795,154.917
1771509600,154.916,155.284,154.896,155.216
1771513200,155.218,155.266,154.956,154.999
1771516800,155.001,155.016,154.858,154.966
1771520400,154.966,155.034,154.923,155.018
1771524000,155.019,155.026,154.83,154.876
1771527600,154.875,155.134,154.83,155.081
1771531200,155.082,155.122,155.008,155.086
1771534800,155.088,155.106,154.958,155.001
1771538400,154.98,155.028,154.897,154.975
1771542000,154.974,155.212,154.931,155.199
1771545600,155.2,155.239,154.898,155.071
1771549200,155.074,155.316,154.968,155.144
1771552800,155.144,155.236,155.055,155.202
1771556400,155.201,155.212,155.095,155.144
1771560000,155.144,155.222,155.072,155.212
1771563600,155.211,155.37,155.174,155.292
1771567200,155.292,155.376,155.147,155.162
1771570800,155.156,155.506,154.948,155.499
1771574400,155.499,155.601,155.294,155.554
1771578000,155.556,155.644,155.368,155.394
1771581600,155.395,155.436,155.16,155.178
1771585200,155.179,155.278,155.126,155.23
1771588800,155.23,155.32,155.18,155.252
1771592400,155.254,155.45,155.052,155.418
1771596000,155.419,155.54,155.352,155.411
1771599600,155.405,155.533,154.771,154.856
1771603200,154.855,155.097,154.716,154.988
1771606800,154.991,155.206,154.938,154.996
1771610400,154.997,155.082,154.813,155.023
1771614000,155.02,155.188,154.964,155.128
1771617600,155.128,155.166,154.983,155.068
1771621200,155.068,155.086,154.952,155.076
1771797600,154.925,154.972,154.925,154.931
1771801200,154.932,154.972,154.317,154.344
1771804800,154.343,154.474,154.056,154.06
1771808400,154.058,154.284,153.996,154.216
1771812000,154.216,154.274,154.075,154.218
1771815600,154.218,154.43,154.218,154.259
1771819200,154.261,154.444,154.224,154.394
1771822800,154.394,154.491,154.388,154.44
1771826400,154.439,154.496,154.226,154.466
1771830000,154.466,154.609,154.458,154.482
1771833600,154.482,154.784,154.456,154.719
1771837200,154.72,154.864,154.626,154.812
1771840800,154.81,154.894,154.755,154.792
1771844400,154.792,154.946,154.756,154.925
1771848000,154.928,155.046,154.853,154.9
1771851600,154.902,154.955,154.566,154.622
1771855200,154.622,154.826,154.546,154.551
1771858800,154.549,154.555,154.356,154.428
1771862400,154.429,154.476,154.274,154.303
1771866000,154.302,154.419,154.222,154.392
1771869600,154.392,154.644,154.391,154.497
1771873200,154.499,154.672,154.483,154.62
1771876800,154.618,154.724,154.604,154.71
1771880400,154.709,154.769,154.64,154.674
1771884000,154.669,154.673,154.582,154.62
1771887600,154.6,154.704,154.526,154.664
1771891200,154.663,154.872,154.625,154.866
1771894800,154.866,155.14,154.848,154.974
1771898400,154.976,155.109,154.872,154.912
1771902000,154.912,155.124,154.865,155.12
1771905600,155.12,155.312,155.076,155.246
1771909200,155.247,155.31,155.167,155.168
1771912800,155.167,155.194,154.968,154.975
1771916400,154.976,156.171,154.946,156.098
1771920000,156.099,156.282,155.906,155.95
1771923600,155.951,155.98,155.733,155.856
1771927200,155.856,155.936,155.746,155.892
1771930800,155.889,155.95,155.678,155.884
1771934400,155.884,156.026,155.836,155.883
1771938000,155.884,156.094,155.773,156.058
1771941600,156.058,156.176,155.92,155.97
1771945200,155.971,156.108,155.816,155.91
1771948800,155.912,155.932,155.584,155.664
1771952400,155.664,155.782,155.627,155.758
1771956000,155.757,155.804,155.69,155.778
1771959600,155.778,155.82,155.708,155.78
1771963200,155.78,155.884,155.744,155.882
1771966800,155.884,155.927,155.842,155.902
1771970400,155.866,155.878,155.788,155.83
1771974000,155.828,155.913,155.798,155.91
1771977600,155.908,155.994,155.662,155.668
1771981200,155.67,155.839,155.62,155.778
1771984800,155.777,155.805,155.398,155.464
1771988400,155.462,156.044,155.348,155.826
1771992000,155.828,156.046,155.702,155.736
1771995600,155.737,155.8,155.574,155.599
1771999200,155.6,155.796,155.528,155.715
1772002800,155.716,155.924,155.688,155.92
1772006400,155.921,156.31,155.914,156.31
1772010000,156.309,156.662,156.306,156.559
1772013600,156.56,156.778,156.546,156.772
1772017200,156.772,156.826,156.73,156.796
1772020800,156.799,156.8,156.656,156.685
1772024400,156.686,156.75,156.59,156.696
1772028000,156.696,156.762,156.442,156.614
1772031600,156.613,156.613,156.338,156.368
1772035200,156.37,156.478,156.305,156.306
1772038800,156.305,156.374,156.238,156.328
1772042400,156.326,156.414,156.282,156.399
1772046000,156.398,156.542,156.37,156.444
1772049600,156.444,156.46,156.344,156.449
1772053200,156.448,156.475,156.356,156.364
1772056800,156.342,156.438,156.252,156.32
1772060400,156.31,156.339,156.118,156.171
1772064000,156.17,156.235,155.96,155.992
1772067600,155.991,156.056,155.81,155.831
1772071200,155.83,156.054,155.754,155.939
1772074800,155.94,155.999,155.8,155.941
1772078400,155.94,156.1,155.888,155.903
1772082000,155.904,155.973,155.699,155.945
1772085600,155.944,156.074,155.896,155.984
1772089200,155.986,156.174,155.986,156.054
1772092800,156.052,156.178,155.918,156.002
1772096400,156.002,156.093,155.918,156.07
1772100000,156.07,156.102,155.954,155.959
1772103600,155.96,156.084,155.92,156.078
1772107200,156.079,156.152,155.984,156.075
1772110800,156.076,156.176,155.943,156.162
1772114400,156.162,156.254,155.83,155.928
1772118000,155.93,156.126,155.845,156.042
1772121600,156.042,156.276,156.042,156.132
1772125200,156.133,156.402,156.125,156.393
1772128800,156.394,156.433,156.291,156.386
1772132400,156.384,156.394,156.112,156.131
1772136000,156.131,156.148,156.062,156.136
1772139600,156.136,156.154,156.058,156.135
1772143200,156.146,156.17,156.054,156.104
1772146800,156.1,156.102,155.832,155.86
1772150400,155.86,155.974,155.67,155.89
1772154000,155.891,155.988,155.709,155.984
1772157600,155.984,155.984,155.736,155.748
1772161200,155.747,155.819,155.698,155.774
1772164800,155.774,155.836,155.54,155.59
1772168400,155.592,155.837,155.578,155.834
1772172000,155.834,155.954,155.776,155.882
1772175600,155.883,156.124,155.883,156.084
1772179200,156.084,156.176,155.961,156.138
1772182800,156.138,156.233,156.057,156.073
1772186400,156.072,156.088,155.925,155.978
1772190000,155.98,156.001,155.866,155.912
1772193600,155.91,155.954,155.838,155.894
1772197200,155.892,156.183,155.89,156.172
1772200800,156.17,156.228,155.931,156.18
1772204400,156.181,156.212,155.952,156.07
1772208000,156.07,156.144,155.967,156.056
1772211600,156.056,156.134,155.915,156.058
1772215200,156.057,156.1,155.994,156.014
1772218800,156.014,156.025,155.888,156.018
1772222400,156.02,156.182,155.96,156.178
1772226000,156.178,156.194,156.036,156.066
1772402400,156.154,156.342,156.128,156.142
1772406000,156.14,156.663,156.138,156.634
1772409600,156.638,156.81,156.331,156.4
1772413200,156.402,156.603,156.214,156.22
1772416800,156.218,156.446,156.171,156.288
1772420400,156.285,156.341,156.16,156.32
1772424000,156.318,156.588,156.286,156.524
1772427600,156.522,156.858,156.522,156.834
1772431200,156.834,157.018,156.818,156.889
1772434800,156.89,157.041,156.887,156.98
1772438400,156.986,157.251,156.904,156.978
1772442000,156.977,157.026,156.798,157.011
1772445600,157.012,157.017,156.796,156.92
1772449200,156.92,157.01,156.863,156.964
1772452800,156.963,157.407,156.959,157.382
1772456400,157.38,157.606,157.35,157.522
1772460000,157.522,157.569,157.413,157.483
1772463600,157.494,157.752,157.494,157.734
1772467200,157.736,157.753,157.372,157.488
1772470800,157.489,157.498,157.336,157.362
1772474400,157.361,157.491,157.332,157.376
1772478000,157.376,157.378,157.122,157.153
1772481600,157.152,157.496,157.117,157.354
1772485200,157.352,157.404,157.283,157.36
1772488800,157.409,157.428,157.29,157.405
1772492400,157.402,157.418,157.179,157.27
1772496000,157.272,157.518,157.196,157.484
1772499600,157.485,157.6,157.281,157.292
1772503200,157.292,157.394,157.178,157.25
1772506800,157.25,157.388,157.2,157.283
1772510400,157.282,157.419,157.199,157.398
1772514000,157.401,157.435,157.27,157.396
1772517600,157.396,157.49,157.21,157.22
1772521200,157.222,157.458,157.151,157.413
1772524800,157.418,157.583,157.302,157.513
1772528400,157.514,157.824,157.464,157.674
1772532000,157.675,157.853,157.605,157.838
1772535600,157.839,157.972,157.674,157.682
1772539200,157.684,157.772,157.5,157.644
1772542800,157.642,157.82,157.618,157.804
1772546400,157.804,157.954,157.717,157.717
1772550000,157.718,157.916,157.602,157.844
1772553600,157.844,157.928,157.612,157.699
1772557200,157.698,157.868,157.676,157.836
1772560800,157.836,157.846,157.504,157.653
1772564400,157.654,157.822,157.474,157.668
1772568000,157.667,157.676,157.484,157.666
1772571600,157.666,157.76,157.637,157.694
1772575200,157.536,157.652,157.512,157.572
1772578800,157.572,157.796,157.552,157.767
1772582400,157.769,157.865,157.484,157.54
1772586000,157.54,157.765,157.536,157.59
1772589600,157.59,157.614,157.476,157.599
1772593200,157.601,157.645,157.369,157.41
1772596800,157.406,157.428,157.178,157.378
1772600400,157.378,157.633,157.352,157.569
1772604000,157.572,157.656,157.38,157.434
1772607600,157.435,157.484,157.254,157.46
1772611200,157.462,157.544,157.255,157.404
1772614800,157.405,157.468,157.092,157.202
1772618400,157.202,157.329,156.856,157.287
1772622000,157.288,157.351,157.068,157.22
1772625600,157.22,157.34,157.04,157.316
1772629200,157.318,157.326,157.088,157.298
1772632800,157.3,157.416,157.242,157.26
1772636400,157.259,157.398,157.104,157.12
1772640000,157.121,157.124,156.893,156.942
1772643600,156.944,157.039,156.882,156.977
1772647200,156.976,157.172,156.976,157.164
1772650800,157.164,157.165,156.971,157.008
1772654400,157.007,157.108,156.97,157.095
1772658000,157.093,157.12,157.015,157.054
1772661600,157.028,157.09,157.018,157.02
1772665200,157.018,157.098,156.976,156.98
1772668800,156.982,157.011,156.546,156.572
1772672400,156.568,156.77,156.454,156.765
1772676000,156.764,156.964,156.719,156.954
1772679600,156.954,157.087,156.894,156.993
1772683200,156.992,157.153,156.992,157.124
1772686800,157.125,157.22,156.98,157.192
1772690400,157.195,157.256,156.962,157.042
1772694000,157.043,157.293,156.958,157.26
1772697600,157.257,157.38,157.169,157.28
1772701200,157.279,157.31,156.901,157.16
1772704800,157.162,157.298,157.108,157.295
1772708400,157.295,157.367,157.244,157.35
1772712000,157.35,157.502,157.288,157.445
1772715600,157.446,157.784,157.434,157.764
1772719200,157.764,157.774,157.526,157.57
1772722800,157.57,157.776,157.396,157.624
1772726400,157.62,157.803,157.534,157.582
1772730000,157.583,157.851,157.548,157.69
1772733600,157.69,157.842,157.636,157.731
1772737200,157.733,157.849,157.694,157.814
1772740800,157.814,157.848,157.414,157.558
1772744400,157.56,157.576,157.476,157.558
1772748000,157.583,157.622,157.452,157.526
1772751600,157.526,157.604,157.471,157.568
1772755200,157.568,157.57,157.384,157.468
1772758800,157.469,157.593,157.416,157.484
1772762400,157.484,157.547,157.45,157.504
1772766000,157.504,157.516,157.468,157.494
1772769600,157.494,157.687,157.494,157.668
1772773200,157.669,157.88,157.64,157.846
1772776800,157.844,157.904,157.723,157.731
1772780400,157.73,157.773,157.534,157.538
1772784000,157.539,157.666,157.502,157.658
1772787600,157.656,157.896,157.654,157.863
1772791200,157.866,157.9,157.762,157.878
1772794800,157.88,157.995,157.834,157.954
1772798400,157.953,158.088,157.85,158.004
1772802000,158,158,157.382,157.873
1772805600,157.874,158.096,157.644,157.67
1772809200,157.668,157.775,157.548,157.588
1772812800,157.59,157.718,157.514,157.644
1772816400,157.644,157.856,157.599,157.802
1772820000,157.804,157.878,157.616,157.813
1772823600,157.814,157.877,157.752,157.875
1772827200,157.877,157.964,157.838,157.908
1772830800,157.908,157.913,157.797,157.822
1773003600,158.094,158.104,158.071,158.096
1773007200,158.096,158.482,158.096,158.32
1773010800,158.32,158.446,158.204,158.404
1773014400,158.404,158.696,158.311,158.65
1773018000,158.65,158.738,158.57,158.697
1773021600,158.695,158.762,158.634,158.71
1773025200,158.71,158.9,158.662,158.86
1773028800,158.86,158.872,158.655,158.724
1773032400,158.722,158.776,158.328,158.376
1773036000,158.376,158.644,158.363,158.622
1773039600,158.622,158.659,158.404,158.461
1773043200,158.462,158.69,158.36,158.633
1773046800,158.634,158.648,158.194,158.437
1773050400,158.438,158.579,158.358,158.462
1773054000,158.461,158.51,158.372,158.47
1773057600,158.471,158.604,158.352,158.572
1773061200,158.57,158.584,158.188,158.324
1773064800,158.324,158.551,158.296,158.387
1773068400,158.388,158.4,157.998,158.085
1773072000,158.085,158.224,157.972,158.14
1773075600,158.14,158.35,158.115,158.342
1773079200,158.343,158.408,158.244,158.4
1773082800,158.4,158.418,157.643,157.86
1773086400,157.862,157.921,157.633,157.668
1773090000,157.665,157.768,157.654,157.679
1773093600,157.68,157.906,157.637,157.816
1773097200,157.815,157.958,157.758,157.875
1773100800,157.876,157.95,157.564,157.594
1773104400,157.594,157.778,157.532,157.627
1773108000,157.626,157.828,157.601,157.816
1773111600,157.815,157.92,157.8,157.891
1773115200,157.89,157.932,157.764,157.778
1773118800,157.778,157.787,157.624,157.641
1773122400,157.641,157.654,157.466,157.548
1773126000,157.552,157.622,157.276,157.302
1773129600,157.305,157.717,157.3,157.702
1773133200,157.702,157.724,157.549,157.662
1773136800,157.662,157.898,157.662,157.766
1773140400,157.766,157.844,157.65,157.799
1773144000,157.798,157.98,157.764,157.813
1773147600,157.814,157.87,157.66,157.84
1773151200,157.841,157.916,157.642,157.692
1773154800,157.692,157.767,157.55,157.6
1773158400,157.602,157.708,157.532,157.574
1773162000,157.574,157.652,157.4,157.601
1773165600,157.6,157.982,157.595,157.868
1773169200,157.868,158.134,157.848,158.034
1773172800,158.035,158.09,157.976,158.066
1773176400,158.06,158.12,158.052,158.093
1773180000,158.096,158.185,158.058,158.168
1773183600,158.167,158.188,158.056,158.107
1773187200,158.106,158.226,157.918,158.197
1773190800,158.198,158.338,158.178,158.278
1773194400,158.277,158.394,158.23,158.296
1773198000,158.297,158.312,158.169,158.2
1773201600,158.2,158.259,158.095,158.107
1773205200,158.106,158.184,158.066,158.174
1773208800,158.172,158.178,157.864,158
1773212400,158,158.278,157.962,158.224
1773216000,158.224,158.447,158.199,158.404
1773219600,158.404,158.493,158.346,158.476
1773223200,158.478,158.49,158.256,158.29
1773226800,158.29,158.504,158.252,158.502
1773230400,158.502,158.63,158.327,158.61
1773234000,158.614,158.65,158.478,158.48
1773237600,158.48,158.696,158.304,158.689
1773241200,158.688,158.854,158.674,158.834
1773244800,158.834,158.868,158.768,158.834
1773248400,158.833,158.978,158.818,158.846
1773252000,158.846,158.943,158.839,158.926
1773255600,158.926,158.972,158.911,158.948
1773259200,158.948,158.972,158.922,158.96
1773262800,158.922,158.94,158.832,158.873
1773266400,158.868,158.998,158.868,158.99
1773270000,158.99,159.132,158.944,159.086
1773273600,159.087,159.238,158.93,158.981
1773277200,158.982,158.988,158.785,158.86
1773280800,158.86,159.115,158.836,159.059
1773284400,159.06,159.07,158.977,159.028
1773288000,159.027,159.158,159.011,159.126
1773291600,159.126,159.127,158.974,159.117
1773295200,159.116,159.116,158.882,158.904
1773298800,158.906,159,158.786,158.802
1773302400,158.801,158.944,158.673,158.887
1773306000,158.886,158.939,158.712,158.758
1773309600,158.758,158.824,158.688,158.721
1773313200,158.72,158.747,158.57,158.694
1773316800,158.693,158.936,158.681,158.894
1773320400,158.894,159.066,158.806,158.999
1773324000,158.998,159.202,158.948,159.184
1773327600,159.186,159.29,159.105,159.212
1773331200,159.212,159.288,159.134,159.211
1773334800,159.212,159.349,159.118,159.318
1773338400,159.316,159.415,159.282,159.404
1773342000,159.405,159.432,159.315,159.372
1773345600,159.374,159.419,159.298,159.35
1773349200,159.342,159.395,159.234,159.354
1773352800,159.361,159.426,159.256,159.274
1773356400,159.274,159.366,159.185,159.243
1773360000,159.241,159.241,159.012,159.097
1773363600,159.098,159.286,159.034,159.272
1773367200,159.272,159.376,159.198,159.286
1773370800,159.287,159.418,159.256,159.356
1773374400,159.357,159.686,159.347,159.508
1773378000,159.508,159.51,159.316,159.43
1773381600,159.431,159.466,159.318,159.431
1773385200,159.432,159.544,159.349,159.44
1773388800,159.438,159.534,159.332,159.335
1773392400,159.333,159.495,159.252,159.48
1773396000,159.48,159.504,159.335,159.402
1773399600,159.402,159.45,159.29,159.29
1773403200,159.289,159.431,159.206,159.334
1773406800,159.334,159.364,159.008,159.106
1773410400,159.106,159.382,159.093,159.37
1773414000,159.37,159.6,159.364,159.542
1773417600,159.543,159.638,159.512,159.616
1773421200,159.615,159.689,159.55,159.574
1773424800,159.574,159.678,159.564,159.634
1773428400,159.634,159.696,159.6,159.678
1773432000,159.678,159.758,159.649,159.733
1773608400,159.566,159.61,159.517,159.583
1773612000,159.579,159.748,159.505,159.532
1773615600,159.531,159.624,159.506,159.562
1773619200,159.562,159.562,159.254,159.3
1773622800,159.299,159.509,159.288,159.422
1773626400,159.422,159.606,159.41,159.591
1773630000,159.592,159.644,159.472,159.5
1773633600,159.5,159.62,159.492,159.562
1773637200,159.562,159.585,159.321,159.345
1773640800,159.347,159.41,159.274,159.294
1773644400,159.294,159.384,159.175,159.288
1773648000,159.286,159.376,159.224,159.351
1773651600,159.352,159.387,159.25,159.324
1773655200,159.324,159.348,159.202,159.226
1773658800,159.226,159.265,159.102,159.128
1773662400,159.128,159.144,158.962,159.13
1773666000,159.13,159.177,158.904,158.938
1773669600,158.938,159.194,158.851,159.144
1773673200,159.144,159.329,159.052,159.294
1773676800,159.296,159.36,159.195,159.265
1773680400,159.264,159.304,159.136,159.272
1773684000,159.272,159.272,158.912,158.965
1773687600,158.964,159.186,158.932,159.154
1773691200,159.152,159.158,159.04,159.046
1773694800,159.061,159.105,159,159.051
1773698400,159.063,159.146,159.032,159.122
1773702000,159.122,159.223,159.08,159.136
1773705600,159.136,159.345,159.122,159.315
1773709200,159.321,159.454,159.298,159.377
1773712800,159.376,159.433,159.317,159.364
1773716400,159.366,159.407,159.28,159.352
1773720000,159.35,159.394,159.216,159.232
1773723600,159.234,159.448,159.208,159.441
1773727200,159.442,159.499,159.344,159.35
1773730800,159.35,159.404,159.172,159.234
1773734400,159.233,159.236,159.058,159.105
1773738000,159.104,159.197,159.067,159.132
1773741600,159.134,159.218,159.05,159.121
1773745200,159.12,159.144,158.968,159.103
1773748800,159.104,159.156,158.967,159.032
1773752400,159.032,159.034,158.724,158.878
1773756000,158.88,159.018,158.818,158.936
1773759600,158.935,159.116,158.87,159.032
1773763200,159.032,159.117,158.878,158.944
1773766800,158.944,159.014,158.923,158.971
1773770400,158.97,159.048,158.89,159.047
1773774000,159.046,159.066,158.981,159.043
1773777600,159.042,159.058,158.985,159
1773781200,159.041,159.041,158.884,159.01
1773784800,158.992,158.998,158.913,158.968
1773788400,158.97,158.983,158.883,158.916
1773792000,158.916,159.14,158.805,159.068
1773795600,159.07,159.088,158.974,159.015
1773799200,159.012,159.038,158.877,158.914
1773802800,158.914,158.988,158.906,158.935
1773806400,158.936,158.936,158.754,158.814
1773810000,158.813,158.818,158.654,158.702
1773813600,158.702,158.784,158.57,158.746
1773817200,158.748,158.878,158.684,158.76
1773820800,158.762,158.99,158.762,158.951
1773824400,158.952,159.053,158.898,158.912
1773828000,158.912,159.03,158.91,159.014
1773831600,159.016,159.114,158.9,158.976
1773835200,158.976,159.475,158.964,159.448
1773838800,159.45,159.585,159.437,159.496
1773842400,159.497,159.536,159.422,159.424
1773846000,159.423,159.498,159.371,159.484
1773849600,159.484,159.517,159.397,159.468
1773853200,159.469,159.544,159.369,159.41
1773856800,159.405,159.734,159.26,159.732
1773860400,159.732,159.842,159.687,159.828
1773864000,159.83,159.904,159.81,159.868
1773867600,159.868,159.868,159.733,159.733
1773871200,159.742,159.849,159.727,159.776
1773874800,159.775,159.844,159.758,159.816
1773878400,159.819,159.85,159.686,159.777
1773882000,159.78,159.817,159.584,159.664
1773885600,159.664,159.708,159.546,159.661
1773889200,159.66,159.714,159.609,159.634
1773892800,159.634,159.678,159.592,159.658
1773896400,159.658,159.748,159.642,159.713
1773900000,159.715,159.806,159.602,159.683
1773903600,159.681,159.702,159.197,159.234
1773907200,159.233,159.391,159.04,159.186
1773910800,159.184,159.283,159.07,159.152
1773914400,159.153,159.246,159.112,159.124
1773918000,159.126,159.164,159.046,159.064
1773921600,159.064,159.296,158.853,158.907
1773925200,158.908,158.942,158.124,158.224
1773928800,158.224,158.43,158.065,158.37
1773932400,158.372,158.564,158.143,158.194
1773936000,158.194,158.222,158.044,158.046
1773939600,158.046,158.098,157.798,157.814
1773943200,157.815,157.914,157.69,157.692
1773946800,157.693,157.7,157.51,157.65
1773950400,157.65,157.724,157.61,157.709
1773954000,157.69,157.824,157.639,157.787
1773957600,157.792,157.898,157.704,157.879
1773961200,157.88,157.994,157.813,157.934
1773964800,157.934,157.982,157.806,157.862
1773968400,157.856,158.138,157.75,158.108
1773972000,158.108,158.352,158.108,158.31
1773975600,158.312,158.404,158.282,158.392
1773979200,158.392,158.416,158.344,158.378
1773982800,158.378,158.434,158.346,158.429
1773986400,158.428,158.435,158.336,158.418
1773990000,158.418,158.454,158.284,158.294
1773993600,158.294,158.492,158.26,158.491
1773997200,158.49,158.864,158.453,158.835
1774000800,158.832,158.901,158.685,158.72
1774004400,158.72,158.73,158.522,158.582
1774008000,158.581,158.714,158.522,158.7
1774011600,158.7,159.023,158.672,159.022
1774015200,159.022,159.18,159.008,159.129
1774018800,159.13,159.261,158.964,159.256
1774022400,159.258,159.288,159.15,159.272
1774026000,159.272,159.364,159.144,159.223
1774029600,159.222,159.391,159.187,159.352
1774033200,159.353,159.376,159.232,159.304
1774036800,159.304,159.332,159.222,159.228
1774213200,159.346,159.392,159.147,159.319
1774216800,159.326,159.474,159.234,159.296
1774220400,159.297,159.309,159.109,159.148
1774224000,159.149,159.527,159.014,159.504
1774227600,159.504,159.53,159.339,159.482
1774231200,159.482,159.589,159.418,159.527
1774234800,159.526,159.621,159.33,159.462
1774238400,159.46,159.464,159.346,159.401
1774242000,159.4,159.588,159.355,159.571
1774245600,159.572,159.658,159.47,159.472
1774249200,159.472,159.629,159.383,159.59
1774252800,159.588,159.658,159.312,159.439
1774256400,159.437,159.604,159.402,159.544
1774260000,159.545,159.634,159.48,159.626
1774263600,159.625,159.633,158.255,158.93
1774267200,158.935,159.046,158.494,158.51
1774270800,158.51,158.724,158.426,158.456
1774274400,158.457,158.504,158.202,158.432
1774278000,158.436,158.77,158.216,158.704
1774281600,158.702,158.848,158.594,158.688
1774285200,158.688,158.734,158.406,158.446
1774288800,158.445,158.529,158.02,158.076
1774292400,158.076,158.424,158.067,158.417
1774296000,158.418,158.476,158.394,158.429
1774299600,158.429,158.442,158.309,158.394
1774303200,158.394,158.406,158.294,158.333
1774306800,158.332,158.51,158.276,158.481
1774310400,158.482,158.71,158.438,158.578
1774314000,158.576,158.644,158.445,158.588
1774317600,158.586,158.678,158.501,158.668
1774321200,158.667,158.747,158.613,158.731
1774324800,158.732,158.794,158.713,158.754
1774328400,158.755,158.785,158.572,158.629
1774332000,158.63,158.718,158.566,158.604
1774335600,158.605,158.64,158.404,158.496
1774339200,158.497,158.668,158.428,158.654
1774342800,158.654,158.774,158.615,158.634
1774346400,158.635,158.8,158.622,158.69
1774350000,158.691,158.796,158.618,158.771
1774353600,158.772,158.862,158.694,158.818
1774357200,158.818,158.957,158.768,158.807
1774360800,158.806,158.814,158.558,158.728
1774364400,158.728,158.902,158.63,158.902
1774368000,158.904,158.952,158.8,158.92
1774371600,158.919,159.192,158.919,159.071
1774375200,159.07,159.168,158.853,158.974
1774378800,158.974,158.998,158.852,158.988
1774382400,158.99,159.038,158.371,158.705
1774386000,158.702,158.704,158.587,158.651
1774389600,158.651,158.766,158.606,158.69
1774393200,158.689,158.762,158.635,158.706
1774396800,158.708,158.837,158.574,158.644
1774400400,158.646,158.762,158.61,158.718
1774404000,158.718,158.835,158.685,158.806
1774407600,158.808,158.826,158.754,158.804
1774411200,158.806,158.944,158.792,158.881
1774414800,158.887,159.022,158.887,158.994
1774418400,158.996,159.046,158.952,159.005
1774422000,159.006,159.149,158.948,159.136
1774425600,159.134,159.204,158.728,158.776
1774429200,158.776,158.965,158.73,158.89
1774432800,158.89,158.976,158.852,158.893
1774436400,158.894,158.954,158.82,158.85
1774440000,158.852,159.088,158.763,159.024
1774443600,159.023,159.165,158.938,159.15
1774447200,159.15,159.204,158.999,159.054
1774450800,159.052,159.246,159.028,159.208
1774454400,159.208,159.299,159.124,159.248
1774458000,159.248,159.294,159.15,159.256
1774461600,159.258,159.452,159.24,159.419
1774465200,159.418,159.503,159.418,159.461
1774468800,159.46,159.498,159.448,159.474
1774472400,159.469,159.478,159.381,159.411
1774476000,159.416,159.468,159.388,159.406
1774479600,159.404,159.431,159.373,159.391
1774483200,159.393,159.504,159.332,159.476
1774486800,159.474,159.515,159.389,159.48
1774490400,159.48,159.54,159.438,159.522
1774494000,159.522,159.529,159.41,159.454
1774497600,159.454,159.47,159.372,159.436
1774501200,159.435,159.492,159.376,159.489
1774504800,159.492,159.508,159.286,159.312
1774508400,159.31,159.504,159.303,159.5
1774512000,159.501,159.546,159.438,159.468
1774515600,159.467,159.538,159.438,159.492
1774519200,159.492,159.551,159.424,159.492
1774522800,159.492,159.672,159.472,159.658
1774526400,159.658,159.7,159.556,159.636
1774530000,159.639,159.66,159.47,159.525
1774533600,159.524,159.604,159.431,159.554
1774537200,159.555,159.696,159.534,159.657
1774540800,159.658,159.704,159.617,159.664
1774544400,159.663,159.768,159.636,159.763
1774548000,159.764,159.804,159.718,159.742
1774551600,159.741,159.834,159.733,159.828
1774555200,159.828,159.853,159.342,159.777
1774558800,159.718,159.791,159.636,159.713
1774562400,159.706,159.754,159.656,159.66
1774566000,159.658,159.73,159.642,159.726
1774569600,159.726,159.767,159.49,159.562
1774573200,159.562,159.598,159.458,159.482
1774576800,159.483,159.588,159.458,159.529
1774580400,159.53,159.625,159.504,159.618
1774584000,159.617,159.646,159.554,159.623
1774587600,159.622,159.652,159.575,159.628
1774591200,159.628,159.771,159.578,159.75
1774594800,159.755,159.977,159.737,159.946
1774598400,159.946,159.954,159.751,159.839
1774602000,159.84,159.942,159.764,159.87
1774605600,159.869,159.948,159.782,159.92
1774609200,159.92,159.94,159.811,159.858
1774612800,159.858,159.932,159.798,159.876
1774616400,159.877,159.952,159.838,159.894
1774620000,159.892,159.922,159.798,159.898
1774623600,159.898,160.174,159.7,160.168
1774627200,160.166,160.299,160.068,160.148
1774630800,160.15,160.414,160.075,160.338
1774634400,160.339,160.396,160.244,160.248
1774638000,160.248,160.294,160.144,160.147
1774641600,160.15,160.33,160.108,160.315
1774818000,160.197,160.417,160.113,160.242
1774821600,160.269,160.464,160.214,160.414
1774825200,160.412,160.448,160.229,160.237
1774828800,160.234,160.254,159.88,159.882
1774832400,159.884,160,159.842,159.929
1774836000,159.932,159.99,159.758,159.846
1774839600,159.846,159.847,159.74,159.792
1774843200,159.791,159.801,159.656,159.796
1774846800,159.795,159.814,159.674,159.732
1774850400,159.732,159.838,159.612,159.804
1774854000,159.803,159.858,159.572,159.782
1774857600,159.78,159.812,159.586,159.689
1774861200,159.688,159.728,159.576,159.6
1774864800,159.598,159.648,159.488,159.61
1774868400,159.61,159.611,159.413,159.516
1774872000,159.517,159.562,159.342,159.373
1774875600,159.374,159.548,159.328,159.53
1774879200,159.529,159.619,159.497,159.535
1774882800,159.534,159.642,159.388,159.482
1774886400,159.483,159.514,159.414,159.445
1774890000,159.446,159.59,159.42,159.571
1774893600,159.57,159.642,159.453,159.624
1774897200,159.625,159.715,159.612,159.694
1774900800,159.694,159.747,159.638,159.742
1774904400,159.72,159.763,159.667,159.76
1774908000,159.759,159.809,159.726,159.804
1774911600,159.806,159.868,159.8,159.846
1774915200,159.844,159.942,159.69,159.882
1774918800,159.882,159.975,159.666,159.752
1774922400,159.753,159.784,159.592,159.605
1774926000,159.604,159.746,159.598,159.727
1774929600,159.726,159.732,159.606,159.623
1774933200,159.622,159.636,159.484,159.612
1774936800,159.612,159.742,159.496,159.73
1774940400,159.727,159.788,159.626,159.646
1774944000,159.646,159.682,159.522,159.576
1774947600,159.576,159.678,159.512,159.651
1774951200,159.65,159.774,159.64,159.735
1774954800,159.736,159.766,159.365,159.42
1774958400,159.42,159.566,159.345,159.369
1774962000,159.368,159.445,159.076,159.089
1774965600,159.09,159.322,159.06,159.099
1774969200,159.104,159.125,158.894,159.082
1774972800,159.082,159.206,158.822,158.952
1774976400,158.951,158.961,158.751,158.947
1774980000,158.946,158.968,158.788,158.878
1774983600,158.878,159.003,158.684,158.714
1774987200,158.712,158.764,158.658,158.724
1774990800,158.772,158.875,158.677,158.74
1774994400,158.746,158.826,158.714,158.734
1774998000,158.735,158.784,158.563,158.588
1775001600,158.589,158.844,158.453,158.788
1775005200,158.788,159.014,158.735,158.758
1775008800,158.756,158.788,158.662,158.724
1775012400,158.728,158.864,158.584,158.862
1775016000,158.864,158.937,158.782,158.786
1775019600,158.786,158.92,158.618,158.676
1775023200,158.675,158.689,158.29,158.31
1775026800,158.31,158.792,158.274,158.78
1775030400,158.781,158.874,158.424,158.582
1775034000,158.584,158.773,158.486,158.712
1775037600,158.711,158.734,158.517,158.522
1775041200,158.52,158.551,158.348,158.35
1775044800,158.35,158.586,158.318,158.532
1775048400,158.532,158.675,158.457,158.649
1775052000,158.654,158.768,158.464,158.487
1775055600,158.484,158.698,158.41,158.632
1775059200,158.633,158.732,158.546,158.556
1775062800,158.554,158.723,158.45,158.71
1775066400,158.709,158.864,158.691,158.852
1775070000,158.852,158.948,158.842,158.896
1775073600,158.896,158.908,158.752,158.79
1775077200,158.808,158.827,158.616,158.709
1775080800,158.71,158.74,158.585,158.61
1775084400,158.609,158.718,158.545,158.716
1775088000,158.716,158.766,158.582,158.671
1775091600,158.672,159.289,158.608,159.286
1775095200,159.286,159.476,159.176,159.423
1775098800,159.424,159.447,159.312,159.368
1775102400,159.369,159.438,159.336,159.347
1775106000,159.348,159.446,159.34,159.442
1775109600,159.442,159.468,159.305,159.388
1775113200,159.389,159.716,159.373,159.578
1775116800,159.578,159.708,159.552,159.68
1775120400,159.68,159.726,159.569,159.57
1775124000,159.57,159.702,159.546,159.687
1775127600,159.686,159.747,159.676,159.706
1775131200,159.704,159.711,159.564,159.633
1775134800,159.632,159.692,159.454,159.47
1775138400,159.469,159.507,159.242,159.362
1775142000,159.362,159.39,159.232,159.344
1775145600,159.344,159.516,159.312,159.512
1775149200,159.514,159.616,159.496,159.595
1775152800,159.594,159.728,159.582,159.636
1775156400,159.636,159.68,159.544,159.662
1775160000,159.664,159.678,159.557,159.606
1775163600,159.597,159.597,159.554,159.567
1775167200,159.556,159.603,159.512,159.533
1775170800,159.532,159.536,159.486,159.496
1775174400,159.496,159.632,159.431,159.598
1775178000,159.597,159.652,159.548,159.646
1775181600,159.648,159.718,159.614,159.674
1775185200,159.674,159.696,159.574,159.582
1775188800,159.583,159.634,159.538,159.623
1775192400,159.624,159.658,159.602,159.65
1775196000,159.65,159.694,159.59,159.637
1775199600,159.636,159.636,159.547,159.587
1775203200,159.588,159.64,159.57,159.609
1775206800,159.61,159.621,159.582,159.596
1775210400,159.596,159.615,159.566,159.596
1775214000,159.596,159.598,159.541,159.56
1775217600,159.56,159.824,159.532,159.62
1775221200,159.62,159.634,159.487,159.516
1775224800,159.516,159.602,159.492,159.598
1775228400,159.598,159.649,159.566,159.646
1775232000,159.646,159.65,159.628,159.636
1775235600,159.636,159.652,159.632,159.636
1775239200,159.638,159.672,159.63,159.658
1775242800,159.658,159.67,159.634,159.638
1775246400,159.638,159.719,159.505,159.632
1775422800,159.641,159.772,159.477,159.632
1775426400,159.62,159.808,159.472,159.679
1775430000,159.678,159.834,159.61,159.78
1775433600,159.781,159.805,159.658,159.75
1775437200,159.747,159.747,159.618,159.694
1775440800,159.694,159.695,159.528,159.557
1775444400,159.558,159.642,159.536,159.626
1775448000,159.626,159.633,159.547,159.572
1775451600,159.57,159.583,159.552,159.574
1775455200,159.573,159.656,159.545,159.611
1775458800,159.612,159.712,159.346,159.388
1775462400,159.386,159.44,159.304,159.39
1775466000,159.389,159.471,159.348,159.434
1775469600,159.434,159.562,159.414,159.462
1775473200,159.461,159.588,159.455,159.558
1775476800,159.561,159.572,159.37,159.41
1775480400,159.409,159.504,159.398,159.491
1775484000,159.484,159.72,159.399,159.708
1775487600,159.709,159.805,159.704,159.708
1775491200,159.709,159.714,159.623,159.681
1775494800,159.68,159.798,159.68,159.774
1775498400,159.774,159.792,159.594,159.688
1775502000,159.688,159.736,159.652,159.698
1775505600,159.698,159.715,159.67,159.686
1775509200,159.694,159.748,159.605,159.676
1775512800,159.682,159.682,159.574,159.67
1775516400,159.67,159.71,159.655,159.696
1775520000,159.694,159.842,159.68,159.83
1775523600,159.83,159.924,159.788,159.884
1775527200,159.886,159.934,159.85,159.874
1775530800,159.874,159.886,159.822,159.834
1775534400,159.832,159.834,159.732,159.738
1775538000,159.738,159.819,159.726,159.772
1775541600,159.77,159.816,159.734,159.785
1775545200,159.784,159.882,159.778,159.864
1775548800,159.864,159.866,159.481,159.492
1775552400,159.492,159.638,159.468,159.636
1775556000,159.634,159.796,159.617,159.786
1775559600,159.784,159.867,159.768,159.83
1775563200,159.83,159.876,159.714,159.781
1775566800,159.78,159.895,159.724,159.89
1775570400,159.89,159.964,159.778,159.956
1775574000,159.956,160.032,159.868,159.898
1775577600,159.9,159.912,159.797,159.908
1775581200,159.908,159.957,159.706,159.782
1775584800,159.784,159.868,159.7,159.844
1775588400,159.844,159.868,159.544,159.586
1775592000,159.585,159.696,159.504,159.61
1775595600,159.614,159.627,159.542,159.586
1775599200,159.581,159.78,158.85,158.926
1775602800,158.927,158.97,158.601,158.72
1775606400,158.722,158.792,158.546,158.694
1775610000,158.695,158.716,158.344,158.409
1775613600,158.41,158.581,158.294,158.435
1775617200,158.433,158.466,158.352,158.45
1775620800,158.448,158.463,158.344,158.354
1775624400,158.356,158.434,158.152,158.278
1775628000,158.281,158.377,158.049,158.204
1775631600,158.204,158.368,158.112,158.218
1775635200,158.217,158.49,158.125,158.376
1775638800,158.375,158.498,158.28,158.492
1775642400,158.492,158.538,158.384,158.435
1775646000,158.436,158.488,158.22,158.255
1775649600,158.252,158.328,157.95,158.018
1775653200,158.018,158.328,157.888,158.276
1775656800,158.276,158.423,158.186,158.281
1775660400,158.283,158.468,158.257,158.388
1775664000,158.388,158.499,158.356,158.424
1775667600,158.424,158.524,158.391,158.456
1775671200,158.458,158.745,158.38,158.737
1775674800,158.74,158.798,158.502,158.54
1775678400,158.539,158.63,158.518,158.569
1775682000,158.553,158.654,158.486,158.546
1775685600,158.534,158.587,158.508,158.569
1775689200,158.568,158.684,158.562,158.654
1775692800,158.656,158.872,158.621,158.86
1775696400,158.858,158.954,158.792,158.83
1775700000,158.83,158.858,158.707,158.72
1775703600,158.718,158.808,158.692,158.756
1775707200,158.754,158.754,158.644,158.737
1775710800,158.738,158.866,158.718,158.845
1775714400,158.847,158.932,158.77,158.788
1775718000,158.787,158.976,158.767,158.972
1775721600,158.97,159.111,158.911,159.003
1775725200,159.004,159.058,158.94,158.988
1775728800,158.989,159.084,158.956,159.082
1775732400,159.082,159.088,158.84,158.896
1775736000,158.896,159.116,158.857,159.002
1775739600,159.003,159.099,158.89,159.084
1775743200,159.082,159.245,158.994,159.188
1775746800,159.188,159.299,158.866,158.87
1775750400,158.87,158.9,158.63,158.764
1775754000,158.764,158.796,158.679,158.769
1775757600,158.768,159.026,158.766,159.012
1775761200,159.012,159.1,158.976,159.096
1775764800,159.096,159.133,158.995,158.998
1775768400,158.954,159.012,158.948,159.003
1775772000,159,159.104,158.966,159.087
1775775600,159.088,159.128,159.048,159.094
1775779200,159.093,159.246,159.093,159.186
1775782800,159.188,159.23,159.024,159.031
1775786400,159.029,159.194,159.025,159.16
1775790000,159.162,159.177,159.118,159.14
1775793600,159.138,159.215,159.124,159.185
1775797200,159.186,159.275,159.184,159.258
1775800800,159.259,159.383,159.204,159.283
1775804400,159.283,159.342,159.196,159.341
1775808000,159.342,159.354,159.245,159.318
1775811600,159.318,159.332,159.182,159.246
1775815200,159.246,159.292,159.182,159.2
1775818800,159.2,159.242,159.161,159.178
1775822400,159.179,159.191,158.894,159.156
1775826000,159.157,159.206,159.07,159.176
1775829600,159.172,159.244,159.094,159.128
1775833200,159.128,159.236,159.035,159.228
1775836800,159.228,159.352,159.218,159.27
1775840400,159.27,159.31,159.244,159.295
1775844000,159.296,159.342,159.239,159.282
1775847600,159.282,159.312,159.268,159.304
1775851200,159.304,159.322,159.26,159.275
1776027600,159.596,159.638,159.544,159.602
1776031200,159.592,159.854,159.592,159.807
1776034800,159.806,159.858,159.652,159.68
1776038400,159.68,159.846,159.668,159.706
1776042000,159.704,159.786,159.656,159.689
1776045600,159.69,159.758,159.663,159.714
1776049200,159.714,159.752,159.678,159.682
1776052800,159.682,159.776,159.668,159.726
1776056400,159.728,159.754,159.673,159.68
1776060000,159.681,159.735,159.561,159.678
1776063600,159.676,159.723,159.605,159.606
1776067200,159.607,159.726,159.568,159.712
1776070800,159.711,159.742,159.674,159.736
1776074400,159.735,159.742,159.668,159.692
1776078000,159.69,159.852,159.647,159.845
1776081600,159.846,159.862,159.686,159.745
1776085200,159.744,159.802,159.546,159.55
1776088800,159.55,159.664,159.506,159.57
1776092400,159.572,159.756,159.572,159.746
1776096000,159.746,159.788,159.46,159.527
1776099600,159.526,159.538,159.361,159.412
1776103200,159.41,159.411,159.297,159.327
1776106800,159.328,159.395,159.291,159.387
1776110400,159.385,159.462,159.374,159.445
1776114000,159.422,159.443,159.346,159.371
1776117600,159.375,159.422,159.328,159.372
1776121200,159.372,159.381,159.208,159.225
1776124800,159.226,159.34,159.144,159.167
1776128400,159.166,159.236,159.083,159.213
1776132000,159.214,159.268,159.126,159.144
1776135600,159.144,159.169,159.078,159.094
1776139200,159.095,159.122,159.013,159.031
1776142800,159.032,159.16,158.96,159.133
1776146400,159.134,159.285,159.118,159.158
1776150000,159.158,159.169,158.948,159.068
1776153600,159.069,159.171,159.026,159.068
1776157200,159.068,159.094,158.852,158.976
1776160800,158.975,158.98,158.806,158.827
1776164400,158.828,158.836,158.703,158.778
1776168000,158.778,158.878,158.701,158.715
1776171600,158.716,158.9,158.677,158.858
1776175200,158.859,158.862,158.602,158.747
1776178800,158.748,158.921,158.748,158.914
1776182400,158.914,158.936,158.816,158.838
1776186000,158.839,158.894,158.7,158.736
1776189600,158.736,158.838,158.688,158.815
1776193200,158.816,158.912,158.802,158.864
1776196800,158.864,158.894,158.796,158.802
1776200400,158.801,158.844,158.791,158.83
1776204000,158.846,158.85,158.777,158.842
1776207600,158.842,158.884,158.772,158.803
1776211200,158.804,158.884,158.74,158.816
1776214800,158.816,158.98,158.816,158.912
1776218400,158.914,159.068,158.885,159.039
1776222000,159.04,159.053,158.958,158.986
1776225600,158.987,159.012,158.954,158.986
1776229200,158.986,158.998,158.912,158.962
1776232800,158.962,159.03,158.864,159.026
1776236400,159.027,159.03,158.886,158.931
1776240000,158.932,158.938,158.644,158.78
1776243600,158.78,158.936,158.718,158.898
1776247200,158.9,159.052,158.826,158.978
1776250800,158.978,159.098,158.93,159.03
1776254400,159.028,159.153,159.028,159.108
1776258000,159.108,159.122,158.982,159.028
1776261600,159.028,159.066,158.922,158.989
1776265200,158.992,159.031,158.865,159.026
1776268800,159.025,159.035,158.752,158.884
1776272400,158.883,159.114,158.88,159.103
1776276000,159.104,159.122,159.002,159.024
1776279600,159.024,159.058,158.952,158.978
1776283200,158.979,159.005,158.956,158.969
1776286800,159.004,159.01,158.902,158.958
1776290400,158.958,158.958,158.838,158.876
1776294000,158.874,158.892,158.798,158.818
1776297600,158.819,158.852,158.718,158.732
1776301200,158.732,158.827,158.68,158.754
1776304800,158.754,158.815,158.509,158.512
1776308400,158.514,158.678,158.266,158.672
1776312000,158.674,158.742,158.653,158.714
1776315600,158.714,158.858,158.7,158.85
1776319200,158.85,158.956,158.754,158.794
1776322800,158.793,158.89,158.725,158.866
1776326400,158.866,159.06,158.851,158.987
1776330000,158.988,159.07,158.96,159.038
1776333600,159.038,159.134,159.013,159.023
1776337200,159.022,159.022,158.881,158.962
1776340800,158.961,159.116,158.93,159.114
1776344400,159.114,159.308,158.99,159.218
1776348000,159.216,159.276,159.089,159.262
1776351600,159.264,159.285,159.075,159.076
1776355200,159.076,159.264,159.026,159.18
1776358800,159.178,159.292,159.172,159.256
1776362400,159.258,159.258,159.161,159.218
1776366000,159.22,159.22,159.099,159.175
1776369600,159.173,159.2,159.144,159.145
1776373200,159.182,159.192,159.112,159.152
1776376800,159.152,159.152,159.025,159.115
1776380400,159.114,159.23,159.088,159.206
1776384000,159.207,159.362,159.181,159.332
1776387600,159.332,159.43,159.302,159.363
1776391200,159.362,159.448,159.362,159.376
1776394800,159.376,159.467,159.367,159.39
1776398400,159.389,159.484,159.376,159.47
1776402000,159.472,159.532,159.454,159.48
1776405600,159.48,159.521,159.373,159.406
1776409200,159.406,159.406,159.278,159.28
1776412800,159.278,159.304,159.143,159.143
1776416400,159.143,159.19,159.008,159.043
1776420000,159.042,159.18,159.032,159.168
1776423600,159.168,159.228,159.143,159.176
1776427200,159.176,159.182,158.406,158.416
1776430800,158.415,158.518,158.07,158.188
1776434400,158.188,158.233,157.59,157.852
1776438000,157.854,158.18,157.796,158.103
1776441600,158.105,158.204,157.959,158.043
1776445200,158.042,158.28,158.04,158.168
1776448800,158.166,158.468,158.138,158.438
1776452400,158.438,158.589,158.369,158.563
1776456000,158.563,158.64,158.536,158.616
1776632400,158.81,158.926,158.789,158.908
1776636000,158.91,159.069,158.886,159.01
1776639600,159.012,159.201,158.936,159.158
1776643200,159.157,159.204,158.893,159.006
1776646800,159.007,159.018,158.837,158.86
1776650400,158.86,158.914,158.791,158.882
1776654000,158.88,158.934,158.803,158.884
1776657600,158.884,158.948,158.846,158.898
1776661200,158.898,159.01,158.896,158.951
1776664800,158.95,158.998,158.822,158.872
1776668400,158.87,159.053,158.728,158.967
1776672000,158.968,159.076,158.918,158.983
1776675600,158.981,159.033,158.884,158.924
1776679200,158.923,158.975,158.86,158.913
1776682800,158.912,158.957,158.76,158.84
1776686400,158.842,158.973,158.812,158.88
1776690000,158.88,158.938,158.568,158.635
1776693600,158.638,158.895,158.633,158.718
1776697200,158.718,158.79,158.552,158.672
1776700800,158.67,158.711,158.616,158.654
1776704400,158.652,158.77,158.61,158.756
1776708000,158.755,158.926,158.67,158.907
1776711600,158.908,158.922,158.799,158.841
1776715200,158.843,158.906,158.801,158.825
1776718800,158.786,158.827,158.757,158.76
1776722400,158.759,158.818,158.734,158.774
1776726000,158.775,158.863,158.76,158.852
1776729600,158.852,158.994,158.836,158.952
1776733200,158.953,158.977,158.912,158.95
1776736800,158.952,158.997,158.922,158.952
1776740400,158.954,158.993,158.931,158.986
1776744000,158.986,158.992,158.948,158.958
1776747600,158.958,158.96,158.85,158.908
1776751200,158.908,158.916,158.796,158.814
1776754800,158.816,159.025,158.802,159.024
1776758400,159.024,159.218,159.019,159.176
1776762000,159.175,159.256,159.106,159.202
1776765600,159.203,159.233,159.188,159.194
1776769200,159.194,159.251,159.042,159.048
1776772800,159.044,159.244,159.019,159.179
1776776400,159.18,159.198,159.018,159.092
1776780000,159.092,159.384,159.042,159.377
1776783600,159.378,159.444,159.28,159.397
1776787200,159.396,159.508,159.348,159.466
1776790800,159.466,159.617,159.168,159.325
1776794400,159.326,159.494,159.285,159.373
1776798000,159.372,159.642,159.23,159.612
1776801600,159.612,159.64,159.295,159.412
1776805200,159.378,159.449,159.342,159.402
1776808800,159.415,159.423,159.362,159.418
1776812400,159.418,159.46,159.364,159.384
1776816000,159.384,159.384,159.174,159.292
1776819600,159.292,159.334,159.227,159.257
1776823200,159.256,159.374,159.25,159.357
1776826800,159.356,159.402,159.336,159.397
1776830400,159.398,159.398,159.298,159.344
1776834000,159.344,159.347,159.104,159.234
1776837600,159.234,159.26,159.13,159.131
1776841200,159.132,159.3,159.111,159.222
1776844800,159.224,159.37,159.202,159.356
1776848400,159.358,159.373,159.315,159.344
1776852000,159.344,159.372,159.216,159.23
1776855600,159.23,159.282,159.196,159.25
1776859200,159.25,159.364,159.15,159.36
1776862800,159.361,159.369,159.112,159.176
1776866400,159.176,159.396,159.142,159.394
1776870000,159.395,159.513,159.368,159.499
1776873600,159.5,159.532,159.448,159.508
1776877200,159.505,159.523,159.429,159.443
1776880800,159.444,159.491,159.416,159.482
1776884400,159.483,159.554,159.464,159.548
1776888000,159.547,159.576,159.472,159.476
1776891600,159.495,159.51,159.387,159.463
1776895200,159.438,159.492,159.414,159.476
1776898800,159.475,159.502,159.44,159.49
1776902400,159.492,159.69,159.298,159.332
1776906000,159.329,159.421,159.295,159.382
1776909600,159.382,159.566,159.364,159.537
1776913200,159.536,159.551,159.474,159.547
1776916800,159.548,159.586,159.516,159.546
1776920400,159.546,159.604,159.514,159.536
1776924000,159.536,159.668,159.524,159.66
1776927600,159.662,159.7,159.598,159.601
1776931200,159.6,159.7,159.588,159.694
1776934800,159.696,159.742,159.654,159.734
1776938400,159.734,159.782,159.663,159.716
1776942000,159.717,159.752,159.5,159.554
1776945600,159.554,159.601,159.436,159.506
1776949200,159.506,159.625,159.468,159.576
1776952800,159.577,159.62,159.381,159.397
1776956400,159.398,159.49,159.315,159.444
1776960000,159.444,159.49,159.428,159.457
1776963600,159.456,159.847,159.453,159.562
1776967200,159.56,159.638,159.468,159.631
1776970800,159.633,159.758,159.606,159.699
1776974400,159.701,159.758,159.69,159.749
1776978000,159.672,159.746,159.634,159.682
1776981600,159.682,159.73,159.662,159.704
1776985200,159.705,159.788,159.704,159.756
1776988800,159.756,159.81,159.679,159.794
1776992400,159.794,159.811,159.756,159.758
1776996000,159.758,159.798,159.752,159.772
1776999600,159.769,159.842,159.765,159.792
1777003200,159.792,159.8,159.728,159.778
1777006800,159.778,159.817,159.751,159.772
1777010400,159.772,159.795,159.604,159.688
1777014000,159.689,159.72,159.63,159.67
1777017600,159.67,159.758,159.663,159.721
1777021200,159.72,159.762,159.691,159.748
1777024800,159.748,159.773,159.646,159.654
1777028400,159.653,159.678,159.338,159.428
1777032000,159.428,159.624,159.376,159.554
1777035600,159.551,159.654,159.476,159.597
1777039200,159.596,159.645,159.383,159.513
1777042800,159.512,159.587,159.334,159.355
1777046400,159.356,159.42,159.314,159.358
1777050000,159.358,159.43,159.308,159.414
1777053600,159.414,159.468,159.4,159.426
1777057200,159.425,159.45,159.376,159.418
1777060800,159.421,159.429,159.332,159.348
1777237200,159.565,159.601,159.53,159.567
1777240800,159.545,159.592,159.515,159.546
1777244400,159.544,159.598,159.508,159.584
1777248000,159.583,159.584,159.45,159.481
1777251600,159.48,159.48,159.254,159.333
1777255200,159.332,159.368,159.27,159.302
1777258800,159.302,159.314,159.192,159.229
1777262400,159.227,159.261,159.152,159.238
1777266000,159.238,159.42,159.234,159.412
1777269600,159.414,159.482,159.26,159.265
1777273200,159.267,159.304,159.187,159.23
1777276800,159.23,159.27,159.112,159.151
1777280400,159.152,159.234,159.096,159.224
1777284000,159.225,159.274,159.132,159.151
1777287600,159.152,159.214,159.105,159.196
1777291200,159.196,159.235,159.108,159.23
1777294800,159.232,159.287,159.146,159.261
1777298400,159.261,159.292,159.108,159.219
1777302000,159.218,159.314,159.214,159.297
1777305600,159.296,159.388,159.278,159.387
1777309200,159.388,159.464,159.348,159.388
1777312800,159.388,159.454,159.388,159.447
1777316400,159.446,159.448,159.369,159.422
1777320000,159.422,159.431,159.388,159.425
1777323600,159.442,159.447,159.396,159.429
1777327200,159.424,159.464,159.389,159.408
1777330800,159.409,159.45,159.354,159.368
1777334400,159.368,159.486,159.31,159.47
1777338000,159.47,159.552,159.468,159.551
1777341600,159.558,159.568,159.49,159.518
1777345200,159.518,159.564,158.982,159.078
1777348800,159.076,159.09,158.96,159.084
1777352400,159.086,159.216,159.054,159.202
1777356000,159.202,159.36,159.032,159.354
1777359600,159.354,159.546,159.268,159.534
1777363200,159.534,159.69,159.457,159.476
1777366800,159.476,159.596,159.418,159.576
1777370400,159.574,159.648,159.536,159.635
1777374000,159.636,159.788,159.604,159.758
1777377600,159.758,159.787,159.416,159.464
1777381200,159.465,159.608,159.434,159.516
1777384800,159.516,159.751,159.508,159.723
1777388400,159.724,159.724,159.529,159.544
1777392000,159.544,159.625,159.508,159.56
1777395600,159.562,159.628,159.51,159.544
1777399200,159.542,159.629,159.518,159.624
1777402800,159.623,159.69,159.576,159.659
1777406400,159.66,159.664,159.594,159.616
1777410000,159.56,159.65,159.556,159.584
1777413600,159.586,159.608,159.57,159.572
1777417200,159.571,159.598,159.54,159.56
1777420800,159.558,159.596,159.52,159.55
1777424400,159.548,159.666,159.526,159.613
1777428000,159.613,159.634,159.572,159.625
1777431600,159.626,159.642,159.59,159.62
1777435200,159.618,159.65,159.618,159.638
1777438800,159.638,159.714,159.636,159.71
1777442400,159.712,159.738,159.608,159.659
1777446000,159.66,159.704,159.62,159.673
1777449600,159.672,159.789,159.64,159.784
1777453200,159.785,159.842,159.752,159.836
1777456800,159.836,159.84,159.75,159.756
1777460400,159.754,159.854,159.738,159.848
1777464000,159.849,159.98,159.816,159.978
1777467600,159.976,160.19,159.952,160.186
1777471200,160.186,160.204,160.011,160.102
1777474800,160.1,160.326,160.096,160.236
1777478400,160.236,160.32,160.172,160.312
1777482000,160.31,160.367,160.223,160.223
1777485600,160.213,160.43,160.166,160.348
1777489200,160.349,160.444,160.285,160.383
1777492800,160.384,160.478,160.357,160.45
1777496400,160.418,160.442,160.317,160.404
1777500000,160.394,160.441,160.326,160.332
1777503600,160.33,160.348,160.152,160.201
1777507200,160.2,160.304,160.074,160.296
1777510800,160.298,160.319,160.211,160.228
1777514400,160.23,160.402,160.214,160.344
1777518000,160.342,160.428,160.32,160.428
1777521600,160.427,160.582,160.366,160.537
1777525200,160.536,160.659,160.465,160.658
1777528800,160.657,160.726,160.537,160.612
1777532400,160.615,160.62,159.787,160.135
1777536000,160.136,160.18,159.454,159.588
1777539600,159.586,159.598,159.225,159.344
1777543200,159.344,159.356,156.988,157.175
1777546800,157.172,157.472,155.556,156.379
1777550400,156.378,157.111,156.347,156.824
1777554000,156.824,156.962,156.202,156.924
1777557600,156.93,156.961,156.464,156.678
1777561200,156.678,156.834,156.604,156.662
1777564800,156.662,156.742,156.51,156.579
1777568400,156.578,156.701,156.428,156.486
1777572000,156.485,156.486,156.315,156.414
1777575600,156.418,156.57,156.308,156.568
1777579200,156.566,156.633,156.51,156.624
1777582800,156.51,156.654,156.51,156.585
1777586400,156.582,156.75,156.573,156.666
1777590000,156.668,157.023,156.645,156.991
1777593600,156.99,157.307,156.967,157.082
1777597200,157.083,157.258,157.049,157.202
1777600800,157.2,157.33,157.13,157.237
1777604400,157.234,157.292,156.992,157.188
1777608000,157.188,157.28,157.112,157.247
1777611600,157.248,157.302,157.203,157.28
1777615200,157.28,157.296,155.488,155.964
1777618800,155.964,156.727,155.864,156.624
1777622400,156.622,156.657,156.262,156.475
1777626000,156.476,156.762,156.426,156.579
1777629600,156.578,156.63,156.488,156.592
1777633200,156.592,156.624,156.437,156.582
1777636800,156.582,156.641,156.386,156.594
1777640400,156.596,156.758,156.334,156.492
1777644000,156.491,156.726,156.369,156.638
1777647600,156.636,156.901,156.624,156.763
1777651200,156.764,156.946,156.669,156.945
1777654800,156.944,157.03,156.855,156.934
1777658400,156.934,157.122,156.914,157.016
1777662000,157.016,157.092,157.002,157.062
1777665600,157.062,157.112,156.965,157.088
1777842000,156.756,156.8,156.685,156.75
1777845600,156.749,156.932,156.689,156.836
1777849200,156.836,156.904,156.796,156.904
1777852800,156.904,156.996,156.87,156.91
1777856400,156.91,157.082,156.593,157.041
1777860000,157.04,157.199,157.026,157.126
1777863600,157.128,157.25,155.702,156.204
1777867200,156.206,156.792,156.137,156.731
1777870800,156.732,156.864,156.532,156.788
1777874400,156.783,156.942,156.736,156.928
1777878000,156.928,156.984,156.82,156.898
1777881600,156.898,156.98,156.888,156.953
1777885200,156.952,157.014,156.892,156.97
1777888800,156.97,157.204,156.962,157.116
1777892400,157.115,157.184,157.065,157.175
1777896000,157.174,157.184,157.023,157.14
1777899600,157.14,157.184,156.97,157.02
1777903200,157.02,157.158,156.926,157.092
1777906800,157.092,157.303,156.942,157.201
1777910400,157.202,157.305,157.14,157.27
1777914000,157.271,157.288,157.168,157.229
1777917600,157.23,157.28,156.545,156.744
1777921200,156.744,157.132,156.744,157.1
1777924800,157.102,157.288,157.1,157.248
1777928400,157.214,157.228,157.15,157.169
1777932000,157.171,157.276,157.146,157.232
1777935600,157.232,157.239,157.176,157.218
1777939200,157.219,157.258,157.17,157.214
1777942800,157.212,157.272,157.19,157.213
1777946400,157.212,157.236,157.188,157.222
1777950000,157.224,157.27,157.214,157.268
1777953600,157.269,157.305,157.238,157.289
1777957200,157.288,157.302,157.215,157.279
1777960800,157.278,157.3,157.196,157.226
1777964400,157.226,157.242,157.076,157.24
1777968000,157.24,157.287,157.208,157.28
1777971600,157.28,157.898,157.104,157.513
1777975200,157.514,157.672,157.49,157.62
1777978800,157.62,157.795,157.614,157.746
1777982400,157.747,157.841,157.64,157.77
1777986000,157.77,157.8,157.676,157.768
1777989600,157.766,157.83,157.674,157.682
1777993200,157.681,157.731,157.608,157.68
1777996800,157.681,157.804,157.654,157.79
1778000400,157.792,157.886,157.77,157.851
1778004000,157.85,157.921,157.836,157.878
1778007600,157.878,157.918,157.862,157.882
1778011200,157.883,157.901,157.842,157.896
1778014800,157.888,157.908,157.878,157.907
1778018400,157.906,157.94,157.588,157.73
1778022000,157.726,157.735,157.544,157.677
1778025600,157.678,157.712,157.552,157.596
1778029200,157.597,157.7,157.578,157.698
1778032800,157.698,157.835,157.656,157.815
1778036400,157.815,157.894,157.724,157.778
1778040000,157.78,157.828,155.032,155.94
1778043600,155.942,156.392,155.756,156.322
1778047200,156.322,156.458,156.306,156.392
1778050800,156.388,156.567,155.732,155.819
1778054400,155.82,156.294,155.758,155.982
1778058000,155.982,156.11,155.917,155.926
1778061600,155.928,156.125,155.615,155.758
1778065200,155.758,156.108,155.702,156.088
1778068800,156.086,156.303,156.086,156.281
1778072400,156.282,156.318,156.054,156.12
1778076000,156.12,156.298,156.05,156.282
1778079600,156.283,156.46,156.27,156.44
1778083200,156.442,156.49,156.366,156.43
1778086800,156.43,156.515,156.358,156.488
1778090400,156.488,156.49,156.358,156.406
1778094000,156.405,156.444,156.352,156.422
1778097600,156.424,156.456,156.298,156.37
1778101200,156.351,156.36,156.251,156.26
1778104800,156.25,156.385,156.248,156.342
1778108400,156.342,156.528,156.283,156.522
1778112000,156.522,156.527,156.219,156.323
1778115600,156.323,156.355,156.024,156.218
1778119200,156.219,156.354,156.153,156.338
1778122800,156.337,156.437,156.31,156.417
1778126400,156.417,156.422,156.31,156.358
1778130000,156.358,156.4,156.304,156.374
1778133600,156.374,156.414,156.106,156.288
1778137200,156.288,156.294,156.022,156.264
1778140800,156.264,156.341,156.185,156.327
1778144400,156.328,156.419,156.304,156.374
1778148000,156.375,156.404,156.286,156.398
1778151600,156.398,156.476,156.348,156.406
1778155200,156.405,156.424,156.243,156.286
1778158800,156.286,156.409,156.256,156.341
1778162400,156.342,156.407,156.169,156.253
1778166000,156.254,156.514,156.248,156.484
1778169600,156.484,156.648,156.472,156.636
1778173200,156.636,156.864,156.628,156.67
1778176800,156.668,156.867,156.608,156.747
1778180400,156.746,156.88,156.688,156.876
1778184000,156.876,156.956,156.75,156.938
1778187600,156.885,156.922,156.746,156.855
1778191200,156.856,156.958,156.848,156.894
1778194800,156.894,156.918,156.823,156.852
1778198400,156.851,156.992,156.815,156.97
1778202000,156.97,156.978,156.856,156.905
1778205600,156.904,156.962,156.874,156.892
1778209200,156.891,156.897,156.77,156.839
1778212800,156.839,156.904,156.828,156.849
1778216400,156.85,156.886,156.812,156.837
1778220000,156.836,156.849,156.714,156.833
1778223600,156.833,156.854,156.742,156.834
1778227200,156.834,156.859,156.637,156.706
1778230800,156.706,156.713,156.63,156.681
1778234400,156.68,156.788,156.655,156.774
1778238000,156.775,156.79,156.728,156.75
1778241600,156.751,156.832,156.522,156.642
1778245200,156.642,156.704,156.434,156.526
1778248800,156.524,156.668,156.504,156.628
1778252400,156.628,156.672,156.556,156.647
1778256000,156.648,156.706,156.6,156.7
1778259600,156.7,156.718,156.614,156.69
1778263200,156.69,156.75,156.592,156.696
1778266800,156.697,156.778,156.674,156.732
1778270400,156.732,156.759,156.656,156.686
1778446800,156.61,156.742,156.557,156.742
1778450400,156.74,156.962,156.733,156.9
1778454000,156.899,156.903,156.834,156.868
1778457600,156.87,157.064,156.835,156.936
1778461200,156.937,157.099,156.924,157.096
1778464800,157.095,157.152,157.056,157.144
1778468400,157.144,157.176,157.094,157.159
1778472000,157.16,157.163,157.092,157.125
1778475600,157.126,157.148,157.069,157.138
1778479200,157.138,157.152,156.99,157.001
1778482800,157,157.136,156.992,157.124
1778486400,157.124,157.147,156.949,157.09
1778490000,157.09,157.148,157.072,157.145
1778493600,157.146,157.162,157.084,157.144
1778497200,157.145,157.148,157.072,157.12
1778500800,157.121,157.141,157.064,157.119
1778504400,157.118,157.13,157,157.035
1778508000,157.035,157.098,156.98,157
1778511600,157.002,157.073,156.984,157.048
1778515200,157.048,157.165,157.034,157.16
1778518800,157.159,157.214,157.106,157.112
1778522400,157.116,157.21,157.094,157.206
1778526000,157.206,157.27,157.2,157.243
1778529600,157.244,157.273,157.208,157.226
1778533200,157.161,157.221,157.15,157.159
1778536800,157.163,157.21,157.154,157.198
1778540400,157.197,157.248,157.188,157.242
1778544000,157.242,157.436,157.241,157.422
1778547600,157.422,157.587,157.376,157.538
1778551200,157.538,157.655,157.53,157.59
1778554800,157.59,157.641,157.548,157.613
1778558400,157.615,157.641,157.552,157.586
1778562000,157.587,157.751,156.726,157.308
1778565600,157.309,157.528,157.053,157.514
1778569200,157.514,157.572,157.391,157.508
1778572800,157.508,157.657,157.489,157.619
1778576400,157.62,157.668,157.538,157.564
1778580000,157.564,157.617,157.496,157.562
1778583600,157.562,157.606,157.501,157.574
1778587200,157.573,157.646,157.518,157.554
1778590800,157.555,157.667,157.482,157.651
1778594400,157.65,157.701,157.574,157.624
1778598000,157.624,157.754,157.612,157.715
1778601600,157.714,157.766,157.678,157.752
1778605200,157.753,157.754,157.682,157.695
1778608800,157.696,157.726,157.586,157.596
1778612400,157.597,157.64,157.519,157.638
1778616000,157.633,157.662,157.596,157.615
1778619600,157.611,157.64,157.582,157.591
1778623200,157.589,157.624,157.58,157.601
1778626800,157.6,157.678,157.562,157.672
1778630400,157.674,157.77,157.636,157.712
1778634000,157.712,157.783,157.566,157.653
1778637600,157.654,157.729,157.602,157.658
1778641200,157.658,157.688,157.626,157.681
1778644800,157.682,157.752,157.672,157.72
1778648400,157.721,157.738,157.686,157.686
1778652000,157.687,157.79,157.686,157.772
1778655600,157.775,157.848,157.678,157.834
1778659200,157.836,157.845,157.752,157.809
1778662800,157.81,157.898,157.785,157.841
1778666400,157.842,157.858,157.78,157.814
1778670000,157.814,157.838,157.746,157.766
1778673600,157.766,157.911,157.756,157.848
1778677200,157.847,157.864,157.759,157.775
1778680800,157.776,157.898,157.757,157.863
1778684400,157.862,157.878,157.776,157.836
1778688000,157.837,157.863,157.748,157.856
1778691600,157.854,157.926,157.834,157.924
1778695200,157.924,157.926,157.856,157.896
1778698800,157.895,157.903,157.839,157.872
1778702400,157.873,157.904,157.864,157.894
1778706000,157.855,157.882,157.689,157.86
1778709600,157.848,157.86,157.794,157.811
1778713200,157.812,157.864,157.781,157.86
1778716800,157.862,157.874,157.808,157.854
1778720400,157.855,157.922,157.848,157.912
1778724000,157.913,157.953,157.888,157.924
1778727600,157.923,157.998,157.92,157.972
1778731200,157.972,157.976,157.509,157.868
1778734800,157.87,157.948,157.864,157.909
1778738400,157.91,157.916,157.808,157.846
1778742000,157.848,157.938,157.822,157.916
1778745600,157.916,157.951,157.853,157.902
1778749200,157.902,157.932,157.886,157.913
1778752800,157.912,157.944,157.876,157.935
1778756400,157.934,157.978,157.91,157.974
1778760000,157.974,157.995,157.904,157.971
1778763600,157.972,158.172,157.313,157.91
1778767200,157.912,158.156,157.844,158.156
1778770800,158.156,158.194,158.08,158.089
1778774400,158.09,158.206,158.082,158.168
1778778000,158.167,158.202,158.136,158.194
1778781600,158.194,158.207,158.17,158.188
1778785200,158.186,158.384,158.169,158.359
1778788800,158.359,158.423,158.344,158.384
1778792400,158.336,158.377,158.302,158.35
1778796000,158.352,158.393,158.337,158.382
1778799600,158.38,158.441,158.326,158.386
1778803200,158.388,158.515,158.324,158.471
1778806800,158.47,158.566,158.425,158.532
1778810400,158.533,158.593,158.446,158.526
1778814000,158.527,158.532,158.48,158.49
1778817600,158.49,158.525,158.478,158.516
1778821200,158.516,158.646,158.516,158.612
1778824800,158.612,158.676,158.43,158.431
1778828400,158.434,158.486,158.354,158.451
1778832000,158.448,158.577,158.405,158.56
1778835600,158.561,158.606,158.466,158.516
1778839200,158.516,158.536,158.294,158.368
1778842800,158.368,158.588,158.361,158.574
1778846400,158.575,158.584,158.51,158.574
1778850000,158.572,158.745,158.534,158.69
1778853600,158.691,158.742,158.592,158.592
1778857200,158.593,158.747,158.55,158.698
1778860800,158.696,158.736,158.666,158.708
1778864400,158.707,158.729,158.644,158.729
1778868000,158.728,158.754,158.702,158.704
1778871600,158.704,158.786,158.694,158.774
1778875200,158.774,158.847,158.737,158.776
1779051600,158.68,158.778,158.611,158.666
1779055200,158.659,158.828,158.659,158.79
1779058800,158.791,158.885,158.766,158.854
1779062400,158.853,158.956,158.805,158.934
1779066000,158.934,158.956,158.868,158.934
1779069600,158.933,158.95,158.89,158.915
1779073200,158.916,159.058,158.907,159.036
1779076800,159.038,159.075,158.808,158.986
1779080400,158.986,159.001,158.905,158.948
1779084000,158.947,158.953,158.838,158.896
1779087600,158.895,158.986,158.806,158.922
1779091200,158.922,158.934,158.792,158.827
1779094800,158.826,158.936,158.826,158.936
1779098400,158.936,158.952,158.899,158.93
1779102000,158.928,158.96,158.684,158.837
1779105600,158.838,158.845,158.612,158.69
1779109200,158.691,158.783,158.646,158.748
1779112800,158.746,158.916,158.73,158.842
1779116400,158.844,158.94,158.802,158.834
1779120000,158.834,158.946,158.774,158.932
1779123600,158.932,158.952,158.89,158.916
1779127200,158.914,159.078,158.914,159.078
1779130800,159.076,159.082,158.81,158.888
1779134400,158.887,158.887,158.746,158.858
1779138000,158.832,158.846,158.757,158.774
1779141600,158.751,158.834,158.75,158.832
1779145200,158.833,158.874,158.804,158.872
1779148800,158.872,159.022,158.858,159.012
1779152400,159.013,159.031,158.892,158.983
1779156000,158.984,159.008,158.95,158.967
1779159600,158.968,158.993,158.928,158.956
1779163200,158.955,159.008,158.922,158.996
1779166800,158.996,159.034,158.952,159.007
1779170400,159.008,159.114,159.005,159.074
1779174000,159.076,159.144,159.006,159.044
1779177600,159.043,159.148,159.006,159.142
1779181200,159.142,159.174,159.067,159.102
1779184800,159.104,159.18,159.056,159.094
1779188400,159.094,159.146,159.076,159.133
1779192000,159.134,159.142,158.649,159.07
1779195600,159.068,159.194,158.922,159.047
1779199200,159.048,159.252,158.994,159.07
1779202800,159.07,159.172,158.96,159.118
1779206400,159.118,159.176,158.779,158.824
1779210000,158.824,158.889,158.786,158.864
1779213600,158.862,159.09,158.858,159.045
1779217200,159.048,159.08,158.996,159.056
1779220800,159.057,159.108,159.046,159.08
1779224400,159.07,159.09,159.043,159.066
1779228000,159.066,159.108,159.056,159.07
1779231600,159.07,159.074,158.995,159.047
1779235200,159.046,159.104,158.954,158.999
1779238800,158.998,159.094,158.974,159.037
1779242400,159.036,159.046,158.84,158.926
1779246000,158.926,158.954,158.856,158.874
1779249600,158.874,159.004,158.821,158.981
1779253200,158.984,158.995,158.918,158.972
1779256800,158.974,159.003,158.871,158.98
1779260400,158.98,159.068,158.929,159.067
1779264000,159.068,159.102,159.019,159.045
1779267600,159.044,159.08,158.992,159.069
1779271200,159.07,159.072,158.959,159
1779274800,159,159.054,158.972,159.036
1779278400,159.036,159.045,158.987,159.016
1779282000,159.017,159.116,159.005,159.104
1779285600,159.104,159.168,158.79,158.872
1779289200,158.87,158.925,158.588,158.846
1779292800,158.847,158.916,158.754,158.836
1779296400,158.836,158.935,158.815,158.916
1779300000,158.924,158.962,158.796,158.842
1779303600,158.844,158.899,158.782,158.859
1779307200,158.858,158.937,158.848,158.934
1779310800,158.914,158.918,158.841,158.87
1779314400,158.868,158.888,158.838,158.856
1779318000,158.856,158.927,158.828,158.89
1779321600,158.892,158.933,158.85,158.866
1779325200,158.865,158.902,158.808,158.888
1779328800,158.888,158.98,158.852,158.976
1779332400,158.977,158.986,158.922,158.97
1779336000,158.97,159.004,158.947,158.998
1779339600,158.998,159.05,158.977,159.01
1779343200,159.011,159.074,158.99,159.062
1779346800,159.064,159.088,158.998,159.03
1779350400,159.03,159.032,158.903,158.982
1779354000,158.982,158.992,158.912,158.976
1779357600,158.976,159.14,158.961,159.126
1779361200,159.126,159.17,159.044,159.157
1779364800,159.158,159.188,159.091,159.162
1779368400,159.162,159.347,159.122,159.198
1779372000,159.201,159.28,159.121,159.166
1779375600,159.165,159.258,159.147,159.17
1779379200,159.168,159.199,159.12,159.142
1779382800,159.142,159.175,158.82,158.89
1779386400,158.89,159.106,158.839,159.08
1779390000,159.08,159.096,158.88,158.923
1779393600,158.924,159.009,158.888,158.99
1779397200,158.929,158.994,158.928,158.974
1779400800,158.97,159.024,158.963,159.008
1779404400,159.006,159.044,158.988,159.028
1779408000,159.03,159.128,159.024,159.092
1779411600,159.092,159.124,159.057,159.102
1779415200,159.102,159.106,159.002,159.034
1779418800,159.033,159.054,159.008,159.04
1779422400,159.04,159.075,159.013,159.07
1779426000,159.071,159.14,159.057,159.132
1779429600,159.133,159.144,159.064,159.106
1779433200,159.107,159.146,159.107,159.132
1779436800,159.134,159.136,159.057,159.092
1779440400,159.091,159.148,159.084,159.104
1779444000,159.104,159.136,159.078,159.124
1779447600,159.124,159.146,159.113,159.14
1779451200,159.14,159.15,159.06,159.08
1779454800,159.079,159.14,158.992,159.092
1779458400,159.091,159.178,159.066,159.104
1779462000,159.104,159.234,159.086,159.199
1779465600,159.2,159.232,159.156,159.176
1779469200,159.176,159.183,159.064,159.13
1779472800,159.131,159.169,159.102,159.134
1779476400,159.132,159.172,159.102,159.169
1779480000,159.17,159.215,159.14,159.206
1779656400,158.817,158.916,158.816,158.892
1779660000,158.908,159.01,158.828,158.885
1779663600,158.884,158.965,158.846,158.958
1779667200,158.958,158.964,158.831,158.9
1779670800,158.899,158.901,158.759,158.878
1779674400,158.878,158.88,158.837,158.852
1779678000,158.852,158.894,158.836,158.886
1779681600,158.888,158.916,158.847,158.863
1779685200,158.862,158.938,158.846,158.926
1779688800,158.927,158.94,158.894,158.907
1779692400,158.906,159.042,158.902,158.974
1779696000,158.974,158.992,158.902,158.917
1779699600,158.916,158.945,158.898,158.928
1779703200,158.927,158.952,158.92,158.946
1779706800,158.946,158.96,158.892,158.936
1779710400,158.936,158.943,158.882,158.904
1779714000,158.904,158.926,158.887,158.919
1779717600,158.92,158.926,158.888,158.92
1779721200,158.922,158.952,158.882,158.899
1779724800,158.898,158.924,158.894,158.9
1779728400,158.898,158.908,158.888,158.898
1779732000,158.898,158.91,158.89,158.902
1779735600,158.904,158.922,158.892,158.916
1779739200,158.914,158.946,158.91,158.929
1779742800,158.904,158.926,158.864,158.9
1779746400,158.902,158.962,158.897,158.924
1779750000,158.924,158.968,158.912,158.958
1779753600,158.956,158.994,158.934,158.972
1779757200,158.972,159.004,158.944,158.969
1779760800,158.968,158.988,158.936,158.946
1779764400,158.946,158.946,158.912,158.94
1779768000,158.939,159.025,158.934,159.004
1779771600,159.005,159.033,158.974,159.025
1779775200,159.026,159.12,159.02,159.098
1779778800,159.098,159.203,159.098,159.2
1779782400,159.2,159.241,159.194,159.212
1779786000,159.211,159.225,159.158,159.161
1779789600,159.16,159.18,159.108,159.147
1779793200,159.146,159.216,159.137,159.192
1779796800,159.192,159.23,159.186,159.228
1779800400,159.228,159.303,159.226,159.279
1779804000,159.278,159.326,159.228,159.322
1779807600,159.322,159.383,159.303,159.364
1779811200,159.364,159.364,159.284,159.308
1779814800,159.31,159.382,159.286,159.362
1779818400,159.363,159.375,159.302,159.334
1779822000,159.334,159.348,159.302,159.319
1779825600,159.318,159.336,159.298,159.314
1779829200,159.298,159.32,159.274,159.28
1779832800,159.278,159.308,159.26,159.262
1779836400,159.261,159.277,159.204,159.255
1779840000,159.254,159.31,159.179,159.281
1779843600,159.278,159.308,159.216,159.3
1779847200,159.299,159.304,159.224,159.228
1779850800,159.226,159.23,159.189,159.205
1779854400,159.206,159.249,159.199,159.244
1779858000,159.244,159.353,159.231,159.35
1779861600,159.35,159.378,159.296,159.354
1779865200,159.354,159.366,159.305,159.358
1779868800,159.357,159.445,159.318,159.396
1779872400,159.395,159.4,159.318,159.36
1779876000,159.358,159.394,159.348,159.384
1779879600,159.386,159.45,159.373,159.436
1779883200,159.434,159.45,159.248,159.42
1779886800,159.418,159.438,159.384,159.384
1779890400,159.384,159.512,159.37,159.511
1779894000,159.51,159.538,159.437,159.474
1779897600,159.472,159.526,159.469,159.498
1779901200,159.499,159.581,159.498,159.526
1779904800,159.528,159.558,159.494,159.504
1779908400,159.505,159.551,159.502,159.541
1779912000,159.542,159.542,159.504,159.518
1779915600,159.483,159.502,159.454,159.486
1779919200,159.482,159.518,159.472,159.506
1779922800,159.506,159.578,159.496,159.572
1779926400,159.574,159.603,159.543,159.556
1779930000,159.558,159.594,159.538,159.59
1779933600,159.59,159.605,159.522,159.558
1779937200,159.556,159.654,159.539,159.618
1779940800,159.62,159.62,159.527,159.577
1779944400,159.578,159.584,159.531,159.558
1779948000,159.557,159.574,159.472,159.493
1779951600,159.488,159.524,159.442,159.477
1779955200,159.478,159.526,159.449,159.458
1779958800,159.457,159.472,159.382,159.418
1779962400,159.418,159.468,159.38,159.468
1779966000,159.468,159.471,159.418,159.46
1779969600,159.461,159.462,159.316,159.37
1779973200,159.368,159.46,159.323,159.455
1779976800,159.457,159.493,159.184,159.228
1779980400,159.227,159.298,159.185,159.292
1779984000,159.292,159.34,159.112,159.164
1779987600,159.164,159.242,159.148,159.2
1779991200,159.2,159.286,159.176,159.258
1779994800,159.259,159.288,159.208,159.248
1779998400,159.25,159.274,159.237,159.246
1780002000,159.212,159.272,159.204,159.242
1780005600,159.24,159.278,159.222,159.263
1780009200,159.264,159.278,159.223,159.273
1780012800,159.27,159.324,159.248,159.29
1780016400,159.289,159.331,159.254,159.316
1780020000,159.318,159.322,159.272,159.314
1780023600,159.316,159.37,159.313,159.36
1780027200,159.361,159.38,159.3,159.302
1780030800,159.302,159.335,159.284,159.312
1780034400,159.31,159.334,159.201,159.214
1780038000,159.215,159.318,159.206,159.265
1780041600,159.266,159.32,159.212,159.296
1780045200,159.296,159.302,159.238,159.298
1780048800,159.298,159.322,159.264,159.288
1780052400,159.288,159.304,159.248,159.254
1780056000,159.254,159.308,159.252,159.258
1780059600,159.258,159.31,159.243,159.302
1780063200,159.301,159.358,159.162,159.19
1780066800,159.19,159.248,159.099,159.232
1780070400,159.232,159.254,159.183,159.2
1780074000,159.2,159.288,159.184,159.284
1780077600,159.285,159.305,159.226,159.266
1780081200,159.265,159.275,159.218,159.265
1780084800,159.266,159.29,159.252,159.271
1780261200,159.368,159.375,159.336,159.354
1780264800,159.356,159.432,159.341,159.39
1780268400,159.392,159.399,159.298,159.365
1780272000,159.364,159.471,159.364,159.456
1780275600,159.459,159.498,159.45,159.486
1780279200,159.486,159.498,159.45,159.466
1780282800,159.465,159.488,159.441,159.48
1780286400,159.481,159.484,159.457,159.459
1780290000,159.46,159.482,159.437,159.459
1780293600,159.458,159.5,159.414,159.426
1780297200,159.426,159.487,159.409,159.468
1780300800,159.466,159.476,159.44,159.452
1780304400,159.452,159.484,159.444,159.458
1780308000,159.458,159.482,159.441,159.454
1780311600,159.455,159.496,159.446,159.49
1780315200,159.49,159.496,159.436,159.488
1780318800,159.487,159.743,159.487,159.738
1780322400,159.742,159.766,159.66,159.722
1780326000,159.725,159.738,159.58,159.661
1780329600,159.66,159.712,159.57,159.604
1780333200,159.605,159.684,159.572,159.634
1780336800,159.635,159.763,159.618,159.76
1780340400,159.76,159.76,159.65,159.696
1780344000,159.695,159.708,159.656,159.672
1780347600,159.662,159.692,159.6,159.645
1780351200,159.644,159.684,159.616,159.656
1780354800,159.657,159.663,159.622,159.649
1780358400,159.647,159.726,159.64,159.666
1780362000,159.664,159.724,159.639,159.708
1780365600,159.707,159.724,159.684,159.716
1780369200,159.716,159.726,159.692,159.72
1780372800,159.72,159.73,159.71,159.729
1780376400,159.73,159.744,159.714,159.74
1780380000,159.738,159.746,159.688,159.704
1780383600,159.704,159.729,159.694,159.696
1780387200,159.694,159.747,159.658,159.742
1780390800,159.744,159.753,159.698,159.742
1780394400,159.742,159.754,159.708,159.728
1780398000,159.729,159.75,159.716,159.744
1780401600,159.744,159.786,159.734,159.784
1780405200,159.782,159.836,159.766,159.812
1780408800,159.813,159.876,159.81,159.864
1780412400,159.865,159.904,159.858,159.878
1780416000,159.877,159.947,159.866,159.908
1780419600,159.908,159.971,159.89,159.964
1780423200,159.964,159.988,159.903,159.904
1780426800,159.902,159.956,159.889,159.929
1780430400,159.928,159.951,159.921,159.938
1780434000,159.887,159.934,159.872,159.922
1780437600,159.93,159.963,159.898,159.958
1780441200,159.957,159.998,159.95,159.984
1780444800,159.984,159.986,159.895,159.94
1780448400,159.941,159.945,159.816,159.861
1780452000,159.861,159.882,159.835,159.874
1780455600,159.874,159.904,159.87,159.888
1780459200,159.888,159.899,159.868,159.89
1780462800,159.89,159.933,159.87,159.926
1780466400,159.928,159.987,159.908,159.98
1780470000,159.98,159.996,159.552,159.703
1780473600,159.702,159.818,159.368,159.756
1780477200,159.755,159.884,159.755,159.788
1780480800,159.788,159.857,159.666,159.794
1780484400,159.795,159.84,159.783,159.839
1780488000,159.84,159.932,159.811,159.92
1780491600,159.92,159.983,159.892,159.974
1780495200,159.976,159.998,159.898,159.946
1780498800,159.946,160.004,159.937,159.97
1780502400,159.97,160.049,159.952,159.987
1780506000,159.987,160.052,159.952,160.047
1780509600,160.048,160.059,160.018,160.033
1780513200,160.033,160.081,160.002,160.077
1780516800,160.076,160.098,160.056,160.092
1780520400,160.056,160.06,160.004,160.026
1780524000,160.01,160.078,159.834,159.919
1780527600,159.92,159.982,159.896,159.948
1780531200,159.948,159.968,159.888,159.908
1780534800,159.909,159.93,159.873,159.886
1780538400,159.884,159.914,159.875,159.896
1780542000,159.897,159.989,159.896,159.972
1780545600,159.972,159.994,159.59,159.87
1780549200,159.872,159.934,159.86,159.887
1780552800,159.886,159.921,159.826,159.904
1780556400,159.904,159.928,159.864,159.905
1780560000,159.906,159.92,159.846,159.877
1780563600,159.876,159.898,159.844,159.856
1780567200,159.857,159.897,159.854,159.88
1780570800,159.877,159.878,159.75,159.77
1780574400,159.769,159.878,159.756,159.864
1780578000,159.866,159.92,159.843,159.917
1780581600,159.915,160.006,159.877,159.987
1780585200,159.988,160.028,159.959,159.973
1780588800,159.974,159.994,159.94,159.969
1780592400,159.97,160.004,159.97,159.993
1780596000,159.994,160.034,159.97,160.027
1780599600,160.024,160.032,160.006,160.014
1780603200,160.014,160.046,160.008,160.028
1780606800,160.025,160.033,159.946,159.981
1780610400,159.966,160.024,159.963,160.002
1780614000,160.006,160.015,159.973,159.998
1780617600,159.998,160.008,159.944,159.959
1780621200,159.959,159.971,159.9,159.961
1780624800,159.962,159.976,159.939,159.976
1780628400,159.976,159.994,159.946,159.958
1780632000,159.958,159.972,159.943,159.961
1780635600,159.962,159.971,159.918,159.964
1780639200,159.965,159.973,159.926,159.938
1780642800,159.939,159.953,159.91,159.95
1780646400,159.951,159.953,159.922,159.949
1780650000,159.95,159.96,159.895,159.942
1780653600,159.943,159.95,159.904,159.913
1780657200,159.914,159.932,159.833,159.846
1780660800,159.846,160.224,159.838,160.214
1780664400,160.216,160.264,159.724,160.145
1780668000,160.146,160.285,160.063,160.271
1780671600,160.272,160.302,160.208,160.266
1780675200,160.265,160.342,160.244,160.282
1780678800,160.281,160.342,160.27,160.322
1780682400,160.322,160.342,160.09,160.165
1780686000,160.164,160.208,160.116,160.184
1780689600,160.183,160.336,160.18,160.317
1780866000,160.258,160.308,160.209,160.28
1780869600,160.292,160.359,160.28,160.337
1780873200,160.338,160.344,160.24,160.337
1780876800,160.334,160.345,160.243,160.326
1780880400,160.325,160.352,160.266,160.335
1780884000,160.334,160.38,160.328,160.377
1780887600,160.376,160.394,160.338,160.338
1780891200,160.34,160.356,160.289,160.345
1780894800,160.344,160.346,160.198,160.266
1780898400,160.266,160.344,160.23,160.263
1780902000,160.264,160.265,160.151,160.228
1780905600,160.228,160.244,159.84,160.028
1780909200,160.026,160.074,159.984,160.01
1780912800,160.011,160.088,159.93,160.006
1780916400,160.006,160.012,159.888,159.972
1780920000,159.972,159.985,159.917,159.96
1780923600,159.959,160.04,159.937,160.035
1780927200,160.036,160.204,160.032,160.076
1780930800,160.076,160.142,160.04,160.119
1780934400,160.12,160.17,160.085,160.16
1780938000,160.16,160.204,160.123,160.166
1780941600,160.166,160.27,160.142,160.256
1780945200,160.258,160.269,160.209,160.214
1780948800,160.214,160.234,160.164,160.178
1780952400,160.146,160.199,160.145,160.155
1780956000,160.152,160.191,160.136,160.18
1780959600,160.18,160.229,160.164,160.182
1780963200,160.182,160.279,160.134,160.238
1780966800,160.237,160.252,160.176,160.194
1780970400,160.192,160.224,160.186,160.221
1780974000,160.22,160.258,160.205,160.256
1780977600,160.256,160.258,160.186,160.193
1780981200,160.194,160.209,160.11,160.153
1780984800,160.153,160.18,160.053,160.17
1780988400,160.172,160.218,160.154,160.198
1780992000,160.199,160.225,160.17,160.178
1780995600,160.177,160.2,160.146,160.19
1780999200,160.192,160.216,160.146,160.169
1781002800,160.17,160.18,160.146,160.16
1781006400,160.159,160.198,160.147,160.19
1781010000,160.19,160.227,160.149,160.2
1781013600,160.201,160.262,160.15,160.253
1781017200,160.255,160.305,160.216,160.23
1781020800,160.23,160.448,160.214,160.404
1781024400,160.402,160.406,160.284,160.356
1781028000,160.355,160.38,160.334,160.36
1781031600,160.36,160.422,160.358,160.414
1781035200,160.415,160.426,160.353,160.364
1781038800,160.342,160.384,160.336,160.347
1781042400,160.343,160.404,160.343,160.402
1781046000,160.402,160.422,160.378,160.39
1781049600,160.39,160.435,160.358,160.385
1781053200,160.384,160.396,160.238,160.382
1781056800,160.382,160.384,160.338,160.368
1781060400,160.368,160.373,160.341,160.361
1781064000,160.36,160.374,160.348,160.372
1781067600,160.372,160.38,160.329,160.344
1781071200,160.346,160.39,160.326,160.384
1781074800,160.385,160.399,160.351,160.394
1781078400,160.393,160.432,160.386,160.425
1781082000,160.424,160.481,160.406,160.443
1781085600,160.444,160.478,160.443,160.467
1781089200,160.468,160.53,160.458,160.5
1781092800,160.5,160.516,160.324,160.438
1781096400,160.437,160.458,160.342,160.384
1781100000,160.382,160.492,160.37,160.484
1781103600,160.484,160.531,160.446,160.476
1781107200,160.476,160.51,160.443,160.488
1781110800,160.488,160.542,160.46,160.506
1781114400,160.502,160.502,160.453,160.498
1781118000,160.498,160.542,160.496,160.539
1781121600,160.54,160.578,160.523,160.554
1781125200,160.505,160.529,160.503,160.526
1781128800,160.524,160.564,160.508,160.549
1781132400,160.548,160.564,160.518,160.536
1781136000,160.535,160.548,160.496,160.52
1781139600,160.52,160.548,160.426,160.491
1781143200,160.49,160.538,160.474,160.516
1781146800,160.518,160.536,160.51,160.513
1781150400,160.512,160.534,160.496,160.506
1781154000,160.506,160.55,160.496,160.546
1781157600,160.546,160.59,160.536,160.558
1781161200,160.557,160.557,160.494,160.508
1781164800,160.508,160.544,160.5,160.536
1781168400,160.535,160.55,160.516,160.532
1781172000,160.532,160.556,160.525,160.529
1781175600,160.53,160.538,160.508,160.536
1781179200,160.537,160.596,160.522,160.536
1781182800,160.535,160.56,160.458,160.486
1781186400,160.486,160.552,160.471,160.508
1781190000,160.508,160.52,160.47,160.51
1781193600,160.51,160.554,160.506,160.53
1781197200,160.53,160.548,160.032,160.126
1781200800,160.126,160.294,159.941,160.078
1781204400,160.082,160.085,159.536,159.794
1781208000,159.792,159.976,159.746,159.97
1781211600,159.946,159.995,159.92,159.969
1781215200,159.972,160.091,159.943,160.019
1781218800,160.018,160.151,159.972,160.139
1781222400,160.138,160.219,160.126,160.17
1781226000,160.172,160.268,160.152,160.266
1781229600,160.267,160.306,160.246,160.289
1781233200,160.29,160.298,160.211,160.234
1781236800,160.234,160.27,160.228,160.258
1781240400,160.258,160.352,160.241,160.346
1781244000,160.346,160.359,160.258,160.32
1781247600,160.319,160.376,160.27,160.284
1781251200,160.283,160.295,159.952,160.094
1781254800,160.093,160.114,159.956,160.065
1781258400,160.066,160.193,160.036,160.096
1781262000,160.095,160.186,160.093,160.171
1781265600,160.171,160.31,160.17,160.257
1781269200,160.258,160.344,160.192,160.272
1781272800,160.268,160.291,160.163,160.241
1781276400,160.24,160.25,160.168,160.246
1781280000,160.248,160.28,160.182,160.232
1781283600,160.232,160.238,160.184,160.2
1781287200,160.199,160.24,160.193,160.235
1781290800,160.236,160.245,160.2,160.207
1781294400,160.206,160.235,160.2,160.228
1781470800,160.148,160.158,159.801,159.81
1781474400,159.81,159.963,159.738,159.942
1781478000,159.942,159.98,159.902,159.962
1781481600,159.963,160.128,159.884,160.111
1781485200,160.11,160.217,160.094,160.206
1781488800,160.207,160.232,160.122,160.143
1781492400,160.144,160.144,160.049,160.056
1781496000,160.057,160.094,160.014,160.052
1781499600,160.053,160.06,159.991,160.052
1781503200,160.052,160.164,160.045,160.13
1781506800,160.13,160.142,160.046,160.111
1781510400,160.11,160.15,160.078,160.138
1781514000,160.138,160.148,160.089,160.124
1781517600,160.124,160.149,160.091,160.128
1781521200,160.128,160.206,160.114,160.187
1781524800,160.186,160.192,160.12,160.138
1781528400,160.138,160.154,160.07,160.073
1781532000,160.071,160.138,160.03,160.136
1781535600,160.136,160.206,160.126,160.202
1781539200,160.203,160.243,160.146,160.218
1781542800,160.218,160.282,160.214,160.273
1781546400,160.274,160.322,160.257,160.308
1781550000,160.306,160.392,160.282,160.388
1781553600,160.388,160.396,160.332,160.356
1781557200,160.344,160.368,160.308,160.344
1781560800,160.352,160.356,160.318,160.33
1781564400,160.33,160.331,160.223,160.248
1781568000,160.246,160.276,160.155,160.2
1781571600,160.198,160.216,160.104,160.162
1781575200,160.162,160.197,160.102,160.142
1781578800,160.14,160.249,160.051,160.21
1781582400,160.212,160.349,160.19,160.256
1781586000,160.256,160.306,160.232,160.296
1781589600,160.296,160.298,160.148,160.212
1781593200,160.212,160.346,160.199,160.238
1781596800,160.236,160.332,160.224,160.324
1781600400,160.324,160.361,160.306,160.342
1781604000,160.343,160.345,160.28,160.293
1781607600,160.292,160.363,160.292,160.358
1781611200,160.357,160.378,160.318,160.324
1781614800,160.325,160.41,160.322,160.396
1781618400,160.396,160.466,160.371,160.401
1781622000,160.399,160.462,160.336,160.394
1781625600,160.392,160.41,160.334,160.395
1781629200,160.396,160.444,160.388,160.44
1781632800,160.436,160.463,160.421,160.438
1781636400,160.436,160.48,160.399,160.469
1781640000,160.469,160.483,160.46,160.466
1781643600,160.421,160.456,160.388,160.43
1781647200,160.432,160.446,160.405,160.408
1781650800,160.408,160.442,160.396,160.426
1781654400,160.426,160.426,160.346,160.353
1781658000,160.352,160.373,160.314,160.351
1781661600,160.35,160.354,160.314,160.332
1781665200,160.33,160.356,160.314,160.323
1781668800,160.324,160.328,160.256,160.267
1781672400,160.268,160.331,160.262,160.327
1781676000,160.323,160.344,160.248,160.254
1781679600,160.254,160.308,160.182,160.19
1781683200,160.189,160.256,160.115,160.208
1781686800,160.208,160.23,160.165,160.186
1781690400,160.186,160.243,160.182,160.236
1781694000,160.236,160.335,160.23,160.311
1781697600,160.31,160.326,160.233,160.248
1781701200,160.247,160.302,160.186,160.198
1781704800,160.198,160.352,160.196,160.32
1781708400,160.32,160.338,160.192,160.223
1781712000,160.221,160.237,160.198,160.2
1781715600,160.2,160.239,160.192,160.196
1781719200,160.198,160.507,160.195,160.494
1781722800,160.496,160.798,160.47,160.733
1781726400,160.732,160.759,160.65,160.684
1781730000,160.662,160.666,160.536,160.608
1781733600,160.601,160.65,160.579,160.612
1781737200,160.613,160.626,160.54,160.608
1781740800,160.608,160.75,160.537,160.7
1781744400,160.7,160.701,160.625,160.638
1781748000,160.637,160.664,160.564,160.581
1781751600,160.582,160.616,160.57,160.586
1781755200,160.586,160.624,160.576,160.596
1781758800,160.596,160.652,160.582,160.644
1781762400,160.644,160.682,160.592,160.634
1781766000,160.637,160.682,160.574,160.596
1781769600,160.596,160.778,160.592,160.775
1781773200,160.777,160.806,160.476,160.79
1781776800,160.792,160.952,160.75,160.924
1781780400,160.923,160.952,160.868,160.93
1781784000,160.93,160.944,160.832,160.874
1781787600,160.874,160.929,160.801,160.888
1781791200,160.888,160.915,160.84,160.858
1781794800,160.857,161.376,160.85,161.37
1781798400,161.372,161.452,161.199,161.43
1781802000,161.429,161.456,161.34,161.448
1781805600,161.448,161.688,161.405,161.678
1781809200,161.676,161.81,160.898,161.432
1781812800,161.431,161.46,161.33,161.41
1781816400,161.397,161.434,161.338,161.354
1781820000,161.35,161.43,161.178,161.278
1781823600,161.277,161.362,161.25,161.297
1781827200,161.3,161.302,161.008,161.106
1781830800,161.105,161.212,160.986,161.196
1781834400,161.197,161.242,161.104,161.23
1781838000,161.234,161.348,161.205,161.348
1781841600,161.35,161.413,161.338,161.378
1781845200,161.377,161.459,161.331,161.338
1781848800,161.338,161.402,161.268,161.276
1781852400,161.276,161.353,161.24,161.319
1781856000,161.318,161.326,161.24,161.287
1781859600,161.286,161.329,161.234,161.264
1781863200,161.264,161.334,161.241,161.28
1781866800,161.28,161.312,161.236,161.259
1781870400,161.258,161.283,161.157,161.169
1781874000,161.168,161.303,161.156,161.296
1781877600,161.296,161.322,161.15,161.166
1781881200,161.166,161.308,161.133,161.308
1781884800,161.307,161.342,161.267,161.337
1781888400,161.337,161.342,161.262,161.274
1781892000,161.273,161.286,161.228,161.268
1781895600,161.267,161.298,161.232,161.294
1781899200,161.294,161.326,161.244,161.31
1782075600,161.266,161.334,161.249,161.33
1782079200,161.33,161.459,161.328,161.456
1782082800,161.456,161.518,161.42,161.439
1782086400,161.436,161.568,161.418,161.495
1782090000,161.494,161.55,161.436,161.536
1782093600,161.538,161.6,161.518,161.538
1782097200,161.536,161.608,161.531,161.59
1782100800,161.588,161.695,161.588,161.668
1782104400,161.668,161.703,161.642,161.701
1782108000,161.7,161.716,161.613,161.683
1782111600,161.682,161.767,161.65,161.742
1782115200,161.742,161.788,161.706,161.772
1782118800,161.772,161.776,161.708,161.743
1782122400,161.744,161.751,161.656,161.726
1782126000,161.727,161.792,161.675,161.766
1782129600,161.764,161.784,161.726,161.774
1782133200,161.776,161.91,161.736,161.898
1782136800,161.899,161.928,161.072,161.33
1782140400,161.332,161.548,161.166,161.508
1782144000,161.508,161.652,161.477,161.555
1782147600,161.556,161.568,161.486,161.504
1782151200,161.503,161.525,161.4,161.422
1782154800,161.422,161.69,161.422,161.604
1782158400,161.604,161.617,161.56,161.6
1782162000,161.562,161.565,161.545,161.564
1782165600,161.566,161.64,161.539,161.583
1782169200,161.584,161.59,161.554,161.578
1782172800,161.578,161.632,161.522,161.579
1782176400,161.578,161.606,161.555,161.588
1782180000,161.589,161.598,161.526,161.582
1782183600,161.582,161.608,161.538,161.556
1782187200,161.555,161.614,161.552,161.612
1782190800,161.612,161.686,161.589,161.654
1782194400,161.653,161.742,161.642,161.644
1782198000,161.644,161.659,161.32,161.466
1782201600,161.466,161.488,161.264,161.436
1782205200,161.436,161.469,161.34,161.388
1782208800,161.386,161.482,161.352,161.456
1782212400,161.456,161.615,161.432,161.59
1782216000,161.59,161.609,161.445,161.556
1782219600,161.557,161.582,161.467,161.524
1782223200,161.524,161.586,161.488,161.544
1782226800,161.545,161.586,161.505,161.55
1782230400,161.55,161.602,161.541,161.597
1782234000,161.598,161.62,161.548,161.56
1782237600,161.559,161.598,161.548,161.569
1782241200,161.568,161.58,161.512,161.58
1782244800,161.58,161.612,161.57,161.578
1782248400,161.54,161.572,161.514,161.546
1782252000,161.546,161.606,161.53,161.562
1782255600,161.561,161.609,161.535,161.6
1782259200,161.6,161.634,161.55,161.624
1782262800,161.624,161.629,161.551,161.57
1782266400,161.57,161.588,161.534,161.552
1782270000,161.551,161.602,161.545,161.553
1782273600,161.552,161.566,161.532,161.558
1782277200,161.558,161.618,161.544,161.612
1782280800,161.612,161.716,161.574,161.712
1782284400,161.711,161.742,161.666,161.716
1782288000,161.716,161.758,161.683,161.756
1782291600,161.756,161.778,161.71,161.742
1782295200,161.741,161.753,161.684,161.691
1782298800,161.69,161.72,161.626,161.654
1782302400,161.654,161.756,161.636,161.754
1782306000,161.755,161.764,161.701,161.752
1782309600,161.752,161.814,161.707,161.792
1782313200,161.79,161.812,161.732,161.76
1782316800,161.76,161.771,161.69,161.758
1782320400,161.759,161.822,161.738,161.816
1782324000,161.816,161.83,161.762,161.762
1782327600,161.764,161.84,161.75,161.823
1782331200,161.824,161.831,161.799,161.81
1782334800,161.776,161.802,161.753,161.772
1782338400,161.776,161.785,161.741,161.774
1782342000,161.774,161.79,161.755,161.772
1782345600,161.772,161.781,161.698,161.712
1782349200,161.712,161.744,161.557,161.717
1782352800,161.718,161.731,161.662,161.714
1782356400,161.715,161.754,161.698,161.726
1782360000,161.725,161.777,161.71,161.766
1782363600,161.767,161.835,161.73,161.822
1782367200,161.822,161.89,161.786,161.885
1782370800,161.885,161.9,161.754,161.814
1782374400,161.813,161.836,161.775,161.8
1782378000,161.799,161.842,161.788,161.816
1782381600,161.816,161.898,161.806,161.877
1782385200,161.878,161.95,161.747,161.869
1782388800,161.868,161.904,161.767,161.84
1782392400,161.839,161.857,161.702,161.744
1782396000,161.744,161.764,161.559,161.678
1782399600,161.679,161.724,161.614,161.674
1782403200,161.674,161.769,161.658,161.769
1782406800,161.768,161.81,161.729,161.78
1782410400,161.78,161.842,161.764,161.796
1782414000,161.794,161.825,161.746,161.79
1782417600,161.79,161.815,161.776,161.804
1782421200,161.793,161.829,161.718,161.781
1782424800,161.78,161.804,161.765,161.787
1782428400,161.786,161.818,161.761,161.806
1782432000,161.806,161.841,161.794,161.834
1782435600,161.833,161.848,161.794,161.806
1782439200,161.806,161.818,161.772,161.778
1782442800,161.778,161.78,161.624,161.652
1782446400,161.653,161.686,161.566,161.627
1782450000,161.628,161.644,161.54,161.544
1782453600,161.544,161.75,161.533,161.718
1782457200,161.718,161.728,161.62,161.625
1782460800,161.628,161.656,161.537,161.587
1782464400,161.586,161.632,161.532,161.608
1782468000,161.61,161.643,161.57,161.622
1782471600,161.622,161.683,161.609,161.666
1782475200,161.666,161.706,161.64,161.658
1782478800,161.656,161.721,161.622,161.63
1782482400,161.628,161.742,161.578,161.727
1782486000,161.726,161.748,161.635,161.672
1782489600,161.671,161.772,161.661,161.756
1782493200,161.756,161.778,161.73,161.772
1782496800,161.771,161.777,161.712,161.738
1782500400,161.738,161.765,161.71,161.758
1782504000,161.757,161.782,161.729,161.75
1782680400,161.74,161.813,161.733,161.812
1782684000,161.81,161.882,161.75,161.793
1782687600,161.791,161.811,161.774,161.792
1782691200,161.793,161.795,161.72,161.761
1782694800,161.76,161.794,161.734,161.792
1782698400,161.794,161.794,161.732,161.788
1782702000,161.787,161.798,161.774,161.797
1782705600,161.796,161.816,161.786,161.814
1782709200,161.814,161.817,161.784,161.802
1782712800,161.802,161.852,161.778,161.793
1782716400,161.794,161.83,161.786,161.824
1782720000,161.825,161.858,161.801,161.852
1782723600,161.853,161.902,161.833,161.886
1782727200,161.887,161.901,161.848,161.858
1782730800,161.858,161.864,161.816,161.839
1782734400,161.84,161.904,161.836,161.895
1782738000,161.894,161.966,161.886,161.957
1782741600,161.958,161.958,161.804,161.928
1782745200,161.928,161.953,161.922,161.934
1782748800,161.932,161.947,161.918,161.944
1782752400,161.943,161.962,161.92,161.938
1782756000,161.938,161.983,161.926,161.97
1782759600,161.97,161.972,161.907,161.941
1782763200,161.941,161.966,161.928,161.944
1782766800,161.912,161.93,161.891,161.92
1782770400,161.91,161.946,161.91,161.923
1782774000,161.923,161.933,161.909,161.925
1782777600,161.925,162.404,161.925,162.137
1782781200,162.136,162.304,162.054,162.186
1782784800,162.186,162.2,162.11,162.148
1782788400,162.148,162.244,162.038,162.176
1782792000,162.175,162.205,162.15,162.202
1782795600,162.202,162.293,162.154,162.292
1782799200,162.293,162.414,162.202,162.204
1782802800,162.204,162.27,162.122,162.259
1782806400,162.259,162.416,162.226,162.32
1782810000,162.32,162.35,162.269,162.294
1782813600,162.294,162.358,162.293,162.318
1782817200,162.318,162.43,162.316,162.416
1782820800,162.416,162.518,162.018,162.406
1782824400,162.406,162.479,162.315,162.472
1782828000,162.473,162.553,162.355,162.516
1782831600,162.515,162.666,162.471,162.616
1782835200,162.616,162.672,162.6,162.648
1782838800,162.648,162.649,162.558,162.586
1782842400,162.586,162.619,162.56,162.617
1782846000,162.618,162.632,162.574,162.582
1782849600,162.584,162.614,162.553,162.589
1782853200,162.558,162.642,162.555,162.594
1782856800,162.598,162.628,162.581,162.608
1782860400,162.608,162.647,162.528,162.634
1782864000,162.634,162.78,162.634,162.686
1782867600,162.686,162.734,162.59,162.688
1782871200,162.686,162.791,162.662,162.75
1782874800,162.75,162.84,162.732,162.799
1782878400,162.798,162.814,162.562,162.729
1782882000,162.73,162.762,162.688,162.712
1782885600,162.714,162.758,162.658,162.679
1782889200,162.678,162.722,162.612,162.673
1782892800,162.674,162.704,162.636,162.666
1782896400,162.665,162.742,162.65,162.736
1782900000,162.736,162.745,162.675,162.69
1782903600,162.69,162.735,162.684,162.696
1782907200,162.696,162.768,162.672,162.698
1782910800,162.699,162.736,162.294,162.41
1782914400,162.406,162.452,162.311,162.398
1782918000,162.398,162.478,162.374,162.414
1782921600,162.413,162.464,162.36,162.459
1782925200,162.46,162.548,162.427,162.534
1782928800,162.533,162.584,162.514,162.524
1782932400,162.523,162.587,162.509,162.574
1782936000,162.574,162.622,162.551,162.602
1782939600,162.589,162.593,162.556,162.564
1782943200,162.558,162.577,162.538,162.544
1782946800,162.545,162.588,162.518,162.55
1782950400,162.55,162.598,162.481,162.564
1782954000,162.564,162.586,162.506,162.534
1782957600,162.534,162.552,162.496,162.524
1782961200,162.525,162.545,162.436,162.461
1782964800,162.46,162.461,162.363,162.435
1782968400,162.436,162.436,162.319,162.335
1782972000,162.334,162.337,161.123,161.826
1782975600,161.825,161.952,161.373,161.436
1782979200,161.436,161.464,160.898,161.026
1782982800,161.026,161.342,161.024,161.202
1782986400,161.204,161.49,161.199,161.363
1782990000,161.362,161.5,161.326,161.48
1782993600,161.478,161.646,160.624,161.028
1782997200,161.028,161.162,160.858,160.86
1783000800,160.858,161.119,160.833,161.042
1783004400,161.042,161.082,160.76,160.911
1783008000,160.91,161.094,160.891,160.984
1783011600,160.985,161.128,160.985,161.073
1783015200,161.072,161.106,161.018,161.048
1783018800,161.048,161.175,161.048,161.128
1783022400,161.128,161.141,161.07,161.121
1783026000,161.089,161.151,161.064,161.104
1783029600,161.106,161.304,161.082,161.262
1783033200,161.26,161.47,161.237,161.458
1783036800,161.456,161.524,161.186,161.19
1783040400,161.188,161.275,160.921,161.237
1783044000,161.236,161.248,161.123,161.173
1783047600,161.172,161.222,161.144,161.174
1783051200,161.176,161.211,161.127,161.13
1783054800,161.13,161.182,160.982,161.163
1783058400,161.162,161.162,160.48,160.87
1783062000,160.871,160.998,160.716,160.8
1783065600,160.8,161.038,160.773,161.036
1783069200,161.036,161.13,160.964,161.126
1783072800,161.126,161.168,161.074,161.096
1783076400,161.096,161.16,161.058,161.118
1783080000,161.117,161.174,161.104,161.172
1783083600,161.172,161.276,161.168,161.257
1783087200,161.256,161.296,161.21,161.294
1783090800,161.294,161.346,161.274,161.321
1783094400,161.32,161.396,161.306,161.352
1783098000,161.352,161.36,161.275,161.31
1783101600,161.304,161.36,161.294,161.355
1783105200,161.358,161.384,161.342,161.368
1783108800,161.37,161.433,161.329,161.383
1783285200,161.306,161.33,161.294,161.33
1783288800,161.33,161.474,161.309,161.418
1783292400,161.42,161.508,161.416,161.46
1783296000,161.461,161.608,161.457,161.532
1783299600,161.532,161.815,161.53,161.81
1783303200,161.81,161.85,161.75,161.772
1783306800,161.773,161.862,161.765,161.841
1783310400,161.842,161.946,161.81,161.941
1783314000,161.941,162.087,161.885,162.079
1783317600,162.079,162.308,162.028,162.252
1783321200,162.251,162.316,162.156,162.161
1783324800,162.16,162.294,162.16,162.248
1783328400,162.248,162.349,162.229,162.332
1783332000,162.331,162.411,162.257,162.31
1783335600,162.308,162.356,162.284,162.332
1783339200,162.332,162.427,162.303,162.398
1783342800,162.398,162.422,162.312,162.34
1783346400,162.34,162.384,162.274,162.358
1783350000,162.358,162.37,162.275,162.286
1783353600,162.286,162.318,162.24,162.26
1783357200,162.26,162.275,162.146,162.176
1783360800,162.174,162.19,162.018,162.048
1783364400,162.048,162.118,162.034,162.056
1783368000,162.056,162.114,162.031,162.096
1783371600,162.094,162.176,162.072,162.094
1783375200,162.096,162.116,162.043,162.07
1783378800,162.069,162.111,162.002,162.096
1783382400,162.096,162.182,162.082,162.133
1783386000,162.134,162.148,161.686,161.875
1783389600,161.876,161.929,161.796,161.92
1783393200,161.92,161.928,161.794,161.874
1783396800,161.874,161.884,161.682,161.799
1783400400,161.798,161.894,161.752,161.87
1783404000,161.868,162.044,161.862,162.026
1783407600,162.027,162.082,161.654,161.962
1783411200,161.962,161.972,161.83,161.9
1783414800,161.901,161.968,161.816,161.939
1783418400,161.94,161.964,161.876,161.939
1783422000,161.94,161.958,161.847,161.921
1783425600,161.919,161.93,161.756,161.84
1783429200,161.84,161.904,161.816,161.896
1783432800,161.896,162.024,161.859,161.914
1783436400,161.913,161.947,161.86,161.914
1783440000,161.914,161.96,161.87,161.936
1783443600,161.937,161.944,161.88,161.893
1783447200,161.892,161.972,161.86,161.934
1783450800,161.934,162.141,161.932,162.076
1783454400,162.077,162.132,162.054,162.118
1783458000,162.102,162.19,162.09,162.158
1783461600,162.168,162.2,162.113,162.184
1783465200,162.183,162.368,162.17,162.365
1783468800,162.368,162.404,162.255,162.346
1783472400,162.345,162.463,162.284,162.36
1783476000,162.362,162.434,162.338,162.346
1783479600,162.346,162.352,162.29,162.342
1783483200,162.343,162.408,162.337,162.368
1783486800,162.37,162.38,162.206,162.298
1783490400,162.298,162.308,162.078,162.206
1783494000,162.204,162.292,162.182,162.224
1783497600,162.224,162.498,162.21,162.49
1783501200,162.49,162.558,162.248,162.464
1783504800,162.463,162.479,162.408,162.478
1783508400,162.478,162.557,162.424,162.538
1783512000,162.538,162.545,162.446,162.522
1783515600,162.52,162.568,162.486,162.541
1783519200,162.543,162.624,162.514,162.612
1783522800,162.61,162.711,162.594,162.672
1783526400,162.673,162.673,162.505,162.536
1783530000,162.536,162.554,162.42,162.534
1783533600,162.532,162.562,162.446,162.478
1783537200,162.478,162.558,162.426,162.478
1783540800,162.479,162.652,162.472,162.64
1783544400,162.562,162.616,162.53,162.579
1783548000,162.578,162.616,162.559,162.564
1783551600,162.564,162.581,162.534,162.541
1783555200,162.538,162.538,162.362,162.446
1783558800,162.445,162.572,162.414,162.45
1783562400,162.449,162.504,162.439,162.472
1783566000,162.472,162.498,162.411,162.452
1783569600,162.454,162.466,162.41,162.432
1783573200,162.432,162.437,162.346,162.37
1783576800,162.371,162.374,162.247,162.299
1783580400,162.3,162.4,162.298,162.35
1783584000,162.351,162.406,162.304,162.396
1783587600,162.398,162.452,162.383,162.402
1783591200,162.402,162.506,162.402,162.486
1783594800,162.486,162.51,162.456,162.475
1783598400,162.474,162.476,162.391,162.444
1783602000,162.444,162.455,162.297,162.342
1783605600,162.342,162.424,162.288,162.367
1783609200,162.368,162.416,162.256,162.29
1783612800,162.29,162.327,162.258,162.317
1783616400,162.318,162.332,162.275,162.288
1783620000,162.289,162.379,162.288,162.336
1783623600,162.336,162.416,162.322,162.388
1783627200,162.388,162.408,162.359,162.396
1783630800,162.39,162.44,162.37,162.389
1783634400,162.384,162.431,162.35,162.36
1783638000,162.359,162.388,162.342,162.366
1783641600,162.368,162.424,161.891,162.057
1783645200,162.058,162.108,161.634,161.738
1783648800,161.738,161.755,161.288,161.454
1783652400,161.453,161.577,161.354,161.52
1783656000,161.522,161.71,161.522,161.634
1783659600,161.634,161.664,161.476,161.581
1783663200,161.584,161.616,161.411,161.582
1783666800,161.581,161.775,161.576,161.696
1783670400,161.695,161.745,161.544,161.688
1783674000,161.688,161.86,161.64,161.829
1783677600,161.828,161.828,161.698,161.768
1783681200,161.768,161.884,161.748,161.848
1783684800,161.848,161.895,161.686,161.798
1783688400,161.798,161.86,161.723,161.766
1783692000,161.765,161.87,161.746,161.83
1783695600,161.83,161.846,161.282,161.32
1783699200,161.319,161.514,161.304,161.51
1783702800,161.51,161.656,161.491,161.648
1783706400,161.648,161.736,161.635,161.691
1783710000,161.692,161.748,161.678,161.738
1783713600,161.736,161.762,161.698,161.705
1783890000,161.733,161.804,161.68,161.772
1783893600,161.78,162.066,161.767,162.026
1783897200,162.03,162.068,161.884,161.888
1783900800,161.886,162.101,161.882,162.097
1783904400,162.098,162.174,161.956,161.978
1783908000,161.976,162.094,161.961,162.076
1783911600,162.077,162.128,162.066,162.072
1783915200,162.07,162.096,161.962,161.996
1783918800,161.997,162.34,161.94,162.27
1783922400,162.271,162.356,162.2,162.241
1783926000,162.24,162.282,161.831,162.104
1783929600,162.103,162.142,162.022,162.082
1783933200,162.082,162.104,161.981,161.998
1783936800,161.998,162.124,161.994,162.068
1783940400,162.068,162.148,162.031,162.12
1783944000,162.119,162.197,162.1,162.114
1783947600,162.115,162.232,162.075,162.224
1783951200,162.225,162.413,162.188,162.348
1783954800,162.348,162.384,162.304,162.324
1783958400,162.325,162.468,162.309,162.453
1783962000,162.454,162.468,162.427,162.465
1783965600,162.464,162.48,162.358,162.361
1783969200,162.363,162.468,162.357,162.452
1783972800,162.452,162.488,162.43,162.464
1783976400,162.426,162.487,162.426,162.456
1783980000,162.453,162.47,162.416,162.448
1783983600,162.448,162.456,162.392,162.423
1783987200,162.422,162.47,162.232,162.384
1783990800,162.384,162.426,162.328,162.396
1783994400,162.395,162.416,162.308,162.326
1783998000,162.327,162.372,162.229,162.292
1784001600,162.292,162.341,162.262,162.319
1784005200,162.32,162.32,162.244,162.288
1784008800,162.29,162.374,162.274,162.348
1784012400,162.346,162.374,162.298,162.344
1784016000,162.344,162.388,162.055,162.277
1784019600,162.278,162.286,162.158,162.185
1784023200,162.184,162.266,162.159,162.256
1784026800,162.256,162.28,162.186,162.2
1784030400,162.2,162.235,161.606,161.912
1784034000,161.912,161.977,161.834,161.925
1784037600,161.926,162.018,161.822,161.97
1784041200,161.97,162.171,161.877,162.144
1784044800,162.142,162.199,162.108,162.116
1784048400,162.115,162.238,162.115,162.194
1784052000,162.194,162.288,162.163,162.197
1784055600,162.196,162.215,162.134,162.215
1784059200,162.216,162.272,162.207,162.268
1784062800,162.197,162.24,162.188,162.228
1784066400,162.226,162.267,162.209,162.238
1784070000,162.236,162.238,162.166,162.196
1784073600,162.195,162.241,162.077,162.1
1784077200,162.1,162.128,161.966,162.095
1784080800,162.096,162.124,162.036,162.108
1784084400,162.108,162.182,162.086,162.142
1784088000,162.142,162.23,162.136,162.212
1784091600,162.211,162.236,162.176,162.204
1784095200,162.206,162.216,162.102,162.21
1784098800,162.21,162.31,162.198,162.269
1784102400,162.268,162.351,162.245,162.3
1784106000,162.301,162.374,162.244,162.366
1784109600,162.366,162.424,162.313,162.328
1784113200,162.33,162.398,162.301,162.346
1784116800,162.344,162.394,162.142,162.166
1784120400,162.164,162.282,162.132,162.208
1784124000,162.208,162.236,162.118,162.142
1784127600,162.14,162.216,162.076,162.132
1784131200,162.132,162.201,162.12,162.163
1784134800,162.162,162.168,161.968,161.987
1784138400,161.988,162.064,161.895,162.047
1784142000,162.049,162.282,162.014,162.228
1784145600,162.228,162.232,162.19,162.195
1784149200,162.161,162.196,162.106,162.134
1784152800,162.132,162.153,162.084,162.123
1784156400,162.122,162.122,162.03,162.076
1784160000,162.078,162.156,162.052,162.097
1784163600,162.096,162.118,162.029,162.107
1784167200,162.105,162.17,162.088,162.152
1784170800,162.151,162.16,162.073,162.088
1784174400,162.089,162.14,162.083,162.097
1784178000,162.096,162.182,162.084,162.158
1784181600,162.16,162.176,162.112,162.12
1784185200,162.12,162.13,161.982,162.084
1784188800,162.084,162.181,162.065,162.146
1784192400,162.146,162.197,162.111,162.174
1784196000,162.175,162.196,162.131,162.154
1784199600,162.153,162.232,162.114,162.156
1784203200,162.156,162.301,162.154,162.295
1784206800,162.296,162.347,162.215,162.322
1784210400,162.322,162.454,162.31,162.446
1784214000,162.447,162.478,162.41,162.425
1784217600,162.426,162.549,162.418,162.48
1784221200,162.479,162.508,162.398,162.416
1784224800,162.414,162.428,162.372,162.392
1784228400,162.392,162.434,162.378,162.406
1784232000,162.407,162.409,162.357,162.373
1784235600,162.43,162.43,162.368,162.37
1784239200,162.367,162.376,162.316,162.36
1784242800,162.36,162.396,162.323,162.384
1784246400,162.384,162.456,162.36,162.422
1784250000,162.422,162.474,162.408,162.466
1784253600,162.467,162.468,162.339,162.37
1784257200,162.37,162.413,162.358,162.395
1784260800,162.396,162.432,162.371,162.418
1784264400,162.418,162.444,162.36,162.4
1784268000,162.401,162.423,162.127,162.264
1784271600,162.262,162.293,162.153,162.29
1784275200,162.288,162.423,162.262,162.39
1784278800,162.39,162.452,162.358,162.362
1784282400,162.362,162.42,162.358,162.362
1784286000,162.361,162.374,162.302,162.362
1784289600,162.363,162.42,162.302,162.41
1784293200,162.41,162.446,162.324,162.36
1784296800,162.361,162.412,162.33,162.41
1784300400,162.409,162.442,162.348,162.436
1784304000,162.434,162.522,162.43,162.43
1784307600,162.428,162.478,162.402,162.448
1784311200,162.449,162.462,162.416,162.446
1784314800,162.446,162.474,162.384,162.388
1784318400,162.388,162.448,162.364,162.414
1784494800,162.463,162.471,162.364,162.418
1784498400,162.466,162.594,162.406,162.506
1784502000,162.507,162.55,162.484,162.521
1784505600,162.522,162.538,162.33,162.34
1784509200,162.34,162.414,162.308,162.362
1784512800,162.362,162.373,162.332,162.37
1784516400,162.37,162.384,162.354,162.372
1784520000,162.371,162.384,162.328,162.34
1784523600,162.34,162.377,162.323,162.374
1784527200,162.376,162.416,162.362,162.411
1784530800,162.41,162.456,162.314,162.366
1784534400,162.366,162.38,162.337,162.372
1784538000,162.372,162.436,162.367,162.416
1784541600,162.416,162.43,162.39,162.406
1784545200,162.406,162.43,162.2,162.348
1784548800,162.347,162.432,162.346,162.409
1784552400,162.408,162.48,162.388,162.479
1784556000,162.48,162.592,162.465,162.522
1784559600,162.523,162.584,162.522,162.572
1784563200,162.572,162.602,162.526,162.526
1784566800,162.526,162.526,162.461,162.466
1784570400,162.464,162.53,162.42,162.504
1784574000,162.504,162.52,162.462,162.52
1784577600,162.52,162.535,162.486,162.505
1784581200,162.507,162.534,162.5,162.51
1784584800,162.512,162.52,162.484,162.506
1784588400,162.508,162.511,162.488,162.489
1784592000,162.488,162.537,162.448,162.535
1784595600,162.536,162.536,162.432,162.508
1784599200,162.509,162.526,162.486,162.494
1784602800,162.494,162.516,162.452,162.486
1784606400,162.487,162.502,162.471,162.488
1784610000,162.488,162.529,162.471,162.505
1784613600,162.507,162.558,162.488,162.528
1784617200,162.53,162.619,162.523,162.601
1784620800,162.602,162.701,162.588,162.686
1784624400,162.686,162.698,162.602,162.674
1784628000,162.674,162.7,162.64,162.668
1784631600,162.668,162.752,162.662,162.732
1784635200,162.73,162.804,162.696,162.726
1784638800,162.726,162.896,162.724,162.871
1784642400,162.87,163.042,162.858,163.02
1784646000,163.02,163.04,162.915,163.017
1784649600,163.016,163.032,162.96,163.008
1784653200,163.008,163.032,162.978,163.031
1784656800,163.032,163.235,163.028,163.188
1784660400,163.186,163.22,163.164,163.206
1784664000,163.204,163.241,163.194,163.198
1784667600,163.182,163.192,163.152,163.166
1784671200,163.165,163.212,163.165,163.206
1784674800,163.206,163.229,163.188,163.19
1784678400,163.19,163.208,163.031,163.138
1784682000,163.138,163.204,163.104,163.15
1784685600,163.151,163.18,163.072,163.118
1784689200,163.121,163.168,163.114,163.158
1784692800,163.158,163.198,163.15,163.172
1784696400,163.173,163.188,163.086,163.09
1784700000,163.091,163.144,163.054,163.093
1784703600,163.094,163.138,162.666,162.945
1784707200,162.946,163.112,162.91,162.958
1784710800,162.959,163.052,162.944,163.033
1784714400,163.034,163.08,163.007,163.02
1784718000,163.02,163.081,162.993,163.076
1784721600,163.076,163.138,163.04,163.106
1784725200,163.106,163.112,163.014,163.058
1784728800,163.06,163.12,163.042,163.117
1784732400,163.118,163.134,163.071,163.08
1784736000,163.08,163.13,163.066,163.112
1784739600,163.113,163.178,163.106,163.158
1784743200,163.157,163.175,163.11,163.131
1784746800,163.13,163.162,163.118,163.15
1784750400,163.15,163.169,163.135,163.166
1784754000,163.131,163.151,163.114,163.127
1784757600,163.126,163.153,163.08,163.118
1784761200,163.117,163.128,163.09,163.09
1784764800,163.09,163.14,163.046,163.06
1784768400,163.057,163.087,162.996,163.064
1784772000,163.064,163.098,163.046,163.07
1784775600,163.069,163.087,163.032,163.044
1784779200,163.044,163.084,163.03,163.074
1784782800,163.074,163.11,163.068,163.11
1784786400,163.11,163.118,163.07,163.111
1784790000,163.112,163.427,163.111,163.318
1784793600,163.318,163.444,163.282,163.34
1784797200,163.338,163.398,163.29,163.37
1784800800,163.371,163.386,163.348,163.376
1784804400,163.375,163.65,163.324,163.492
1784808000,163.49,163.758,163.458,163.676
1784811600,163.676,163.964,163.666,163.962
1784815200,163.962,163.988,163.874,163.922
1784818800,163.922,163.952,163.776,163.805
1784822400,163.804,163.834,163.724,163.769
1784826000,163.769,163.846,163.718,163.842
1784829600,163.842,163.848,163.778,163.806
1784833200,163.806,163.861,163.772,163.824
1784836800,163.826,163.879,163.803,163.868
1784840400,163.868,163.87,163.781,163.81
1784844000,163.81,163.852,163.801,163.851
1784847600,163.85,163.87,163.808,163.84
1784851200,163.84,163.938,163.797,163.809
1784854800,163.807,163.862,163.724,163.778
1784858400,163.777,163.81,163.728,163.778
1784862000,163.777,163.87,163.77,163.804
1784865600,163.804,163.848,163.784,163.828
1784869200,163.828,163.848,163.797,163.839
1784872800,163.84,163.848,163.766,163.766
1784876400,163.766,163.804,163.654,163.767
1784880000,163.765,163.813,163.722,163.732
1784883600,163.732,163.766,163.686,163.689
1784887200,163.69,163.808,163.676,163.792
1784890800,163.794,163.841,163.761,163.809
1784894400,163.807,163.864,163.802,163.852
1784898000,163.853,163.88,163.78,163.78
1784901600,163.779,163.837,163.696,163.758
1784905200,163.758,163.776,163.644,163.712
1784908800,163.712,163.784,163.704,163.782
1784912400,163.784,163.84,163.784,163.814
1784916000,163.814,163.857,163.8,163.842
1784919600,163.842,163.856,163.81,163.854
1784923200,163.853,163.87,163.838,163.85
1785099600,163.587,163.686,163.583,163.642
1785103200,163.641,163.712,163.554,163.698
1785106800,163.697,163.702,163.611,163.622
1785110400,163.623,163.654,163.522,163.631
1785114000,163.632,163.635,163.479,163.48
1785117600,163.48,163.582,163.458,163.578
1785121200,163.578,163.616,163.556,163.578
1785124800,163.579,163.6,163.55,163.578
1785128400,163.578,163.608,163.56,163.592
1785132000,163.59,163.604,163.512,163.522
1785135600,163.524,163.538,163.33,163.528
1785139200,163.528,163.558,163.493,163.522
1785142800,163.521,163.609,163.496,163.538
1785146400,163.54,163.602,163.532,163.592
1785150000,163.592,163.652,163.582,163.649
1785153600,163.648,163.706,163.628,163.692
1785157200,163.693,163.762,163.656,163.75
1785160800,163.75,163.77,163.699,163.71
1785164400,163.709,163.727,163.658,163.714
1785168000,163.714,163.716,163.586,163.655
1785171600,163.654,163.738,163.654,163.729
1785175200,163.727,163.799,163.694,163.78
1785178800,163.78,163.781,163.7,163.74
1785182400,163.74,163.772,163.73,163.746
1785186000,163.714,163.744,163.714,163.738
1785189600,163.742,163.764,163.732,163.75
1785193200,163.749,163.786,163.722,163.779
1785196800,163.78,163.842,163.739,163.75
1785200400,163.749,163.792,163.716,163.768
1785204000,163.768,163.792,163.674,163.714
1785207600,163.712,163.77,163.702,163.766
1785211200,163.766,163.778,163.747,163.752
1785214800,163.752,163.773,163.725,163.741
1785218400,163.742,163.743,163.669,163.712
1785222000,163.712,163.794,163.712,163.785
1785225600,163.786,163.854,163.761,163.826
1785229200,163.825,163.892,163.81,163.88
1785232800,163.88,163.951,163.867,163.938
1785236400,163.938,163.94,163.908,163.932
1785240000,163.933,163.936,163.846,163.88
1785243600,163.879,163.886,163.82,163.832
1785247200,163.833,163.885,163.828,163.868
1785250800,163.867,163.868,163.648,163.648
1785254400,163.65,163.75,163.645,163.747
1785258000,163.746,163.817,163.718,163.806
1785261600,163.807,163.864,163.773,163.862
1785265200,163.862,163.871,163.827,163.855
1785268800,163.86,163.888,163.838,163.869
1785272400,163.796,163.855,163.785,163.82
1785276000,163.817,163.888,163.815,163.854
1785279600,163.854,163.876,163.848,163.87
1785283200,163.87,163.882,163.676,163.708
1785286800,163.708,163.782,163.68,163.727
1785290400,163.728,163.752,163.66,163.721
1785294000,163.72,163.726,163.564,163.624
1785297600,163.625,163.625,163.278,163.426
1785301200,163.427,163.498,163.347,163.496
1785304800,163.491,163.58,163.454,163.532
1785308400,163.532,163.694,163.494,163.682
1785312000,163.686,163.696,163.558,163.586
1785315600,163.587,163.62,163.506,163.611
1785319200,163.61,163.696,163.605,163.662
1785322800,163.66,163.69,163.64,163.646
1785326400,163.644,163.822,163.633,163.8
1785330000,163.8,163.814,163.728,163.752
1785333600,163.751,163.889,163.738,163.888
1785337200,163.889,163.889,163.831,163.859
1785340800,163.86,163.908,163.858,163.897
1785344400,163.898,163.898,163.768,163.8
1785348000,163.802,163.861,163.316,163.318
1785351600,163.318,163.52,163.23,163.512
1785355200,163.514,163.571,163.422,163.438
1785358800,163.406,163.427,163.392,163.418
1785362400,163.419,163.454,163.386,163.39
1785366000,163.39,163.39,163.275,163.31
1785369600,163.309,163.516,163.212,163.494
1785373200,163.495,163.534,163.414,163.504
1785376800,163.504,163.507,163.45,163.489
1785380400,163.49,163.555,163.488,163.501
1785384000,163.502,163.524,163.464,163.491
1785387600,163.49,163.55,163.458,163.538
1785391200,163.54,163.645,163.538,163.642
1785394800,163.642,163.74,163.56,163.732
1785398400,163.732,163.734,163.606,163.653
1785402000,163.652,163.652,163.282,163.31
1785405600,163.31,163.316,162.294,162.826
1785409200,162.825,163.046,162.717,162.894
1785412800,162.895,162.961,162.687,162.959
1785416400,162.96,162.96,159.738,159.751
1785420000,159.75,159.961,157.953,159.282
1785423600,159.283,159.62,158.903,159.475
1785427200,159.474,159.693,159.372,159.572
1785430800,159.574,159.846,158.52,158.998
1785434400,158.997,159.1,158.845,158.896
1785438000,158.9,159.434,158.9,159.35
1785441600,159.351,159.608,159.34,159.547
1785445200,159.495,159.68,159.494,159.66
1785448800,159.655,159.786,159.364,159.658
1785452400,159.658,160.217,159.582,160.189
1785456000,160.188,160.688,160.146,160.543
1785459600,160.542,160.749,160.332,160.738
1785463200,160.736,160.736,160.435,160.514
1785466800,160.516,160.884,160.472,160.617
1785470400,160.618,160.81,160.566,160.684
1785474000,160.684,160.748,160.54,160.602
1785477600,160.6,160.61,159.934,160.294
1785481200,160.294,160.646,160.206,160.207
1785484800,160.206,160.514,158.546,158.934
1785488400,158.932,160.09,158.571,159.999
1785492000,159.998,160.142,159.858,159.992
1785495600,159.992,160.262,159.989,160.212
1785499200,160.213,160.454,160.168,160.376
1785502800,160.376,160.544,159.139,159.5
1785506400,159.498,159.556,158.908,159.241
1785510000,159.24,159.422,158.856,159.172
1785513600,159.171,159.371,159.123,159.37
1785517200,159.369,159.511,158.158,158.51
1785520800,158.508,159.136,158.31,158.899
1785524400,158.9,159.246,158.864,159.181
1785528000,159.181,159.206,157.275,157.452
1785704400,157.165,157.585,157.155,157.518
1785708000,157.517,157.523,156.994,157.31
1785711600,157.312,157.875,157.062,157.59
1785715200,157.59,157.888,155.226,156.126
1785718800,156.129,156.455,155.436,156.362
1785722400,156.362,156.633,156.218,156.488
1785726000,156.486,156.646,156.304,156.526
1785729600,156.526,156.549,156.376,156.465
1785733200,156.466,156.511,156.37,156.4
1785736800,156.397,156.856,156.324,156.778
1785740400,156.778,156.805,156.484,156.778
1785744000,156.779,156.986,156.561,156.986
1785747600,156.987,157.139,156.861,157.094
1785751200,157.095,157.098,156.67,156.829
1785754800,156.832,156.997,156.571,156.666
1785758400,156.664,156.898,156.587,156.822
1785762000,156.822,156.862,156.308,156.472
1785765600,156.486,156.752,156.238,156.563
1785769200,156.562,157.037,156.558,156.97
1785772800,156.971,156.977,156.59,156.893
1785776400,156.891,157.04,156.886,157.024
1785780000,157.024,157.086,156.676,156.783
1785783600,156.784,156.968,156.756,156.956
1785787200,156.958,157.227,156.917,157.195
1785790800,157.201,157.218,157.192,157.214
1785794400,157.218,157.442,157.19,157.36
1785798000,157.36,157.672,157.263,157.54
1785801600,157.543,157.551,157.225,157.502
1785805200,157.502,157.62,157.394,157.615
1785808800,157.616,157.747,157.594,157.717
1785812400,157.716,157.719,157.428,157.654
1785816000,157.654,157.674,157.474,157.546
1785819600,157.548,157.744,157.502,157.712
1785823200,157.711,157.772,157.552,157.686
1785826800,157.685,157.844,157.612,157.814
1785830400,157.816,157.824,157.726,157.805
1785834000,157.806,157.96,157.796,157.912
1785837600,157.912,157.956,157.759,157.824
1785841200,157.823,157.858,157.368,157.466
1785844800,157.464,157.594,157.304,157.532
1785848400,157.532,157.573,157.214,157.432
1785852000,157.43,157.64,157.298,157.557
1785855600,157.559,157.621,157.378,157.443
1785859200,157.444,157.636,157.436,157.578
1785862800,157.58,157.648,157.526,157.61
1785866400,157.61,157.702,157.604,157.652
1785870000,157.654,157.836,157.638,157.77
1785873600,157.769,157.785,157.68,157.746
1785877200,157.772,157.818,157.727,157.754
1785880800,157.753,157.774,157.691,157.736
1785884400,157.736,157.812,157.657,157.71
1785888000,157.71,157.758,157.45,157.56
1785891600,157.561,157.682,157.512,157.645
1785895200,157.644,157.702,157.306,157.459
1785898800,157.458,157.533,157.358,157.424
1785902400,157.422,157.684,157.373,157.653
1785906000,157.654,157.708,157.591,157.639
1785909600,157.637,157.77,157.578,157.62
1785913200,157.62,157.74,157.522,157.718
1785916800,157.719,157.876,157.706,157.822
1785920400,157.822,157.868,157.693,157.752
1785924000,157.753,157.815,157.696,157.705
1785927600,157.703,157.703,157.488,157.564
1785931200,157.563,157.637,157.418,157.631
1785934800,157.632,157.65,157.422,157.554
1785938400,157.554,157.61,157.312,157.5
1785942000,157.498,157.668,157.412,157.662
1785945600,157.663,157.756,157.606,157.748
1785949200,157.746,157.805,157.657,157.688
1785952800,157.692,157.71,157.624,157.672
1785956400,157.674,157.752,157.65,157.722
1785960000,157.723,157.818,157.692,157.77
1785963600,157.746,157.75,157.677,157.709
1785967200,157.706,157.724,157.662,157.675
1785970800,157.674,157.674,157.56,157.613
1785974400,157.612,157.762,157.61,157.728
1785978000,157.729,157.751,157.597,157.666
1785981600,157.666,157.685,157.592,157.672
1785985200,157.671,157.748,157.671,157.736
1785988800,157.736,157.75,157.71,157.741
1785992400,157.742,157.776,157.709,157.753
1785996000,157.752,157.852,157.724,157.828
1785999600,157.828,157.896,157.752,157.864
1786003200,157.864,157.882,157.798,157.84
1786006800,157.841,157.882,157.824,157.87
1786010400,157.872,157.894,157.836,157.874
1786014000,157.874,157.939,157.855,157.858
1786017600,157.858,157.927,157.82,157.904
1786021200,157.905,157.949,157.821,157.87
1786024800,157.869,158.287,157.866,158.206
1786028400,158.205,158.466,158.202,158.45
1786032000,158.45,158.556,158.22,158.51
1786035600,158.511,158.512,158.394,158.405
1786039200,158.404,158.42,158.328,158.332
1786042800,158.332,158.482,158.293,158.404
1786046400,158.404,158.511,158.397,158.462
1786050000,158.454,158.494,158.417,158.472
1786053600,158.473,158.51,158.441,158.468
1786057200,158.468,158.472,158.377,158.426
1786060800,158.424,158.575,158.421,158.529
1786064400,158.532,158.537,158.218,158.332
1786068000,158.332,158.386,158.312,158.374
1786071600,158.376,158.448,158.364,158.405
1786075200,158.406,158.428,158.376,158.378
1786078800,158.378,158.394,158.324,158.334
1786082400,158.33,158.374,158.288,158.364
1786086000,158.364,158.459,158.322,158.408
1786089600,158.408,158.479,158.342,158.378
1786093200,158.376,158.398,158.322,158.358
1786096800,158.358,158.417,158.248,158.31
1786100400,158.309,158.375,158.264,158.332
1786104000,158.331,158.398,156.666,157.389
1786107600,157.389,157.761,157.243,157.74
1786111200,157.738,157.954,157.672,157.928
1786114800,157.929,157.988,157.443,157.551
1786118400,157.552,157.552,157.306,157.45
1786122000,157.45,157.502,157.374,157.49
1786125600,157.488,157.627,157.482,157.538
1786129200,157.538,157.623,157.452,157.563
1786132800,157.564,157.874,157.541,157.805
1786309200,157.72,157.723,157.629,157.709
1786312800,157.708,157.949,157.708,157.928
1786316400,157.928,157.933,157.828,157.91
1786320000,157.909,157.968,157.84,157.948
1786323600,157.949,158.317,157.93,158.274
1786327200,158.273,158.304,158.222,158.228
1786330800,158.226,158.234,158.152,158.2
1786334400,158.2,158.344,158.2,158.338
1786338000,158.34,158.39,158.299,158.34
1786341600,158.339,158.464,158.339,158.384
1786345200,158.386,158.525,158.382,158.486
1786348800,158.486,158.685,158.436,158.665
1786352400,158.666,158.858,158.65,158.85
1786356000,158.849,158.892,158.734,158.788
1786359600,158.788,158.878,158.74,158.818
1786363200,158.818,158.95,158.421,158.944
1786366800,158.944,159.066,158.86,159.016
1786370400,159.014,159.018,158.862,158.938
1786374000,158.938,159.009,158.857,158.904
1786377600,158.903,159.045,158.895,159.037
1786381200,159.036,159.164,159.027,159.138
1786384800,159.136,159.368,159.089,159.238
1786388400,159.238,159.366,159.225,159.301
1786392000,159.302,159.346,159.285,159.308
1786395600,159.244,159.31,159.237,159.271
1786399200,159.281,159.316,159.236,159.249
1786402800,159.248,159.29,159.132,159.16
1786406400,159.16,159.2,158.921,159.148
1786410000,159.149,159.184,159.071,159.172
1786413600,159.17,159.312,159.162,159.266
1786417200,159.264,159.268,159.145,159.206
1786420800,159.206,159.254,159.164,159.192
1786424400,159.192,159.232,159.154,159.208
1786428000,159.208,159.245,159.182,159.211
1786431600,159.209,159.379,159.202,159.364
1786435200,159.365,159.371,159.284,159.358
1786438800,159.358,159.389,159.271,159.284
1786442400,159.282,159.332,159.194,159.232
1786446000,159.231,159.254,159.057,159.252
1786449600,159.254,159.364,159.192,159.272
1786453200,159.271,159.271,159.17,159.234
1786456800,159.234,159.294,159.202,159.234
1786460400,159.235,159.328,159.201,159.252
1786464000,159.252,159.27,159.212,159.269
1786467600,159.268,159.35,159.263,159.314
1786471200,159.315,159.346,159.259,159.266
1786474800,159.266,159.305,159.254,159.286
1786478400,159.286,159.366,159.276,159.29
1786482000,159.29,159.301,159.25,159.282
1786485600,159.282,159.308,159.259,159.274
1786489200,159.269,159.297,159.26,159.274
1786492800,159.274,159.366,159.2,159.342
1786496400,159.343,159.377,159.296,159.335
1786500000,159.336,159.432,159.334,159.401
1786503600,159.402,159.462,159.4,159.428
1786507200,159.428,159.464,159.37,159.416
1786510800,159.417,159.439,159.316,159.408
1786514400,159.41,159.426,159.348,159.384
1786518000,159.384,159.396,159.335,159.373
1786521600,159.374,159.376,159.285,159.32
1786525200,159.319,159.338,158.576,159.159
1786528800,159.16,159.224,159.096,159.182
1786532400,159.181,159.182,159.057,159.1
1786536000,159.1,159.192,158.658,158.808
1786539600,158.804,159.04,158.688,159.022
1786543200,159.021,159.245,158.998,159.202
1786546800,159.204,159.292,159.19,159.232
1786550400,159.232,159.412,159.202,159.39
1786554000,159.389,159.526,159.358,159.499
1786557600,159.498,159.547,159.432,159.494
1786561200,159.495,159.516,159.456,159.494
1786564800,159.494,159.508,159.4,159.426
1786568400,159.427,159.45,159.41,159.422
1786572000,159.424,159.45,159.388,159.39
1786575600,159.388,159.389,159.32,159.337
1786579200,159.337,159.386,159.244,159.319
1786582800,159.318,159.368,159.281,159.349
1786586400,159.35,159.482,159.34,159.434
1786590000,159.434,159.487,159.408,159.43
1786593600,159.43,159.478,159.178,159.252
1786597200,159.253,159.374,159.229,159.282
1786600800,159.282,159.446,159.262,159.386
1786604400,159.387,159.414,159.32,159.364
1786608000,159.364,159.413,159.344,159.406
1786611600,159.406,159.438,159.324,159.341
1786615200,159.343,159.368,159.316,159.346
1786618800,159.346,159.352,159.241,159.336
1786622400,159.337,159.416,159.174,159.176
1786626000,159.176,159.34,159.152,159.268
1786629600,159.269,159.332,159.024,159.169
1786633200,159.17,159.389,159.16,159.356
1786636800,159.355,159.498,159.342,159.485
1786640400,159.484,159.567,159.472,159.522
1786644000,159.523,159.544,159.438,159.508
1786647600,159.508,159.544,159.49,159.52
1786651200,159.52,159.565,159.494,159.518
1786654800,159.497,159.539,159.476,159.508
1786658400,159.511,159.53,159.462,159.468
1786662000,159.467,159.482,159.426,159.432
1786665600,159.432,159.506,159.35,159.375
1786669200,159.374,159.456,159.354,159.447
1786672800,159.446,159.452,159.377,159.412
1786676400,159.413,159.424,159.329,159.383
1786680000,159.384,159.388,159.338,159.354
1786683600,159.354,159.357,159.148,159.261
1786687200,159.26,159.286,159.15,159.244
1786690800,159.244,159.312,159.202,159.205
1786694400,159.206,159.228,159.064,159.178
1786698000,159.179,159.196,159.114,159.144
1786701600,159.144,159.193,159.089,159.182
1786705200,159.182,159.194,159.04,159.11
1786708800,159.11,159.115,158.603,158.922
1786712400,158.918,159.094,158.796,158.946
1786716000,158.947,159.064,158.9,159.032
1786719600,159.03,159.219,158.95,159.218
1786723200,159.219,159.374,159.204,159.366
1786726800,159.367,159.404,159.346,159.364
1786730400,159.364,159.394,159.348,159.382
1786734000,159.38,159.4,159.363,159.363
1786737600,159.362,159.37,159.316,159.321
1786914000,159.342,159.371,159.31,159.318
1786917600,159.318,159.396,159.146,159.15
1786921200,159.15,159.25,159.14,159.228
1786924800,159.228,159.252,159.006,159.02
1786928400,159.022,159.108,158.985,159.061
1786932000,159.059,159.072,158.953,159.044
1786935600,159.044,159.148,159.042,159.096
1786939200,159.094,159.13,159.05,159.121
1786942800,159.122,159.125,158.98,159.088
1786946400,159.09,159.11,158.939,158.962
1786950000,158.962,159.002,158.846,158.952
1786953600,158.953,159.153,158.931,159.128
1786957200,159.127,159.184,159.07,159.169
1786960800,159.17,159.206,159.102,159.189
1786964400,159.19,159.282,159.16,159.24
1786968000,159.241,159.289,159.197,159.246
1786971600,159.246,159.384,159.218,159.266
1786975200,159.265,159.31,159.188,159.29
1786978800,159.29,159.405,159.281,159.346
1786982400,159.346,159.395,159.332,159.364
1786986000,159.364,159.507,159.356,159.492
1786989600,159.49,159.598,159.484,159.594
1786993200,159.593,159.596,159.412,159.462
1786996800,159.463,159.512,159.45,159.469
1787000400,159.489,159.512,159.298,159.426
1787004000,159.426,159.479,159.405,159.412
1787007600,159.412,159.42,159.316,159.334
1787011200,159.334,159.524,159.312,159.431
1787014800,159.432,159.514,159.397,159.506
1787018400,159.506,159.544,159.457,159.46
1787022000,159.462,159.569,159.462,159.554
1787025600,159.556,159.75,159.552,159.696
1787029200,159.696,159.734,159.622,159.664
1787032800,159.666,159.78,159.65,159.72
1787036400,159.72,159.765,159.678,159.722
1787040000,159.723,159.744,159.634,159.674
1787043600,159.672,159.695,159.586,159.612
1787047200,159.613,159.718,159.602,159.707
1787050800,159.708,159.745,159.693,159.698
1787054400,159.698,159.722,159.638,159.67
1787058000,159.67,159.722,159.565,159.581
1787061600,159.58,159.582,159.428,159.556
1787065200,159.554,159.645,159.496,159.599
1787068800,159.597,159.638,159.543,159.574
1787072400,159.574,159.64,159.564,159.602
1787076000,159.602,159.632,159.564,159.604
1787079600,159.604,159.652,159.578,159.645
1787083200,159.646,159.675,159.618,159.627
1787086800,159.65,159.65,159.582,159.61
1787090400,159.612,159.647,159.588,159.592
1787094000,159.591,159.608,159.539,159.556
1787097600,159.556,159.556,159.394,159.461
1787101200,159.46,159.525,159.444,159.453
1787104800,159.452,159.472,159.29,159.363
1787108400,159.364,159.445,159.338,159.426
1787112000,159.425,159.426,159.232,159.331
1787115600,159.332,159.332,159.208,159.295
1787119200,159.296,159.298,159.117,159.245
1787122800,159.246,159.284,159.128,159.169
1787126400,159.17,159.183,159.054,159.17
1787130000,159.17,159.266,159.07,159.09
1787133600,159.09,159.112,158.999,159.1
1787137200,159.1,159.189,159.088,159.142
1787140800,159.143,159.158,158.162,158.596
1787144400,158.596,158.603,158.321,158.442
1787148000,158.443,158.468,158.044,158.35
1787151600,158.349,158.526,158.348,158.455
1787155200,158.456,158.502,158.318,158.388
1787158800,158.388,158.616,158.328,158.594
1787162400,158.592,158.596,158.264,158.322
1787166000,158.321,158.372,158.098,158.15
1787169600,158.15,158.227,158.093,158.158
1787173200,158.143,158.157,158.107,158.129
1787176800,158.13,158.198,158.029,158.198
1787180400,158.198,158.282,158.184,158.262
1787184000,158.261,158.437,158.164,158.407
1787187600,158.408,158.568,158.328,158.532
1787191200,158.531,158.536,158.297,158.444
1787194800,158.444,158.492,158.375,158.436
1787198400,158.434,158.636,158.416,158.576
1787202000,158.575,158.73,158.534,158.638
1787205600,158.638,158.662,158.359,158.366
1787209200,158.364,158.547,158.32,158.444
1787212800,158.444,158.536,158.376,158.496
1787216400,158.495,158.496,158.202,158.342
1787220000,158.342,158.523,158.24,158.474
1787223600,158.473,158.713,158.473,158.661
1787227200,158.66,158.802,158.598,158.643
1787230800,158.642,158.838,158.54,158.826
1787234400,158.827,158.894,158.712,158.728
1787238000,158.727,158.978,158.496,158.854
1787241600,158.855,159.1,158.841,159
1787245200,159,159.102,158.97,159.053
1787248800,159.054,159.178,159.036,159.141
1787252400,159.143,159.184,159.104,159.118
1787256000,159.118,159.142,159.066,159.069
1787259600,159.042,159.093,159.036,159.046
1787263200,159.046,159.078,158.949,158.958
1787266800,158.958,158.96,158.874,158.896
1787270400,158.896,159.128,158.868,159.095
1787274000,159.094,159.134,158.908,158.95
1787277600,158.946,159.024,158.879,158.97
1787281200,158.97,159.086,158.938,159.001
1787284800,159,159.066,158.955,159.005
1787288400,159.006,159.032,158.814,158.836
1787292000,158.836,158.988,158.794,158.894
1787295600,158.894,158.934,158.736,158.822
1787299200,158.822,158.874,158.513,158.53
1787302800,158.528,158.609,158.354,158.604
1787306400,158.605,158.735,158.526,158.702
1787310000,158.703,158.769,158.551,158.688
1787313600,158.69,158.846,158.624,158.755
1787317200,158.756,158.897,158.724,158.774
1787320800,158.774,159.008,158.77,158.958
1787324400,158.958,159.04,158.902,158.918
1787328000,158.918,158.984,158.822,158.966
1787331600,158.97,159.044,158.964,159.018
1787335200,159.018,159.053,158.985,159.022
1787338800,159.022,159.045,158.962,159.002
1787342400,159.001,159.018,158.972,158.982
1787518800,159.002,159.005,158.558,158.877
1787522400,158.882,158.966,158.865,158.961
1787526000,158.963,159.002,158.87,158.876
1787529600,158.878,158.888,158.704,158.729
1787533200,158.728,158.948,158.72,158.844
1787536800,158.843,158.92,158.81,158.88
1787540400,158.88,158.971,158.88,158.932
1787544000,158.932,158.964,158.81,158.86
1787547600,158.858,158.976,158.858,158.905
1787551200,158.906,159.034,158.859,159.032
1787554800,159.032,159.189,158.986,159.164
1787558400,159.165,159.283,159.15,159.194
1787562000,159.194,159.236,159.15,159.206
1787565600,159.204,159.217,159.121,159.208
1787569200,159.209,159.235,158.997,159.067
1787572800,159.068,159.124,158.898,159.048
1787576400,159.048,159.164,159.018,159.11
1787580000,159.109,159.202,159.074,159.2
1787583600,159.198,159.198,159.068,159.176
1787587200,159.176,159.196,159.004,159.075
1787590800,159.074,159.194,158.989,159.16
1787594400,159.16,159.214,159.138,159.18
1787598000,159.181,159.218,159.126,159.166
1787601600,159.166,159.185,159.084,159.104
1787605200,159.103,159.146,159.056,159.094
1787608800,159.095,159.128,159.064,159.104
1787612400,159.102,159.16,159.06,159.136
1787616000,159.136,159.192,159.094,159.19
1787619600,159.19,159.31,159.128,159.267
1787623200,159.268,159.395,159.249,159.362
1787626800,159.362,159.394,159.32,159.33
1787630400,159.331,159.37,159.214,159.304
1787634000,159.304,159.349,159.281,159.333
1787637600,159.334,159.412,159.275,159.41
1787641200,159.411,159.456,159.315,159.444
1787644800,159.444,159.493,159.326,159.346
1787648400,159.349,159.36,159.226,159.281
1787652000,159.282,159.329,159.244,159.286
1787655600,159.286,159.324,159.233,159.252
1787659200,159.253,159.297,159.195,159.296
1787662800,159.297,159.301,159.118,159.215
1787666400,159.214,159.324,159.188,159.252
1787670000,159.251,159.292,159.181,159.215
1787673600,159.216,159.295,159.202,159.274
1787677200,159.274,159.316,159.216,159.222
1787680800,159.221,159.256,159.193,159.224
1787684400,159.224,159.24,159.086,159.144
1787688000,159.143,159.236,159.128,159.204
1787691600,159.23,159.23,159.198,159.206
1787695200,159.206,159.238,159.196,159.201
1787698800,159.2,159.262,159.2,159.214
1787702400,159.215,159.26,159.105,159.166
1787706000,159.164,159.184,158.964,159.05
1787709600,159.051,159.052,158.881,159.038
1787713200,159.038,159.038,158.896,158.96
1787716800,158.959,159.044,158.942,159.035
1787720400,159.036,159.054,158.963,159.014
1787724000,159.014,159.126,159.003,159.056
1787727600,159.057,159.063,158.964,159.014
1787731200,159.014,159.034,158.932,159.012
1787734800,159.012,159.058,158.96,158.99
1787738400,158.992,159.122,158.984,159.094
1787742000,159.095,159.162,159.06,159.083
1787745600,159.082,159.252,158.922,159.235
1787749200,159.234,159.397,159.231,159.396
1787752800,159.396,159.446,159.348,159.409
1787756400,159.41,159.414,159.319,159.368
1787760000,159.366,159.428,159.302,159.418
1787763600,159.418,159.428,159.362,159.394
1787767200,159.395,159.42,159.374,159.402
1787770800,159.402,159.413,159.324,159.348
1787774400,159.348,159.365,159.292,159.316
1787778000,159.314,159.317,159.27,159.295
1787781600,159.286,159.313,159.249,159.272
1787785200,159.27,159.276,159.21,159.254
1787788800,159.254,159.254,159.116,159.184
1787792400,159.186,159.282,159.132,159.253
1787796000,159.253,159.4,159.252,159.332
1787799600,159.334,159.373,159.308,159.346
1787803200,159.347,159.384,159.332,159.36
1787806800,159.361,159.388,159.285,159.367
1787810400,159.366,159.392,159.336,159.358
1787814000,159.358,159.374,159.274,159.359
1787817600,159.358,159.37,159.282,159.324
1787821200,159.326,159.492,159.312,159.481
1787824800,159.48,159.529,159.418,159.479
1787828400,159.478,159.518,159.419,159.442
1787832000,159.443,159.447,159.348,159.414
1787835600,159.414,159.466,159.342,159.366
1787839200,159.366,159.377,159.273,159.332
1787842800,159.33,159.331,159.24,159.263
1787846400,159.262,159.305,159.245,159.294
1787850000,159.294,159.41,159.266,159.405
1787853600,159.406,159.46,159.402,159.432
1787857200,159.432,159.447,159.399,159.417
1787860800,159.416,159.423,159.377,159.402
1787864400,159.39,159.44,159.379,159.38
1787868000,159.38,159.398,159.358,159.358
1787871600,159.358,159.374,159.308,159.316
1787875200,159.314,159.39,159.296,159.367
1787878800,159.366,159.446,159.332,159.434
1787882400,159.435,159.466,159.392,159.442
1787886000,159.441,159.466,159.432,159.45
1787889600,159.45,159.515,159.45,159.498
1787893200,159.498,159.56,159.497,159.526
1787896800,159.526,159.544,159.416,159.42
1787900400,159.422,159.51,159.408,159.503
1787904000,159.504,159.589,159.502,159.574
1787907600,159.574,159.692,159.57,159.689
1787911200,159.689,159.695,159.636,159.637
1787914800,159.638,159.69,159.634,159.654
1787918400,159.654,159.68,159.564,159.578
1787922000,159.578,159.712,159.538,159.689
1787925600,159.687,159.946,159.397,159.873
1787929200,159.872,160.062,159.83,159.981
1787932800,159.98,160.204,159.958,160.195
1787936400,160.196,160.203,160.136,160.182
1787940000,160.182,160.193,160.132,160.138
1787943600,160.138,160.149,160.05,160.082
1787947200,160.083,160.143,160.068,160.104
1788123600,160.084,160.166,160.054,160.156
1788127200,160.166,160.176,160.097,160.116
1788130800,160.116,160.201,160.11,160.118
1788134400,160.117,160.118,159.956,159.965
1788138000,159.966,159.98,159.756,159.826
1788141600,159.826,159.845,159.731,159.776
1788145200,159.776,159.846,159.752,159.804
1788148800,159.805,159.832,159.745,159.791
1788152400,159.792,159.876,159.765,159.83
1788156000,159.83,159.916,159.788,159.8
1788159600,159.802,159.821,159.545,159.578
1788163200,159.578,159.75,159.474,159.737
1788166800,159.736,159.766,159.69,159.735
1788170400,159.736,159.778,159.704,159.726
1788174000,159.726,159.731,159.606,159.706
1788177600,159.707,159.888,159.68,159.881
1788181200,159.88,159.898,159.765,159.829
1788184800,159.828,159.856,159.588,159.713
1788188400,159.712,159.8,159.684,159.743
1788192000,159.742,159.742,159.665,159.683
1788195600,159.684,159.723,159.669,159.694
1788199200,159.694,159.814,159.676,159.798
1788202800,159.798,159.818,159.71,159.752
1788206400,159.752,159.778,159.724,159.74
1788210000,159.752,159.776,159.733,159.735
1788213600,159.74,159.788,159.738,159.776
1788217200,159.776,159.828,159.74,159.749
1788220800,159.748,159.838,159.634,159.8
1788224400,159.801,159.85,159.704,159.757
1788228000,159.756,159.847,159.755,159.788
1788231600,159.788,159.815,159.768,159.807
1788235200,159.806,159.884,159.8,159.872
1788238800,159.871,159.906,159.829,159.88
1788242400,159.88,159.983,159.866,159.948
1788246000,159.949,160.03,159.921,159.986
1788249600,159.988,160.028,159.924,159.93
1788253200,159.93,160.063,159.892,160.056
1788256800,160.054,160.114,159.982,160.09
1788260400,160.09,160.149,159.986,160.114
1788264000,160.114,160.209,160.022,160.108
1788267600,160.108,160.166,160.025,160.04
1788271200,160.026,160.092,159.894,160.075
1788274800,160.074,160.11,160.019,160.032
1788278400,160.032,160.18,160.006,160.169
1788282000,160.168,160.25,160.148,160.246
1788285600,160.245,160.275,160.192,160.203
1788289200,160.204,160.252,160.178,160.227
1788292800,160.228,160.244,160.184,160.198
1788296400,160.183,160.199,160.152,160.186
1788300000,160.191,160.209,160.164,160.204
1788303600,160.206,160.234,160.156,160.202
1788307200,160.204,160.296,160.133,160.292
1788310800,160.292,160.394,160.268,160.368
1788314400,160.37,160.392,160.248,160.265
1788318000,160.264,160.272,160.202,160.212
1788321600,160.212,160.219,160.03,160.11
1788325200,160.11,160.132,159.797,159.822
1788328800,159.822,159.822,159.434,159.599
1788332400,159.6,159.769,159.548,159.695
1788336000,159.696,159.858,159.644,159.855
1788339600,159.854,159.884,159.773,159.858
1788343200,159.858,159.923,159.841,159.894
1788346800,159.894,159.907,159.62,159.633
1788350400,159.634,159.714,159.499,159.594
1788354000,159.595,159.62,158.209,158.568
1788357600,158.568,158.858,158.508,158.743
1788361200,158.742,158.828,158.607,158.796
1788364800,158.796,158.884,158.784,158.849
1788368400,158.848,158.964,158.768,158.881
1788372000,158.88,158.976,158.828,158.938
1788375600,158.938,159.013,158.756,158.768
1788379200,158.769,158.784,158.613,158.732
1788382800,158.695,158.726,158.668,158.694
1788386400,158.694,158.84,158.687,158.772
1788390000,158.772,158.935,158.75,158.9
1788393600,158.9,158.968,158.548,158.711
1788397200,158.712,158.725,158.224,158.508
1788400800,158.507,158.53,157.92,158.029
1788404400,158.028,158.034,157.62,157.774
1788408000,157.774,157.873,157.546,157.681
1788411600,157.682,157.79,157.37,157.372
1788415200,157.372,157.437,156.994,157.128
1788418800,157.128,157.37,156.352,157.05
1788422400,157.051,157.146,156.532,156.698
1788426000,156.698,156.858,156.195,156.41
1788429600,156.41,156.48,156.172,156.32
1788433200,156.32,156.366,155.84,156.094
1788436800,156.094,156.162,155.392,155.562
1788440400,155.563,155.745,155.383,155.383
1788444000,155.382,155.786,155.341,155.421
1788447600,155.422,155.752,155.35,155.39
1788451200,155.39,155.444,155.3,155.358
1788454800,155.358,155.494,155.352,155.468
1788458400,155.468,155.583,155.39,155.496
1788462000,155.497,155.854,155.482,155.752
1788465600,155.752,155.816,155.729,155.807
1788469200,155.83,155.902,155.816,155.862
1788472800,155.869,156.144,155.812,156.125
1788476400,156.124,156.17,155.624,155.643
1788480000,155.644,155.96,155.292,155.77
1788483600,155.771,156.077,155.677,155.856
1788487200,155.856,156.095,155.775,156.07
1788490800,156.071,156.444,156.036,156.368
1788494400,156.367,156.449,156.254,156.323
1788498000,156.324,156.421,156.234,156.338
1788501600,156.337,156.445,156.08,156.271
1788505200,156.27,156.412,156.214,156.304
1788508800,156.303,156.438,156.292,156.416
1788512400,156.417,156.586,156.308,156.481
1788516000,156.48,156.486,156.283,156.33
1788519600,156.326,156.368,156.174,156.268
1788523200,156.267,156.762,155.352,155.686
1788526800,155.687,156.146,155.484,155.848
1788530400,155.848,156.196,155.835,156.12
1788534000,156.121,156.17,155.935,156.114
1788537600,156.114,156.137,155.972,156
1788541200,156.001,156.193,156.001,156.147
1788544800,156.144,156.286,156.121,156.224
1788548400,156.226,156.26,156.199,156.238
1788552000,156.238,156.276,156.179,156.254
1788728400,156.008,156.151,156,156.149
1788732000,156.145,156.293,156.133,156.22
1788735600,156.219,156.242,156.092,156.206
1788739200,156.206,156.257,155.801,155.888
1788742800,155.886,156.124,155.852,156.036
1788746400,156.036,156.244,156.022,156.194
1788750000,156.193,156.216,156.042,156.052
1788753600,156.054,156.176,156.033,156.051
1788757200,156.05,156.101,155.787,155.804
1788760800,155.806,155.912,155.534,155.872
1788764400,155.872,155.906,155.521,155.55
1788768000,155.549,155.577,154.058,154.468
1788771600,154.471,154.571,154.218,154.504
1788775200,154.502,154.752,154.459,154.649
1788778800,154.652,154.776,154.611,154.731
1788782400,154.728,154.807,154.248,154.49
1788786000,154.49,154.584,154.36,154.512
1788789600,154.514,154.638,154.274,154.287
1788793200,154.288,154.444,154.23,154.397
1788796800,154.398,154.434,154.278,154.294
1788800400,154.292,154.388,154.291,154.358
1788804000,154.358,154.362,154.339,154.34
1788807600,154.34,154.376,154.338,154.36
1788811200,154.361,154.388,154.338,154.352
1788814800,154.364,154.383,154.33,154.356
1788818400,154.354,154.378,154.156,154.162
1788822000,154.162,154.165,153.801,153.826
1788825600,153.826,153.892,153.526,153.791
1788829200,153.79,153.808,153.352,153.352
1788832800,153.35,153.365,152.888,153.352
1788836400,153.354,153.364,153.12,153.332
1788840000,153.332,153.586,153.238,153.47
1788843600,153.472,153.595,153.281,153.324
1788847200,153.325,153.924,153.263,153.783
1788850800,153.782,153.972,153.727,153.802
1788854400,153.802,154.302,153.736,154.172
1788858000,154.172,154.188,153.826,153.914
1788861600,153.915,154.256,153.912,154.246
1788865200,154.246,154.424,154.146,154.267
1788868800,154.268,154.318,153.794,153.8
1788872400,153.8,153.932,153.704,153.812
1788876000,153.811,154.132,153.79,154.006
1788879600,154.006,154.266,154.006,154.248
1788883200,154.247,154.386,154.22,154.271
1788886800,154.268,154.328,154.221,154.223
1788890400,154.224,154.396,153.452,153.598
1788894000,153.6,154.012,153.6,153.986
1788897600,153.984,154.032,153.926,154
1788901200,153.996,154.019,153.856,153.87
1788904800,153.869,153.978,153.622,153.734
1788908400,153.734,153.734,153.426,153.452
1788912000,153.452,153.739,153.251,153.572
1788915600,153.572,153.832,153.542,153.552
1788919200,153.552,153.706,153.458,153.51
1788922800,153.511,153.601,153.338,153.448
1788926400,153.45,153.488,153.303,153.46
1788930000,153.462,153.485,153.238,153.306
1788933600,153.305,153.394,152.937,153.346
1788937200,153.347,153.375,153.092,153.112
1788940800,153.113,153.684,153.105,153.648
1788944400,153.647,153.667,153.412,153.648
1788948000,153.649,153.73,153.488,153.557
1788951600,153.556,153.584,153.194,153.232
1788955200,153.233,153.488,153.199,153.332
1788958800,153.334,153.452,153.234,153.288
1788962400,153.287,153.348,153.104,153.21
1788966000,153.208,153.801,153.153,153.54
1788969600,153.54,153.689,153.424,153.578
1788973200,153.578,153.598,153.463,153.47
1788976800,153.47,153.673,153.438,153.598
1788980400,153.598,153.729,153.584,153.639
1788984000,153.64,153.689,153.542,153.545
1788987600,153.553,153.623,153.522,153.563
1788991200,153.571,153.581,153.328,153.346
1788994800,153.344,153.619,153.308,153.538
1788998400,153.539,153.716,153.478,153.708
1789002000,153.708,153.744,153.426,153.434
1789005600,153.436,153.598,153.284,153.415
1789009200,153.414,153.488,153.372,153.384
1789012800,153.384,153.478,153.299,153.476
1789016400,153.475,153.68,153.4,153.605
1789020000,153.604,153.618,153.411,153.422
1789023600,153.422,153.568,153.322,153.397
1789027200,153.396,153.694,153.394,153.63
1789030800,153.63,153.778,153.553,153.702
1789034400,153.704,154.178,153.658,154.078
1789038000,154.078,154.202,154.036,154.161
1789041600,154.16,154.672,154.138,154.352
1789045200,154.352,154.364,153.976,154.047
1789048800,154.045,154.086,153.847,153.891
1789052400,153.89,154.12,153.854,154.066
1789056000,154.066,154.394,154.05,154.277
1789059600,154.278,154.35,154.207,154.256
1789063200,154.256,154.399,154.242,154.32
1789066800,154.322,154.394,154.31,154.342
1789070400,154.342,154.504,154.338,154.457
1789074000,154.387,154.418,154.379,154.402
1789077600,154.388,154.54,154.368,154.38
1789081200,154.381,154.618,154.364,154.468
1789084800,154.468,154.601,154.322,154.502
1789088400,154.498,154.53,154.208,154.349
1789092000,154.348,154.524,154.321,154.386
1789095600,154.386,154.507,154.325,154.402
1789099200,154.4,154.414,154.266,154.348
1789102800,154.35,154.354,154.012,154.06
1789106400,154.061,154.224,153.962,154.177
1789110000,154.178,154.286,154.072,154.226
1789113600,154.224,154.376,154.046,154.104
1789117200,154.102,154.23,154.04,154.107
1789120800,154.106,154.169,153.953,153.972
1789124400,153.972,154.088,153.88,154.03
1789128000,154.03,154.488,153.434,153.462
1789131600,153.464,153.642,153.24,153.432
1789135200,153.431,153.659,153.401,153.481
1789138800,153.482,153.74,153.418,153.712
1789142400,153.712,153.738,153.638,153.715
1789146000,153.714,153.757,153.662,153.703
1789149600,153.702,153.762,153.676,153.726
1789153200,153.726,153.778,153.682,153.692
1789156800,153.692,153.76,153.463,153.533
1789333200,153.53,153.53,153.421,153.464
1789336800,153.478,153.794,153.396,153.687
1789340400,153.686,153.735,153.4,153.424
1789344000,153.424,153.76,153.374,153.653
1789347600,153.652,153.873,153.63,153.738
1789351200,153.738,154.062,153.738,154.03
1789354800,154.03,154.142,154.007,154.056
1789358400,154.055,154.086,153.94,154.026
1789362000,154.026,154.107,153.95,154.025
1789365600,154.024,154.336,153.991,154.276
1789369200,154.277,154.466,154.248,154.398
1789372800,154.396,154.612,154.359,154.558
1789376400,154.558,154.591,154.45,154.554
1789380000,154.554,154.752,154.544,154.568
1789383600,154.568,154.632,154.478,154.58
1789387200,154.579,154.89,154.501,154.862
1789390800,154.863,155,154.795,154.916
1789394400,154.916,154.963,154.628,154.718
1789398000,154.718,154.734,154.342,154.426
1789401600,154.426,154.46,154.27,154.318
1789405200,154.318,154.426,154.3,154.402
1789408800,154.402,154.414,153.981,154.033
1789412400,154.036,154.367,154.034,154.358
1789416000,154.358,154.424,154.334,154.344
1789419600,154.35,154.356,154.334,154.344
1789423200,154.35,154.371,154.258,154.261
1789426800,154.262,154.445,154.213,154.426
1789430400,154.424,154.669,154.402,154.666
1789434000,154.666,154.769,154.612,154.742
1789437600,154.743,154.893,154.713,154.79
1789441200,154.789,154.79,154.628,154.65
1789444800,154.649,154.748,154.63,154.738
1789448400,154.738,154.915,154.674,154.814
1789452000,154.814,154.953,154.71,154.912
1789455600,154.912,154.95,154.759,154.884
1789459200,154.885,155.24,154.784,154.999
1789462800,155,155.061,154.872,154.913
1789466400,154.914,154.914,154.731,154.853
1789470000,154.853,154.903,154.698,154.9
1789473600,154.9,155.088,154.833,154.97
1789477200,154.972,155.166,154.892,154.984
1789480800,154.985,155.088,154.886,155.087
1789484400,155.088,155.168,155.004,155.108
1789488000,155.108,155.158,155.042,155.07
1789491600,155.07,155.194,155.032,155.166
1789495200,155.166,155.21,155.08,155.092
1789498800,155.091,155.142,155.064,155.128
1789502400,155.127,155.154,155.098,155.118
1789506000,155.114,155.177,155.076,155.113
1789509600,155.117,155.132,155.023,155.122
1789513200,155.122,155.429,155.118,155.288
1789516800,155.289,155.43,155.141,155.369
1789520400,155.368,155.491,155.304,155.425
1789524000,155.426,155.45,155.242,155.25
1789527600,155.25,155.404,155.226,155.375
1789531200,155.376,155.382,155.292,155.303
1789534800,155.304,155.344,155.137,155.19
1789538400,155.189,155.233,154.964,154.974
1789542000,154.972,155.071,154.882,154.984
1789545600,154.984,155.12,154.953,155.112
1789549200,155.112,155.158,155.036,155.134
1789552800,155.134,155.198,155.096,155.1
1789556400,155.095,155.155,154.944,155.042
1789560000,155.042,155.256,155.012,155.222
1789563600,155.223,155.303,155.195,155.284
1789567200,155.285,155.326,155.068,155.083
1789570800,155.082,155.117,154.978,155.087
1789574400,155.086,155.252,155.069,155.116
1789578000,155.116,155.16,154.987,154.991
1789581600,154.992,155.936,154.837,155.924
1789585200,155.924,156.198,155.76,156.169
1789588800,156.168,156.414,156.114,156.304
1789592400,156.242,156.258,156.212,156.252
1789596000,156.252,156.314,156.206,156.249
1789599600,156.249,156.29,156.018,156.044
1789603200,156.044,156.215,155.876,156.208
1789606800,156.209,156.268,156.014,156.168
1789610400,156.167,156.279,156.106,156.188
1789614000,156.187,156.198,156.032,156.12
1789617600,156.118,156.137,156.016,156.027
1789621200,156.028,156.028,155.656,155.706
1789624800,155.705,155.781,155.528,155.646
1789628400,155.646,155.769,155.548,155.682
1789632000,155.682,155.878,155.664,155.766
1789635600,155.766,155.778,155.558,155.749
1789639200,155.748,155.75,155.558,155.65
1789642800,155.649,155.913,155.622,155.879
1789646400,155.88,155.916,155.338,155.58
1789650000,155.58,155.805,155.562,155.674
1789653600,155.674,155.761,155.595,155.734
1789657200,155.736,155.887,155.686,155.852
1789660800,155.852,156.068,155.834,156.056
1789664400,156.056,156.104,155.975,155.999
1789668000,156,156.069,155.994,156.036
1789671600,156.037,156.046,155.935,155.985
1789675200,155.986,156.032,155.954,155.96
1789678800,155.966,155.986,155.928,155.958
1789682400,155.96,156.026,155.944,155.946
1789686000,155.946,156.17,155.87,156.154
1789689600,156.156,156.286,156.118,156.18
1789693200,156.18,156.32,156.145,156.22
1789696800,156.22,156.868,156.135,156.65
1789700400,156.65,157.146,156.552,157.051
1789704000,157.052,157.161,156.888,157.132
1789707600,157.134,157.33,157.084,157.188
1789711200,157.189,157.316,156.504,156.875
1789714800,156.877,157.549,156.743,157.496
1789718400,157.497,157.912,157.496,157.792
1789722000,157.792,158.058,157.621,157.951
1789725600,157.952,158.012,157.754,157.76
1789729200,157.76,157.901,157.679,157.834
1789732800,157.833,157.964,157.7,157.708
1789736400,157.708,157.891,157.644,157.87
1789740000,157.87,157.898,156.972,157.444
1789743600,157.443,157.51,156.752,156.88
1789747200,156.878,156.926,156.681,156.796
1789750800,156.796,156.797,156.604,156.679
1789754400,156.68,156.791,156.651,156.683
1789758000,156.681,156.768,156.602,156.734
1789761600,156.733,156.906,156.713,156.892
1789938000,156.86,156.875,156.846,156.853
1789941600,156.825,157.07,156.725,157.068
1789945200,157.069,157.111,156.904,156.992
1789948800,156.992,157.069,156.671,156.868
1789952400,156.869,156.908,156.575,156.722
1789956000,156.722,156.895,156.705,156.892
1789959600,156.892,156.975,156.88,156.952
1789963200,156.952,157.084,156.948,157.02
1789966800,157.02,157.146,156.974,157.058
1789970400,157.057,157.118,156.989,157.066
1789974000,157.067,157.279,157.054,157.271
1789977600,157.27,157.271,157.104,157.245
1789981200,157.246,157.316,157.168,157.256
1789984800,157.254,157.283,157.168,157.278
1789988400,157.278,157.302,157.167,157.214
1789992000,157.214,157.374,157.17,157.334
1789995600,157.335,157.44,157.285,157.43
1789999200,157.43,157.52,157.324,157.46
1790002800,157.459,157.531,157.417,157.488
1790006400,157.488,157.495,157.313,157.427
1790010000,157.428,157.489,157.4,157.469
1790013600,157.47,157.506,157.442,157.45
1790017200,157.45,157.506,157.342,157.426
1790020800,157.425,157.444,157.362,157.386
1790024400,157.318,157.368,157.272,157.326
1790028000,157.326,157.444,157.298,157.31
1790031600,157.31,157.399,157.292,157.375
1790035200,157.375,157.404,157.261,157.356
1790038800,157.357,157.569,157.353,157.526
1790042400,157.526,157.526,157.424,157.492
1790046000,157.492,157.525,157.393,157.49
1790049600,157.492,157.532,157.442,157.464
1790053200,157.465,157.497,157.43,157.464
1790056800,157.468,157.688,157.464,157.61
1790060400,157.612,157.76,157.61,157.738
1790064000,157.738,157.778,156.854,157.174
1790067600,157.17,157.292,156.856,156.877
1790071200,156.875,157.106,156.822,157.028
1790074800,157.028,157.222,157.024,157.164
1790078400,157.166,157.361,157.078,157.302
1790082000,157.304,157.347,157.17,157.279
1790085600,157.278,157.384,157.166,157.274
1790089200,157.276,157.564,157.276,157.552
1790092800,157.552,157.605,157.442,157.464
1790096400,157.464,157.554,157.362,157.417
1790100000,157.416,157.516,157.35,157.498
1790103600,157.498,157.511,157.236,157.418
1790107200,157.418,157.422,157.352,157.393
1790110800,157.37,157.446,157.368,157.381
1790114400,157.382,157.486,157.341,157.45
1790118000,157.45,157.504,157.436,157.461
1790121600,157.462,157.585,157.434,157.584
1790125200,157.586,157.666,157.562,157.582
1790128800,157.582,157.652,157.582,157.632
1790132400,157.631,157.675,157.58,157.674
1790136000,157.673,157.676,157.512,157.598
1790139600,157.596,157.682,157.576,157.654
1790143200,157.656,157.715,157.622,157.71
1790146800,157.709,157.858,157.703,157.766
1790150400,157.766,157.824,157.744,157.808
